origin,origin_date,h,actual_lp,lstm_lp,gru_lp,rw0_lp,rwdrift_lp
0,2025-12-17,1,5.60378205258786,5.604474161929001,5.602946158890869,5.602495433711698,5.603626769854442
0,2025-12-17,2,5.609204926395559,5.606108038815006,5.604139915112092,5.602495433711698,5.6047581059971865
0,2025-12-17,3,5.599289863871647,5.607769696161176,5.605054541687396,5.602495433711698,5.60588944213993
0,2025-12-17,4,5.604406484483037,5.60972897180884,5.606401281076571,5.602495433711698,5.607020778282674
0,2025-12-17,5,5.609716129529893,5.6096054244575955,5.605882085484115,5.602495433711698,5.608152114425419
0,2025-12-17,6,5.608217664454537,5.6091600663463765,5.60674758959165,5.602495433711698,5.609283450568163
0,2025-12-17,7,5.60953361093258,5.609753425261996,5.606269130735756,5.602495433711698,5.6104147867109075
0,2025-12-17,8,5.607046453790915,5.611044746927586,5.608058893114739,5.602495433711698,5.611546122853651
0,2025-12-17,9,5.602568938297241,5.612230607475977,5.607867570368961,5.602495433711698,5.612677458996395
0,2025-12-17,10,5.5994375654190325,5.615101665980946,5.60970719543048,5.602495433711698,5.61380879513914
1,2025-12-18,1,5.609204926395559,5.604798844784669,5.6051357210353565,5.60378205258786,5.604913388730604
1,2025-12-18,2,5.599289863871647,5.606638361244377,5.60697529150403,5.60378205258786,5.606044724873349
1,2025-12-18,3,5.604406484483037,5.608227107946947,5.6077536268200525,5.60378205258786,5.607176061016093
1,2025-12-18,4,5.609716129529893,5.608857488183727,5.60853877434527,5.60378205258786,5.608307397158836
1,2025-12-18,5,5.608217664454537,5.609309339814752,5.609614074308334,5.60378205258786,5.609438733301581
1,2025-12-18,6,5.60953361093258,5.6105097435178255,5.609976909530335,5.60378205258786,5.610570069444325
1,2025-12-18,7,5.607046453790915,5.611474359696735,5.61124806264257,5.60378205258786,5.61170140558707
1,2025-12-18,8,5.602568938297241,5.612734392362992,5.612564629558294,5.60378205258786,5.612832741729814
1,2025-12-18,9,5.5994375654190325,5.614793826031334,5.613054274254805,5.60378205258786,5.6139640778725575
1,2025-12-18,10,5.585503863341624,5.618033506818948,5.6154347871353325,5.60378205258786,5.615095414015302
2,2025-12-19,1,5.599289863871647,5.60920376560422,5.6109718740738215,5.609204926395559,5.610336262538302
2,2025-12-19,2,5.604406484483037,5.610735029835056,5.61319246159076,5.609204926395559,5.611467598681047
2,2025-12-19,3,5.609716129529893,5.612349205564213,5.613800317826427,5.609204926395559,5.612598934823791
2,2025-12-19,4,5.608217664454537,5.61198096670873,5.614120676018926,5.609204926395559,5.613730270966535
2,2025-12-19,5,5.60953361093258,5.612890699779828,5.61609133018784,5.609204926395559,5.61486160710928
2,2025-12-19,6,5.607046453790915,5.615258956128494,5.616446325497616,5.609204926395559,5.6159929432520235
2,2025-12-19,7,5.602568938297241,5.616505618948349,5.618949116719411,5.609204926395559,5.617124279394768
2,2025-12-19,8,5.5994375654190325,5.6178992855598056,5.620637914154579,5.609204926395559,5.618255615537512
2,2025-12-19,9,5.585503863341624,5.620748725589654,5.621744939786761,5.609204926395559,5.619386951680256
2,2025-12-19,10,5.566999311727378,5.62414157959839,5.6240129093690525,5.609204926395559,5.620518287823001
3,2025-12-22,1,5.604406484483037,5.599687216624858,5.601457123374052,5.599289863871647,5.600421200014391
3,2025-12-22,2,5.609716129529893,5.601024557432261,5.603879900167625,5.599289863871647,5.601552536157135
3,2025-12-22,3,5.608217664454537,5.602883127087203,5.604899135394297,5.599289863871647,5.602683872299879
3,2025-12-22,4,5.60953361093258,5.6026422551663355,5.605460599753305,5.599289863871647,5.603815208442623
3,2025-12-22,5,5.607046453790915,5.603854853801857,5.607019520515625,5.599289863871647,5.604946544585368
3,2025-12-22,6,5.602568938297241,5.606220873741444,5.606999135488497,5.599289863871647,5.606077880728112
3,2025-12-22,7,5.5994375654190325,5.607571651103618,5.608998264205765,5.599289863871647,5.6072092168708565
3,2025-12-22,8,5.585503863341624,5.608785935840652,5.6103632323506165,5.599289863871647,5.6083405530136
3,2025-12-22,9,5.566999311727378,5.61153459601687,5.611138865977622,5.599289863871647,5.609471889156344
3,2025-12-22,10,5.5592318172093815,5.61458331686758,5.612945810068203,5.599289863871647,5.610603225299089
4,2025-12-23,1,5.609716129529893,5.604491460328091,5.605881009522278,5.604406484483037,5.605537820625781
4,2025-12-23,2,5.608217664454537,5.6056192806527,5.60776459802761,5.604406484483037,5.606669156768525
4,2025-12-23,3,5.60953361093258,5.607097707620737,5.6086228147200385,5.604406484483037,5.607800492911269
4,2025-12-23,4,5.607046453790915,5.607015189220102,5.609792220488312,5.604406484483037,5.608931829054013
4,2025-12-23,5,5.602568938297241,5.608123963866942,5.6110457370458775,5.604406484483037,5.610063165196758
4,2025-12-23,6,5.5994375654190325,5.610599522892557,5.61132324105843,5.604406484483037,5.611194501339502
4,2025-12-23,7,5.585503863341624,5.611671362194671,5.613123146759027,5.604406484483037,5.6123258374822464
4,2025-12-23,8,5.566999311727378,5.612538830403919,5.6142609389632785,5.604406484483037,5.61345717362499
4,2025-12-23,9,5.5592318172093815,5.614928448758104,5.615273269143723,5.604406484483037,5.614588509767734
4,2025-12-23,10,5.554264247083441,5.617678144446756,5.616764642352708,5.604406484483037,5.615719845910479
5,2025-12-24,1,5.608217664454537,5.609725780932012,5.61080198386659,5.609716129529893,5.610847465672637
5,2025-12-24,2,5.60953361093258,5.61085840557305,5.612369844280446,5.609716129529893,5.611978801815382
5,2025-12-24,3,5.607046453790915,5.612046235843006,5.613215331205698,5.609716129529893,5.613110137958126
5,2025-12-24,4,5.602568938297241,5.61223829469814,5.614709657245389,5.609716129529893,5.6142414741008695
5,2025-12-24,5,5.5994375654190325,5.6132756613913655,5.615611912337316,5.609716129529893,5.615372810243614
5,2025-12-24,6,5.585503863341624,5.615517262191073,5.616053299658308,5.609716129529893,5.616504146386358
5,2025-12-24,7,5.566999311727378,5.616378932829824,5.617605520827424,5.609716129529893,5.617635482529103
5,2025-12-24,8,5.5592318172093815,5.617162682252688,5.618583811930406,5.609716129529893,5.618766818671847
5,2025-12-24,9,5.554264247083441,5.619234271733471,5.619703357205694,5.609716129529893,5.6198981548145905
5,2025-12-24,10,5.555537360656345,5.621904209317531,5.62094107745461,5.609716129529893,5.621029490957335
6,2025-12-26,1,5.60953361093258,5.6084744180401165,5.609518436521313,5.608217664454537,5.609349000597281
6,2025-12-26,2,5.607046453790915,5.6096370182408375,5.611188305857688,5.608217664454537,5.610480336740026
6,2025-12-26,3,5.602568938297241,5.6108916381869705,5.61216790193405,5.608217664454537,5.61161167288277
6,2025-12-26,4,5.5994375654190325,5.6112555153076,5.613602803806715,5.608217664454537,5.612743009025514
6,2025-12-26,5,5.585503863341624,5.6123146720638895,5.614384840342539,5.608217664454537,5.6138743451682585
6,2025-12-26,6,5.566999311727378,5.614365919286807,5.614663954296663,5.608217664454537,5.615005681311002
6,2025-12-26,7,5.5592318172093815,5.615228071846097,5.616043896500159,5.608217664454537,5.616137017453747
6,2025-12-26,8,5.554264247083441,5.616025526335874,5.616946734013091,5.608217664454537,5.617268353596491
6,2025-12-26,9,5.555537360656345,5.617954205174783,5.617928754946029,5.608217664454537,5.618399689739235
6,2025-12-26,10,5.55892438822379,5.62057181449405,5.619097041414986,5.608217664454537,5.6195310258819795
7,2025-12-29,1,5.607046453790915,5.60995510427012,5.610444092976655,5.60953361093258,5.610664947075324
7,2025-12-29,2,5.602568938297241,5.611141085024951,5.611870510040855,5.60953361093258,5.611796283218069
7,2025-12-29,3,5.5994375654190325,5.612301448743608,5.612823465538162,5.60953361093258,5.612927619360812
7,2025-12-29,4,5.585503863341624,5.613061567565449,5.614449761317068,5.60953361093258,5.614058955503556
7,2025-12-29,5,5.566999311727378,5.6138542921835874,5.614789270358849,5.60953361093258,5.615190291646301
7,2025-12-29,6,5.5592318172093815,5.615470616155836,5.615258970894658,5.60953361093258,5.616321627789045
7,2025-12-29,7,5.554264247083441,5.616179009423743,5.616187712567101,5.60953361093258,5.61745296393179
7,2025-12-29,8,5.555537360656345,5.616915083308215,5.6171593318841975,5.60953361093258,5.6185843000745335
7,2025-12-29,9,5.55892438822379,5.618472754711791,5.618039123479649,5.60953361093258,5.619715636217277
7,2025-12-29,10,5.561993729948291,5.620999777858753,5.619155518572553,5.60953361093258,5.620846972360022
8,2025-12-30,1,5.602568938297241,5.6076063857915,5.608065891989117,5.607046453790915,5.6081777899336585
8,2025-12-30,2,5.5994375654190325,5.608937105099743,5.609545805371464,5.607046453790915,5.609309126076403
8,2025-12-30,3,5.585503863341624,5.610206967543675,5.610553518661187,5.607046453790915,5.610440462219147
8,2025-12-30,4,5.566999311727378,5.611139946803336,5.612184370461249,5.607046453790915,5.611571798361891
8,2025-12-30,5,5.5592318172093815,5.611849833930033,5.612469516632929,5.607046453790915,5.612703134504636
8,2025-12-30,6,5.554264247083441,5.613354422694942,5.612814341032728,5.607046453790915,5.6138344706473795
8,2025-12-30,7,5.555537360656345,5.614060770482763,5.613631826498969,5.607046453790915,5.614965806790124
8,2025-12-30,8,5.55892438822379,5.614896591773805,5.614508013360905,5.607046453790915,5.616097142932868
8,2025-12-30,9,5.561993729948291,5.61651581967675,5.615164582399041,5.607046453790915,5.617228479075612
8,2025-12-30,10,5.5578094447675195,5.619196364329675,5.616350250120828,5.607046453790915,5.618359815218357
9,2025-12-31,1,5.5994375654190325,5.603490467218324,5.603392188782628,5.602568938297241,5.603700274439984
9,2025-12-31,2,5.585503863341624,5.604912612027389,5.6047713208516425,5.602568938297241,5.604831610582729
9,2025-12-31,3,5.566999311727378,5.606333862185242,5.605790340261407,5.602568938297241,5.605962946725473
9,2025-12-31,4,5.5592318172093815,5.607629465739997,5.6074260601668655,5.602568938297241,5.607094282868217
9,2025-12-31,5,5.554264247083441,5.608094616494874,5.6073588550960585,5.602568938297241,5.608225619010962
9,2025-12-31,6,5.555537360656345,5.609131641690871,5.607825133981446,5.602568938297241,5.6093569551537055
9,2025-12-31,7,5.55892438822379,5.609780372568424,5.608161975856158,5.602568938297241,5.61048829129645
9,2025-12-31,8,5.561993729948291,5.610731959449354,5.60924780961106,5.602568938297241,5.611619627439194
9,2025-12-31,9,5.5578094447675195,5.612179635172189,5.609654057823336,5.602568938297241,5.612750963581938
9,2025-12-31,10,5.551054918399675,5.614939799258039,5.610909885964622,5.602568938297241,5.613882299724683
10,2026-01-02,1,5.585503863341624,5.600192175764312,5.600743938799401,5.5994375654190325,5.600568901561776
10,2026-01-02,2,5.566999311727378,5.6017462872472175,5.6023765699759185,5.5994375654190325,5.601700237704521
10,2026-01-02,3,5.5592318172093815,5.603276307228266,5.603344922699414,5.5994375654190325,5.602831573847265
10,2026-01-02,4,5.554264247083441,5.604239367948972,5.604759483773915,5.5994375654190325,5.603962909990009
10,2026-01-02,5,5.555537360656345,5.604858577963944,5.6053555629897485,5.5994375654190325,5.6050942461327535
10,2026-01-02,6,5.55892438822379,5.606384823010251,5.605573478618825,5.5994375654190325,5.606225582275497
10,2026-01-02,7,5.561993729948291,5.607133712638333,5.6064710552206165,5.5994375654190325,5.607356918418242
10,2026-01-02,8,5.5578094447675195,5.608140659876568,5.607385367814071,5.5994375654190325,5.608488254560986
10,2026-01-02,9,5.551054918399675,5.609970178109018,5.60781002359549,5.5994375654190325,5.60961959070373
10,2026-01-02,10,5.540621572421565,5.612988030354504,5.609412798469959,5.5994375654190325,5.610750926846475
11,2026-01-05,1,5.566999311727378,5.586673604257423,5.587562551540273,5.585503863341624,5.586635199484368
11,2026-01-05,2,5.5592318172093815,5.588213693261266,5.589705731072466,5.585503863341624,5.587766535627113
11,2026-01-05,3,5.554264247083441,5.590213058450221,5.5908619515736255,5.585503863341624,5.5888978717698565
11,2026-01-05,4,5.555537360656345,5.590848817979955,5.591788105851701,5.585503863341624,5.5900292079126
11,2026-01-05,5,5.55892438822379,5.591764874260155,5.592894843265768,5.585503863341624,5.591160544055345
11,2026-01-05,6,5.561993729948291,5.593461111795234,5.59282619794372,5.585503863341624,5.592291880198089
11,2026-01-05,7,5.5578094447675195,5.594460037972255,5.593897245357624,5.585503863341624,5.593423216340834
11,2026-01-05,8,5.551054918399675,5.595548260237161,5.5948988033039475,5.585503863341624,5.594554552483578
11,2026-01-05,9,5.540621572421565,5.597677401671482,5.595176656842088,5.585503863341624,5.595685888626321
11,2026-01-05,10,5.505454777174707,5.600736804327788,5.596964454316521,5.585503863341624,5.596817224769066
12,2026-01-06,1,5.5592318172093815,5.568219729036464,5.570057055870535,5.566999311727378,5.568130647870122
12,2026-01-06,2,5.554264247083441,5.569519290718533,5.573028184814077,5.566999311727378,5.569261984012867
12,2026-01-06,3,5.555537360656345,5.572047664965451,5.574171439952194,5.566999311727378,5.570393320155611
12,2026-01-06,4,5.55892438822379,5.571972315853556,5.574380653240749,5.566999311727378,5.5715246562983545
12,2026-01-06,5,5.561993729948291,5.573238672239812,5.57645650140144,5.566999311727378,5.572655992441099
12,2026-01-06,6,5.5578094447675195,5.57575627096828,5.575847767885011,5.566999311727378,5.573787328583843
12,2026-01-06,7,5.551054918399675,5.577120687199892,5.577636904051936,5.566999311727378,5.574918664726588
12,2026-01-06,8,5.540621572421565,5.578062113096817,5.578768669877439,5.566999311727378,5.576050000869332
12,2026-01-06,9,5.505454777174707,5.580847784303298,5.57909479776013,5.566999311727378,5.5771813370120755
12,2026-01-06,10,5.509298200690381,5.583882224307732,5.581094355045837,5.566999311727378,5.57831267315482
13,2026-01-07,1,5.554264247083441,5.560499229543896,5.561483447473965,5.5592318172093815,5.560363153352125
13,2026-01-07,2,5.555537360656345,5.56143990727068,5.563763719714696,5.5592318172093815,5.56149448949487
13,2026-01-07,3,5.55892438822379,5.563704633979524,5.564875048328734,5.5592318172093815,5.562625825637614
13,2026-01-07,4,5.561993729948291,5.563854420400605,5.565699780119475,5.5592318172093815,5.563757161780358
13,2026-01-07,5,5.5578094447675195,5.564939041070353,5.567166863891044,5.5592318172093815,5.564888497923103
13,2026-01-07,6,5.551054918399675,5.56728680481187,5.566704691657625,5.5592318172093815,5.566019834065846
13,2026-01-07,7,5.540621572421565,5.5684587256462885,5.567859072423661,5.5592318172093815,5.567151170208591
13,2026-01-07,8,5.505454777174707,5.5689737379159405,5.569138287906671,5.5592318172093815,5.568282506351335
13,2026-01-07,9,5.509298200690381,5.571434728534032,5.569465766013497,5.5592318172093815,5.569413842494079
13,2026-01-07,10,5.512120803621077,5.573988106304471,5.571066205657078,5.5592318172093815,5.570545178636824
14,2026-01-08,1,5.555537360656345,5.555887776289585,5.55532806087225,5.554264247083441,5.5553955832261845
14,2026-01-08,2,5.55892438822379,5.556779672315976,5.556812503271272,5.554264247083441,5.556526919368929
14,2026-01-08,3,5.561993729948291,5.558725425724374,5.5578710191455,5.554264247083441,5.557658255511673
14,2026-01-08,4,5.5578094447675195,5.559730749263348,5.559233736722165,5.554264247083441,5.558789591654417
14,2026-01-08,5,5.551054918399675,5.560281943890569,5.559424346476615,5.554264247083441,5.559920927797162
14,2026-01-08,6,5.540621572421565,5.561633839822209,5.559401533819478,5.554264247083441,5.561052263939906
14,2026-01-08,7,5.505454777174707,5.562377244110002,5.559385971574006,5.554264247083441,5.56218360008265
14,2026-01-08,8,5.509298200690381,5.562774387286532,5.561088822725854,5.554264247083441,5.563314936225394
14,2026-01-08,9,5.512120803621077,5.56475231120816,5.561235336057661,5.554264247083441,5.564446272368138
14,2026-01-08,10,5.510871724532632,5.567294719319814,5.562453859184748,5.554264247083441,5.565577608510883
15,2026-01-09,1,5.55892438822379,5.556298909693978,5.557126935739669,5.555537360656345,5.556668696799089
15,2026-01-09,2,5.561993729948291,5.557397296227217,5.558941553920354,5.555537360656345,5.557800032941834
15,2026-01-09,3,5.5578094447675195,5.559156105776184,5.559811071112973,5.555537360656345,5.558931369084577
15,2026-01-09,4,5.551054918399675,5.559421192561954,5.560798971870602,5.555537360656345,5.560062705227321
15,2026-01-09,5,5.540621572421565,5.560289364055514,5.562125034292295,5.555537360656345,5.561194041370066
15,2026-01-09,6,5.505454777174707,5.562655410999583,5.56197118917045,5.555537360656345,5.56232537751281
15,2026-01-09,7,5.509298200690381,5.563562045853679,5.563279736776601,5.555537360656345,5.563456713655555
15,2026-01-09,8,5.512120803621077,5.564054010965104,5.564460002871996,5.555537360656345,5.5645880497982985
15,2026-01-09,9,5.510871724532632,5.566598178893209,5.565180604063699,5.555537360656345,5.565719385941042
15,2026-01-09,10,5.540151908159987,5.56957010074675,5.566770931039404,5.555537360656345,5.566850722083787
16,2026-01-12,1,5.561993729948291,5.559341007982052,5.5602771899003764,5.55892438822379,5.560055724366534
16,2026-01-12,2,5.5578094447675195,5.5603783405912415,5.561862095251775,5.55892438822379,5.561187060509279
16,2026-01-12,3,5.551054918399675,5.5618231555905515,5.562614350003328,5.55892438822379,5.562318396652023
16,2026-01-12,4,5.540621572421565,5.562065641011015,5.563822664706101,5.55892438822379,5.5634497327947665
16,2026-01-12,5,5.505454777174707,5.562947329634885,5.565050714868716,5.55892438822379,5.564581068937511
16,2026-01-12,6,5.509298200690381,5.565258596015192,5.5652111455445645,5.55892438822379,5.565712405080255
16,2026-01-12,7,5.512120803621077,5.5660885357299,5.566654190947422,5.55892438822379,5.566843741223
16,2026-01-12,8,5.510871724532632,5.566578938595508,5.567758010709596,5.55892438822379,5.567975077365744
16,2026-01-12,9,5.540151908159987,5.569013619111026,5.568612106444979,5.55892438822379,5.569106413508488
16,2026-01-12,10,5.551287290872108,5.5719349246380085,5.570113471750475,5.55892438822379,5.570237749651232
17,2026-01-13,1,5.5578094447675195,5.562414007646199,5.562970457783664,5.561993729948291,5.563125066091035
17,2026-01-13,2,5.551054918399675,5.563486505930675,5.564328152672517,5.561993729948291,5.56425640223378
17,2026-01-13,3,5.540621572421565,5.564699217766069,5.565083968804442,5.561993729948291,5.565387738376524
17,2026-01-13,4,5.505454777174707,5.565255173064636,5.566542700016526,5.561993729948291,5.566519074519268
17,2026-01-13,5,5.509298200690381,5.566000781502098,5.567269486183574,5.561993729948291,5.567650410662012
17,2026-01-13,6,5.512120803621077,5.567905756098031,5.567705111039897,5.561993729948291,5.568781746804756
17,2026-01-13,7,5.510871724532632,5.568578262597978,5.568830350173871,5.561993729948291,5.569913082947501
17,2026-01-13,8,5.540151908159987,5.569095511386186,5.569935850125765,5.561993729948291,5.571044419090245
17,2026-01-13,9,5.551287290872108,5.5711919092283635,5.5707892818428135,5.561993729948291,5.572175755232989
17,2026-01-13,10,5.5441764200545505,5.57407457528179,5.5721452280089485,5.561993729948291,5.573307091375733
18,2026-01-14,1,5.551054918399675,5.55879756141504,5.558489409029768,5.5578094447675195,5.558940780910263
18,2026-01-14,2,5.540621572421565,5.55997526770443,5.559790250578348,5.5578094447675195,5.560072117053008
18,2026-01-14,3,5.505454777174707,5.561290810201453,5.560697051692475,5.5578094447675195,5.561203453195752
18,2026-01-14,4,5.509298200690381,5.562437856695958,5.562215701034663,5.5578094447675195,5.562334789338496
18,2026-01-14,5,5.512120803621077,5.562900482604686,5.562168437132169,5.5578094447675195,5.5634661254812405
18,2026-01-14,6,5.510871724532632,5.563968855990923,5.562769550822908,5.5578094447675195,5.564597461623984
18,2026-01-14,7,5.540151908159987,5.564529430771181,5.563137803290108,5.5578094447675195,5.565728797766729
18,2026-01-14,8,5.551287290872108,5.565233595137097,5.564483339447117,5.5578094447675195,5.566860133909473
18,2026-01-14,9,5.5441764200545505,5.566933944360116,5.565044114170024,5.5578094447675195,5.567991470052217
18,2026-01-14,10,5.551326034114779,5.56981683141239,5.566325942081288,5.5578094447675195,5.569122806194962
19,2026-01-15,1,5.540621572421565,5.552043335015909,5.552655548534338,5.551054918399675,5.552186254542419
19,2026-01-15,2,5.505454777174707,5.553340681454576,5.554480101591224,5.551054918399675,5.553317590685164
19,2026-01-15,3,5.509298200690381,5.554891953379632,5.555444717624163,5.551054918399675,5.554448926827908
19,2026-01-15,4,5.512120803621077,5.555546671078016,5.556575893657167,5.551054918399675,5.555580262970651
19,2026-01-15,5,5.510871724532632,5.556302104695092,5.557414566913523,5.551054918399675,5.556711599113396
19,2026-01-15,6,5.540151908159987,5.557943344608756,5.557555888013157,5.551054918399675,5.55784293525614
19,2026-01-15,7,5.551287290872108,5.558744208961862,5.558621799174451,5.551054918399675,5.558974271398885
19,2026-01-15,8,5.5441764200545505,5.559556557445641,5.559633995208303,5.551054918399675,5.560105607541629
19,2026-01-15,9,5.551326034114779,5.561613856738058,5.560160566053418,5.551054918399675,5.5612369436843725
19,2026-01-15,10,5.5559615291609274,5.564643965515407,5.561848099094915,5.551054918399675,5.562368279827117
20,2026-01-16,1,5.505454777174707,5.5417914490896285,5.542553099138623,5.540621572421565,5.541752908564309
20,2026-01-16,2,5.509298200690381,5.5430156454206205,5.544595347446113,5.540621572421565,5.542884244707054
20,2026-01-16,3,5.512120803621077,5.544816030633249,5.545668499020115,5.540621572421565,5.5440155808497975
20,2026-01-16,4,5.510871724532632,5.545344995170307,5.546663935780061,5.540621572421565,5.545146916992541
20,2026-01-16,5,5.540151908159987,5.546195166862413,5.54770668950266,5.540621572421565,5.546278253135286
20,2026-01-16,6,5.551287290872108,5.547952167548949,5.547654324088458,5.540621572421565,5.54740958927803
20,2026-01-16,7,5.5441764200545505,5.548915830396635,5.548734938095808,5.540621572421565,5.548540925420775
20,2026-01-16,8,5.551326034114779,5.549711209628408,5.549787345847989,5.540621572421565,5.549672261563519
20,2026-01-16,9,5.5559615291609274,5.551896790139641,5.550144914247056,5.540621572421565,5.550803597706262
20,2026-01-16,10,5.5957408461430544,5.554839797636686,5.551878292871825,5.540621572421565,5.551934933849007
21,2026-01-20,1,5.509298200690381,5.508798949837547,5.507206757362984,5.505454777174707,5.506586113317451
21,2026-01-20,2,5.512120803621077,5.510014693327543,5.509100823899545,5.505454777174707,5.507717449460196
21,2026-01-20,3,5.510871724532632,5.512498727673562,5.511255383558661,5.505454777174707,5.50884878560294
21,2026-01-20,4,5.540151908159987,5.513723227549537,5.511580985839237,5.505454777174707,5.509980121745683
21,2026-01-20,5,5.551287290872108,5.514225219498376,5.51193454330628,5.505454777174707,5.511111457888428
21,2026-01-20,6,5.5441764200545505,5.514295819799002,5.512371609253174,5.505454777174707,5.512242794031172
21,2026-01-20,7,5.551326034114779,5.515036187834133,5.511686892639879,5.505454777174707,5.513374130173917
21,2026-01-20,8,5.5559615291609274,5.516043396504955,5.513977462784641,5.505454777174707,5.514505466316661
21,2026-01-20,9,5.5957408461430544,5.517516043929812,5.513613989308043,5.505454777174707,5.5156368024594045
21,2026-01-20,10,5.593776015291218,5.5200359650437925,5.514992262780478,5.505454777174707,5.516768138602149
22,2026-01-21,1,5.512120803621077,5.511245432630699,5.510760828868274,5.509298200690381,5.510429536833125
22,2026-01-21,2,5.510871724532632,5.512278090326022,5.512618134421486,5.509298200690381,5.51156087297587
22,2026-01-21,3,5.540151908159987,5.514315784947876,5.513900034587986,5.509298200690381,5.5126922091186135
22,2026-01-21,4,5.551287290872108,5.5144844017589625,5.514500173489885,5.509298200690381,5.513823545261357
22,2026-01-21,5,5.5441764200545505,5.515248311134354,5.515923723553842,5.509298200690381,5.514954881404102
22,2026-01-21,6,5.551326034114779,5.51669592175449,5.516201944389439,5.509298200690381,5.516086217546846
22,2026-01-21,7,5.5559615291609274,5.517926657914328,5.516878721684819,5.509298200690381,5.517217553689591
22,2026-01-21,8,5.5957408461430544,5.518424072968274,5.517696919631492,5.509298200690381,5.5183488898323345
22,2026-01-21,9,5.593776015291218,5.52012494958154,5.5184336668034035,5.509298200690381,5.519480225975078
22,2026-01-21,10,5.6194562544964395,5.522502742307824,5.520064038799495,5.509298200690381,5.520611562117823
23,2026-01-22,1,5.510871724532632,5.51346319820794,5.513540541673867,5.512120803621077,5.513252139763821
23,2026-01-22,2,5.540151908159987,5.514324996935521,5.515155239246406,5.512120803621077,5.514383475906565
23,2026-01-22,3,5.551287290872108,5.515895779234405,5.516075619601153,5.512120803621077,5.515514812049309
23,2026-01-22,4,5.5441764200545505,5.515814391336297,5.5168841992809385,5.512120803621077,5.516646148192053
23,2026-01-22,5,5.551326034114779,5.51667059254551,5.518485203099253,5.512120803621077,5.517777484334798
23,2026-01-22,6,5.5559615291609274,5.518314583705065,5.518832710029483,5.512120803621077,5.518908820477542
23,2026-01-22,7,5.5957408461430544,5.519418753357753,5.52002494188415,5.512120803621077,5.520040156620286
23,2026-01-22,8,5.593776015291218,5.519933540212959,5.520803933555072,5.512120803621077,5.52117149276303
23,2026-01-22,9,5.6194562544964395,5.521847644659568,5.521851950378365,5.512120803621077,5.522302828905774
23,2026-01-22,10,5.617356419940017,5.52423486501569,5.523348080463471,5.512120803621077,5.523434165048519
24,2026-01-23,1,5.540151908159987,5.512139620028432,5.51231549715891,5.510871724532632,5.512003060675376
24,2026-01-23,2,5.551287290872108,5.512897217726365,5.513846150650526,5.510871724532632,5.513134396818121
24,2026-01-23,3,5.5441764200545505,5.514204860901302,5.514732770073982,5.510871724532632,5.514265732960864
24,2026-01-23,4,5.551326034114779,5.51428549190755,5.51573396834979,5.510871724532632,5.515397069103608
24,2026-01-23,5,5.5559615291609274,5.5151398724307485,5.517039165502474,5.510871724532632,5.516528405246353
24,2026-01-23,6,5.5957408461430544,5.516644620011211,5.51734057264237,5.510871724532632,5.517659741389097
24,2026-01-23,7,5.593776015291218,5.517608689969719,5.518493726018175,5.510871724532632,5.518791077531842
24,2026-01-23,8,5.6194562544964395,5.518030418465213,5.519357382654166,5.510871724532632,5.5199224136745855
24,2026-01-23,9,5.617356419940017,5.5198647760469335,5.520312845481201,5.510871724532632,5.521053749817329
24,2026-01-23,10,5.625334403145268,5.522107741667794,5.521672630808955,5.510871724532632,5.522185085960074
25,2026-01-26,1,5.551287290872108,5.540387916026132,5.540168300610839,5.540151908159987,5.541283244302731
25,2026-01-26,2,5.5441764200545505,5.541284889625123,5.540667659111718,5.540151908159987,5.542414580445476
25,2026-01-26,3,5.551326034114779,5.541454594114735,5.541375758760616,5.540151908159987,5.5435459165882195
25,2026-01-26,4,5.5559615291609274,5.5414464343088685,5.542946844239558,5.540151908159987,5.544677252730963
25,2026-01-26,5,5.5957408461430544,5.542068602263503,5.544339048229843,5.540151908159987,5.545808588873708
25,2026-01-26,6,5.593776015291218,5.54324484877814,5.546068017387511,5.540151908159987,5.546939925016452
25,2026-01-26,7,5.6194562544964395,5.543736959713772,5.547516666877396,5.540151908159987,5.548071261159197
25,2026-01-26,8,5.617356419940017,5.544221968251497,5.547802566674852,5.540151908159987,5.5492025973019405
25,2026-01-26,9,5.625334403145268,5.545640128950557,5.549962013269515,5.540151908159987,5.550333933444684
25,2026-01-26,10,5.613605358688881,5.548038122781546,5.5507774246455135,5.540151908159987,5.551465269587429
26,2026-01-27,1,5.5441764200545505,5.551423785194152,5.552175409482265,5.551287290872108,5.552418627014852
26,2026-01-27,2,5.551326034114779,5.552151606654679,5.553088733054786,5.551287290872108,5.553549963157597
26,2026-01-27,3,5.5559615291609274,5.552390023211204,5.553790491029353,5.551287290872108,5.5546812993003405
26,2026-01-27,4,5.5957408461430544,5.552107286167814,5.554933297090222,5.551287290872108,5.555812635443084
26,2026-01-27,5,5.593776015291218,5.553042299156963,5.556440324286935,5.551287290872108,5.556943971585829
26,2026-01-27,6,5.6194562544964395,5.554346418319892,5.557668868266658,5.551287290872108,5.558075307728573
26,2026-01-27,7,5.617356419940017,5.555100942834708,5.559703036978893,5.551287290872108,5.559206643871318
26,2026-01-27,8,5.625334403145268,5.556000179993229,5.560177522818514,5.551287290872108,5.5603379800140615
26,2026-01-27,9,5.613605358688881,5.5574457841073155,5.562380595519912,5.551287290872108,5.561469316156805
26,2026-01-27,10,5.610176469362669,5.559860190533041,5.563164721034936,5.551287290872108,5.56260065229955
27,2026-01-28,1,5.551326034114779,5.5448926395134865,5.546166032100174,5.5441764200545505,5.545307756197294
27,2026-01-28,2,5.5559615291609274,5.545347929034115,5.54787965774868,5.5441764200545505,5.546439092340039
27,2026-01-28,3,5.5957408461430544,5.546020098123999,5.548636348971815,5.5441764200545505,5.547570428482783
27,2026-01-28,4,5.593776015291218,5.545866507829589,5.549451607663009,5.5441764200545505,5.548701764625527
27,2026-01-28,5,5.6194562544964395,5.54698619141162,5.550822295065356,5.5441764200545505,5.5498331007682715
27,2026-01-28,6,5.617356419940017,5.548336852435564,5.551305474742737,5.5441764200545505,5.550964436911015
27,2026-01-28,7,5.625334403145268,5.549489816561035,5.55331188153302,5.5441764200545505,5.55209577305376
27,2026-01-28,8,5.613605358688881,5.550157976288073,5.553956452990385,5.5441764200545505,5.553227109196504
27,2026-01-28,9,5.610176469362669,5.551501434267673,5.555253242114917,5.5441764200545505,5.554358445339248
27,2026-01-28,10,5.616804610954427,5.553406517027507,5.556438332086745,5.5441764200545505,5.555489781481993
28,2026-01-29,1,5.5559615291609274,5.55244319971126,5.551889719774953,5.551326034114779,5.552457370257523
28,2026-01-29,2,5.5957408461430544,5.55305507961485,5.5531539080661725,5.551326034114779,5.553588706400268
28,2026-01-29,3,5.593776015291218,5.553385330279214,5.553875605201962,5.551326034114779,5.554720042543011
28,2026-01-29,4,5.6194562544964395,5.554411757602466,5.555288789631726,5.551326034114779,5.555851378685755
28,2026-01-29,5,5.617356419940017,5.55493245479013,5.5551301286618076,5.551326034114779,5.5569827148285
28,2026-01-29,6,5.625334403145268,5.555012832392152,5.556094439179168,5.551326034114779,5.558114050971244
28,2026-01-29,7,5.613605358688881,5.555523503545239,5.556878926627245,5.551326034114779,5.559245387113989
28,2026-01-29,8,5.610176469362669,5.555907030988605,5.558214594032541,5.551326034114779,5.5603767232567325
28,2026-01-29,9,5.616804610954427,5.556397886215791,5.559533193291037,5.551326034114779,5.561508059399476
28,2026-01-29,10,5.565530601675831,5.557879856171958,5.560610852862009,5.551326034114779,5.562639395542221
29,2026-01-30,1,5.5957408461430544,5.557574943071732,5.55583212054145,5.5559615291609274,5.557092865303671
29,2026-01-30,2,5.593776015291218,5.558348861622145,5.556809362994682,5.5559615291609274,5.558224201446416
29,2026-01-30,3,5.6194562544964395,5.558616919375416,5.557414158710144,5.5559615291609274,5.55935553758916
29,2026-01-30,4,5.617356419940017,5.560552563473251,5.5591021378365015,5.5559615291609274,5.560486873731904
29,2026-01-30,5,5.625334403145268,5.56058811795835,5.558222978291915,5.5559615291609274,5.5616182098746485
29,2026-01-30,6,5.613605358688881,5.55947186547831,5.559602497181897,5.5559615291609274,5.562749546017392
29,2026-01-30,7,5.610176469362669,5.5595970364558305,5.559669521833566,5.5559615291609274,5.563880882160137
29,2026-01-30,8,5.616804610954427,5.560146920818252,5.561433330861088,5.5559615291609274,5.565012218302881
29,2026-01-30,9,5.565530601675831,5.560074123465756,5.562397472709908,5.5559615291609274,5.566143554445625
29,2026-01-30,10,5.542534721495259,5.56147463286716,5.563744040876066,5.5559615291609274,5.5672748905883696
30,2026-02-02,1,5.593776015291218,5.595865994221504,5.594463140283613,5.5957408461430544,5.596872182285798
30,2026-02-02,2,5.6194562544964395,5.597257435079705,5.593947195702443,5.5957408461430544,5.598003518428543
30,2026-02-02,3,5.617356419940017,5.596553408071725,5.595224440004185,5.5957408461430544,5.599134854571287
30,2026-02-02,4,5.625334403145268,5.597692034422551,5.597239516255207,5.5957408461430544,5.600266190714031
30,2026-02-02,5,5.613605358688881,5.597698212883978,5.597638994261207,5.5957408461430544,5.6013975268567755
30,2026-02-02,6,5.610176469362669,5.596878025874691,5.6004338831924105,5.5957408461430544,5.602528862999519
30,2026-02-02,7,5.616804610954427,5.596704350886792,5.6011073909018,5.5957408461430544,5.603660199142264
30,2026-02-02,8,5.565530601675831,5.598011609576283,5.600875052506944,5.5957408461430544,5.604791535285008
30,2026-02-02,9,5.542534721495259,5.597998181579013,5.603453394388955,5.5957408461430544,5.605922871427752
30,2026-02-02,10,5.573711535851718,5.600318302802183,5.603571776056353,5.5957408461430544,5.6070542075704966
31,2026-02-03,1,5.6194562544964395,5.594870562078957,5.59287842796062,5.593776015291218,5.594907351433962
31,2026-02-03,2,5.617356419940017,5.5961723296623385,5.593314439747389,5.593776015291218,5.596038687576707
31,2026-02-03,3,5.625334403145268,5.596493394788403,5.594135830718694,5.593776015291218,5.597170023719451
31,2026-02-03,4,5.613605358688881,5.598745245613924,5.595889671296874,5.593776015291218,5.5983013598621945
31,2026-02-03,5,5.610176469362669,5.598568763637772,5.594877857558915,5.593776015291218,5.599432696004939
31,2026-02-03,6,5.616804610954427,5.5968120237999415,5.59743228076776,5.593776015291218,5.600564032147683
31,2026-02-03,7,5.565530601675831,5.596899173250405,5.597469216623381,5.593776015291218,5.601695368290428
31,2026-02-03,8,5.542534721495259,5.598395381137615,5.5986077677995665,5.593776015291218,5.602826704433172
31,2026-02-03,9,5.573711535851718,5.597890401982093,5.599955012391524,5.593776015291218,5.6039580405759155
31,2026-02-03,10,5.5754911190188325,5.599892909471044,5.601071489519667,5.593776015291218,5.60508937671866
32,2026-02-04,1,5.617356419940017,5.620137349078752,5.617498590651468,5.6194562544964395,5.620587590639183
32,2026-02-04,2,5.625334403145268,5.6217582057169295,5.617559917612733,5.6194562544964395,5.621718926781928
32,2026-02-04,3,5.613605358688881,5.621652634775418,5.61793517205036,5.6194562544964395,5.622850262924672
32,2026-02-04,4,5.610176469362669,5.625026129051548,5.619964379674196,5.6194562544964395,5.623981599067416
32,2026-02-04,5,5.616804610954427,5.623862554718853,5.618162176257045,5.6194562544964395,5.6251129352101605
32,2026-02-04,6,5.565530601675831,5.6208148083650435,5.621348916872885,5.6194562544964395,5.626244271352904
32,2026-02-04,7,5.542534721495259,5.620008011492013,5.620814601580042,5.6194562544964395,5.627375607495649
32,2026-02-04,8,5.573711535851718,5.621861957249665,5.622448904115084,5.6194562544964395,5.628506943638393
32,2026-02-04,9,5.5754911190188325,5.620635863087419,5.623984501616587,5.6194562544964395,5.629638279781137
32,2026-02-04,10,5.561126853779187,5.6230899426015215,5.6253679498777585,5.6194562544964395,5.630769615923882
33,2026-02-05,1,5.625334403145268,5.618931895326055,5.616486646642723,5.617356419940017,5.618487756082761
33,2026-02-05,2,5.613605358688881,5.620745717531366,5.616928486361785,5.617356419940017,5.619619092225506
33,2026-02-05,3,5.610176469362669,5.621258448396633,5.617188885662007,5.617356419940017,5.6207504283682495
33,2026-02-05,4,5.616804610954427,5.624335042544538,5.618971808900298,5.617356419940017,5.621881764510993
33,2026-02-05,5,5.565530601675831,5.6235827387470065,5.617737055933135,5.617356419940017,5.623013100653738
33,2026-02-05,6,5.542534721495259,5.620465190622423,5.620585576642811,5.617356419940017,5.624144436796482
33,2026-02-05,7,5.573711535851718,5.620115128119323,5.620249780644416,5.617356419940017,5.625275772939227
33,2026-02-05,8,5.5754911190188325,5.622311797984886,5.62182173522979,5.617356419940017,5.6264071090819705
33,2026-02-05,9,5.561126853779187,5.621044075025836,5.622350873252404,5.617356419940017,5.627538445224714
33,2026-02-05,10,5.57636065895963,5.623211480352447,5.6248280837846,5.617356419940017,5.628669781367459
34,2026-02-06,1,5.613605358688881,5.625675828155098,5.62624021720906,5.625334403145268,5.626465739288012
34,2026-02-06,2,5.610176469362669,5.627281048175998,5.628063148245342,5.625334403145268,5.6275970754307565
34,2026-02-06,3,5.616804610954427,5.628463822185,5.62884856457464,5.625334403145268,5.6287284115735
34,2026-02-06,4,5.565530601675831,5.628423310862884,5.628332836686196,5.625334403145268,5.629859747716244
34,2026-02-06,5,5.542534721495259,5.6283911768421975,5.629304261206092,5.625334403145268,5.630991083858989
34,2026-02-06,6,5.573711535851718,5.62808800944794,5.63064950104364,5.625334403145268,5.632122420001733
34,2026-02-06,7,5.5754911190188325,5.62910449700499,5.632701952958427,5.625334403145268,5.6332537561444775
34,2026-02-06,8,5.561126853779187,5.631745246684441,5.634908253206403,5.625334403145268,5.634385092287221
34,2026-02-06,9,5.57636065895963,5.632980440773477,5.6369686631232865,5.625334403145268,5.635516428429965
34,2026-02-06,10,5.582389721351921,5.635943184022303,5.639012439008676,5.625334403145268,5.63664776457271
35,2026-02-09,1,5.610176469362669,5.614174507684338,5.616012422376804,5.613605358688881,5.614736694831625
35,2026-02-09,2,5.616804610954427,5.615260789494697,5.618632096882132,5.613605358688881,5.61586803097437
35,2026-02-09,3,5.565530601675831,5.616999922117865,5.6192961348492885,5.613605358688881,5.6169993671171135
35,2026-02-09,4,5.542534721495259,5.616693331941918,5.6190606259821925,5.613605358688881,5.618130703259857
35,2026-02-09,5,5.573711535851718,5.617329545876812,5.620512137071422,5.613605358688881,5.619262039402602
35,2026-02-09,6,5.5754911190188325,5.618154518518345,5.620917560187275,5.613605358688881,5.620393375545346
35,2026-02-09,7,5.561126853779187,5.6197238662223326,5.623348517003584,5.613605358688881,5.621524711688091
35,2026-02-09,8,5.57636065895963,5.621767989808682,5.624962102575315,5.613605358688881,5.6226560478308345
35,2026-02-09,9,5.582389721351921,5.623359980552461,5.626046753095965,5.613605358688881,5.623787383973578
35,2026-02-09,10,5.604533773087087,5.625793225889202,5.628269266397446,5.613605358688881,5.624918720116323
36,2026-02-10,1,5.616804610954427,5.61124317941874,5.611828414583127,5.610176469362669,5.611307805505413
36,2026-02-10,2,5.565530601675831,5.612174449002706,5.613889689227338,5.610176469362669,5.612439141648157
36,2026-02-10,3,5.542534721495259,5.613599551313523,5.614713213406807,5.610176469362669,5.613570477790901
36,2026-02-10,4,5.573711535851718,5.613975930670317,5.615479744260603,5.610176469362669,5.614701813933645
36,2026-02-10,5,5.5754911190188325,5.6147382016764436,5.616109397127992,5.610176469362669,5.61583315007639
36,2026-02-10,6,5.561126853779187,5.615392683632992,5.616505576828369,5.610176469362669,5.616964486219134
36,2026-02-10,7,5.57636065895963,5.616572290819009,5.61795359631097,5.610176469362669,5.618095822361878
36,2026-02-10,8,5.582389721351921,5.618082781742047,5.61953964971781,5.610176469362669,5.619227158504622
36,2026-02-10,9,5.604533773087087,5.618928270929837,5.620355426092235,5.610176469362669,5.620358494647366
36,2026-02-10,10,5.6121842892834595,5.620581206849884,5.622140773895162,5.610176469362669,5.621489830790111
37,2026-02-11,1,5.565530601675831,5.617587327565305,5.617913379178579,5.616804610954427,5.617935947097171
37,2026-02-11,2,5.542534721495259,5.618454269552065,5.6194202538364575,5.616804610954427,5.619067283239915
37,2026-02-11,3,5.573711535851718,5.61954766864929,5.620274896814033,5.616804610954427,5.620198619382659
37,2026-02-11,4,5.5754911190188325,5.620010408852666,5.621604710377329,5.616804610954427,5.621329955525403
37,2026-02-11,5,5.561126853779187,5.620896626128285,5.62236457732763,5.616804610954427,5.622461291668148
37,2026-02-11,6,5.57636065895963,5.6217512966942245,5.622967543160956,5.616804610954427,5.623592627810892
37,2026-02-11,7,5.582389721351921,5.622695838032632,5.624336471330733,5.616804610954427,5.624723963953636
37,2026-02-11,8,5.604533773087087,5.623998981384929,5.625250701888948,5.616804610954427,5.62585530009638
37,2026-02-11,9,5.6121842892834595,5.624818162367759,5.626410677691861,5.616804610954427,5.626986636239124
37,2026-02-11,10,5.6075056718164635,5.626366792378585,5.627735219834163,5.616804610954427,5.628117972381869
38,2026-02-12,1,5.542534721495259,5.5692228778855055,5.5677852084182895,5.565530601675831,5.566661937818575
38,2026-02-12,2,5.573711535851718,5.57021406983271,5.56951298208021,5.565530601675831,5.567793273961319
38,2026-02-12,3,5.5754911190188325,5.5717198838712845,5.57111119086158,5.565530601675831,5.568924610104063
38,2026-02-12,4,5.561126853779187,5.572875184103465,5.571360066108285,5.565530601675831,5.570055946246807
38,2026-02-12,5,5.57636065895963,5.573402193224036,5.572056824093402,5.565530601675831,5.571187282389552
38,2026-02-12,6,5.582389721351921,5.572679487142383,5.573043789620109,5.565530601675831,5.572318618532296
38,2026-02-12,7,5.604533773087087,5.57365988036188,5.572966484617322,5.565530601675831,5.5734499546750405
38,2026-02-12,8,5.6121842892834595,5.574468208608036,5.575833432310174,5.565530601675831,5.574581290817784
38,2026-02-12,9,5.6075056718164635,5.574251709090383,5.574339099117943,5.565530601675831,5.575712626960528
38,2026-02-12,10,5.574847667635516,5.574677491433134,5.576998600418245,5.565530601675831,5.576843963103273
39,2026-02-13,1,5.573711535851718,5.546137362966241,5.545394151432066,5.542534721495259,5.543666057638003
39,2026-02-13,2,5.5754911190188325,5.546604089907086,5.547658520805917,5.542534721495259,5.5447973937807475
39,2026-02-13,3,5.561126853779187,5.548041503780523,5.548327459064892,5.542534721495259,5.545928729923491
39,2026-02-13,4,5.57636065895963,5.5486532381518465,5.548627073289599,5.542534721495259,5.547060066066235
39,2026-02-13,5,5.582389721351921,5.549544539422752,5.55003698535994,5.542534721495259,5.54819140220898
39,2026-02-13,6,5.604533773087087,5.548943798904771,5.549828010586653,5.542534721495259,5.549322738351724
39,2026-02-13,7,5.6121842892834595,5.550390257674242,5.550159941404244,5.542534721495259,5.550454074494469
39,2026-02-13,8,5.6075056718164635,5.550457447162732,5.551472613543711,5.542534721495259,5.5515854106372124
39,2026-02-13,9,5.574847667635516,5.549966404874765,5.550543846107532,5.542534721495259,5.552716746779956
39,2026-02-13,10,5.576889619381085,5.549599425778401,5.553320487014996,5.542534721495259,5.553848082922701
40,2026-02-17,1,5.5754911190188325,5.575896848945587,5.574010569626016,5.573711535851718,5.574842871994462
40,2026-02-17,2,5.561126853779187,5.5764146812495765,5.574454160293842,5.573711535851718,5.575974208137207
40,2026-02-17,3,5.57636065895963,5.577018801378569,5.575892851114386,5.573711535851718,5.57710554427995
40,2026-02-17,4,5.582389721351921,5.577645481125397,5.57690246391402,5.573711535851718,5.578236880422694
40,2026-02-17,5,5.604533773087087,5.57884453912941,5.578552423794103,5.573711535851718,5.579368216565439
40,2026-02-17,6,5.6121842892834595,5.577876748974976,5.5800877551919745,5.573711535851718,5.580499552708183
40,2026-02-17,7,5.6075056718164635,5.578770078282534,5.580027113341733,5.573711535851718,5.581630888850928
40,2026-02-17,8,5.574847667635516,5.578970926731862,5.579609644401967,5.573711535851718,5.5827622249936715
40,2026-02-17,9,5.576889619381085,5.579285502717226,5.581769786690494,5.573711535851718,5.583893561136415
40,2026-02-17,10,5.5732187954764045,5.579660651873862,5.582157621020417,5.573711535851718,5.58502489727916
41,2026-02-18,1,5.561126853779187,5.576874917462458,5.576762618226357,5.5754911190188325,5.576622455161576
41,2026-02-18,2,5.57636065895963,5.577203051705229,5.5775698724969365,5.5754911190188325,5.577753791304321
41,2026-02-18,3,5.582389721351921,5.577856683312512,5.578549595859292,5.5754911190188325,5.578885127447065
41,2026-02-18,4,5.604533773087087,5.578040700834824,5.579283263863309,5.5754911190188325,5.580016463589809
41,2026-02-18,5,5.6121842892834595,5.579158298357059,5.580953110866248,5.5754911190188325,5.581147799732554
41,2026-02-18,6,5.6075056718164635,5.57904134011784,5.581848064310977,5.5754911190188325,5.5822791358752974
41,2026-02-18,7,5.574847667635516,5.580093586135065,5.582740091345602,5.5754911190188325,5.583410472018042
41,2026-02-18,8,5.576889619381085,5.5804016819204,5.582386136219305,5.5754911190188325,5.584541808160786
41,2026-02-18,9,5.5732187954764045,5.581075280204285,5.584308700951389,5.5754911190188325,5.58567314430353
41,2026-02-18,10,5.568544245820806,5.581569610105559,5.584830324648259,5.5754911190188325,5.586804480446275
42,2026-02-19,1,5.57636065895963,5.5630243793710275,5.56306438746096,5.561126853779187,5.5622581899219306
42,2026-02-19,2,5.582389721351921,5.563251152598156,5.564324892340739,5.561126853779187,5.563389526064675
42,2026-02-19,3,5.604533773087087,5.56396459212806,5.565099460385454,5.561126853779187,5.564520862207419
42,2026-02-19,4,5.6121842892834595,5.564496589523974,5.565938599432643,5.561126853779187,5.565652198350163
42,2026-02-19,5,5.6075056718164635,5.565484420288903,5.567093123249453,5.561126853779187,5.566783534492908
42,2026-02-19,6,5.574847667635516,5.5654777374822695,5.567539417941819,5.561126853779187,5.567914870635652
42,2026-02-19,7,5.576889619381085,5.566476359895353,5.568333708965924,5.561126853779187,5.569046206778396
42,2026-02-19,8,5.5732187954764045,5.566503188429255,5.568809984253943,5.561126853779187,5.57017754292114
42,2026-02-19,9,5.568544245820806,5.5670900537155905,5.569252558677398,5.561126853779187,5.571308879063884
42,2026-02-19,10,5.560013424980556,5.567148710471782,5.570642868704639,5.561126853779187,5.572440215206629
43,2026-02-20,1,5.582389721351921,5.577367350166176,5.577385570820507,5.57636065895963,5.577491995102374
43,2026-02-20,2,5.604533773087087,5.5776978016855026,5.577985861859822,5.57636065895963,5.578623331245119
43,2026-02-20,3,5.6121842892834595,5.578152506595574,5.579009075722617,5.57636065895963,5.579754667387863
43,2026-02-20,4,5.6075056718164635,5.578596572943713,5.580168098048334,5.57636065895963,5.5808860035306065
43,2026-02-20,5,5.574847667635516,5.579733004049051,5.581442547313132,5.57636065895963,5.582017339673351
43,2026-02-20,6,5.576889619381085,5.57980701899353,5.58236284548667,5.57636065895963,5.583148675816095
43,2026-02-20,7,5.5732187954764045,5.580612672774107,5.583253323704733,5.57636065895963,5.58428001195884
43,2026-02-20,8,5.568544245820806,5.5809495857362945,5.583053647487156,5.57636065895963,5.585411348101584
43,2026-02-20,9,5.560013424980556,5.581847809131939,5.584816483477479,5.57636065895963,5.5865426842443275
43,2026-02-20,10,5.549081309680938,5.582257075934486,5.585291282350145,5.57636065895963,5.587674020387072
44,2026-02-23,1,5.604533773087087,5.583679159418351,5.582889287495377,5.582389721351921,5.583521057494665
44,2026-02-23,2,5.6121842892834595,5.584124635218024,5.583579278303098,5.582389721351921,5.58465239363741
44,2026-02-23,3,5.6075056718164635,5.584429551371492,5.58432229671873,5.582389721351921,5.585783729780154
44,2026-02-23,4,5.574847667635516,5.585889635435174,5.585643051518826,5.582389721351921,5.586915065922898
44,2026-02-23,5,5.576889619381085,5.58659812205101,5.585782863013137,5.582389721351921,5.588046402065642
44,2026-02-23,6,5.5732187954764045,5.585844807191049,5.586974399027971,5.582389721351921,5.589177738208386
44,2026-02-23,7,5.568544245820806,5.586067270083073,5.587370580917902,5.582389721351921,5.590309074351131
44,2026-02-23,8,5.560013424980556,5.586380260795824,5.5883485124233525,5.582389721351921,5.591440410493875
44,2026-02-23,9,5.549081309680938,5.586745257763158,5.589820475685991,5.582389721351921,5.592571746636619
44,2026-02-23,10,5.55843701074947,5.5871239503823285,5.59077530660813,5.582389721351921,5.5937030827793635
45,2026-02-24,1,5.6121842892834595,5.60461175936918,5.604747330448103,5.604533773087087,5.605665109229831
45,2026-02-24,2,5.6075056718164635,5.6052529116941106,5.604805795955993,5.604533773087087,5.606796445372575
45,2026-02-24,3,5.574847667635516,5.605496947062404,5.605960946130832,5.604533773087087,5.607927781515319
45,2026-02-24,4,5.576889619381085,5.60618675949457,5.607309659182767,5.604533773087087,5.609059117658063
45,2026-02-24,5,5.5732187954764045,5.6070211593280295,5.6081436031513645,5.604533773087087,5.610190453800808
45,2026-02-24,6,5.568544245820806,5.606859014487902,5.60970686404495,5.604533773087087,5.611321789943552
45,2026-02-24,7,5.560013424980556,5.607311725737298,5.6107493939222834,5.604533773087087,5.612453126086296
45,2026-02-24,8,5.549081309680938,5.6083172450952645,5.610433938028694,5.604533773087087,5.61358446222904
45,2026-02-24,9,5.55843701074947,5.609085597145971,5.612994401775394,5.604533773087087,5.614715798371784
45,2026-02-24,10,5.562085861719295,5.610113349878429,5.613026235498935,5.604533773087087,5.615847134514529
46,2026-02-25,1,5.6075056718164635,5.611877038264029,5.6135161544575904,5.6121842892834595,5.613315625426203
46,2026-02-25,2,5.574847667635516,5.612144462233039,5.614245787262041,5.6121842892834595,5.614446961568948
46,2026-02-25,3,5.576889619381085,5.612897530695341,5.614948561262024,5.6121842892834595,5.615578297711692
46,2026-02-25,4,5.5732187954764045,5.61294886461129,5.615739338200093,5.6121842892834595,5.616709633854436
46,2026-02-25,5,5.568544245820806,5.613923709066457,5.61694740738103,5.6121842892834595,5.6178409699971805
46,2026-02-25,6,5.560013424980556,5.6147728971385265,5.617945854046021,5.6121842892834595,5.618972306139924
46,2026-02-25,7,5.549081309680938,5.615727485750172,5.6199119186206365,5.6121842892834595,5.620103642282669
46,2026-02-25,8,5.55843701074947,5.616983772091842,5.619882010882348,5.6121842892834595,5.621234978425413
46,2026-02-25,9,5.562085861719295,5.61829095341714,5.62211264216924,5.6121842892834595,5.622366314568157
46,2026-02-25,10,5.562009085832933,5.6195018481427885,5.622433715980531,5.6121842892834595,5.623497650710902
47,2026-02-26,1,5.574847667635516,5.608257114389952,5.608732672891418,5.6075056718164635,5.608637007959207
47,2026-02-26,2,5.576889619381085,5.6086754864472015,5.609972102889015,5.6075056718164635,5.609768344101952
47,2026-02-26,3,5.5732187954764045,5.6093337755979,5.610427731644334,5.6075056718164635,5.610899680244696
47,2026-02-26,4,5.568544245820806,5.610405629205092,5.611442923424124,5.6075056718164635,5.61203101638744
47,2026-02-26,5,5.560013424980556,5.611222744855889,5.611482343655662,5.6075056718164635,5.613162352530185
47,2026-02-26,6,5.549081309680938,5.61139899072528,5.61241487880106,5.6075056718164635,5.614293688672928
47,2026-02-26,7,5.55843701074947,5.6120391314038995,5.613623745271101,5.6075056718164635,5.615425024815673
47,2026-02-26,8,5.562085861719295,5.612839054249366,5.61489661805799,5.6075056718164635,5.616556360958417
47,2026-02-26,9,5.562009085832933,5.613129194498704,5.615919003394061,5.6075056718164635,5.617687697101161
47,2026-02-26,10,5.542456489490709,5.613601071303878,5.617326121595219,5.6075056718164635,5.618819033243906
48,2026-02-27,1,5.576889619381085,5.5770966724805,5.5767752391446646,5.574847667635516,5.57597900377826
48,2026-02-27,2,5.5732187954764045,5.577699051258268,5.5784898436691766,5.574847667635516,5.5771103399210045
48,2026-02-27,3,5.568544245820806,5.5787181907285035,5.578948607717923,5.574847667635516,5.578241676063748
48,2026-02-27,4,5.560013424980556,5.580045996034108,5.5801633322630995,5.574847667635516,5.579373012206492
48,2026-02-27,5,5.549081309680938,5.580664324024287,5.580221038032712,5.574847667635516,5.580504348349237
48,2026-02-27,6,5.55843701074947,5.580638407530295,5.580904590241906,5.574847667635516,5.581635684491981
48,2026-02-27,7,5.562085861719295,5.581650427232174,5.581486270521593,5.574847667635516,5.5827670206347255
48,2026-02-27,8,5.562009085832933,5.582149084565309,5.583152829838239,5.574847667635516,5.583898356777469
48,2026-02-27,9,5.542456489490709,5.582194023473074,5.581770240611558,5.574847667635516,5.585029692920213
48,2026-02-27,10,5.520157823109197,5.582044520489584,5.5844316164608685,5.574847667635516,5.586161029062958
49,2026-03-02,1,5.5732187954764045,5.578303355578116,5.578250773471186,5.576889619381085,5.5780209555238285
49,2026-03-02,2,5.568544245820806,5.578878814535883,5.579469239961845,5.576889619381085,5.579152291666573
49,2026-03-02,3,5.560013424980556,5.579896871491288,5.580210295151583,5.576889619381085,5.580283627809317
49,2026-03-02,4,5.549081309680938,5.580834887524883,5.581635252222075,5.576889619381085,5.581414963952061
49,2026-03-02,5,5.55843701074947,5.5817502170925595,5.582446199246187,5.576889619381085,5.582546300094806
49,2026-03-02,6,5.562085861719295,5.582179427909837,5.58287811587614,5.576889619381085,5.5836776362375495
49,2026-03-02,7,5.562009085832933,5.583389793347625,5.583549220770449,5.576889619381085,5.584808972380294
49,2026-03-02,8,5.542456489490709,5.583963658420538,5.583732084690453,5.576889619381085,5.585940308523038
49,2026-03-02,9,5.520157823109197,5.584572797150178,5.583750939147293,5.576889619381085,5.587071644665782
49,2026-03-02,10,5.5308948546744405,5.584712275960211,5.585586008187654,5.576889619381085,5.588202980808527
50,2026-03-03,1,5.568544245820806,5.574783161218258,5.573994026225722,5.5732187954764045,5.574350131619148
50,2026-03-03,2,5.560013424980556,5.5754970620139215,5.574898795653944,5.5732187954764045,5.575481467761893
50,2026-03-03,3,5.549081309680938,5.57640183684304,5.575625103695677,5.5732187954764045,5.576612803904637
50,2026-03-03,4,5.55843701074947,5.577986468208416,5.577244808921101,5.5732187954764045,5.577744140047381
50,2026-03-03,5,5.562085861719295,5.578574556067967,5.5773493319974525,5.5732187954764045,5.578875476190126
50,2026-03-03,6,5.562009085832933,5.578795387579049,5.577929038906318,5.5732187954764045,5.580006812332869
50,2026-03-03,7,5.542456489490709,5.579593389019078,5.577929595928513,5.5732187954764045,5.581138148475614
50,2026-03-03,8,5.520157823109197,5.580185207474929,5.578839082528967,5.5732187954764045,5.582269484618358
50,2026-03-03,9,5.5308948546744405,5.580720908973557,5.578725750991776,5.5732187954764045,5.583400820761102
50,2026-03-03,10,5.536456381270542,5.581030862229392,5.5802707139398215,5.5732187954764045,5.584532156903847
51,2026-03-04,1,5.560013424980556,5.569256915431013,5.570331935569248,5.568544245820806,5.5696755819635495
51,2026-03-04,2,5.549081309680938,5.5698952957093,5.57194594182703,5.568544245820806,5.570806918106294
51,2026-03-04,3,5.55843701074947,5.571233683998692,5.572643045615496,5.568544245820806,5.571938254249038
51,2026-03-04,4,5.562085861719295,5.571785390397352,5.573464901209873,5.568544245820806,5.573069590391782
51,2026-03-04,5,5.562009085832933,5.572507839790449,5.574744604233273,5.568544245820806,5.574200926534527
51,2026-03-04,6,5.542456489490709,5.573883332385045,5.5747633618024075,5.568544245820806,5.575332262677271
51,2026-03-04,7,5.520157823109197,5.575250490228518,5.5760174701230705,5.568544245820806,5.576463598820015
51,2026-03-04,8,5.5308948546744405,5.575917801211962,5.576392170202458,5.568544245820806,5.577594934962759
51,2026-03-04,9,5.536456381270542,5.577428276954102,5.576946451369066,5.568544245820806,5.578726271105503
51,2026-03-04,10,5.519437937958934,5.578155150703256,5.578601732883885,5.568544245820806,5.579857607248248
52,2026-03-05,1,5.549081309680938,5.5608503390043404,5.5620286184456305,5.560013424980556,5.5611447611233
52,2026-03-05,2,5.55843701074947,5.56139302378921,5.563771247200501,5.560013424980556,5.562276097266045
52,2026-03-05,3,5.562085861719295,5.562766397188781,5.564524678982574,5.560013424980556,5.563407433408789
52,2026-03-05,4,5.562009085832933,5.563329702414181,5.565409704265729,5.560013424980556,5.5645387695515325
52,2026-03-05,5,5.542456489490709,5.564116296576835,5.566626112284955,5.560013424980556,5.565670105694277
52,2026-03-05,6,5.520157823109197,5.565766384034853,5.566495916229359,5.560013424980556,5.566801441837021
52,2026-03-05,7,5.5308948546744405,5.567089167528466,5.567713091759774,5.560013424980556,5.567932777979766
52,2026-03-05,8,5.536456381270542,5.567583972416695,5.56828765482558,5.560013424980556,5.56906411412251
52,2026-03-05,9,5.519437937958934,5.569116949899495,5.5686182492497105,5.560013424980556,5.5701954502652535
52,2026-03-05,10,5.515509343400319,5.569743924725036,5.5701877375229785,5.560013424980556,5.571326786407998
53,2026-03-06,1,5.55843701074947,5.550795367985049,5.550248782950041,5.549081309680938,5.550212645823682
53,2026-03-06,2,5.562085861719295,5.551425876237673,5.551645132639316,5.549081309680938,5.5513439819664265
53,2026-03-06,3,5.562009085832933,5.552668680189935,5.552583914651414,5.549081309680938,5.55247531810917
53,2026-03-06,4,5.542456489490709,5.554162174345589,5.553726534965233,5.549081309680938,5.553606654251914
53,2026-03-06,5,5.520157823109197,5.55457856974769,5.553668587906918,5.549081309680938,5.554737990394659
53,2026-03-06,6,5.5308948546744405,5.555242515607665,5.553839433043985,5.549081309680938,5.555869326537403
53,2026-03-06,7,5.536456381270542,5.5561360501492905,5.55381273393089,5.549081309680938,5.557000662680148
53,2026-03-06,8,5.519437937958934,5.556594888715812,5.5555010876167215,5.549081309680938,5.558131998822891
53,2026-03-06,9,5.515509343400319,5.557535565274835,5.555360335143911,5.549081309680938,5.559263334965635
53,2026-03-06,10,5.511605443960211,5.558073963608971,5.556712843566412,5.549081309680938,5.56039467110838
54,2026-03-09,1,5.562085861719295,5.558853343384395,5.5595669333365665,5.55843701074947,5.559568346892214
54,2026-03-09,2,5.562009085832933,5.559512868318611,5.560904220718884,5.55843701074947,5.560699683034959
54,2026-03-09,3,5.542456489490709,5.560661067612585,5.561884186464718,5.55843701074947,5.561831019177703
54,2026-03-09,4,5.520157823109197,5.561197857464851,5.562777250179539,5.55843701074947,5.562962355320447
54,2026-03-09,5,5.5308948546744405,5.561831230820106,5.563951210217327,5.55843701074947,5.564093691463191
54,2026-03-09,6,5.536456381270542,5.563460476072403,5.564313385544652,5.55843701074947,5.565225027605935
54,2026-03-09,7,5.519437937958934,5.564686213191596,5.565524045258315,5.55843701074947,5.56635636374868
54,2026-03-09,8,5.515509343400319,5.565319545748186,5.566026825519093,5.55843701074947,5.567487699891424
54,2026-03-09,9,5.511605443960211,5.566877589229743,5.567236247259688,5.55843701074947,5.568619036034168
54,2026-03-09,10,5.525620285472385,5.56803286632565,5.568311678449941,5.55843701074947,5.569750372176912
55,2026-03-10,1,5.562009085832933,5.562345037205555,5.5630371563679315,5.562085861719295,5.563217197862039
55,2026-03-10,2,5.542456489490709,5.563101310880999,5.564165691070587,5.562085861719295,5.564348534004783
55,2026-03-10,3,5.520157823109197,5.5640537797137375,5.56506760517618,5.562085861719295,5.565479870147527
55,2026-03-10,4,5.5308948546744405,5.564813801757351,5.5663735729054284,5.562085861719295,5.566611206290271
55,2026-03-10,5,5.536456381270542,5.5654465907939885,5.567172946319149,5.562085861719295,5.567742542433016
55,2026-03-10,6,5.519437937958934,5.5670639441479235,5.567684516903973,5.562085861719295,5.56887387857576
55,2026-03-10,7,5.515509343400319,5.568064324479845,5.568783012476934,5.562085861719295,5.570005214718504
55,2026-03-10,8,5.511605443960211,5.568641675649014,5.569334146234591,5.562085861719295,5.571136550861248
55,2026-03-10,9,5.525620285472385,5.570094980127835,5.570427303313262,5.562085861719295,5.572267887003992
55,2026-03-10,10,5.52621649887878,5.57138131837159,5.571421711859282,5.562085861719295,5.573399223146737
56,2026-03-11,1,5.542456489490709,5.562185377609945,5.563320720270414,5.562009085832933,5.563140421975677
56,2026-03-11,2,5.520157823109197,5.56297153875207,5.56464854338438,5.562009085832933,5.564271758118422
56,2026-03-11,3,5.5308948546744405,5.564009561435269,5.565568610195188,5.562009085832933,5.565403094261166
56,2026-03-11,4,5.536456381270542,5.56468390380213,5.566852032538692,5.562009085832933,5.56653443040391
56,2026-03-11,5,5.519437937958934,5.565395292086125,5.5677829218703465,5.562009085832933,5.5676657665466545
56,2026-03-11,6,5.515509343400319,5.56724056896692,5.568123623415487,5.562009085832933,5.568797102689398
56,2026-03-11,7,5.511605443960211,5.56829276987936,5.569446785409768,5.562009085832933,5.569928438832143
56,2026-03-11,8,5.525620285472385,5.5688751855932885,5.569956763459963,5.562009085832933,5.571059774974887
56,2026-03-11,9,5.52621649887878,5.570446717740971,5.570932911428808,5.562009085832933,5.572191111117631
56,2026-03-11,10,5.530103395472464,5.571881535972725,5.571998179883415,5.562009085832933,5.5733224472603755
57,2026-03-12,1,5.520157823109197,5.5440588490800256,5.543697899865694,5.542456489490709,5.543587825633453
57,2026-03-12,2,5.5308948546744405,5.545000074632883,5.545217286795185,5.542456489490709,5.5447191617761975
57,2026-03-12,3,5.536456381270542,5.546395608494841,5.546513141126705,5.542456489490709,5.545850497918941
57,2026-03-12,4,5.519437937958934,5.547772967172177,5.547595391021827,5.542456489490709,5.546981834061685
57,2026-03-12,5,5.515509343400319,5.548224963970544,5.547584417421847,5.542456489490709,5.54811317020443
57,2026-03-12,6,5.511605443960211,5.5489738368120545,5.548038829552236,5.542456489490709,5.549244506347174
57,2026-03-12,7,5.525620285472385,5.549975593204834,5.5481353682788725,5.542456489490709,5.5503758424899186
57,2026-03-12,8,5.52621649887878,5.55062970133176,5.5495689361300915,5.542456489490709,5.551507178632662
57,2026-03-12,9,5.530103395472464,5.551652826955583,5.54962143587335,5.542456489490709,5.552638514775406
57,2026-03-12,10,5.531171672138669,5.5528432794337945,5.550824211591796,5.542456489490709,5.553769850918151
58,2026-03-13,1,5.5308948546744405,5.5223114930800845,5.522069860764073,5.520157823109197,5.521289159251941
58,2026-03-13,2,5.536456381270542,5.523425671323913,5.523924749051157,5.520157823109197,5.522420495394686
58,2026-03-13,3,5.519437937958934,5.525200374251699,5.525155372376048,5.520157823109197,5.5235518315374295
58,2026-03-13,4,5.515509343400319,5.52653444430535,5.5262970843174575,5.520157823109197,5.524683167680173
58,2026-03-13,5,5.511605443960211,5.526991518019449,5.526760428107515,5.520157823109197,5.525814503822918
58,2026-03-13,6,5.525620285472385,5.527822877440097,5.526665513773498,5.520157823109197,5.526945839965662
58,2026-03-13,7,5.52621649887878,5.528971945183639,5.526741278571964,5.520157823109197,5.528077176108407
58,2026-03-13,8,5.530103395472464,5.529551306179679,5.527693110901747,5.520157823109197,5.5292085122511505
58,2026-03-13,9,5.531171672138669,5.530828572668887,5.527081254937267,5.520157823109197,5.530339848393894
58,2026-03-13,10,5.514866406850955,5.53216958783758,5.52888541844195,5.520157823109197,5.531471184536639
59,2026-03-16,1,5.536456381270542,5.5316771103115006,5.532146552443604,5.5308948546744405,5.532026190817184
59,2026-03-16,2,5.519437937958934,5.532611532267404,5.533598918188218,5.5308948546744405,5.533157526959929
59,2026-03-16,3,5.515509343400319,5.534009803216146,5.534503537267159,5.5308948546744405,5.534288863102673
59,2026-03-16,4,5.511605443960211,5.53454092351376,5.535547799737505,5.5308948546744405,5.535420199245417
59,2026-03-16,5,5.525620285472385,5.53517380181116,5.536995840093842,5.5308948546744405,5.536551535388162
59,2026-03-16,6,5.52621649887878,5.536949381581797,5.537384857402571,5.5308948546744405,5.537682871530905
59,2026-03-16,7,5.530103395472464,5.5382373249136165,5.538528731089312,5.5308948546744405,5.53881420767365
59,2026-03-16,8,5.531171672138669,5.538715507739905,5.538990226167082,5.5308948546744405,5.539945543816394
59,2026-03-16,9,5.514866406850955,5.540443289430186,5.539736794431442,5.5308948546744405,5.541076879959138
59,2026-03-16,10,5.506106270582657,5.5421419433555705,5.541308318550764,5.5308948546744405,5.542208216101883
60,2026-03-17,1,5.519437937958934,5.53688708466937,5.537617371858123,5.536456381270542,5.5375877174132855
60,2026-03-17,2,5.515509343400319,5.537790876535318,5.538899102407278,5.536456381270542,5.53871905355603
60,2026-03-17,3,5.511605443960211,5.538888717869947,5.539651366573906,5.536456381270542,5.539850389698774
60,2026-03-17,4,5.525620285472385,5.539324990578407,5.540796746016007,5.536456381270542,5.540981725841518
60,2026-03-17,5,5.52621649887878,5.540058202863533,5.542174692223305,5.536456381270542,5.542113061984263
60,2026-03-17,6,5.530103395472464,5.541841826612702,5.542717727008166,5.536456381270542,5.5432443981270065
60,2026-03-17,7,5.531171672138669,5.5429421355001836,5.544089392848608,5.536456381270542,5.544375734269751
60,2026-03-17,8,5.514866406850955,5.543500387639481,5.544728455172548,5.536456381270542,5.545507070412495
60,2026-03-17,9,5.506106270582657,5.54522701120238,5.545784453353167,5.536456381270542,5.546638406555239
60,2026-03-17,10,5.5347241337596715,5.547086579585272,5.547156749346862,5.536456381270542,5.547769742697984
61,2026-03-18,1,5.515509343400319,5.521033671961926,5.520909534252548,5.519437937958934,5.520569274101677
61,2026-03-18,2,5.511605443960211,5.521976341670728,5.522506205238105,5.519437937958934,5.521700610244422
61,2026-03-18,3,5.525620285472385,5.523391484144443,5.523643937886525,5.519437937958934,5.522831946387166
61,2026-03-18,4,5.52621649887878,5.524332911282114,5.524589336434796,5.519437937958934,5.52396328252991
61,2026-03-18,5,5.530103395472464,5.524993489245185,5.525229775111532,5.519437937958934,5.525094618672655
61,2026-03-18,6,5.531171672138669,5.525928850373205,5.525635626284927,5.519437937958934,5.5262259548153985
61,2026-03-18,7,5.514866406850955,5.526992230411635,5.526132572774605,5.519437937958934,5.527357290958143
61,2026-03-18,8,5.506106270582657,5.527570740985424,5.527348619955554,5.519437937958934,5.528488627100887
61,2026-03-18,9,5.5347241337596715,5.528901189518989,5.527627080309966,5.519437937958934,5.529619963243631
61,2026-03-18,10,5.541948101314156,5.530526461755015,5.529061893140822,5.519437937958934,5.530751299386376
62,2026-03-19,1,5.511605443960211,5.516866987199609,5.517146217345994,5.515509343400319,5.5166406795430625
62,2026-03-19,2,5.525620285472385,5.517706269735482,5.518751947970573,5.515509343400319,5.517772015685807
62,2026-03-19,3,5.52621649887878,5.519062810876058,5.519716188568219,5.515509343400319,5.518903351828551
62,2026-03-19,4,5.530103395472464,5.51975570867985,5.520758332573389,5.515509343400319,5.520034687971295
62,2026-03-19,5,5.531171672138669,5.520465966789751,5.521834200944323,5.515509343400319,5.52116602411404
62,2026-03-19,6,5.514866406850955,5.521741124009906,5.522001108864304,5.515509343400319,5.5222973602567835
62,2026-03-19,7,5.506106270582657,5.522866580055562,5.522865018612581,5.515509343400319,5.523428696399528
62,2026-03-19,8,5.5347241337596715,5.523278752649927,5.5236811207194565,5.515509343400319,5.524560032542272
62,2026-03-19,9,5.541948101314156,5.524695680338904,5.524142808331889,5.515509343400319,5.525691368685016
62,2026-03-19,10,5.543081935308524,5.526312025768768,5.525672994281028,5.515509343400319,5.526822704827761
63,2026-03-20,1,5.525620285472385,5.513592000266153,5.512173152303008,5.511605443960211,5.512736780102955
63,2026-03-20,2,5.52621649887878,5.5144139594993575,5.5133276869216115,5.511605443960211,5.5138681162457
63,2026-03-20,3,5.530103395472464,5.5156038240096965,5.514245448206462,5.511605443960211,5.514999452388444
63,2026-03-20,4,5.531171672138669,5.517285176819879,5.515523148227096,5.511605443960211,5.516130788531187
63,2026-03-20,5,5.514866406850955,5.517426589789492,5.515217887620504,5.511605443960211,5.517262124673932
63,2026-03-20,6,5.506106270582657,5.51735845043657,5.515855347848768,5.511605443960211,5.518393460816676
63,2026-03-20,7,5.5347241337596715,5.5179844167541585,5.515530825273096,5.511605443960211,5.519524796959421
63,2026-03-20,8,5.541948101314156,5.5184509494451905,5.517432489119448,5.511605443960211,5.520656133102165
63,2026-03-20,9,5.543081935308524,5.51936093540962,5.517677594850555,5.511605443960211,5.5217874692449085
63,2026-03-20,10,5.554504260398717,5.520998786041749,5.519039979031337,5.511605443960211,5.522918805387653
64,2026-03-23,1,5.52621649887878,5.526400135374962,5.526164645082571,5.525620285472385,5.526751621615129
64,2026-03-23,2,5.530103395472464,5.5274494020678935,5.527076452608836,5.525620285472385,5.527882957757874
64,2026-03-23,3,5.531171672138669,5.528160702623812,5.5280445265292935,5.525620285472385,5.529014293900618
64,2026-03-23,4,5.514866406850955,5.528808915745149,5.52926234753983,5.525620285472385,5.530145630043362
64,2026-03-23,5,5.506106270582657,5.5292358316193075,5.53016747853618,5.525620285472385,5.531276966186106
64,2026-03-23,6,5.5347241337596715,5.530145025987468,5.53105897693981,5.525620285472385,5.53240830232885
64,2026-03-23,7,5.541948101314156,5.53096265275284,5.531986536910687,5.525620285472385,5.533539638471595
64,2026-03-23,8,5.543081935308524,5.531607123928695,5.532630668559911,5.525620285472385,5.534670974614339
64,2026-03-23,9,5.554504260398717,5.5328908558749434,5.5339056295961475,5.525620285472385,5.535802310757083
64,2026-03-23,10,5.533580838552158,5.534988497966908,5.535113729576791,5.525620285472385,5.536933646899827
65,2026-03-24,1,5.530103395472464,5.527228753738613,5.526894066748636,5.52621649887878,5.527347835021524
65,2026-03-24,2,5.531171672138669,5.528267237103691,5.527912883916722,5.52621649887878,5.5284791711642685
65,2026-03-24,3,5.514866406850955,5.529022846541846,5.528757763387083,5.52621649887878,5.529610507307012
65,2026-03-24,4,5.506106270582657,5.529997167256019,5.530033543753922,5.52621649887878,5.530741843449756
65,2026-03-24,5,5.5347241337596715,5.530422538510259,5.5305127893160835,5.52621649887878,5.531873179592501
65,2026-03-24,6,5.541948101314156,5.530865987076118,5.531477304045721,5.52621649887878,5.533004515735245
65,2026-03-24,7,5.543081935308524,5.53159368154259,5.532196130604999,5.52621649887878,5.5341358518779895
65,2026-03-24,8,5.554504260398717,5.532363264705769,5.533210626909882,5.52621649887878,5.535267188020733
65,2026-03-24,9,5.533580838552158,5.533438411838058,5.534208145131563,5.52621649887878,5.536398524163477
65,2026-03-24,10,5.554658844773426,5.535506546350727,5.5356013790874155,5.52621649887878,5.537529860306222
66,2026-03-25,1,5.531171672138669,5.530877946292698,5.531099747684373,5.530103395472464,5.531234731615208
66,2026-03-25,2,5.514866406850955,5.531898671290994,5.5322456645156795,5.530103395472464,5.532366067757953
66,2026-03-25,3,5.506106270582657,5.532628999424381,5.533056571179038,5.530103395472464,5.5334974039006966
66,2026-03-25,4,5.5347241337596715,5.533295966721045,5.5342939936487925,5.530103395472464,5.53462874004344
66,2026-03-25,5,5.541948101314156,5.533856703199767,5.535126419089641,5.530103395472464,5.535760076186185
66,2026-03-25,6,5.543081935308524,5.5346385064752495,5.535961262088558,5.530103395472464,5.536891412328929
66,2026-03-25,7,5.554504260398717,5.535457563310443,5.537107883955818,5.530103395472464,5.538022748471674
66,2026-03-25,8,5.533580838552158,5.536297307549985,5.537908004809829,5.530103395472464,5.539154084614418
66,2026-03-25,9,5.554658844773426,5.5374875988041365,5.5389910674668945,5.530103395472464,5.5402854207571615
66,2026-03-25,10,5.56078139504434,5.5395901447641895,5.5404315795573345,5.530103395472464,5.541416756899906
67,2026-03-26,1,5.514866406850955,5.532662748444315,5.530760795941937,5.531171672138669,5.532303008281413
67,2026-03-26,2,5.506106270582657,5.533745237438586,5.531802770694688,5.531171672138669,5.533434344424157
67,2026-03-26,3,5.5347241337596715,5.53458015743677,5.532485612321062,5.531171672138669,5.534565680566901
67,2026-03-26,4,5.541948101314156,5.536760568852103,5.5339162333263525,5.531171672138669,5.535697016709645
67,2026-03-26,5,5.543081935308524,5.536394303039008,5.532500023810645,5.531171672138669,5.53682835285239
67,2026-03-26,6,5.554504260398717,5.535377861754505,5.533900305790513,5.531171672138669,5.537959688995134
67,2026-03-26,7,5.533580838552158,5.535670776094067,5.533508773634593,5.531171672138669,5.539091025137878
67,2026-03-26,8,5.554658844773426,5.536778465817568,5.5358098599088015,5.531171672138669,5.540222361280622
67,2026-03-26,9,5.56078139504434,5.537311709981254,5.536546102461812,5.531171672138669,5.541353697423366
67,2026-03-26,10,5.560743133781646,5.539506067971158,5.537929204335754,5.531171672138669,5.542485033566111
68,2026-03-27,1,5.506106270582657,5.5173414517696076,5.5151916386957165,5.514866406850955,5.515997742993699
68,2026-03-27,2,5.5347241337596715,5.518921446100379,5.516488169744975,5.514866406850955,5.517129079136444
68,2026-03-27,3,5.541948101314156,5.520148323976503,5.517276794352789,5.514866406850955,5.518260415279188
68,2026-03-27,4,5.543081935308524,5.522354005894811,5.518717676915537,5.514866406850955,5.5193917514219315
68,2026-03-27,5,5.554504260398717,5.522097683705843,5.517785805642503,5.514866406850955,5.520523087564676
68,2026-03-27,6,5.533580838552158,5.520825685864194,5.519013971559468,5.514866406850955,5.52165442370742
68,2026-03-27,7,5.554658844773426,5.521287009025588,5.518489663325078,5.514866406850955,5.522785759850165
68,2026-03-27,8,5.56078139504434,5.5227887991042985,5.520220106635562,5.514866406850955,5.523917095992909
68,2026-03-27,9,5.560743133781646,5.523377545946213,5.519948215285785,5.514866406850955,5.5250484321356526
68,2026-03-27,10,5.55581705369889,5.525700648902184,5.522057869263596,5.514866406850955,5.526179768278397
69,2026-03-30,1,5.5347241337596715,5.508777010418808,5.506454212686476,5.506106270582657,5.5072376067254005
69,2026-03-30,2,5.541948101314156,5.510476426162546,5.50753233556679,5.506106270582657,5.508368942868145
69,2026-03-30,3,5.543081935308524,5.511787381984674,5.5082133889125275,5.506106270582657,5.509500279010889
69,2026-03-30,4,5.554504260398717,5.514016738805953,5.50976322084179,5.506106270582657,5.510631615153633
69,2026-03-30,5,5.533580838552158,5.513682104730165,5.50909707820364,5.506106270582657,5.511762951296378
69,2026-03-30,6,5.554658844773426,5.512327535938619,5.510253054277738,5.506106270582657,5.512894287439122
69,2026-03-30,7,5.56078139504434,5.512814555288514,5.509517055275968,5.506106270582657,5.514025623581866
69,2026-03-30,8,5.560743133781646,5.514405762756326,5.511064168218748,5.506106270582657,5.51515695972461
69,2026-03-30,9,5.55581705369889,5.515036548206315,5.510438633826912,5.506106270582657,5.516288295867354
69,2026-03-30,10,5.554388395020928,5.51745892197623,5.512835213644798,5.506106270582657,5.517419632010099
70,2026-03-31,1,5.541948101314156,5.534949317335082,5.534647671880626,5.5347241337596715,5.535855469902415
70,2026-03-31,2,5.543081935308524,5.536775290097908,5.5360641149486165,5.5347241337596715,5.53698680604516
70,2026-03-31,3,5.554504260398717,5.53763701554846,5.537149668586749,5.5347241337596715,5.538118142187904
70,2026-03-31,4,5.533580838552158,5.53692864490593,5.536985279747094,5.5347241337596715,5.539249478330648
70,2026-03-31,5,5.554658844773426,5.53724163532674,5.538294329636624,5.5347241337596715,5.540380814473393
70,2026-03-31,6,5.56078139504434,5.538229385151206,5.540055764021311,5.5347241337596715,5.5415121506161364
70,2026-03-31,7,5.560743133781646,5.539645890110552,5.541970845592283,5.5347241337596715,5.542643486758881
70,2026-03-31,8,5.55581705369889,5.541874001660252,5.543645157968899,5.5347241337596715,5.543774822901625
70,2026-03-31,9,5.554388395020928,5.543893903977259,5.545808322715906,5.5347241337596715,5.544906159044369
70,2026-03-31,10,5.583328562761172,5.547165271678908,5.547211270695082,5.5347241337596715,5.546037495187114
71,2026-04-01,1,5.543081935308524,5.541864136641009,5.5428888985905145,5.541948101314156,5.5430794374569
71,2026-04-01,2,5.554504260398717,5.543238071295909,5.544500718798928,5.541948101314156,5.544210773599644
71,2026-04-01,3,5.533580838552158,5.544176874327713,5.5452468721430614,5.541948101314156,5.545342109742388
71,2026-04-01,4,5.554658844773426,5.543489322243735,5.545646633805608,5.541948101314156,5.546473445885132
71,2026-04-01,5,5.56078139504434,5.544377207885489,5.547082769272237,5.541948101314156,5.547604782027877
71,2026-04-01,6,5.560743133781646,5.5459086211518756,5.548279384027431,5.541948101314156,5.548736118170621
71,2026-04-01,7,5.55581705369889,5.547329666075659,5.550662323808118,5.541948101314156,5.5498674543133655
71,2026-04-01,8,5.554388395020928,5.549349177922442,5.5519209151648505,5.541948101314156,5.550998790456109
71,2026-04-01,9,5.583328562761172,5.551460053232723,5.553835227035081,5.541948101314156,5.552130126598853
71,2026-04-01,10,5.571890710877664,5.5544679733754405,5.55528678746223,5.541948101314156,5.553261462741598
72,2026-04-02,1,5.554504260398717,5.543181110074091,5.544517618559545,5.543081935308524,5.544213271451268
72,2026-04-02,2,5.533580838552158,5.544263881520654,5.546315982377165,5.543081935308524,5.5453446075940125
72,2026-04-02,3,5.554658844773426,5.545257213317665,5.547141728222725,5.543081935308524,5.546475943736756
72,2026-04-02,4,5.56078139504434,5.5448540832108275,5.547978945426566,5.543081935308524,5.5476072798795
72,2026-04-02,5,5.560743133781646,5.545975596310069,5.5491524441985955,5.543081935308524,5.548738616022245
72,2026-04-02,6,5.55581705369889,5.547724819997527,5.549846076086407,5.543081935308524,5.549869952164989
72,2026-04-02,7,5.554388395020928,5.549072022987983,5.5520365312716935,5.543081935308524,5.5510012883077335
72,2026-04-02,8,5.583328562761172,5.550661149358984,5.553001820300134,5.543081935308524,5.552132624450477
72,2026-04-02,9,5.571890710877664,5.552556906668103,5.55454329134961,5.543081935308524,5.553263960593221
72,2026-04-02,10,5.597490513148396,5.555037373503001,5.555862536964049,5.543081935308524,5.554395296735966
73,2026-04-06,1,5.533580838552158,5.554397618127339,5.5554242839293675,5.554504260398717,5.555635596541461
73,2026-04-06,2,5.554658844773426,5.5553930457641485,5.556833597667954,5.554504260398717,5.556766932684206
73,2026-04-06,3,5.56078139504434,5.55604486719527,5.55766065359585,5.554504260398717,5.55789826882695
73,2026-04-06,4,5.560743133781646,5.555961978760237,5.559087026431086,5.554504260398717,5.559029604969694
73,2026-04-06,5,5.55581705369889,5.557059861331441,5.559981505910651,5.554504260398717,5.560160941112438
73,2026-04-06,6,5.554388395020928,5.558806324868826,5.560863160596454,5.554504260398717,5.561292277255182
73,2026-04-06,7,5.583328562761172,5.559789500425863,5.562835308770127,5.554504260398717,5.562423613397927
73,2026-04-06,8,5.571890710877664,5.561084599069777,5.5634891775059625,5.554504260398717,5.563554949540671
73,2026-04-06,9,5.597490513148396,5.562612491097589,5.565217079037758,5.554504260398717,5.564686285683415
73,2026-04-06,10,5.6078718643854355,5.564808293170451,5.566207435816597,5.554504260398717,5.5658176218261595
74,2026-04-07,1,5.554658844773426,5.534685648576011,5.536034663494272,5.533580838552158,5.534712174694902
74,2026-04-07,2,5.56078139504434,5.535462704536419,5.538325302390987,5.533580838552158,5.535843510837647
74,2026-04-07,3,5.560743133781646,5.536806888133769,5.539425036593884,5.533580838552158,5.5369748469803906
74,2026-04-07,4,5.55581705369889,5.536849120261807,5.540250713395549,5.533580838552158,5.538106183123134
74,2026-04-07,5,5.554388395020928,5.538173837568322,5.541474080834893,5.533580838552158,5.539237519265879
74,2026-04-07,6,5.583328562761172,5.539804645869271,5.541550068128401,5.533580838552158,5.540368855408623
74,2026-04-07,7,5.571890710877664,5.541298571950678,5.543252203442502,5.533580838552158,5.541500191551368
74,2026-04-07,8,5.597490513148396,5.542200899443813,5.543918189308682,5.533580838552158,5.542631527694112
74,2026-04-07,9,5.6078718643854355,5.5437836402034595,5.544438689363623,5.533580838552158,5.5437628638368555
74,2026-04-07,10,5.582352277997911,5.5454888217691805,5.54591315324136,5.533580838552158,5.5448941999796
75,2026-04-08,1,5.56078139504434,5.5544393148236715,5.556140232016648,5.554658844773426,5.55579018091617
75,2026-04-08,2,5.560743133781646,5.554928290538862,5.557976414079608,5.554658844773426,5.556921517058915
75,2026-04-08,3,5.55581705369889,5.555933277032698,5.558997782368473,5.554658844773426,5.558052853201659
75,2026-04-08,4,5.554388395020928,5.5550539599862905,5.559474141917777,5.554658844773426,5.5591841893444025
75,2026-04-08,5,5.583328562761172,5.556450717224299,5.561755480762589,5.554658844773426,5.560315525487147
75,2026-04-08,6,5.571890710877664,5.559062131277323,5.562559801178586,5.554658844773426,5.561446861629891
75,2026-04-08,7,5.597490513148396,5.560549128592349,5.565403400357781,5.554658844773426,5.562578197772636
75,2026-04-08,8,5.6078718643854355,5.561919728850501,5.565951136842036,5.554658844773426,5.56370953391538
75,2026-04-08,9,5.582352277997911,5.5641097154715204,5.568309057626363,5.554658844773426,5.564840870058124
75,2026-04-08,10,5.608311454281006,5.566302631422047,5.568789978780184,5.554658844773426,5.565972206200868
76,2026-04-09,1,5.560743133781646,5.560918258488469,5.56200167083534,5.56078139504434,5.561912731187084
76,2026-04-09,2,5.55581705369889,5.561483846030567,5.5635383949346675,5.56078139504434,5.5630440673298285
76,2026-04-09,3,5.554388395020928,5.562073110446236,5.564465420654698,5.56078139504434,5.564175403472572
76,2026-04-09,4,5.583328562761172,5.561933380312052,5.565658534680128,5.56078139504434,5.565306739615316
76,2026-04-09,5,5.571890710877664,5.563380327643705,5.566932041561463,5.56078139504434,5.566438075758061
76,2026-04-09,6,5.597490513148396,5.565379621745183,5.567577068372795,5.56078139504434,5.567569411900805
76,2026-04-09,7,5.6078718643854355,5.566543053100091,5.569706886816798,5.56078139504434,5.5687007480435495
76,2026-04-09,8,5.582352277997911,5.567331245928121,5.57019717341716,5.56078139504434,5.569832084186293
76,2026-04-09,9,5.608311454281006,5.568641991553195,5.572201899798768,5.56078139504434,5.570963420329037
76,2026-04-09,10,5.609262621702856,5.57010104638116,5.572724170325983,5.56078139504434,5.572094756471782
77,2026-04-10,1,5.55581705369889,5.5612708670237705,5.562230294583269,5.560743133781646,5.56187446992439
77,2026-04-10,2,5.554388395020928,5.561736330592736,5.563818729931453,5.560743133781646,5.563005806067134
77,2026-04-10,3,5.583328562761172,5.562349512258362,5.564764550844431,5.560743133781646,5.564137142209878
77,2026-04-10,4,5.571890710877664,5.562580451839261,5.566096567243665,5.560743133781646,5.565268478352622
77,2026-04-10,5,5.597490513148396,5.563937495117243,5.567103157000937,5.560743133781646,5.566399814495367
77,2026-04-10,6,5.6078718643854355,5.565639729691065,5.567468841487804,5.560743133781646,5.567531150638111
77,2026-04-10,7,5.582352277997911,5.566728435117255,5.569298966226338,5.560743133781646,5.568662486780855
77,2026-04-10,8,5.608311454281006,5.567258509392582,5.569774662158726,5.560743133781646,5.569793822923599
77,2026-04-10,9,5.609262621702856,5.568286976138159,5.571285921468774,5.560743133781646,5.570925159066343
77,2026-04-10,10,5.600557151628805,5.569375650545687,5.571959941606469,5.560743133781646,5.572056495209088
78,2026-04-13,1,5.554388395020928,5.556169248132914,5.55834485165555,5.55581705369889,5.556948389841634
78,2026-04-13,2,5.583328562761172,5.556342125466782,5.560579714179957,5.55581705369889,5.558079725984379
78,2026-04-13,3,5.571890710877664,5.557403383974662,5.561539931474604,5.55581705369889,5.5592110621271225
78,2026-04-13,4,5.597490513148396,5.557201815764637,5.562167529373844,5.55581705369889,5.560342398269866
78,2026-04-13,5,5.6078718643854355,5.558627573919459,5.564030778540714,5.55581705369889,5.561473734412611
78,2026-04-13,6,5.582352277997911,5.561016437899771,5.563756353805534,5.55581705369889,5.562605070555355
78,2026-04-13,7,5.608311454281006,5.562479587483136,5.5662676752325195,5.55581705369889,5.5637364066981
78,2026-04-13,8,5.609262621702856,5.5629869471203,5.566857163967857,5.55581705369889,5.5648677428408435
78,2026-04-13,9,5.600557151628805,5.56477412290775,5.568275164975543,5.55581705369889,5.565999078983587
78,2026-04-13,10,5.587747673435848,5.56602458708295,5.569040536534196,5.55581705369889,5.567130415126332
79,2026-04-14,1,5.583328562761172,5.554601223844792,5.556964619751496,5.554388395020928,5.555519731163672
79,2026-04-14,2,5.571890710877664,5.554681517085175,5.559218346731699,5.554388395020928,5.556651067306417
79,2026-04-14,3,5.597490513148396,5.5557398162666765,5.560188907546058,5.554388395020928,5.557782403449161
79,2026-04-14,4,5.6078718643854355,5.555510134784485,5.560922436367512,5.554388395020928,5.558913739591905
79,2026-04-14,5,5.582352277997911,5.557033269790206,5.562923297604809,5.554388395020928,5.560045075734649
79,2026-04-14,6,5.608311454281006,5.5597495929012215,5.562482921054305,5.554388395020928,5.561176411877393
79,2026-04-14,7,5.609262621702856,5.561217860490924,5.565071837015923,5.554388395020928,5.562307748020138
79,2026-04-14,8,5.600557151628805,5.561475348634926,5.565560542649793,5.554388395020928,5.563439084162882
79,2026-04-14,9,5.587747673435848,5.563340866762224,5.566961300784378,5.554388395020928,5.564570420305626
79,2026-04-14,10,5.599265131893169,5.5643998911965475,5.567589957478295,5.554388395020928,5.56570175644837
80,2026-04-15,1,5.571890710877664,5.58259710029354,5.58400483930586,5.583328562761172,5.584459898903916
80,2026-04-15,2,5.597490513148396,5.583134339223055,5.585028785574017,5.583328562761172,5.58559123504666
80,2026-04-15,3,5.6078718643854355,5.583327037007899,5.586036249911603,5.583328562761172,5.586722571189404
80,2026-04-15,4,5.582352277997911,5.5831370069375135,5.587584945609009,5.583328562761172,5.587853907332148
80,2026-04-15,5,5.608311454281006,5.58461113201847,5.589528048782878,5.583328562761172,5.588985243474893
80,2026-04-15,6,5.609262621702856,5.587261553973775,5.590712898779735,5.583328562761172,5.590116579617637
80,2026-04-15,7,5.600557151628805,5.588104221922973,5.593311682325302,5.583328562761172,5.591247915760381
80,2026-04-15,8,5.587747673435848,5.588683680354105,5.593109428347388,5.583328562761172,5.592379251903125
80,2026-04-15,9,5.599265131893169,5.590264306297831,5.595754444443166,5.583328562761172,5.593510588045869
80,2026-04-15,10,5.597268407629032,5.591825822847804,5.595764563789179,5.583328562761172,5.594641924188614
81,2026-04-16,1,5.597490513148396,5.572069418114422,5.574198255310403,5.571890710877664,5.573022047020408
81,2026-04-16,2,5.6078718643854355,5.5722836181821265,5.576144071777917,5.571890710877664,5.574153383163153
81,2026-04-16,3,5.582352277997911,5.573062644739921,5.5772347526185095,5.571890710877664,5.5752847193058965
81,2026-04-16,4,5.608311454281006,5.573044529147625,5.578170446412562,5.571890710877664,5.57641605544864
81,2026-04-16,5,5.609262621702856,5.574721338636055,5.579918499857113,5.571890710877664,5.577547391591385
81,2026-04-16,6,5.600557151628805,5.577145188894307,5.579994978887654,5.571890710877664,5.578678727734129
81,2026-04-16,7,5.587747673435848,5.578592040323554,5.582350551741689,5.571890710877664,5.579810063876874
81,2026-04-16,8,5.599265131893169,5.578751848746785,5.582424476677308,5.571890710877664,5.580941400019618
81,2026-04-16,9,5.597268407629032,5.580261147677359,5.583835233477061,5.571890710877664,5.582072736162361
81,2026-04-16,10,5.601626589730184,5.581220845245193,5.584315577756743,5.571890710877664,5.583204072305106
82,2026-04-17,1,5.6078718643854355,5.596981779493959,5.5983685676257595,5.597490513148396,5.59862184929114
82,2026-04-17,2,5.582352277997911,5.597458526411619,5.59938523735359,5.597490513148396,5.599753185433885
82,2026-04-17,3,5.608311454281006,5.597597598968402,5.600427388584285,5.597490513148396,5.600884521576629
82,2026-04-17,4,5.609262621702856,5.597619532812091,5.6019490065219575,5.597490513148396,5.602015857719373
82,2026-04-17,5,5.600557151628805,5.599103767787491,5.603752807436722,5.597490513148396,5.603147193862117
82,2026-04-17,6,5.587747673435848,5.6014576713265845,5.604883794292377,5.597490513148396,5.604278530004861
82,2026-04-17,7,5.599265131893169,5.602312821258583,5.607352418566834,5.597490513148396,5.605409866147606
82,2026-04-17,8,5.597268407629032,5.602901085231153,5.606996501601362,5.597490513148396,5.60654120229035
82,2026-04-17,9,5.601626589730184,5.604067802082799,5.609566500703889,5.597490513148396,5.607672538433094
82,2026-04-17,10,5.633506497102621,5.605483311087628,5.609491987271257,5.597490513148396,5.608803874575838
83,2026-04-20,1,5.582352277997911,5.607728260531192,5.608582037686665,5.6078718643854355,5.609003200528179
83,2026-04-20,2,5.608311454281006,5.608334486535432,5.609616890043594,5.6078718643854355,5.610134536670924
83,2026-04-20,3,5.609262621702856,5.608381200221592,5.610540724490635,5.6078718643854355,5.611265872813668
83,2026-04-20,4,5.600557151628805,5.608956174777326,5.612268900300393,5.6078718643854355,5.612397208956412
83,2026-04-20,5,5.587747673435848,5.610339224539915,5.613140214750814,5.6078718643854355,5.6135285450991566
83,2026-04-20,6,5.599265131893169,5.611896780918992,5.614176734379103,5.6078718643854355,5.6146598812419
83,2026-04-20,7,5.597268407629032,5.612624418238141,5.616101763963593,5.6078718643854355,5.615791217384645
83,2026-04-20,8,5.601626589730184,5.6130230227221105,5.616097958685301,5.6078718643854355,5.616922553527389
83,2026-04-20,9,5.633506497102621,5.613445285322482,5.6183696910868095,5.6078718643854355,5.618053889670133
83,2026-04-20,10,5.62162060351759,5.614386253675888,5.618544307837796,5.6078718643854355,5.619185225812878
84,2026-04-21,1,5.608311454281006,5.5837198486450434,5.584778413565251,5.582352277997911,5.583483614140655
84,2026-04-21,2,5.609262621702856,5.584106277026717,5.58678620415281,5.582352277997911,5.5846149502834
84,2026-04-21,3,5.600557151628805,5.584972458508857,5.587802817974063,5.582352277997911,5.585746286426144
84,2026-04-21,4,5.587747673435848,5.58570960746368,5.588848005384434,5.582352277997911,5.586877622568887
84,2026-04-21,5,5.599265131893169,5.587112953941439,5.589898570409103,5.582352277997911,5.588008958711632
84,2026-04-21,6,5.597268407629032,5.588194820810817,5.590153173853979,5.582352277997911,5.589140294854376
84,2026-04-21,7,5.601626589730184,5.5896290839179885,5.591660537074039,5.582352277997911,5.590271630997121
84,2026-04-21,8,5.633506497102621,5.589486347455028,5.592061251775869,5.582352277997911,5.591402967139865
84,2026-04-21,9,5.62162060351759,5.589841696596513,5.592334354367927,5.582352277997911,5.5925343032826085
84,2026-04-21,10,5.647824870461012,5.590091229402373,5.593692600586137,5.582352277997911,5.593665639425353
85,2026-04-22,1,5.609262621702856,5.608437729833101,5.609250014564406,5.608311454281006,5.60944279042375
85,2026-04-22,2,5.600557151628805,5.608905688178358,5.610249908815639,5.608311454281006,5.610574126566495
85,2026-04-22,3,5.587747673435848,5.609370432369799,5.611530254691698,5.608311454281006,5.611705462709239
85,2026-04-22,4,5.599265131893169,5.60956039575006,5.612710103604328,5.608311454281006,5.6128367988519825
85,2026-04-22,5,5.597268407629032,5.6108610745418925,5.614624155355703,5.608311454281006,5.613968134994727
85,2026-04-22,6,5.601626589730184,5.612540322462126,5.615856860945166,5.608311454281006,5.615099471137471
85,2026-04-22,7,5.633506497102621,5.613668405824995,5.617973959110053,5.608311454281006,5.616230807280216
85,2026-04-22,8,5.62162060351759,5.6143424865403135,5.6176023942146145,5.608311454281006,5.61736214342296
85,2026-04-22,9,5.647824870461012,5.61517661567208,5.619936600392083,5.608311454281006,5.6184934795657036
85,2026-04-22,10,5.65947466608636,5.616431047316684,5.620009316384451,5.608311454281006,5.619624815708448
86,2026-04-23,1,5.600557151628805,5.610208530197939,5.609773959976143,5.609262621702856,5.6103939578455995
86,2026-04-23,2,5.587747673435848,5.6109057552876225,5.6108597487722305,5.609262621702856,5.611525293988344
86,2026-04-23,3,5.599265131893169,5.611286069635456,5.6118648981687835,5.609262621702856,5.612656630131088
86,2026-04-23,4,5.597268407629032,5.612530692230151,5.613250116610288,5.609262621702856,5.613787966273832
86,2026-04-23,5,5.601626589730184,5.613537231773683,5.613478540960824,5.609262621702856,5.614919302416577
86,2026-04-23,6,5.633506497102621,5.613836307496161,5.614635652536928,5.609262621702856,5.6160506385593205
86,2026-04-23,7,5.62162060351759,5.614691805494047,5.615615134172671,5.609262621702856,5.617181974702065
86,2026-04-23,8,5.647824870461012,5.614880012177969,5.616497273406477,5.609262621702856,5.618313310844809
86,2026-04-23,9,5.65947466608636,5.614626871773929,5.618150444630449,5.609262621702856,5.619444646987553
86,2026-04-23,10,5.65923113196911,5.615095235259411,5.618777406099718,5.609262621702856,5.620575983130298
87,2026-04-24,1,5.587747673435848,5.60124873489817,5.60301418937451,5.600557151628805,5.601688487771549
87,2026-04-24,2,5.599265131893169,5.601324104537121,5.605275510745099,5.600557151628805,5.6028198239142935
87,2026-04-24,3,5.597268407629032,5.602489686908553,5.605971648502935,5.600557151628805,5.603951160057037
87,2026-04-24,4,5.601626589730184,5.602659756487824,5.60613149577248,5.600557151628805,5.605082496199781
87,2026-04-24,5,5.633506497102621,5.603668962614545,5.6077745414832005,5.600557151628805,5.606213832342526
87,2026-04-24,6,5.62162060351759,5.605133448262938,5.607736666236506,5.600557151628805,5.60734516848527
87,2026-04-24,7,5.647824870461012,5.606771173214745,5.610067712305617,5.600557151628805,5.6084765046280145
87,2026-04-24,8,5.65947466608636,5.607245354852518,5.610980288802774,5.600557151628805,5.609607840770758
87,2026-04-24,9,5.65923113196911,5.608472954989078,5.61243700694015,5.600557151628805,5.610739176913502
87,2026-04-24,10,5.679481193770094,5.609455145539361,5.61347107456141,5.600557151628805,5.611870513056247
88,2026-04-27,1,5.599265131893169,5.589127458429463,5.590432915409062,5.587747673435848,5.588879009578592
88,2026-04-27,2,5.597268407629032,5.589146755987897,5.592655376015309,5.587747673435848,5.590010345721336
88,2026-04-27,3,5.601626589730184,5.590201282351223,5.59347201120527,5.587747673435848,5.59114168186408
88,2026-04-27,4,5.633506497102621,5.590721850902669,5.594085705883082,5.587747673435848,5.592273018006824
88,2026-04-27,5,5.62162060351759,5.591853238665414,5.595499692418968,5.587747673435848,5.593404354149569
88,2026-04-27,6,5.647824870461012,5.593081092060231,5.595088001489694,5.587747673435848,5.594535690292313
88,2026-04-27,7,5.65947466608636,5.594626888789926,5.5968896861288355,5.587747673435848,5.595667026435057
88,2026-04-27,8,5.65923113196911,5.5944598688013425,5.5978162710189325,5.587747673435848,5.596798362577801
88,2026-04-27,9,5.679481193770094,5.5951305432296,5.5984017210514185,5.587747673435848,5.597929698720545
88,2026-04-27,10,5.67821778290001,5.595329575791684,5.599702330945328,5.587747673435848,5.59906103486329
89,2026-04-28,1,5.597268407629032,5.6008123392786535,5.600027322031819,5.599265131893169,5.600396468035913
89,2026-04-28,2,5.601626589730184,5.601107407353435,5.601261613441282,5.599265131893169,5.601527804178658
89,2026-04-28,3,5.633506497102621,5.6015736613874,5.602100174446571,5.599265131893169,5.602659140321402
89,2026-04-28,4,5.62162060351759,5.60317402527246,5.6034605410275695,5.599265131893169,5.6037904764641455
89,2026-04-28,5,5.647824870461012,5.603927487270359,5.603581348974752,5.599265131893169,5.60492181260689
89,2026-04-28,6,5.65947466608636,5.603817918442907,5.604087899280271,5.599265131893169,5.606053148749634
89,2026-04-28,7,5.65923113196911,5.60444489976412,5.604636955517387,5.599265131893169,5.607184484892379
89,2026-04-28,8,5.679481193770094,5.604190910744211,5.606114847212786,5.599265131893169,5.608315821035123
89,2026-04-28,9,5.67821778290001,5.604112786611531,5.607328933795305,5.599265131893169,5.609447157177867
89,2026-04-28,10,5.6854350502455535,5.604347052341863,5.60820404631674,5.599265131893169,5.610578493320611
90,2026-04-29,1,5.601626589730184,5.598539869614162,5.598712925141123,5.597268407629032,5.598399743771776
90,2026-04-29,2,5.633506497102621,5.598882936533032,5.600056250433832,5.597268407629032,5.599531079914521
90,2026-04-29,3,5.62162060351759,5.59952403360825,5.600948441465951,5.597268407629032,5.600662416057265
90,2026-04-29,4,5.647824870461012,5.60060245105638,5.602220505140149,5.597268407629032,5.601793752200009
90,2026-04-29,5,5.65947466608636,5.601448627836688,5.60313206188965,5.597268407629032,5.6029250883427535
90,2026-04-29,6,5.65923113196911,5.601850064434028,5.603364554246551,5.597268407629032,5.604056424485497
90,2026-04-29,7,5.679481193770094,5.602803340043933,5.604523391044173,5.597268407629032,5.605187760628242
90,2026-04-29,8,5.67821778290001,5.602749652066944,5.605104500908901,5.597268407629032,5.606319096770986
90,2026-04-29,9,5.6854350502455535,5.603179735165506,5.60613147496345,5.597268407629032,5.60745043291373
90,2026-04-29,10,5.699146603174566,5.603654466380995,5.607258067678874,5.597268407629032,5.6085817690564745
91,2026-04-30,1,5.633506497102621,5.602619348521267,5.6028441903257535,5.601626589730184,5.602757925872928
91,2026-04-30,2,5.62162060351759,5.603059239319514,5.603955645131009,5.601626589730184,5.603889262015673
91,2026-04-30,3,5.647824870461012,5.6036180927829555,5.60482356205258,5.601626589730184,5.605020598158417
91,2026-04-30,4,5.65947466608636,5.604668808448847,5.606223693829136,5.601626589730184,5.6061519343011605
91,2026-04-30,5,5.65923113196911,5.605541513192216,5.60715744308148,5.601626589730184,5.607283270443905
91,2026-04-30,6,5.679481193770094,5.606059413481816,5.6076142706898615,5.601626589730184,5.608414606586649
91,2026-04-30,7,5.67821778290001,5.606947239859679,5.608796050058079,5.601626589730184,5.609545942729394
91,2026-04-30,8,5.6854350502455535,5.607016167342079,5.609254153117373,5.601626589730184,5.610677278872138
91,2026-04-30,9,5.699146603174566,5.607505050147251,5.610389837658242,5.601626589730184,5.611808615014882
91,2026-04-30,10,5.696935868202633,5.608118579659808,5.611393628145435,5.601626589730184,5.612939951157626
92,2026-05-01,1,5.62162060351759,5.6332470592714605,5.633446719979707,5.633506497102621,5.634637833245365
92,2026-05-01,2,5.647824870461012,5.634086338012109,5.633609797423294,5.633506497102621,5.63576916938811
92,2026-05-01,3,5.65947466608636,5.63407587167674,5.634769071839507,5.633506497102621,5.636900505530853
92,2026-05-01,4,5.65923113196911,5.634701393369171,5.6363770597469,5.633506497102621,5.638031841673597
92,2026-05-01,5,5.679481193770094,5.635552417235168,5.637855713552591,5.633506497102621,5.639163177816342
92,2026-05-01,6,5.67821778290001,5.636421254644674,5.639713958569861,5.633506497102621,5.640294513959086
92,2026-05-01,7,5.6854350502455535,5.636969718242872,5.641423174313357,5.633506497102621,5.641425850101831
92,2026-05-01,8,5.699146603174566,5.63782710443798,5.641096165318186,5.633506497102621,5.6425571862445745
92,2026-05-01,9,5.696935868202633,5.6385614013545045,5.643732602746675,5.633506497102621,5.643688522387318
92,2026-05-01,10,5.703686848339359,5.640203703493143,5.643808516288751,5.633506497102621,5.644819858530063
93,2026-05-04,1,5.647824870461012,5.622383378266798,5.623124815825414,5.62162060351759,5.622751939660334
93,2026-05-04,2,5.65947466608636,5.622956862831953,5.624368707547434,5.62162060351759,5.623883275803078
93,2026-05-04,3,5.65923113196911,5.6236377786007985,5.625266947510693,5.62162060351759,5.625014611945822
93,2026-05-04,4,5.679481193770094,5.624395372138581,5.6262835162271605,5.62162060351759,5.626145948088566
93,2026-05-04,5,5.67821778290001,5.625503210386737,5.6273356545183955,5.62162060351759,5.627277284231311
93,2026-05-04,6,5.6854350502455535,5.626167044506541,5.6283436242777185,5.62162060351759,5.628408620374055
93,2026-05-04,7,5.699146603174566,5.627368768071952,5.629829514408954,5.62162060351759,5.629539956516799
93,2026-05-04,8,5.696935868202633,5.627829062763973,5.630266605973613,5.62162060351759,5.630671292659543
93,2026-05-04,9,5.703686848339359,5.628329776160033,5.631396921512426,5.62162060351759,5.631802628802287
93,2026-05-04,10,5.695694331990237,5.629250058422822,5.6325175650673245,5.62162060351759,5.632933964945032
94,2026-05-05,1,5.65947466608636,5.647452647605002,5.648443885386842,5.647824870461012,5.6489562066037555
94,2026-05-05,2,5.65923113196911,5.648167170598543,5.649090540349526,5.647824870461012,5.6500875427465
94,2026-05-05,3,5.679481193770094,5.648580497561558,5.650377978332593,5.647824870461012,5.651218878889244
94,2026-05-05,4,5.67821778290001,5.648744843923891,5.651496430948123,5.647824870461012,5.652350215031988
94,2026-05-05,5,5.6854350502455535,5.649875483516496,5.653272587738869,5.647824870461012,5.653481551174733
94,2026-05-05,6,5.699146603174566,5.65130699114464,5.654856566763526,5.647824870461012,5.654612887317477
94,2026-05-05,7,5.696935868202633,5.652271129271221,5.657067946919624,5.647824870461012,5.655744223460221
94,2026-05-05,8,5.703686848339359,5.653472054963647,5.65693780998195,5.647824870461012,5.656875559602965
94,2026-05-05,9,5.695694331990237,5.654531648097779,5.659570054855021,5.647824870461012,5.658006895745709
94,2026-05-05,10,5.699481143266809,5.656363626073678,5.659623396517767,5.647824870461012,5.659138231888454
95,2026-05-06,1,5.65923113196911,5.658732723908842,5.6609843976725385,5.65947466608636,5.660606002229104
95,2026-05-06,2,5.679481193770094,5.659114943386438,5.662254761961938,5.65947466608636,5.661737338371848
95,2026-05-06,3,5.67821778290001,5.659918893111171,5.663470764111087,5.65947466608636,5.662868674514592
95,2026-05-06,4,5.6854350502455535,5.6596096105153135,5.664106214840912,5.65947466608636,5.664000010657336
95,2026-05-06,5,5.699146603174566,5.661052179763454,5.666243332085693,5.65947466608636,5.665131346800081
95,2026-05-06,6,5.696935868202633,5.663348967069985,5.667124517915289,5.65947466608636,5.666262682942825
95,2026-05-06,7,5.703686848339359,5.664658241023737,5.6700900789724065,5.65947466608636,5.667394019085569
95,2026-05-06,8,5.695694331990237,5.6660070750849485,5.670391377911908,5.65947466608636,5.668525355228313
95,2026-05-06,9,5.699481143266809,5.667681792090895,5.673109083944379,5.65947466608636,5.669656691371057
95,2026-05-06,10,5.710392457136218,5.669721495554322,5.672999611822169,5.65947466608636,5.670788027513802
96,2026-05-07,1,5.679481193770094,5.65916667347315,5.660555387134045,5.65923113196911,5.660362468111854
96,2026-05-07,2,5.67821778290001,5.659753151427621,5.662023777192727,5.65923113196911,5.661493804254599
96,2026-05-07,3,5.6854350502455535,5.66047772943082,5.66318029350245,5.65923113196911,5.662625140397343
96,2026-05-07,4,5.699146603174566,5.660947604875393,5.664416679000069,5.65923113196911,5.663756476540087
96,2026-05-07,5,5.696935868202633,5.662394971579364,5.665170648025377,5.65923113196911,5.6648878126828315
96,2026-05-07,6,5.703686848339359,5.664159869544404,5.665755529467532,5.65923113196911,5.666019148825575
96,2026-05-07,7,5.695694331990237,5.665362829331243,5.66766404281846,5.65923113196911,5.66715048496832
96,2026-05-07,8,5.699481143266809,5.666050791591418,5.668105098568196,5.65923113196911,5.668281821111064
96,2026-05-07,9,5.710392457136218,5.666670401345718,5.669923315643589,5.65923113196911,5.669413157253808
96,2026-05-07,10,5.7194168610491305,5.667746245485603,5.670225399300515,5.65923113196911,5.6705444933965525
97,2026-05-08,1,5.67821778290001,5.678573049730341,5.680779549008653,5.679481193770094,5.680612529912838
97,2026-05-08,2,5.6854350502455535,5.678851160869351,5.682296185714043,5.679481193770094,5.681743866055583
97,2026-05-08,3,5.699146603174566,5.67974451258333,5.6836629059389265,5.679481193770094,5.682875202198327
97,2026-05-08,4,5.696935868202633,5.679394341770359,5.684163516353027,5.679481193770094,5.6840065383410705
97,2026-05-08,5,5.703686848339359,5.680850007170819,5.686172586223215,5.679481193770094,5.685137874483815
97,2026-05-08,6,5.695694331990237,5.683615826141318,5.687011310715102,5.679481193770094,5.686269210626559
97,2026-05-08,7,5.699481143266809,5.684875480160937,5.69009590023347,5.679481193770094,5.687400546769304
97,2026-05-08,8,5.710392457136218,5.686407536425952,5.690765377925234,5.679481193770094,5.688531882912048
97,2026-05-08,9,5.7194168610491305,5.688169593957322,5.693853029897912,5.679481193770094,5.6896632190547916
97,2026-05-08,10,5.731896525147555,5.690311548215851,5.693532491833663,5.679481193770094,5.690794555197536
98,2026-05-11,1,5.6854350502455535,5.677716812012558,5.68027205447902,5.67821778290001,5.679349119042754
98,2026-05-11,2,5.699146603174566,5.677987313744499,5.682171227198335,5.67821778290001,5.680480455185498
98,2026-05-11,3,5.696935868202633,5.678949101459293,5.683464087535559,5.67821778290001,5.681611791328242
98,2026-05-11,4,5.703686848339359,5.67885922718354,5.684348288598112,5.67821778290001,5.682743127470986
98,2026-05-11,5,5.695694331990237,5.68065491609767,5.685963239866817,5.67821778290001,5.683874463613731
98,2026-05-11,6,5.699481143266809,5.683468210116524,5.686087106327115,5.67821778290001,5.685005799756475
98,2026-05-11,7,5.710392457136218,5.684939983617932,5.6888278508325865,5.67821778290001,5.686137135899219
98,2026-05-11,8,5.7194168610491305,5.68573389701719,5.689157760510617,5.67821778290001,5.687268472041963
98,2026-05-11,9,5.731896525147555,5.687046778331921,5.6912543897155246,5.67821778290001,5.688399808184707
98,2026-05-11,10,5.7303085291622,5.688348225802704,5.691278427098938,5.67821778290001,5.689531144327452
99,2026-05-12,1,5.699146603174566,5.685467674835511,5.685841337577838,5.6854350502455535,5.686566386388297
99,2026-05-12,2,5.696935868202633,5.686247940899062,5.687192931205241,5.6854350502455535,5.687697722531042
99,2026-05-12,3,5.703686848339359,5.686801629937649,5.688307623702003,5.6854350502455535,5.688829058673786
99,2026-05-12,4,5.695694331990237,5.687934767079978,5.690091455458673,5.6854350502455535,5.68996039481653
99,2026-05-12,5,5.699481143266809,5.689161203250348,5.689625589559409,5.6854350502455535,5.691091730959275
99,2026-05-12,6,5.710392457136218,5.6906121111908075,5.690269993224056,5.6854350502455535,5.692223067102018
99,2026-05-12,7,5.7194168610491305,5.691414968912648,5.691345357778924,5.6854350502455535,5.693354403244763
99,2026-05-12,8,5.731896525147555,5.691827310321521,5.692239981987919,5.6854350502455535,5.694485739387507
99,2026-05-12,9,5.7303085291622,5.691731895619984,5.694013555252506,5.6854350502455535,5.695617075530251
99,2026-05-12,10,5.738448450339729,5.692394610148533,5.694174834288776,5.6854350502455535,5.696748411672996
100,2026-05-13,1,5.696935868202633,5.698915814472092,5.699608571122723,5.699146603174566,5.70027793931731
100,2026-05-13,2,5.703686848339359,5.699719639246354,5.70058998430883,5.699146603174566,5.701409275460055
100,2026-05-13,3,5.695694331990237,5.700131187380301,5.701780845649507,5.699146603174566,5.702540611602799
100,2026-05-13,4,5.699481143266809,5.701081314267523,5.703645840619691,5.699146603174566,5.703671947745542
100,2026-05-13,5,5.710392457136218,5.70219644029571,5.704010058982102,5.699146603174566,5.704803283888287
100,2026-05-13,6,5.7194168610491305,5.703772343666307,5.704872608215347,5.699146603174566,5.705934620031031
100,2026-05-13,7,5.731896525147555,5.704411183458711,5.7063912168318565,5.699146603174566,5.707065956173776
100,2026-05-13,8,5.7303085291622,5.7050733012611765,5.706634016361894,5.699146603174566,5.70819729231652
100,2026-05-13,9,5.738448450339729,5.705224593300769,5.708670661458178,5.699146603174566,5.7093286284592635
100,2026-05-13,10,5.743774437295284,5.706280445949122,5.7088656622145,5.699146603174566,5.710459964602008
101,2026-05-14,1,5.703686848339359,5.696945358380692,5.698719202492941,5.696935868202633,5.698067204345377
101,2026-05-14,2,5.695694331990237,5.697555248455323,5.700386254166994,5.696935868202633,5.699198540488122
101,2026-05-14,3,5.699481143266809,5.698416389733229,5.701455613143864,5.696935868202633,5.700329876630866
101,2026-05-14,4,5.710392457136218,5.698924801669397,5.702590100510329,5.696935868202633,5.7014612127736095
101,2026-05-14,5,5.7194168610491305,5.700262956990386,5.703761488115691,5.696935868202633,5.702592548916354
101,2026-05-14,6,5.731896525147555,5.702135945725361,5.704018532656326,5.696935868202633,5.703723885059098
101,2026-05-14,7,5.7303085291622,5.703251317567326,5.706102463039734,5.696935868202633,5.704855221201843
101,2026-05-14,8,5.738448450339729,5.703870656546949,5.706542090507782,5.696935868202633,5.705986557344587
101,2026-05-14,9,5.743774437295284,5.704512839713267,5.708129808412547,5.696935868202633,5.707117893487331
101,2026-05-14,10,5.742333435298841,5.705567445995266,5.708787130729781,5.696935868202633,5.708249229630075
102,2026-05-15,1,5.695694331990237,5.703990601548428,5.703820852975822,5.703686848339359,5.704818184482103
102,2026-05-15,2,5.699481143266809,5.705054838285824,5.704933182507362,5.703686848339359,5.705949520624848
102,2026-05-15,3,5.710392457136218,5.705659587254338,5.705849356877436,5.703686848339359,5.7070808567675915
102,2026-05-15,4,5.7194168610491305,5.7072736808022855,5.707703120318338,5.703686848339359,5.708212192910335
102,2026-05-15,5,5.731896525147555,5.707995717610676,5.7069313047602614,5.703686848339359,5.70934352905308
102,2026-05-15,6,5.7303085291622,5.708600999224365,5.707780094625688,5.703686848339359,5.710474865195824
102,2026-05-15,7,5.738448450339729,5.709202489846592,5.708328423201474,5.703686848339359,5.711606201338569
102,2026-05-15,8,5.743774437295284,5.709704634991131,5.709471737092588,5.703686848339359,5.7127375374813125
102,2026-05-15,9,5.742333435298841,5.7092739015224465,5.71078170542647,5.703686848339359,5.713868873624056
102,2026-05-15,10,5.723735584176391,5.710066513670563,5.711325038902806,5.703686848339359,5.715000209766801
103,2026-05-18,1,5.699481143266809,5.696787962742131,5.696302627596135,5.695694331990237,5.6968256681329805
103,2026-05-18,2,5.710392457136218,5.698074046997779,5.697569819661653,5.695694331990237,5.697957004275725
103,2026-05-18,3,5.7194168610491305,5.698999367129279,5.698530971384388,5.695694331990237,5.699088340418469
103,2026-05-18,4,5.731896525147555,5.700824992483084,5.700339828852046,5.695694331990237,5.700219676561213
103,2026-05-18,5,5.7303085291622,5.701418788214458,5.699759799458567,5.695694331990237,5.701351012703958
103,2026-05-18,6,5.738448450339729,5.701520562891336,5.700458839979338,5.695694331990237,5.702482348846702
103,2026-05-18,7,5.743774437295284,5.702240569254568,5.700734725766511,5.695694331990237,5.703613684989446
103,2026-05-18,8,5.742333435298841,5.7028907401279145,5.701741835323582,5.695694331990237,5.70474502113219
103,2026-05-18,9,5.723735584176391,5.702518121108845,5.702249413806534,5.695694331990237,5.705876357274934
103,2026-05-18,10,5.752345329696739,5.703344912903706,5.7033648104634285,5.695694331990237,5.707007693417679
104,2026-05-19,1,5.710392457136218,5.7003140026769925,5.699845059762894,5.699481143266809,5.7006124794095525
104,2026-05-19,2,5.7194168610491305,5.701772664553243,5.700755018649856,5.699481143266809,5.701743815552297
104,2026-05-19,3,5.731896525147555,5.702610424328232,5.701608400080178,5.699481143266809,5.702875151695041
104,2026-05-19,4,5.7303085291622,5.704514701478659,5.7036329725670205,5.699481143266809,5.704006487837785
104,2026-05-19,5,5.738448450339729,5.7048638945833865,5.703325590794805,5.699481143266809,5.70513782398053
104,2026-05-19,6,5.743774437295284,5.7050266360401185,5.704119064385921,5.699481143266809,5.706269160123274
104,2026-05-19,7,5.742333435298841,5.705627277407857,5.704400477078389,5.699481143266809,5.707400496266018
104,2026-05-19,8,5.723735584176391,5.706367919210056,5.705080010655631,5.699481143266809,5.708531832408762
104,2026-05-19,9,5.752345329696739,5.706150385311237,5.705496845646919,5.699481143266809,5.709663168551506
104,2026-05-19,10,5.736548572241854,5.707395745493235,5.70675410663146,5.699481143266809,5.710794504694251
105,2026-05-20,1,5.7194168610491305,5.710216216904925,5.7114751775662045,5.710392457136218,5.711523793278962
105,2026-05-20,2,5.731896525147555,5.711675474047556,5.712853969232767,5.710392457136218,5.712655129421707
105,2026-05-20,3,5.7303085291622,5.7125744989654414,5.713808647470101,5.710392457136218,5.713786465564451
105,2026-05-20,4,5.738448450339729,5.713203056910533,5.714775659019612,5.710392457136218,5.714917801707195
105,2026-05-20,5,5.743774437295284,5.713896054630911,5.716077958956228,5.710392457136218,5.716049137849939
105,2026-05-20,6,5.742333435298841,5.715424750078577,5.716727900145502,5.710392457136218,5.717180473992683
105,2026-05-20,7,5.723735584176391,5.716336055467433,5.718650366785628,5.710392457136218,5.718311810135428
105,2026-05-20,8,5.752345329696739,5.717340424726377,5.719656622563136,5.710392457136218,5.719443146278172
105,2026-05-20,9,5.736548572241854,5.718338548213397,5.721061513551335,5.710392457136218,5.720574482420916
105,2026-05-20,10,5.739670147440626,5.720387702223978,5.722442555056232,5.710392457136218,5.7217058185636605
106,2026-05-21,1,5.731896525147555,5.718905085084268,5.720446040202155,5.7194168610491305,5.720548197191874
106,2026-05-21,2,5.7303085291622,5.720333189855651,5.721787243380435,5.7194168610491305,5.721679533334619
106,2026-05-21,3,5.738448450339729,5.721161418216007,5.7226216740136024,5.7194168610491305,5.722810869477363
106,2026-05-21,4,5.743774437295284,5.721676457964545,5.723869981917351,5.7194168610491305,5.723942205620107
106,2026-05-21,5,5.742333435298841,5.722581796822426,5.725025085235762,5.7194168610491305,5.7250735417628515
106,2026-05-21,6,5.723735584176391,5.724285634294759,5.725820142676281,5.7194168610491305,5.726204877905595
106,2026-05-21,7,5.752345329696739,5.725214401657953,5.727843818030417,5.7194168610491305,5.72733621404834
106,2026-05-21,8,5.736548572241854,5.726193007472635,5.728777793098623,5.7194168610491305,5.728467550191084
106,2026-05-21,9,5.739670147440626,5.727158091558947,5.730227395335851,5.7194168610491305,5.729598886333828
106,2026-05-21,10,5.727092554085185,5.7292240989942,5.731527909473325,5.7194168610491305,5.730730222476573
107,2026-05-22,1,5.7303085291622,5.730998402106407,5.732779272566101,5.731896525147555,5.7330278612902985
107,2026-05-22,2,5.738448450339729,5.732432552378632,5.734064824614484,5.731896525147555,5.734159197433043
107,2026-05-22,3,5.743774437295284,5.733115188187056,5.7349261889348195,5.731896525147555,5.735290533575787
107,2026-05-22,4,5.742333435298841,5.733549326483099,5.7363866217212545,5.731896525147555,5.736421869718531
107,2026-05-22,5,5.723735584176391,5.734548704437818,5.737487077162794,5.731896525147555,5.737553205861276
107,2026-05-22,6,5.752345329696739,5.736551593784751,5.738377507940551,5.731896525147555,5.73868454200402
107,2026-05-22,7,5.736548572241854,5.737373084015776,5.740558735183202,5.731896525147555,5.739815878146764
107,2026-05-22,8,5.739670147440626,5.738346465703802,5.741371440418093,5.731896525147555,5.740947214289508
107,2026-05-22,9,5.727092554085185,5.739375751634011,5.743009247405139,5.731896525147555,5.742078550432252
107,2026-05-22,10,5.708040668615396,5.741580184923426,5.7441009258059195,5.731896525147555,5.743209886574997
108,2026-05-26,1,5.738448450339729,5.729338339331045,5.732705703954527,5.7303085291622,5.731439865304944
108,2026-05-26,2,5.743774437295284,5.730466753900245,5.735122746601645,5.7303085291622,5.732571201447689
108,2026-05-26,3,5.742333435298841,5.731822186251358,5.736213795433053,5.7303085291622,5.733702537590433
108,2026-05-26,4,5.723735584176391,5.731466494189435,5.736480298293754,5.7303085291622,5.7348338737331765
108,2026-05-26,5,5.752345329696739,5.73301155566735,5.738610258620768,5.7303085291622,5.735965209875921
108,2026-05-26,6,5.736548572241854,5.7359532085611535,5.738624698392074,5.7303085291622,5.737096546018665
108,2026-05-26,7,5.739670147440626,5.737316243039073,5.741672560354263,5.7303085291622,5.73822788216141
108,2026-05-26,8,5.727092554085185,5.738414424849139,5.743096190409877,5.7303085291622,5.739359218304154
108,2026-05-26,9,5.708040668615396,5.740530482100695,5.744867986341592,5.7303085291622,5.740490554446898
108,2026-05-26,10,5.670913567488678,5.743045640499748,5.745927269435069,5.7303085291622,5.741621890589642
109,2026-05-27,1,5.743774437295284,5.737574310490567,5.739346169262443,5.738448450339729,5.739579786482473
109,2026-05-27,2,5.742333435298841,5.738883831133917,5.740993660494896,5.738448450339729,5.740711122625218
109,2026-05-27,3,5.723735584176391,5.739816654059519,5.741982086161281,5.738448450339729,5.7418424587679615
109,2026-05-27,4,5.752345329696739,5.740221646453872,5.743500815203186,5.738448450339729,5.742973794910705
109,2026-05-27,5,5.736548572241854,5.7414442492284445,5.743937470864405,5.738448450339729,5.74410513105345
109,2026-05-27,6,5.739670147440626,5.743673048735588,5.744480293007212,5.738448450339729,5.745236467196194
109,2026-05-27,7,5.727092554085185,5.744649055551273,5.74619320982454,5.738448450339729,5.746367803338939
109,2026-05-27,8,5.708040668615396,5.745334441437828,5.74722018891506,5.738448450339729,5.747499139481683
109,2026-05-27,9,5.670913567488678,5.746274609290785,5.748833643989454,5.738448450339729,5.748630475624426
109,2026-05-27,10,5.674452304316756,5.748185047842374,5.749612235556121,5.738448450339729,5.749761811767171
110,2026-05-28,1,5.742333435298841,5.742881473570034,5.745165031672429,5.743774437295284,5.7449057734380276
110,2026-05-28,2,5.723735584176391,5.744153358138825,5.746998394613366,5.743774437295284,5.746037109580772
110,2026-05-28,3,5.752345329696739,5.745169102415734,5.748098885087748,5.743774437295284,5.747168445723516
110,2026-05-28,4,5.736548572241854,5.745366251688843,5.749426029294422,5.743774437295284,5.74829978186626
110,2026-05-28,5,5.739670147440626,5.746751147244318,5.750440810752044,5.743774437295284,5.749431118009005
110,2026-05-28,6,5.727092554085185,5.749334339423363,5.750709062007031,5.743774437295284,5.750562454151749
110,2026-05-28,7,5.708040668615396,5.750302761628662,5.752853742696522,5.743774437295284,5.751693790294493
110,2026-05-28,8,5.670913567488678,5.751065153644066,5.753714849671436,5.743774437295284,5.752825126437237
110,2026-05-28,9,5.674452304316756,5.752352402887695,5.755411348639101,5.743774437295284,5.753956462579981
110,2026-05-28,10,5.688246562051377,5.75445889807088,5.756207061120788,5.743774437295284,5.755087798722726
111,2026-05-29,1,5.723735584176391,5.741348053621538,5.74472493097547,5.742333435298841,5.743464771441585
111,2026-05-29,2,5.752345329696739,5.742439776543222,5.747233226732631,5.742333435298841,5.7445961075843295
111,2026-05-29,3,5.736548572241854,5.743849146772266,5.748422432990459,5.742333435298841,5.745727443727073
111,2026-05-29,4,5.739670147440626,5.743502580984751,5.7489906417555146,5.742333435298841,5.746858779869817
111,2026-05-29,5,5.727092554085185,5.745241163592293,5.750896402108909,5.742333435298841,5.747990116012562
111,2026-05-29,6,5.708040668615396,5.748468839208687,5.750644158198956,5.742333435298841,5.749121452155306
111,2026-05-29,7,5.670913567488678,5.749767397053851,5.753467414098493,5.742333435298841,5.7502527882980505
111,2026-05-29,8,5.674452304316756,5.750559181332111,5.7546464732394815,5.742333435298841,5.751384124440794
111,2026-05-29,9,5.688246562051377,5.752510536929923,5.756396516111572,5.742333435298841,5.752515460583538
111,2026-05-29,10,5.672907890160539,5.754797871353777,5.757257466825411,5.742333435298841,5.753646796726283
112,2026-06-01,1,5.752345329696739,5.72334463261685,5.72751774298212,5.723735584176391,5.724866920319135
112,2026-06-01,2,5.736548572241854,5.723971844060046,5.730988501566143,5.723735584176391,5.72599825646188
112,2026-06-01,3,5.739670147440626,5.726052320205192,5.732289700449716,5.723735584176391,5.727129592604624
112,2026-06-01,4,5.727092554085185,5.725312748729315,5.732071987974632,5.723735584176391,5.728260928747368
112,2026-06-01,5,5.708040668615396,5.727335717441825,5.73480534755692,5.723735584176391,5.729392264890112
112,2026-06-01,6,5.670913567488678,5.730980565897482,5.733805208002804,5.723735584176391,5.730523601032856
112,2026-06-01,7,5.674452304316756,5.732783861171555,5.7368986725079205,5.723735584176391,5.731654937175601
112,2026-06-01,8,5.688246562051377,5.733330449052981,5.738009310974963,5.723735584176391,5.732786273318345
112,2026-06-01,9,5.672907890160539,5.7358078087666975,5.739224111205676,5.723735584176391,5.733917609461089
112,2026-06-01,10,5.690915317704828,5.737930329431711,5.740111279841922,5.723735584176391,5.735048945603833
113,2026-06-02,1,5.736548572241854,5.751283881354644,5.753334183274697,5.752345329696739,5.753476665839483
113,2026-06-02,2,5.739670147440626,5.751988601283054,5.7549414162243355,5.752345329696739,5.754608001982228
113,2026-06-02,3,5.727092554085185,5.752697848476497,5.755646728061812,5.752345329696739,5.755739338124972
113,2026-06-02,4,5.708040668615396,5.752280780334344,5.757117773172038,5.752345329696739,5.756870674267716
113,2026-06-02,5,5.670913567488678,5.753853343615355,5.759236588238145,5.752345329696739,5.75800201041046
113,2026-06-02,6,5.674452304316756,5.757077099056683,5.760260663762893,5.752345329696739,5.759133346553204
113,2026-06-02,7,5.688246562051377,5.758044730249593,5.7629687153278715,5.752345329696739,5.760264682695949
113,2026-06-02,8,5.672907890160539,5.758338631821954,5.763153313300591,5.752345329696739,5.761396018838693
113,2026-06-02,9,5.690915317704828,5.759641280919233,5.765428531761861,5.752345329696739,5.762527354981437
113,2026-06-02,10,5.700383863303047,5.761473457414572,5.766008684171707,5.752345329696739,5.763658691124181
114,2026-06-03,1,5.739670147440626,5.73735316044014,5.737915852846245,5.736548572241854,5.737679908384598
114,2026-06-03,2,5.727092554085185,5.738082480576471,5.73979453003901,5.736548572241854,5.7388112445273425
114,2026-06-03,3,5.708040668615396,5.739187330231228,5.741041978324387,5.736548572241854,5.739942580670086
114,2026-06-03,4,5.670913567488678,5.739651749529549,5.7422339620297524,5.736548572241854,5.74107391681283
114,2026-06-03,5,5.674452304316756,5.7412283735549074,5.742943742890161,5.736548572241854,5.742205252955575
114,2026-06-03,6,5.688246562051377,5.742673755648355,5.7434553718995485,5.736548572241854,5.743336589098319
114,2026-06-03,7,5.672907890160539,5.743913293517912,5.744612983715448,5.736548572241854,5.7444679252410635
114,2026-06-03,8,5.690915317704828,5.743924005794783,5.745394534462524,5.736548572241854,5.745599261383807
114,2026-06-03,9,5.700383863303047,5.7443064430963755,5.746481099382041,5.736548572241854,5.746730597526551
114,2026-06-03,10,5.689328439249282,5.74518518421745,5.747253890166869,5.736548572241854,5.747861933669296
115,2026-06-04,1,5.727092554085185,5.74093246439418,5.740085489813872,5.739670147440626,5.74080148358337
115,2026-06-04,2,5.708040668615396,5.741661409971038,5.741279014745349,5.739670147440626,5.741932819726115
115,2026-06-04,3,5.670913567488678,5.742511697198538,5.742325670834655,5.739670147440626,5.743064155868859
115,2026-06-04,4,5.674452304316756,5.743965122248726,5.74397293274796,5.739670147440626,5.7441954920116025
115,2026-06-04,5,5.688246562051377,5.744722419540035,5.743770588560476,5.739670147440626,5.745326828154347
115,2026-06-04,6,5.672907890160539,5.744985833343363,5.744573413803953,5.739670147440626,5.746458164297091
115,2026-06-04,7,5.690915317704828,5.745668238445923,5.744769582869078,5.739670147440626,5.747589500439836
115,2026-06-04,8,5.700383863303047,5.745482218723682,5.746086101322703,5.739670147440626,5.74872083658258
115,2026-06-04,9,5.689328439249282,5.74511585700818,5.747095915853121,5.739670147440626,5.749852172725324
115,2026-06-04,10,5.696264970043842,5.745867459200057,5.747890645079697,5.739670147440626,5.750983508868068
116,2026-06-05,1,5.708040668615396,5.730535672924295,5.726118561001074,5.727092554085185,5.7282238902279285
116,2026-06-05,2,5.670913567488678,5.731108109350596,5.728118717494357,5.727092554085185,5.729355226370673
116,2026-06-05,3,5.674452304316756,5.733051210334911,5.729087706939763,5.727092554085185,5.730486562513417
116,2026-06-05,4,5.688246562051377,5.737086054026497,5.730047994810992,5.727092554085185,5.731617898656161
116,2026-06-05,5,5.672907890160539,5.735738374297443,5.726393138640014,5.727092554085185,5.732749234798906
116,2026-06-05,6,5.690915317704828,5.731645671239126,5.7277553151052345,5.727092554085185,5.73388057094165
116,2026-06-05,7,5.700383863303047,5.731488068735453,5.726447377362481,5.727092554085185,5.735011907084394
116,2026-06-05,8,5.689328439249282,5.732446458848412,5.731253361937985,5.727092554085185,5.736143243227138
116,2026-06-05,9,5.696264970043842,5.73158092321132,5.731406887531114,5.727092554085185,5.737274579369882
116,2026-06-05,10,5.692903813868185,5.732940663580259,5.732942988629728,5.727092554085185,5.738405915512627
117,2026-06-08,1,5.670913567488678,5.710901313316014,5.709711204597569,5.708040668615396,5.70917200475814
117,2026-06-08,2,5.674452304316756,5.712724971867657,5.712893666243647,5.708040668615396,5.710303340900885
117,2026-06-08,3,5.688246562051377,5.714346403920272,5.713205505507151,5.708040668615396,5.711434677043629
117,2026-06-08,4,5.672907890160539,5.71549684743273,5.713706113220803,5.708040668615396,5.712566013186373
117,2026-06-08,5,5.690915317704828,5.715170192086806,5.713311301370458,5.708040668615396,5.713697349329117
117,2026-06-08,6,5.700383863303047,5.713700277953508,5.71314701230142,5.708040668615396,5.714828685471861
117,2026-06-08,7,5.689328439249282,5.7148405266168805,5.714142994697886,5.708040668615396,5.715960021614606
117,2026-06-08,8,5.696264970043842,5.715746934122426,5.715440201589064,5.708040668615396,5.71709135775735
117,2026-06-08,9,5.692903813868185,5.715942805481376,5.715476392777829,5.708040668615396,5.718222693900094
117,2026-06-08,10,5.6837375328479816,5.717719475357293,5.719108397317631,5.708040668615396,5.7193540300428385
118,2026-06-09,1,5.674452304316756,5.67515571364622,5.67323315270936,5.670913567488678,5.672044903631422
118,2026-06-09,2,5.688246562051377,5.676487192875203,5.675896191742864,5.670913567488678,5.6731762397741665
118,2026-06-09,3,5.672907890160539,5.678374354292552,5.676856409256467,5.670913567488678,5.67430757591691
118,2026-06-09,4,5.690915317704828,5.679619947005042,5.676997469215454,5.670913567488678,5.675438912059654
118,2026-06-09,5,5.700383863303047,5.679469992882475,5.677280380346526,5.670913567488678,5.676570248202399
118,2026-06-09,6,5.689328439249282,5.677404798793047,5.677467287895875,5.670913567488678,5.677701584345143
118,2026-06-09,7,5.696264970043842,5.678306030342094,5.677529070357077,5.670913567488678,5.678832920487888
118,2026-06-09,8,5.692903813868185,5.679003112089063,5.680153979644885,5.670913567488678,5.679964256630631
118,2026-06-09,9,5.6837375328479816,5.678948538146086,5.67891546736179,5.670913567488678,5.681095592773375
118,2026-06-09,10,5.67958343581525,5.679994290461042,5.682446655847357,5.670913567488678,5.68222692891612
119,2026-06-10,1,5.688246562051377,5.6784892674953085,5.675266089512,5.674452304316756,5.6755836404595
119,2026-06-10,2,5.672907890160539,5.679225253359763,5.676588570409437,5.674452304316756,5.676714976602245
119,2026-06-10,3,5.690915317704828,5.680549286212119,5.677362858337382,5.674452304316756,5.677846312744989
119,2026-06-10,4,5.700383863303047,5.682310953857147,5.6781394455875525,5.674452304316756,5.678977648887733
119,2026-06-10,5,5.689328439249282,5.682266446072299,5.678046717339395,5.674452304316756,5.680108985030477
119,2026-06-10,6,5.696264970043842,5.679529100920305,5.678736843096545,5.674452304316756,5.681240321173221
119,2026-06-10,7,5.692903813868185,5.680097412886276,5.677853830669143,5.674452304316756,5.682371657315966
119,2026-06-10,8,5.6837375328479816,5.680334583258909,5.680488079712741,5.674452304316756,5.68350299345871
119,2026-06-10,9,5.67958343581525,5.680144082088024,5.680143362892963,5.674452304316756,5.684634329601454
119,2026-06-10,10,5.616454330526726,5.680982374362218,5.68261882470244,5.674452304316756,5.685765665744198
120,2026-06-11,1,5.672907890160539,5.689735085630572,5.688960647791254,5.688246562051377,5.689377898194121
120,2026-06-11,2,5.690915317704828,5.6909076135549554,5.690790987689829,5.688246562051377,5.690509234336866
120,2026-06-11,3,5.700383863303047,5.692127454865724,5.691764899614522,5.688246562051377,5.69164057047961
120,2026-06-11,4,5.689328439249282,5.6912497728312665,5.69132717921034,5.688246562051377,5.692771906622354
120,2026-06-11,5,5.696264970043842,5.691687611361814,5.692541763770118,5.688246562051377,5.693903242765098
120,2026-06-11,6,5.692903813868185,5.691309062486775,5.693236184918675,5.688246562051377,5.695034578907842
120,2026-06-11,7,5.6837375328479816,5.693092074037022,5.694536392810717,5.688246562051377,5.696165915050587
120,2026-06-11,8,5.67958343581525,5.694301873694404,5.695650704033376,5.688246562051377,5.697297251193331
120,2026-06-11,9,5.616454330526726,5.695613043070901,5.697920864336081,5.688246562051377,5.698428587336075
120,2026-06-11,10,5.647337199739696,5.697576829780909,5.6990713990799,5.688246562051377,5.6995599234788195
121,2026-06-12,1,5.690915317704828,5.67465604301078,5.67522811881776,5.672907890160539,5.674039226303283
121,2026-06-12,2,5.700383863303047,5.6752262702149485,5.677542954168889,5.672907890160539,5.675170562446028
121,2026-06-12,3,5.689328439249282,5.676514391922324,5.678258196795402,5.672907890160539,5.676301898588772
121,2026-06-12,4,5.696264970043842,5.67582268231577,5.67817686192096,5.672907890160539,5.677433234731516
121,2026-06-12,5,5.692903813868185,5.676557570703451,5.679620954221925,5.672907890160539,5.6785645708742605
121,2026-06-12,6,5.6837375328479816,5.676787646925493,5.679555794740684,5.672907890160539,5.679695907017004
121,2026-06-12,7,5.67958343581525,5.6784808370411906,5.681233985252955,5.672907890160539,5.680827243159749
121,2026-06-12,8,5.616454330526726,5.679166922489817,5.682177776961521,5.672907890160539,5.681958579302493
121,2026-06-12,9,5.647337199739696,5.680706737507639,5.683100357232803,5.672907890160539,5.683089915445237
121,2026-06-12,10,5.640122582168349,5.682097283276716,5.684829489731099,5.672907890160539,5.6842212515879815
122,2026-06-15,1,5.700383863303047,5.691079598599537,5.692516923358181,5.690915317704828,5.692046653847572
122,2026-06-15,2,5.689328439249282,5.691319419115469,5.694763672380054,5.690915317704828,5.693177989990317
122,2026-06-15,3,5.696264970043842,5.692650651946794,5.695478518040671,5.690915317704828,5.694309326133061
122,2026-06-15,4,5.692903813868185,5.690759321767167,5.695056264636421,5.690915317704828,5.6954406622758045
122,2026-06-15,5,5.6837375328479816,5.691933574767099,5.697395082887595,5.690915317704828,5.696571998418549
122,2026-06-15,6,5.67958343581525,5.6935767452823205,5.697928885314223,5.690915317704828,5.697703334561293
122,2026-06-15,7,5.616454330526726,5.695627166605978,5.700956850957437,5.690915317704828,5.698834670704038
122,2026-06-15,8,5.647337199739696,5.697257267973361,5.701586996255216,5.690915317704828,5.699966006846782
122,2026-06-15,9,5.640122582168349,5.7000824997252115,5.704408649402213,5.690915317704828,5.7010973429895255
122,2026-06-15,10,5.666809510114908,5.70214925481971,5.704661327409225,5.690915317704828,5.70222867913227
123,2026-06-16,1,5.689328439249282,5.701386508508232,5.700159299206821,5.700383863303047,5.701515199445791
123,2026-06-16,2,5.696264970043842,5.7019968852839265,5.701796420134036,5.700383863303047,5.702646535588536
123,2026-06-16,3,5.692903813868185,5.702480068464592,5.702545066064908,5.700383863303047,5.70377787173128
123,2026-06-16,4,5.6837375328479816,5.70295071423028,5.703432131646209,5.700383863303047,5.704909207874024
123,2026-06-16,5,5.67958343581525,5.703631752468104,5.702449635288405,5.700383863303047,5.706040544016768
123,2026-06-16,6,5.616454330526726,5.703531906020769,5.703341635172577,5.700383863303047,5.707171880159512
123,2026-06-16,7,5.647337199739696,5.7040655423333355,5.70426346055909,5.700383863303047,5.708303216302257
123,2026-06-16,8,5.640122582168349,5.704594735313721,5.706380691848778,5.700383863303047,5.709434552445001
123,2026-06-16,9,5.666809510114908,5.7060200367278595,5.7087623266560845,5.700383863303047,5.710565888587745
123,2026-06-16,10,5.68400941235266,5.7072364313178285,5.709311026324552,5.700383863303047,5.711697224730489
124,2026-06-17,1,5.696264970043842,5.690942355881375,5.690431889633924,5.689328439249282,5.690459775392026
124,2026-06-17,2,5.692903813868185,5.691501733560213,5.692083484234017,5.689328439249282,5.691591111534771
124,2026-06-17,3,5.6837375328479816,5.692174838537885,5.692794184487584,5.689328439249282,5.6927224476775145
124,2026-06-17,4,5.67958343581525,5.6927743569205616,5.694079934471527,5.689328439249282,5.693853783820258
124,2026-06-17,5,5.616454330526726,5.693445758353286,5.693949219637923,5.689328439249282,5.694985119963003
124,2026-06-17,6,5.647337199739696,5.693408268175918,5.694420634593458,5.689328439249282,5.696116456105747
124,2026-06-17,7,5.640122582168349,5.694327723371685,5.69546240768841,5.689328439249282,5.697247792248492
124,2026-06-17,8,5.666809510114908,5.694755873971077,5.696808592828823,5.689328439249282,5.6983791283912355
124,2026-06-17,9,5.68400941235266,5.696070924402633,5.6975838575891915,5.689328439249282,5.699510464533979
124,2026-06-17,10,5.731281046660893,5.697033714494632,5.699175291894657,5.689328439249282,5.700641800676724
125,2026-06-18,1,5.692903813868185,5.696676537372868,5.697898687384445,5.696264970043842,5.697396306186586
125,2026-06-18,2,5.6837375328479816,5.696988637339108,5.699917026944739,5.696264970043842,5.6985276423293305
125,2026-06-18,3,5.67958343581525,5.698015009996529,5.700731568557439,5.696264970043842,5.699658978472074
125,2026-06-18,4,5.616454330526726,5.6973290923406195,5.701084469779059,5.696264970043842,5.700790314614818
125,2026-06-18,5,5.647337199739696,5.698277484445277,5.7024698620710454,5.696264970043842,5.701921650757563
125,2026-06-18,6,5.640122582168349,5.699706081282126,5.70270529390238,5.696264970043842,5.703052986900307
125,2026-06-18,7,5.666809510114908,5.7012723531025475,5.7050749690811635,5.696264970043842,5.704184323043052
125,2026-06-18,8,5.68400941235266,5.702310680863417,5.705996752939161,5.696264970043842,5.705315659185795
125,2026-06-18,9,5.731281046660893,5.70483129767126,5.707962511122376,5.696264970043842,5.706446995328539
125,2026-06-18,10,5.744254310221715,5.706479497005041,5.708985136287448,5.696264970043842,5.707578331471284
126,2026-06-22,1,5.6837375328479816,5.6936570142145415,5.694810127156608,5.692903813868185,5.6940351500109285
126,2026-06-22,2,5.67958343581525,5.6938999806614765,5.696729426097928,5.692903813868185,5.695166486153673
126,2026-06-22,3,5.616454330526726,5.694717610930133,5.697521165855283,5.692903813868185,5.696297822296417
126,2026-06-22,4,5.647337199739696,5.6945187062379246,5.698395326505196,5.692903813868185,5.697429158439161
126,2026-06-22,5,5.640122582168349,5.695696670894527,5.699564108250963,5.692903813868185,5.698560494581906
126,2026-06-22,6,5.666809510114908,5.697205265518999,5.699583797547736,5.692903813868185,5.69969183072465
126,2026-06-22,7,5.68400941235266,5.6985535535057785,5.701612999040824,5.692903813868185,5.700823166867394
126,2026-06-22,8,5.731281046660893,5.699034893302066,5.702400996341803,5.692903813868185,5.701954503010138
126,2026-06-22,9,5.744254310221715,5.701053739524844,5.703682680764382,5.692903813868185,5.703085839152882
126,2026-06-22,10,5.737836992469423,5.702068251959432,5.704803514080511,5.692903813868185,5.704217175295627
127,2026-06-23,1,5.67958343581525,5.686106219516728,5.683889844480135,5.6837375328479816,5.684868868990725
127,2026-06-23,2,5.616454330526726,5.686567828852652,5.685644809758527,5.6837375328479816,5.68600020513347
127,2026-06-23,3,5.647337199739696,5.687371864480834,5.686618720807399,5.6837375328479816,5.687131541276214
127,2026-06-23,4,5.640122582168349,5.6893115456758485,5.687657680692118,5.6837375328479816,5.688262877418958
127,2026-06-23,5,5.666809510114908,5.689465575431722,5.685831689099139,5.6837375328479816,5.689394213561703
127,2026-06-23,6,5.68400941235266,5.688562048647615,5.686374749866692,5.6837375328479816,5.6905255497044465
127,2026-06-23,7,5.731281046660893,5.689018778419485,5.686240173684002,5.6837375328479816,5.691656885847191
127,2026-06-23,8,5.744254310221715,5.689477745512748,5.689568983861557,5.6837375328479816,5.692788221989935
127,2026-06-23,9,5.737836992469423,5.690341997196166,5.689989119238542,5.6837375328479816,5.693919558132679
127,2026-06-23,10,5.7465863905908146,5.69104571416349,5.691110543150006,5.6837375328479816,5.695050894275424
128,2026-06-24,1,5.616454330526726,5.681587990243989,5.680081408511763,5.67958343581525,5.680714771957994
128,2026-06-24,2,5.647337199739696,5.682520831853773,5.681364683717328,5.67958343581525,5.681846108100738
128,2026-06-24,3,5.640122582168349,5.683209468350195,5.682200111545758,5.67958343581525,5.682977444243482
128,2026-06-24,4,5.666809510114908,5.684931729448389,5.684047547179497,5.67958343581525,5.684108780386226
128,2026-06-24,5,5.68400941235266,5.685139630008899,5.68332010582531,5.67958343581525,5.685240116528971
128,2026-06-24,6,5.731281046660893,5.684743036592547,5.683624010551423,5.67958343581525,5.686371452671715
128,2026-06-24,7,5.744254310221715,5.685475749659668,5.683759267794466,5.67958343581525,5.687502788814459
128,2026-06-24,8,5.737836992469423,5.686020011104909,5.68482866340985,5.67958343581525,5.688634124957203
128,2026-06-24,9,5.7465863905908146,5.687125161969125,5.684681196527864,5.67958343581525,5.689765461099947
128,2026-06-24,10,5.755576091452765,5.688229013260858,5.686402063026989,5.67958343581525,5.690896797242692
129,2026-06-25,1,5.647337199739696,5.619755252226186,5.620807438833549,5.616454330526726,5.61758566666947
129,2026-06-25,2,5.640122582168349,5.620814166453028,5.623469676782724,5.616454330526726,5.618717002812215
129,2026-06-25,3,5.666809510114908,5.6226407359419355,5.624208267411999,5.616454330526726,5.6198483389549585
129,2026-06-25,4,5.68400941235266,5.623262869228653,5.624782795153022,5.616454330526726,5.620979675097702
129,2026-06-25,5,5.731281046660893,5.623695984127787,5.625829489924424,5.616454330526726,5.622111011240447
129,2026-06-25,6,5.744254310221715,5.6234048896349105,5.625069680194432,5.616454330526726,5.623242347383191
129,2026-06-25,7,5.737836992469423,5.624930185875069,5.625662634699677,5.616454330526726,5.624373683525936
129,2026-06-25,8,5.7465863905908146,5.6247561907015875,5.626037291097489,5.616454330526726,5.6255050196686796
129,2026-06-25,9,5.755576091452765,5.625987636568425,5.62373185184664,5.616454330526726,5.626636355811423
129,2026-06-25,10,5.752725990006968,5.6269039470556885,5.627827780261982,5.616454330526726,5.627767691954168
130,2026-06-26,1,5.640122582168349,5.650452479779673,5.648590164384024,5.647337199739696,5.64846853588244
130,2026-06-26,2,5.666809510114908,5.6506574436209345,5.649531972941768,5.647337199739696,5.649599872025185
130,2026-06-26,3,5.68400941235266,5.651486058875244,5.650557371540199,5.647337199739696,5.650731208167929
130,2026-06-26,4,5.731281046660893,5.652958446619157,5.651389964116899,5.647337199739696,5.6518625443106725
130,2026-06-26,5,5.744254310221715,5.653765519813732,5.652118629868929,5.647337199739696,5.652993880453417
130,2026-06-26,6,5.737836992469423,5.651548305375639,5.653090694468049,5.647337199739696,5.654125216596161
130,2026-06-26,7,5.7465863905908146,5.652268010602396,5.652482950848374,5.647337199739696,5.655256552738906
130,2026-06-26,8,5.755576091452765,5.651886837986415,5.653317473588723,5.647337199739696,5.65638788888165
130,2026-06-26,9,5.752725990006968,5.652812606246357,5.6544739904093415,5.647337199739696,5.6575192250243935
130,2026-06-26,10,5.759017098642246,5.653546179150805,5.656130993642395,5.647337199739696,5.658650561167138
131,2026-06-29,1,5.666809510114908,5.641874521484976,5.64244155635787,5.640122582168349,5.641253918311093
131,2026-06-29,2,5.68400941235266,5.642042128492625,5.64420593350132,5.640122582168349,5.6423852544538375
131,2026-06-29,3,5.731281046660893,5.643249065528871,5.6446423310507745,5.640122582168349,5.643516590596581
131,2026-06-29,4,5.744254310221715,5.643239019569365,5.644718719287865,5.640122582168349,5.644647926739325
131,2026-06-29,5,5.737836992469423,5.644136115929274,5.646168461364523,5.640122582168349,5.64577926288207
131,2026-06-29,6,5.7465863905908146,5.643674439520053,5.6461834584134705,5.640122582168349,5.646910599024814
131,2026-06-29,7,5.755576091452765,5.645268232265664,5.647223296673729,5.640122582168349,5.648041935167559
131,2026-06-29,8,5.752725990006968,5.6452126265324925,5.647341408223314,5.640122582168349,5.6491732713103024
131,2026-06-29,9,5.759017098642246,5.646659418259937,5.648652523298906,5.640122582168349,5.650304607453046
131,2026-06-29,10,5.751266020752957,5.64772336334892,5.650176454425971,5.640122582168349,5.651435943595791
132,2026-06-30,1,5.68400941235266,5.667108895148191,5.667925925570652,5.666809510114908,5.667940846257652
132,2026-06-30,2,5.731281046660893,5.667346594224804,5.668967656918133,5.666809510114908,5.669072182400397
132,2026-06-30,3,5.744254310221715,5.668281039827876,5.669876490739957,5.666809510114908,5.670203518543141
132,2026-06-30,4,5.737836992469423,5.667364899906763,5.670133426058406,5.666809510114908,5.671334854685885
132,2026-06-30,5,5.7465863905908146,5.668706759366958,5.672163962594731,5.666809510114908,5.672466190828629
132,2026-06-30,6,5.755576091452765,5.669173174770954,5.673137374279628,5.666809510114908,5.673597526971373
132,2026-06-30,7,5.752725990006968,5.670703296201276,5.675185422128211,5.666809510114908,5.674728863114118
132,2026-06-30,8,5.759017098642246,5.671960613676275,5.674384353562828,5.666809510114908,5.675860199256862
132,2026-06-30,9,5.751266020752957,5.674283926975271,5.677756735546211,5.666809510114908,5.676991535399606
132,2026-06-30,10,5.790626016313897,5.676100641433664,5.677373843547517,5.666809510114908,5.67812287154235
133,2026-07-01,1,5.731281046660893,5.684820201072116,5.6840919779746475,5.68400941235266,5.685140748495404
133,2026-07-01,2,5.744254310221715,5.685415942549453,5.685458205696153,5.68400941235266,5.686272084638149
133,2026-07-01,3,5.737836992469423,5.685746867596033,5.686000765165627,5.68400941235266,5.687403420780893
133,2026-07-01,4,5.7465863905908146,5.68698428247534,5.686805762080407,5.68400941235266,5.688534756923636
133,2026-07-01,5,5.755576091452765,5.687703460895729,5.686398693479245,5.68400941235266,5.689666093066381
133,2026-07-01,6,5.752725990006968,5.686450254962699,5.687669892426116,5.68400941235266,5.690797429209125
133,2026-07-01,7,5.759017098642246,5.6865169607790085,5.688820094503901,5.68400941235266,5.69192876535187
133,2026-07-01,8,5.751266020752957,5.687211452796086,5.6901459020616665,5.68400941235266,5.693060101494614
133,2026-07-01,9,5.790626016313897,5.688190902245406,5.693337997155531,5.68400941235266,5.6941914376373575
133,2026-07-01,10,5.80806092315687,5.689586480628267,5.694133497104641,5.68400941235266,5.695322773780102
134,2026-07-02,1,5.744254310221715,5.731058039701527,5.729891878558345,5.731281046660893,5.732412382803637
134,2026-07-02,2,5.737836992469423,5.732678958231061,5.730577346334169,5.731281046660893,5.733543718946382
134,2026-07-02,3,5.7465863905908146,5.732389004367392,5.731302781182305,5.731281046660893,5.7346750550891255
134,2026-07-02,4,5.755576091452765,5.73529256138058,5.732498748705735,5.731281046660893,5.735806391231869
134,2026-07-02,5,5.752725990006968,5.7349249627138,5.731524765036701,5.731281046660893,5.736937727374614
134,2026-07-02,6,5.759017098642246,5.731268364242792,5.734236520157005,5.731281046660893,5.738069063517358
134,2026-07-02,7,5.751266020752957,5.729953471167086,5.734911620182067,5.731281046660893,5.739200399660103
134,2026-07-02,8,5.790626016313897,5.731594651378947,5.736489013324288,5.731281046660893,5.7403317358028465
134,2026-07-02,9,5.80806092315687,5.731607625919863,5.740889974450284,5.731281046660893,5.74146307194559
134,2026-07-02,10,5.80950010427562,5.734333644661961,5.741744843170738,5.731281046660893,5.742594408088335
135,2026-07-06,1,5.737836992469423,5.743777824882612,5.744386523439183,5.744254310221715,5.745385646364459
135,2026-07-06,2,5.7465863905908146,5.7446268533362925,5.744521096957918,5.744254310221715,5.746516982507203
135,2026-07-06,3,5.755576091452765,5.7452711619743555,5.744908154872471,5.744254310221715,5.747648318649947
135,2026-07-06,4,5.752725990006968,5.746552723198105,5.746095329590363,5.744254310221715,5.748779654792691
135,2026-07-06,5,5.759017098642246,5.7467910048052016,5.745936125209969,5.744254310221715,5.749910990935436
135,2026-07-06,6,5.751266020752957,5.744864445015348,5.747890744408994,5.744254310221715,5.75104232707818
135,2026-07-06,7,5.790626016313897,5.7448633853813424,5.749435029617509,5.744254310221715,5.752173663220924
135,2026-07-06,8,5.80806092315687,5.746531206464197,5.749958867353526,5.744254310221715,5.753304999363668
135,2026-07-06,9,5.80950010427562,5.747009296526438,5.75271871293245,5.744254310221715,5.754436335506412
135,2026-07-06,10,5.7878434466886395,5.749059835210118,5.753707249098259,5.744254310221715,5.755567671649157
136,2026-07-07,1,5.7465863905908146,5.73872059104007,5.7383272582690354,5.737836992469423,5.738968328612167
136,2026-07-07,2,5.755576091452765,5.7395057698758905,5.739372195121598,5.737836992469423,5.740099664754911
136,2026-07-07,3,5.752725990006968,5.740483395938746,5.738889553198349,5.737836992469423,5.741231000897655
136,2026-07-07,4,5.759017098642246,5.743005346330124,5.740096127717661,5.737836992469423,5.742362337040399
136,2026-07-07,5,5.751266020752957,5.743179289319268,5.739052587069838,5.737836992469423,5.743493673183144
136,2026-07-07,6,5.790626016313897,5.740573612770012,5.741063307862725,5.737836992469423,5.744625009325888
136,2026-07-07,7,5.80806092315687,5.740369015788297,5.742266985019998,5.737836992469423,5.7457563454686325
136,2026-07-07,8,5.80950010427562,5.7417123394753355,5.744789505570886,5.737836992469423,5.746887681611376
136,2026-07-07,9,5.7878434466886395,5.74108621514503,5.745244968212145,5.737836992469423,5.74801901775412
136,2026-07-07,10,5.7913585216981485,5.742318879716873,5.748225399835052,5.737836992469423,5.749150353896865
137,2026-07-08,1,5.755576091452765,5.746800887981523,5.74739340525135,5.7465863905908146,5.747717726733558
137,2026-07-08,2,5.752725990006968,5.747504488464647,5.748037228027679,5.7465863905908146,5.748849062876303
137,2026-07-08,3,5.759017098642246,5.748550436525609,5.748020210751484,5.7465863905908146,5.749980399019047
137,2026-07-08,4,5.751266020752957,5.749727712129993,5.7493811117293,5.7465863905908146,5.751111735161791
137,2026-07-08,5,5.790626016313897,5.750406928660011,5.749247517597467,5.7465863905908146,5.752243071304536
137,2026-07-08,6,5.80806092315687,5.748719536041825,5.750641933619811,5.7465863905908146,5.7533744074472795
137,2026-07-08,7,5.80950010427562,5.749184527798686,5.752095651632143,5.7465863905908146,5.754505743590024
137,2026-07-08,8,5.7878434466886395,5.750885632271398,5.7525987547424595,5.7465863905908146,5.755637079732768
137,2026-07-08,9,5.7913585216981485,5.750927607957205,5.753717380843545,5.7465863905908146,5.756768415875512
137,2026-07-08,10,5.785697864364218,5.752065172958877,5.755698151475561,5.7465863905908146,5.757899752018257
138,2026-07-09,1,5.752725990006968,5.755107329833626,5.7569953229890425,5.755576091452765,5.756707427595509
138,2026-07-09,2,5.759017098642246,5.755448534756921,5.757972000172764,5.755576091452765,5.7578387637382535
138,2026-07-09,3,5.751266020752957,5.756904606976264,5.758051362479221,5.755576091452765,5.758970099880997
138,2026-07-09,4,5.790626016313897,5.757154547349104,5.7589135813819565,5.755576091452765,5.760101436023741
138,2026-07-09,5,5.80806092315687,5.758149981262631,5.759490594192255,5.755576091452765,5.761232772166486
138,2026-07-09,6,5.80950010427562,5.757888232322155,5.760404810591362,5.755576091452765,5.76236410830923
138,2026-07-09,7,5.7878434466886395,5.758810835291799,5.762542212186048,5.755576091452765,5.763495444451975
138,2026-07-09,8,5.7913585216981485,5.760812171662021,5.762518565966216,5.755576091452765,5.7646267805947184
138,2026-07-09,9,5.785697864364218,5.761846613550814,5.764238539857711,5.755576091452765,5.765758116737462
138,2026-07-09,10,5.772633069854827,5.763238160091423,5.765433851829077,5.755576091452765,5.766889452880207
139,2026-07-10,1,5.759017098642246,5.752735176384595,5.754164512669868,5.752725990006968,5.753857326149712
139,2026-07-10,2,5.751266020752957,5.753126619790648,5.75531377864091,5.752725990006968,5.754988662292456
139,2026-07-10,3,5.790626016313897,5.7547775426359875,5.756000309882457,5.752725990006968,5.7561199984352
139,2026-07-10,4,5.80806092315687,5.755273579257061,5.7575858370668085,5.752725990006968,5.757251334577944
139,2026-07-10,5,5.80950010427562,5.756484553755411,5.757889117587952,5.752725990006968,5.758382670720689
139,2026-07-10,6,5.7878434466886395,5.757421569163445,5.758375815037115,5.752725990006968,5.759514006863433
139,2026-07-10,7,5.7913585216981485,5.758238277046553,5.7601021780432475,5.752725990006968,5.7606453430061775
139,2026-07-10,8,5.785697864364218,5.759669648922434,5.759980758554009,5.752725990006968,5.761776679148921
139,2026-07-10,9,5.772633069854827,5.760547865864604,5.760793177176458,5.752725990006968,5.762908015291665
139,2026-07-10,10,5.807340463417769,5.761451831654017,5.7618524056770895,5.752725990006968,5.76403935143441
140,2026-07-13,1,5.751266020752957,5.759396019230341,5.758885056209885,5.759017098642246,5.76014843478499
140,2026-07-13,2,5.790626016313897,5.760278978889524,5.759743525941615,5.759017098642246,5.761279770927735
140,2026-07-13,3,5.80806092315687,5.76148706368927,5.760353210453745,5.759017098642246,5.762411107070479
140,2026-07-13,4,5.80950010427562,5.763438732101171,5.7624594681434536,5.759017098642246,5.763542443213223
140,2026-07-13,5,5.7878434466886395,5.764105620063043,5.761014932531062,5.759017098642246,5.7646737793559675
140,2026-07-13,6,5.7913585216981485,5.764220316056462,5.762027720619951,5.759017098642246,5.765805115498711
140,2026-07-13,7,5.785697864364218,5.76432109034498,5.762320019330293,5.759017098642246,5.766936451641456
140,2026-07-13,8,5.772633069854827,5.765957996842005,5.763480119864721,5.759017098642246,5.7680677877842
140,2026-07-13,9,5.807340463417769,5.765908419075007,5.764117507472822,5.759017098642246,5.769199123926944
140,2026-07-13,10,5.8189537766037995,5.76684599128628,5.764991068331279,5.759017098642246,5.7703304600696885
141,2026-07-14,1,5.790626016313897,5.75144811957028,5.75273979623534,5.751266020752957,5.752397356895701
141,2026-07-14,2,5.80806092315687,5.7521492017759135,5.7542343375810425,5.751266020752957,5.7535286930384455
141,2026-07-14,3,5.80950010427562,5.7538207414490214,5.754861162057301,5.751266020752957,5.754660029181189
141,2026-07-14,4,5.7878434466886395,5.754714096009419,5.756297620409961,5.751266020752957,5.755791365323933
141,2026-07-14,5,5.7913585216981485,5.75553061186876,5.756549703168838,5.751266020752957,5.756922701466678
141,2026-07-14,6,5.785697864364218,5.756746146110507,5.756824239315756,5.751266020752957,5.758054037609422
141,2026-07-14,7,5.772633069854827,5.757681312879238,5.758101686807984,5.751266020752957,5.7591853737521665
141,2026-07-14,8,5.807340463417769,5.758967868910497,5.758463176878314,5.751266020752957,5.76031670989491
141,2026-07-14,9,5.8189537766037995,5.759944411509715,5.75888427113339,5.751266020752957,5.761448046037654
141,2026-07-14,10,5.828318733716997,5.760814997787909,5.7605086455068575,5.751266020752957,5.762579382180399
142,2026-07-15,1,5.80806092315687,5.789889016978505,5.789591442395079,5.790626016313897,5.791757352456641
142,2026-07-15,2,5.80950010427562,5.791295269722485,5.789661787393866,5.790626016313897,5.792888688599386
142,2026-07-15,3,5.7878434466886395,5.791741448076619,5.790310585782627,5.790626016313897,5.79402002474213
142,2026-07-15,4,5.7913585216981485,5.793739966492579,5.792404917416952,5.790626016313897,5.795151360884874
142,2026-07-15,5,5.785697864364218,5.794131027456768,5.792417791986543,5.790626016313897,5.7962826970276184
142,2026-07-15,6,5.772633069854827,5.794138318484635,5.794937452981669,5.790626016313897,5.797414033170362
142,2026-07-15,7,5.807340463417769,5.793764359130909,5.79550703663982,5.790626016313897,5.798545369313107
142,2026-07-15,8,5.8189537766037995,5.795691570677602,5.795802955410546,5.790626016313897,5.799676705455851
142,2026-07-15,9,5.828318733716997,5.7955574350146595,5.797931807240038,5.790626016313897,5.800808041598595
142,2026-07-15,10,5.822745821139448,5.797538997388914,5.798848936328052,5.790626016313897,5.8019393777413395
143,2026-07-16,1,5.80950010427562,5.8076635516829835,5.8066577436689935,5.80806092315687,5.809192259299614
143,2026-07-16,2,5.7878434466886395,5.809183574750506,5.806966002940927,5.80806092315687,5.810323595442359
143,2026-07-16,3,5.7913585216981485,5.809758284954251,5.807255685865701,5.80806092315687,5.811454931585103
143,2026-07-16,4,5.785697864364218,5.812663625139117,5.809264924769353,5.80806092315687,5.812586267727847
143,2026-07-16,5,5.772633069854827,5.812512283497035,5.808169480629952,5.80806092315687,5.813717603870591
143,2026-07-16,6,5.807340463417769,5.811354275226135,5.810943892572817,5.80806092315687,5.814848940013335
143,2026-07-16,7,5.8189537766037995,5.810727299451788,5.811072320929572,5.80806092315687,5.81598027615608
143,2026-07-16,8,5.828318733716997,5.812832563376533,5.812477410291242,5.80806092315687,5.817111612298824
143,2026-07-16,9,5.822745821139448,5.811726293504941,5.814428210618502,5.80806092315687,5.818242948441568
143,2026-07-16,10,5.80857083569799,5.813647445975566,5.815884026806155,5.80806092315687,5.819374284584312
144,2026-07-17,1,5.7878434466886395,5.809661030301264,5.808856604896217,5.80950010427562,5.810631440418364
144,2026-07-17,2,5.7913585216981485,5.811272395374667,5.809300913153432,5.80950010427562,5.811762776561109
144,2026-07-17,3,5.785697864364218,5.812209361517766,5.80979756230186,5.80950010427562,5.8128941127038525
144,2026-07-17,4,5.772633069854827,5.814891294930953,5.811879054983317,5.80950010427562,5.814025448846596
144,2026-07-17,5,5.807340463417769,5.8147854065772915,5.8110330230784095,5.80950010427562,5.815156784989341
144,2026-07-17,6,5.8189537766037995,5.813838273100485,5.813290296841968,5.80950010427562,5.816288121132085
144,2026-07-17,7,5.828318733716997,5.813600141952148,5.813477138668245,5.80950010427562,5.81741945727483
144,2026-07-17,8,5.822745821139448,5.815714935977795,5.814360033297715,5.80950010427562,5.8185507934175735
144,2026-07-17,9,5.80857083569799,5.8146155497678,5.815246803435378,5.80950010427562,5.819682129560317
144,2026-07-17,10,5.732187956239935,5.816295621397741,5.8170667298215415,5.80950010427562,5.820813465703062
145,2026-07-20,1,5.7913585216981485,5.788946519375449,5.789314051990724,5.7878434466886395,5.788974782831383
145,2026-07-20,2,5.785697864364218,5.790637308281739,5.790899742077793,5.7878434466886395,5.790106118974128
145,2026-07-20,3,5.772633069854827,5.79225511268352,5.791311799246239,5.7878434466886395,5.791237455116872
145,2026-07-20,4,5.807340463417769,5.7938472282318,5.792476741830386,5.7878434466886395,5.792368791259616
145,2026-07-20,5,5.8189537766037995,5.794235893679418,5.792822788949371,5.7878434466886395,5.7935001274023605
145,2026-07-20,6,5.828318733716997,5.79395257144159,5.794199046281724,5.7878434466886395,5.794631463545104
145,2026-07-20,7,5.822745821139448,5.794705826818704,5.794940894381463,5.7878434466886395,5.795762799687849
145,2026-07-20,8,5.80857083569799,5.796531739003907,5.7958031157656915,5.7878434466886395,5.796894135830593
145,2026-07-20,9,5.732187956239935,5.796142981303137,5.795537886202842,5.7878434466886395,5.798025471973337
145,2026-07-20,10,5.714255999761092,5.797510917021682,5.798574486273952,5.7878434466886395,5.799156808116082
146,2026-07-21,1,5.785697864364218,5.791458762556902,5.793292338979221,5.7913585216981485,5.792489857840892
146,2026-07-21,2,5.772633069854827,5.792592110261211,5.795531644251928,5.7913585216981485,5.793621193983637
146,2026-07-21,3,5.807340463417769,5.79453306738154,5.796003375853269,5.7913585216981485,5.794752530126381
146,2026-07-21,4,5.8189537766037995,5.794581096788134,5.796056683431978,5.7913585216981485,5.795883866269125
146,2026-07-21,5,5.828318733716997,5.795233382404417,5.797736073819103,5.7913585216981485,5.7970152024118695
146,2026-07-21,6,5.822745821139448,5.7965163392490275,5.798352805187489,5.7913585216981485,5.798146538554613
146,2026-07-21,7,5.80857083569799,5.797876681453006,5.800567740301272,5.7913585216981485,5.799277874697358
146,2026-07-21,8,5.732187956239935,5.799898343002583,5.801588789207391,5.7913585216981485,5.800409210840102
146,2026-07-21,9,5.714255999761092,5.800961388404382,5.802758949568492,5.7913585216981485,5.801540546982846
146,2026-07-21,10,5.733708210605948,5.802774346466246,5.80497884285127,5.7913585216981485,5.802671883125591
147,2026-07-22,1,5.772633069854827,5.786307345758848,5.787433579387637,5.785697864364218,5.786829200506962
147,2026-07-22,2,5.807340463417769,5.787304038738135,5.789415835996052,5.785697864364218,5.787960536649707
147,2026-07-22,3,5.8189537766037995,5.788946853378065,5.790078887058843,5.785697864364218,5.789091872792451
147,2026-07-22,4,5.828318733716997,5.789418604174484,5.7907532431468995,5.785697864364218,5.790223208935195
147,2026-07-22,5,5.822745821139448,5.790186194187884,5.791736457386033,5.785697864364218,5.791354545077939
147,2026-07-22,6,5.80857083569799,5.791456186983183,5.792142458543785,5.785697864364218,5.792485881220683
147,2026-07-22,7,5.732187956239935,5.7926128715965195,5.793643360393971,5.785697864364218,5.793617217363428
147,2026-07-22,8,5.714255999761092,5.794122219427104,5.7948765479769575,5.785697864364218,5.794748553506172
147,2026-07-22,9,5.733708210605948,5.794614293651236,5.795648347624284,5.785697864364218,5.795879889648916
147,2026-07-22,10,5.738930885263228,5.795806877294028,5.797519565011164,5.785697864364218,5.79701122579166
148,2026-07-23,1,5.807340463417769,5.7741044092409295,5.77431219370041,5.772633069854827,5.773764405997571
148,2026-07-23,2,5.8189537766037995,5.775008266939428,5.776165734098882,5.772633069854827,5.774895742140315
148,2026-07-23,3,5.828318733716997,5.7765330750553145,5.77698835348221,5.772633069854827,5.776027078283059
148,2026-07-23,4,5.822745821139448,5.777492532794147,5.7779179416357085,5.772633069854827,5.777158414425803
148,2026-07-23,5,5.80857083569799,5.778163515657389,5.778484816671259,5.772633069854827,5.778289750568548
148,2026-07-23,6,5.732187956239935,5.778930668344138,5.778775411106802,5.772633069854827,5.779421086711292
148,2026-07-23,7,5.714255999761092,5.779936370164825,5.779552054044594,5.772633069854827,5.780552422854036
148,2026-07-23,8,5.733708210605948,5.781023568156999,5.781130632172711,5.772633069854827,5.78168375899678
148,2026-07-23,9,5.738930885263228,5.781126215826766,5.781242832623494,5.772633069854827,5.782815095139524
148,2026-07-23,10,5.743454394030992,5.78185390270279,5.7831214914240165,5.772633069854827,5.783946431282269
149,2026-07-24,1,5.8189537766037995,5.807946387154265,5.806636803159858,5.807340463417769,5.808471799560513
149,2026-07-24,2,5.828318733716997,5.809078825245417,5.807013516459923,5.807340463417769,5.809603135703258
149,2026-07-24,3,5.822745821139448,5.809442961755052,5.80784603466482,5.807340463417769,5.8107344718460014
149,2026-07-24,4,5.80857083569799,5.811354411733996,5.809478530089073,5.807340463417769,5.811865807988745
149,2026-07-24,5,5.732187956239935,5.811548333004369,5.809730800784553,5.807340463417769,5.81299714413149
149,2026-07-24,6,5.714255999761092,5.810882720821842,5.811932174685033,5.807340463417769,5.814128480274234
149,2026-07-24,7,5.733708210605948,5.810796826933854,5.8120127298597755,5.807340463417769,5.815259816416979
149,2026-07-24,8,5.738930885263228,5.811964772854389,5.813058465461146,5.807340463417769,5.8163911525597225
149,2026-07-24,9,5.743454394030992,5.811460372251664,5.814988500362998,5.807340463417769,5.817522488702466
149,2026-07-24,10,5.746394857661552,5.813016138598463,5.815987149050713,5.807340463417769,5.818653824845211
150,2026-07-27,1,5.828318733716997,5.819675524610196,5.818528137129359,5.8189537766037995,5.820085112746543
150,2026-07-27,2,5.822745821139448,5.82087380262257,5.818817847970929,5.8189537766037995,5.821216448889288
150,2026-07-27,3,5.80857083569799,5.8211921908380555,5.819466521263248,5.8189537766037995,5.822347785032032
150,2026-07-27,4,5.732187956239935,5.823178791081021,5.821131909315196,5.8189537766037995,5.823479121174776
150,2026-07-27,5,5.714255999761092,5.823373241894703,5.821242017885623,5.8189537766037995,5.824610457317521
150,2026-07-27,6,5.733708210605948,5.822263129358208,5.823391818187123,5.8189537766037995,5.825741793460264
150,2026-07-27,7,5.738930885263228,5.8221033543439,5.823648914474186,5.8189537766037995,5.826873129603009
150,2026-07-27,8,5.743454394030992,5.823411989824099,5.824650991490458,5.8189537766037995,5.828004465745753
150,2026-07-27,9,5.746394857661552,5.822609968292417,5.826378554371444,5.8189537766037995,5.829135801888497
150,2026-07-27,10,5.730943614398405,5.824134622263797,5.827678062920369,5.8189537766037995,5.830267138031242
151,2026-07-28,1,5.822745821139448,5.829302019335547,5.827725323857786,5.828318733716997,5.829450069859741
151,2026-07-28,2,5.80857083569799,5.830565338520334,5.82810420558132,5.828318733716997,5.830581406002485
151,2026-07-28,3,5.732187956239935,5.830923592687292,5.8285287223626385,5.828318733716997,5.831712742145229
151,2026-07-28,4,5.714255999761092,5.833458617335464,5.830243740274692,5.828318733716997,5.832844078287973
151,2026-07-28,5,5.733708210605948,5.833318854449221,5.82969208879731,5.828318733716997,5.833975414430718
151,2026-07-28,6,5.738930885263228,5.8313894054716595,5.831974794360887,5.828318733716997,5.835106750573462
151,2026-07-28,7,5.743454394030992,5.83101251598559,5.83198937867916,5.828318733716997,5.8362380867162065
151,2026-07-28,8,5.746394857661552,5.832568590767373,5.833453544798836,5.828318733716997,5.83736942285895
151,2026-07-28,9,5.730943614398405,5.831355259945444,5.834775691132627,5.828318733716997,5.838500759001694
151,2026-07-28,10,5.720016663105408,5.83291394598772,5.836467743556767,5.828318733716997,5.839632095144439
152,2026-07-29,1,5.80857083569799,5.824546268389401,5.822138232905027,5.822745821139448,5.823877157282192
152,2026-07-29,2,5.732187956239935,5.825967061514629,5.822816230365113,5.822745821139448,5.825008493424937
152,2026-07-29,3,5.714255999761092,5.826733444427652,5.823118383230149,5.822745821139448,5.826139829567681
152,2026-07-29,4,5.733708210605948,5.829781138524138,5.82489996076938,5.822745821139448,5.827271165710425
152,2026-07-29,5,5.738930885263228,5.8293119623496965,5.823682332147536,5.822745821139448,5.828402501853169
152,2026-07-29,6,5.743454394030992,5.826773215753957,5.825982557635611,5.822745821139448,5.829533837995913
152,2026-07-29,7,5.746394857661552,5.826477093683268,5.825530962255232,5.822745821139448,5.830665174138658
152,2026-07-29,8,5.730943614398405,5.828417645006505,5.8273974976486915,5.822745821139448,5.831796510281402
152,2026-07-29,9,5.720016663105408,5.827078499277867,5.8275521803474115,5.822745821139448,5.832927846424146
152,2026-07-29,10,5.711254489494902,5.828652881347281,5.829787780167181,5.822745821139448,5.83405918256689
153,2026-07-30,1,5.732187956239935,5.8090046303072524,5.81074606663175,5.80857083569799,5.809702171840734
153,2026-07-30,2,5.714255999761092,5.810108870025625,5.814532133642991,5.80857083569799,5.810833507983479
153,2026-07-30,3,5.733708210605948,5.812341877706996,5.814524598078585,5.80857083569799,5.811964844126223
153,2026-07-30,4,5.738930885263228,5.81167899195543,5.812340177154436,5.80857083569799,5.813096180268967
153,2026-07-30,5,5.743454394030992,5.811468384596948,5.813648380708882,5.80857083569799,5.814227516411711
153,2026-07-30,6,5.746394857661552,5.812159290491707,5.813990897940559,5.80857083569799,5.815358852554455
153,2026-07-30,7,5.730943614398405,5.813944084045873,5.816548228583384,5.80857083569799,5.8164901886972
153,2026-07-30,8,5.720016663105408,5.816316942542271,5.820379445338065,5.80857083569799,5.817621524839944
153,2026-07-30,9,5.711254489494902,5.818835259735949,5.822341923279467,5.80857083569799,5.818752860982688
153,2026-07-30,10,5.721163904478147,5.821587433706262,5.825114044366377,5.80857083569799,5.8198841971254325
154,2026-07-31,1,5.714255999761092,5.734796632476323,5.738019858337849,5.732187956239935,5.733319292382679
154,2026-07-31,2,5.733708210605948,5.735589055812017,5.740756086234111,5.732187956239935,5.7344506285254235
154,2026-07-31,3,5.738930885263228,5.737783851566481,5.742641623003392,5.732187956239935,5.735581964668167
154,2026-07-31,4,5.743454394030992,5.737524553027361,5.74152996486168,5.732187956239935,5.736713300810911
154,2026-07-31,5,5.746394857661552,5.737342108643891,5.7435512556470085,5.732187956239935,5.737844636953656
154,2026-07-31,6,5.730943614398405,5.737651865533346,5.742184722263953,5.732187956239935,5.7389759730964
154,2026-07-31,7,5.720016663105408,5.739559990457633,5.743224983910708,5.732187956239935,5.740107309239145
154,2026-07-31,8,5.711254489494902,5.7396257655498495,5.74596278069443,5.732187956239935,5.741238645381888
154,2026-07-31,9,5.721163904478147,5.74045415031725,5.743716012112554,5.732187956239935,5.742369981524632
154,2026-07-31,10,5.723356293672473,5.741544328217598,5.748181128882886,5.732187956239935,5.743501317667377
155,2026-08-03,1,5.733708210605948,5.716937937261444,5.718864493110103,5.714255999761092,5.715387335903836
155,2026-08-03,2,5.738930885263228,5.716350206955842,5.7221465186782385,5.714255999761092,5.716518672046581
155,2026-08-03,3,5.743454394030992,5.718544555311714,5.723001729187862,5.714255999761092,5.717650008189325
155,2026-08-03,4,5.746394857661552,5.718161500556273,5.722277795570008,5.714255999761092,5.7187813443320685
155,2026-08-03,5,5.730943614398405,5.718816355831548,5.72451279428459,5.714255999761092,5.719912680474813
155,2026-08-03,6,5.720016663105408,5.719005291180347,5.7225767795684765,5.714255999761092,5.721044016617557
155,2026-08-03,7,5.711254489494902,5.721259578248118,5.723911997093688,5.714255999761092,5.722175352760302
155,2026-08-03,8,5.721163904478147,5.720748302194618,5.725098045213755,5.714255999761092,5.723306688903046
155,2026-08-03,9,5.723356293672473,5.721323811731051,5.724716731773046,5.714255999761092,5.72443802504579
155,2026-08-03,10,5.722244322260149,5.7210273169255155,5.7273070957588175,5.714255999761092,5.725569361188534
156,2026-08-04,1,5.738930885263228,5.734123955783896,5.735994394930779,5.733708210605948,5.734839546748692
156,2026-08-04,2,5.743454394030992,5.733231803725815,5.739156536068547,5.733708210605948,5.735970882891436
156,2026-08-04,3,5.746394857661552,5.735694571968719,5.740136243447169,5.733708210605948,5.73710221903418
156,2026-08-04,4,5.730943614398405,5.733944998244778,5.738448186810647,5.733708210605948,5.738233555176924
156,2026-08-04,5,5.720016663105408,5.734893824245784,5.741318280452749,5.733708210605948,5.739364891319669
156,2026-08-04,6,5.711254489494902,5.736348303054678,5.740981849265129,5.733708210605948,5.740496227462413
156,2026-08-04,7,5.721163904478147,5.739196431396517,5.7438777562732914,5.733708210605948,5.7416275636051575
156,2026-08-04,8,5.723356293672473,5.740788601829585,5.743706198254374,5.733708210605948,5.742758899747901
156,2026-08-04,9,5.722244322260149,5.7434941990520105,5.747497337729259,5.733708210605948,5.743890235890645
156,2026-08-04,10,5.736669063053049,5.7446108232451065,5.746375005299415,5.733708210605948,5.74502157203339
157,2026-08-05,1,5.743454394030992,5.7401838299096415,5.741038857518633,5.738930885263228,5.740062221405972
157,2026-08-05,2,5.746394857661552,5.739576698780828,5.7433865619962585,5.738930885263228,5.7411935575487165
157,2026-08-05,3,5.730943614398405,5.740480376863023,5.7444315281888265,5.738930885263228,5.74232489369146
157,2026-08-05,4,5.720016663105408,5.740044796710066,5.744171351675587,5.738930885263228,5.743456229834204
157,2026-08-05,5,5.711254489494902,5.741301894208009,5.746043153089144,5.738930885263228,5.744587565976949
157,2026-08-05,6,5.721163904478147,5.7424523063368795,5.745668227230386,5.738930885263228,5.745718902119693
157,2026-08-05,7,5.723356293672473,5.743653814742251,5.747954931938897,5.738930885263228,5.746850238262438
157,2026-08-05,8,5.722244322260149,5.743751755603666,5.748574838815492,5.738930885263228,5.747981574405181
157,2026-08-05,9,5.736669063053049,5.745541499736377,5.7515950972333725,5.738930885263228,5.749112910547925
157,2026-08-05,10,5.75836531004498,5.745517470915027,5.7514848041383955,5.738930885263228,5.75024424669067
158,2026-08-06,1,5.746394857661552,5.744686467569589,5.745358772046811,5.743454394030992,5.7445857301737355
158,2026-08-06,2,5.730943614398405,5.744109977551479,5.747099162786932,5.743454394030992,5.74571706631648
158,2026-08-06,3,5.720016663105408,5.744584449304979,5.748133807063375,5.743454394030992,5.746848402459224
158,2026-08-06,4,5.711254489494902,5.744955911291442,5.748615926048466,5.743454394030992,5.747979738601968
158,2026-08-06,5,5.721163904478147,5.746224123980436,5.750131868081786,5.743454394030992,5.749111074744713
158,2026-08-06,6,5.723356293672473,5.746898240093523,5.750118134623674,5.743454394030992,5.750242410887457
158,2026-08-06,7,5.722244322260149,5.747595952723596,5.752057965438119,5.743454394030992,5.751373747030201
158,2026-08-06,8,5.736669063053049,5.747351183617963,5.752926961079297,5.743454394030992,5.752505083172945
158,2026-08-06,9,5.75836531004498,5.748814260216239,5.75528523335981,5.743454394030992,5.753636419315689
158,2026-08-06,10,5.7407570382344835,5.748507604864607,5.755702441633333,5.743454394030992,5.754767755458434
159,2026-08-07,1,5.730943614398405,5.7469098768647875,5.748444423745943,5.746394857661552,5.747526193804296
159,2026-08-07,2,5.720016663105408,5.746213163473559,5.749896307643005,5.746394857661552,5.748657529947041
159,2026-08-07,3,5.711254489494902,5.746834221179029,5.750978898524459,5.746394857661552,5.7497888660897845
159,2026-08-07,4,5.721163904478147,5.746954851699462,5.751650874203858,5.746394857661552,5.750920202232528
159,2026-08-07,5,5.723356293672473,5.748256639280757,5.753452842317083,5.746394857661552,5.752051538375273
159,2026-08-07,6,5.722244322260149,5.749516276805746,5.753561517843546,5.746394857661552,5.753182874518017
159,2026-08-07,7,5.736669063053049,5.750477908040511,5.755712688367097,5.746394857661552,5.754314210660762
159,2026-08-07,8,5.75836531004498,5.750470024446711,5.755807634924031,5.746394857661552,5.7554455468035055
159,2026-08-07,9,5.7407570382344835,5.752335550310429,5.7579361390525605,5.746394857661552,5.756576882946249
159,2026-08-07,10,5.734473341707127,5.752195715296672,5.758235329489351,5.746394857661552,5.757708219088994
160,2026-08-10,1,5.720016663105408,5.7324032350067755,5.733311224683067,5.730943614398405,5.732074950541149
160,2026-08-10,2,5.711254489494902,5.7318030497228545,5.734911445371384,5.730943614398405,5.7332062866838935
160,2026-08-10,3,5.721163904478147,5.732098018574408,5.735616868438135,5.730943614398405,5.734337622826637
160,2026-08-10,4,5.723356293672473,5.732957418428105,5.736496156217521,5.730943614398405,5.735468958969381
160,2026-08-10,5,5.722244322260149,5.734032116629116,5.737681370263999,5.730943614398405,5.736600295112126
160,2026-08-10,6,5.736669063053049,5.735025237864147,5.7377097488734545,5.730943614398405,5.73773163125487
160,2026-08-10,7,5.75836531004498,5.735734797871678,5.739235002344351,5.730943614398405,5.738862967397615
160,2026-08-10,8,5.7407570382344835,5.735098804205781,5.740523953600241,5.730943614398405,5.7399943035403584
160,2026-08-10,9,5.734473341707127,5.73621017558908,5.740650711547278,5.730943614398405,5.741125639683102
160,2026-08-10,10,5.737668458855024,5.735283758856627,5.742233585577696,5.730943614398405,5.742256975825847
161,2026-08-11,1,5.711254489494902,5.721506372546318,5.722415090321852,5.720016663105408,5.721147999248152
161,2026-08-11,2,5.721163904478147,5.720921077461175,5.723959819133734,5.720016663105408,5.722279335390897
161,2026-08-11,3,5.723356293672473,5.72122494536631,5.724551899387097,5.720016663105408,5.723410671533641
161,2026-08-11,4,5.722244322260149,5.7222114804269655,5.725555334071984,5.720016663105408,5.724542007676384
161,2026-08-11,5,5.736669063053049,5.7233165408626565,5.726858167237656,5.720016663105408,5.725673343819129
161,2026-08-11,6,5.75836531004498,5.724198920436358,5.72674852765116,5.720016663105408,5.726804679961873
161,2026-08-11,7,5.7407570382344835,5.725010635190615,5.72798265951522,5.720016663105408,5.727936016104618
161,2026-08-11,8,5.734473341707127,5.724357155903211,5.729025634309652,5.720016663105408,5.729067352247362
161,2026-08-11,9,5.737668458855024,5.725398554584659,5.728861480627952,5.720016663105408,5.7301986883901055
161,2026-08-11,10,5.736249645098589,5.724287680813692,5.730682563097916,5.720016663105408,5.73133002453285
162,2026-08-12,1,5.721163904478147,5.7120443838972825,5.714024433290655,5.711254489494902,5.712385825637646
162,2026-08-12,2,5.723356293672473,5.711227665504321,5.715903871717892,5.711254489494902,5.71351716178039
162,2026-08-12,3,5.722244322260149,5.711876716640442,5.716389764251007,5.711254489494902,5.714648497923134
162,2026-08-12,4,5.736669063053049,5.712379355456119,5.71698008727889,5.711254489494902,5.715779834065878
162,2026-08-12,5,5.75836531004498,5.713416207458501,5.718775224133812,5.711254489494902,5.716911170208623
162,2026-08-12,6,5.7407570382344835,5.7148977628593665,5.7183282693643065,5.711254489494902,5.718042506351367
162,2026-08-12,7,5.734473341707127,5.716148448325354,5.719996592292629,5.711254489494902,5.719173842494111
162,2026-08-12,8,5.737668458855024,5.715706034870511,5.720322563695291,5.711254489494902,5.720305178636855
162,2026-08-12,9,5.736249645098589,5.71729951991099,5.720698257247701,5.711254489494902,5.721436514779599
162,2026-08-12,10,5.7476398966640865,5.716388061399417,5.722280554403981,5.711254489494902,5.722567850922344
163,2026-08-13,1,5.723356293672473,5.721390417933099,5.723138119297584,5.721163904478147,5.722295240620891
163,2026-08-13,2,5.722244322260149,5.720768541188968,5.724543768892792,5.721163904478147,5.723426576763636
163,2026-08-13,3,5.736669063053049,5.721306268133276,5.725342062565115,5.721163904478147,5.72455791290638
163,2026-08-13,4,5.75836531004498,5.721786029845982,5.726051272755118,5.721163904478147,5.725689249049124
163,2026-08-13,5,5.7407570382344835,5.723024360396207,5.727917582770624,5.721163904478147,5.726820585191868
163,2026-08-13,6,5.734473341707127,5.724656662701916,5.728005705002839,5.721163904478147,5.727951921334612
163,2026-08-13,7,5.737668458855024,5.725658928530612,5.7297181944194895,5.721163904478147,5.729083257477357
163,2026-08-13,8,5.736249645098589,5.7256670278318404,5.729562544522378,5.721163904478147,5.730214593620101
163,2026-08-13,9,5.7476398966640865,5.727543478541499,5.731327915430791,5.721163904478147,5.731345929762845
163,2026-08-13,10,5.751238373127855,5.727094709399189,5.7318959802327605,5.721163904478147,5.732477265905589
164,2026-08-14,1,5.722244322260149,5.723420418882028,5.724404815990488,5.723356293672473,5.724487629815217
164,2026-08-14,2,5.736669063053049,5.723369105018732,5.72523331738806,5.723356293672473,5.7256189659579615
164,2026-08-14,3,5.75836531004498,5.7239689245743754,5.726439198840972,5.723356293672473,5.726750302100705
164,2026-08-14,4,5.7407570382344835,5.724957145006692,5.728247068090534,5.723356293672473,5.727881638243449
164,2026-08-14,5,5.734473341707127,5.725975934659399,5.72886862705759,5.723356293672473,5.729012974386194
164,2026-08-14,6,5.737668458855024,5.7281435961636715,5.728922538843353,5.723356293672473,5.730144310528938
164,2026-08-14,7,5.736249645098589,5.728942561006867,5.729883743115351,5.723356293672473,5.7312756466716825
164,2026-08-14,8,5.7476398966640865,5.728616966791142,5.729585938592403,5.723356293672473,5.732406982814426
164,2026-08-14,9,5.751238373127855,5.730422197191848,5.73065593837835,5.723356293672473,5.73353831895717
164,2026-08-14,10,5.767383094248564,5.730144969829274,5.730724853051867,5.723356293672473,5.734669655099915
165,2026-08-17,1,5.736669063053049,5.721989244704139,5.723414959870744,5.722244322260149,5.723375658402893
165,2026-08-17,2,5.75836531004498,5.722188972814115,5.724331383265939,5.722244322260149,5.724506994545638
165,2026-08-17,3,5.7407570382344835,5.723054223006526,5.725531390295057,5.722244322260149,5.725638330688382
165,2026-08-17,4,5.734473341707127,5.72424324848029,5.727414682918841,5.722244322260149,5.726769666831125
165,2026-08-17,5,5.737668458855024,5.725029918766391,5.727965105217856,5.722244322260149,5.72790100297387
165,2026-08-17,6,5.736249645098589,5.727583916618141,5.727924044463994,5.722244322260149,5.729032339116614
165,2026-08-17,7,5.7476398966640865,5.72851260530341,5.7289180440015794,5.722244322260149,5.730163675259359
165,2026-08-17,8,5.751238373127855,5.72821351843246,5.728645217420879,5.722244322260149,5.731295011402103
165,2026-08-17,9,5.767383094248564,5.7302176432709695,5.729355942489376,5.722244322260149,5.7324263475448465
165,2026-08-17,10,5.758428495032633,5.73033456811951,5.729611395371203,5.722244322260149,5.733557683687591
166,2026-08-18,1,5.75836531004498,5.7364008267964985,5.7359106575561585,5.736669063053049,5.737800399195793
166,2026-08-18,2,5.7407570382344835,5.737181856867954,5.736223358189675,5.736669063053049,5.738931735338538
166,2026-08-18,3,5.734473341707127,5.737601012931023,5.736848394531268,5.736669063053049,5.7400630714812815
166,2026-08-18,4,5.737668458855024,5.740182244438654,5.739159655364708,5.736669063053049,5.741194407624025
166,2026-08-18,5,5.736249645098589,5.740082060307561,5.737766765752502,5.736669063053049,5.74232574376677
166,2026-08-18,6,5.7476398966640865,5.741119651210978,5.738860062305677,5.736669063053049,5.743457079909514
166,2026-08-18,7,5.751238373127855,5.7413069930216025,5.738529934110291,5.736669063053049,5.744588416052259
166,2026-08-18,8,5.767383094248564,5.741438946576373,5.739443038800533,5.736669063053049,5.7457197521950025
166,2026-08-18,9,5.758428495032633,5.742360050943198,5.740158655110698,5.736669063053049,5.746851088337746
166,2026-08-18,10,5.784225117369096,5.743222124605607,5.740458805264909,5.736669063053049,5.747982424480491
167,2026-08-19,1,5.7407570382344835,5.7577738376479255,5.757147666899104,5.75836531004498,5.759496646187724
167,2026-08-19,2,5.734473341707127,5.758981316817407,5.756955648386477,5.75836531004498,5.760627982330469
167,2026-08-19,3,5.737668458855024,5.758995971967709,5.757477658612374,5.75836531004498,5.761759318473213
167,2026-08-19,4,5.736249645098589,5.761861717158244,5.759892743361512,5.75836531004498,5.762890654615957
167,2026-08-19,5,5.7476398966640865,5.761434534122168,5.758943515066697,5.75836531004498,5.764021990758701
167,2026-08-19,6,5.751238373127855,5.761761334635434,5.760915510847506,5.75836531004498,5.765153326901445
167,2026-08-19,7,5.767383094248564,5.7615480362620035,5.760764255893462,5.75836531004498,5.76628466304419
167,2026-08-19,8,5.758428495032633,5.762178789890496,5.761335285568677,5.75836531004498,5.767415999186934
167,2026-08-19,9,5.784225117369096,5.762407863370408,5.762424796093376,5.75836531004498,5.768547335329678
167,2026-08-19,10,5.78370207153677,5.763925993058766,5.763128830326881,5.75836531004498,5.769678671472422
168,2026-08-20,1,5.734473341707127,5.741462063386533,5.74176262357097,5.7407570382344835,5.741888374377227
168,2026-08-20,2,5.737668458855024,5.7428787559175545,5.7428969385466555,5.7407570382344835,5.743019710519972
168,2026-08-20,3,5.736249645098589,5.743964861979822,5.74358239099561,5.7407570382344835,5.744151046662716
168,2026-08-20,4,5.7476398966640865,5.7459849018007345,5.744888540457728,5.7407570382344835,5.74528238280546
168,2026-08-20,5,5.751238373127855,5.746213793182851,5.744983171956282,5.7407570382344835,5.7464137189482045
168,2026-08-20,6,5.767383094248564,5.746563993116872,5.746278270454226,5.7407570382344835,5.747545055090948
168,2026-08-20,7,5.758428495032633,5.747241266272942,5.746668206499248,5.7407570382344835,5.748676391233693
168,2026-08-20,8,5.784225117369096,5.748197320279193,5.747364694731478,5.7407570382344835,5.749807727376437
168,2026-08-20,9,5.78370207153677,5.7487176681237315,5.747563863228288,5.7407570382344835,5.750939063519181
168,2026-08-20,10,5.793653621382972,5.750117611014879,5.749582700400915,5.7407570382344835,5.752070399661926
169,2026-08-21,1,5.737668458855024,5.7352814812138435,5.735949256382451,5.734473341707127,5.735604677849871
169,2026-08-21,2,5.736249645098589,5.736593489189007,5.737416270818186,5.734473341707127,5.736736013992616
169,2026-08-21,3,5.7476398966640865,5.737895658044404,5.738110770571684,5.734473341707127,5.737867350135359
169,2026-08-21,4,5.751238373127855,5.739422078108953,5.739201699488591,5.734473341707127,5.738998686278103
169,2026-08-21,5,5.767383094248564,5.739751875061515,5.739872871967092,5.734473341707127,5.740130022420848
169,2026-08-21,6,5.758428495032633,5.740445564972472,5.740687715008208,5.734473341707127,5.741261358563592
169,2026-08-21,7,5.784225117369096,5.7413955253077225,5.741430150199998,5.734473341707127,5.742392694706337
169,2026-08-21,8,5.78370207153677,5.742383502407754,5.742209027357316,5.734473341707127,5.7435240308490805
169,2026-08-21,9,5.793653621382972,5.742927109943096,5.742445730552398,5.734473341707127,5.744655366991824
169,2026-08-21,10,5.768227245214021,5.744327265220851,5.744639705078647,5.734473341707127,5.745786703134569
170,2026-08-24,1,5.736249645098589,5.7386761124429455,5.7380295421429635,5.737668458855024,5.738799794997768
170,2026-08-24,2,5.7476398966640865,5.739979956452091,5.738994893281713,5.737668458855024,5.739931131140513
170,2026-08-24,3,5.751238373127855,5.741087980447297,5.73962562603647,5.737668458855024,5.741062467283257
170,2026-08-24,4,5.767383094248564,5.7432462398665125,5.7410796225599,5.737668458855024,5.742193803426001
170,2026-08-24,5,5.758428495032633,5.743127091071097,5.7407788103944455,5.737668458855024,5.7433251395687455
170,2026-08-24,6,5.784225117369096,5.743005394202029,5.741976638307778,5.737668458855024,5.744456475711489
170,2026-08-24,7,5.78370207153677,5.743582911631229,5.741869015445246,5.737668458855024,5.745587811854234
170,2026-08-24,8,5.793653621382972,5.744735502510958,5.743380684347611,5.737668458855024,5.746719147996978
170,2026-08-24,9,5.768227245214021,5.74474568798146,5.743725904363081,5.737668458855024,5.747850484139722
170,2026-08-24,10,5.756438177742296,5.746323187827881,5.745559655000807,5.737668458855024,5.7489818202824665
171,2026-08-25,1,5.7476398966640865,5.736920890051283,5.737512066566789,5.736249645098589,5.737380981241333
171,2026-08-25,2,5.751238373127855,5.738336279360567,5.738963309654775,5.736249645098589,5.738512317384077
171,2026-08-25,3,5.767383094248564,5.739615359821163,5.739698805059435,5.736249645098589,5.739643653526821
171,2026-08-25,4,5.758428495032633,5.740772433736961,5.740776026719877,5.736249645098589,5.740774989669565
171,2026-08-25,5,5.784225117369096,5.741084924574841,5.741602003636226,5.736249645098589,5.74190632581231
171,2026-08-25,6,5.78370207153677,5.741900617746266,5.742216140603674,5.736249645098589,5.743037661955054
171,2026-08-25,7,5.793653621382972,5.742806852934018,5.74319666563424,5.736249645098589,5.744168998097798
171,2026-08-25,8,5.768227245214021,5.744010840058961,5.744049912115135,5.736249645098589,5.745300334240542
171,2026-08-25,9,5.756438177742296,5.744733468265523,5.744660431138766,5.736249645098589,5.746431670383286
171,2026-08-25,10,5.7536514101961265,5.746607444780685,5.746686729576979,5.736249645098589,5.747563006526031
172,2026-08-26,1,5.751238373127855,5.747659553154062,5.748472315244337,5.7476398966640865,5.74877123280683
172,2026-08-26,2,5.767383094248564,5.748953014450503,5.749591568433302,5.7476398966640865,5.749902568949575
172,2026-08-26,3,5.758428495032633,5.749951329012484,5.750276605889044,5.7476398966640865,5.751033905092319
172,2026-08-26,4,5.784225117369096,5.750805920900498,5.751561033091245,5.7476398966640865,5.752165241235063
172,2026-08-26,5,5.78370207153677,5.751184493459197,5.7525831133496474,5.7476398966640865,5.7532965773778075
172,2026-08-26,6,5.793653621382972,5.752395485400983,5.753555802409184,5.7476398966640865,5.754427913520551
172,2026-08-26,7,5.768227245214021,5.753198345604317,5.754912568051892,5.7476398966640865,5.755559249663296
172,2026-08-26,8,5.756438177742296,5.754436011406357,5.755647289960585,5.7476398966640865,5.75669058580604
172,2026-08-26,9,5.7536514101961265,5.755267472203292,5.756756724976505,5.7476398966640865,5.757821921948784
172,2026-08-26,10,5.788644343264395,5.757340587656303,5.758409736947015,5.7476398966640865,5.758953258091529
173,2026-08-27,1,5.767383094248564,5.750553325819125,5.75331951840029,5.751238373127855,5.7523697092705985
173,2026-08-27,2,5.758428495032633,5.751470394913397,5.755529616208386,5.751238373127855,5.753501045413343
173,2026-08-27,3,5.784225117369096,5.753017863147587,5.756297380364206,5.751238373127855,5.754632381556087
173,2026-08-27,4,5.78370207153677,5.75256601191798,5.756169857095532,5.751238373127855,5.755763717698831
173,2026-08-27,5,5.793653621382972,5.7534228510168655,5.758416903458654,5.751238373127855,5.756895053841576
173,2026-08-27,6,5.768227245214021,5.7560666733685375,5.758733763110941,5.751238373127855,5.75802638998432
173,2026-08-27,7,5.756438177742296,5.7574628659939036,5.761607028976924,5.751238373127855,5.759157726127064
173,2026-08-27,8,5.7536514101961265,5.759027339023837,5.763219372196481,5.751238373127855,5.760289062269808
173,2026-08-27,9,5.788644343264395,5.761286534776713,5.765053973840337,5.751238373127855,5.761420398412552
173,2026-08-27,10,5.805947858353026,5.763896532627082,5.7664498070871275,5.751238373127855,5.762551734555297
174,2026-08-28,1,5.758428495032633,5.766876755964727,5.767301850605483,5.767383094248564,5.768514430391308
174,2026-08-28,2,5.784225117369096,5.768061493564548,5.768580886253234,5.767383094248564,5.769645766534053
174,2026-08-28,3,5.78370207153677,5.7687660484736725,5.769127169129977,5.767383094248564,5.770777102676797
174,2026-08-28,4,5.793653621382972,5.769670630330217,5.770444821771876,5.767383094248564,5.7719084388195405
174,2026-08-28,5,5.768227245214021,5.769989029858391,5.770255200527463,5.767383094248564,5.773039774962285
174,2026-08-28,6,5.756438177742296,5.771204263693514,5.771551650417304,5.767383094248564,5.774171111105029
174,2026-08-28,7,5.7536514101961265,5.771761774158344,5.772723616356507,5.767383094248564,5.775302447247774
174,2026-08-28,8,5.788644343264395,5.77290475115029,5.774458230180912,5.767383094248564,5.776433783390518
174,2026-08-28,9,5.805947858353026,5.773554491995497,5.776398482995138,5.767383094248564,5.777565119533262
174,2026-08-28,10,5.808382661053776,5.775674405195242,5.777593775552471,5.767383094248564,5.778696455676006
175,2026-08-31,1,5.784225117369096,5.758810119353326,5.759850507446748,5.758428495032633,5.759559831175377
175,2026-08-31,2,5.78370207153677,5.759921193103435,5.761735104751972,5.758428495032633,5.760691167318122
175,2026-08-31,3,5.793653621382972,5.76110362203894,5.76254699408656,5.758428495032633,5.761822503460865
175,2026-08-31,4,5.768227245214021,5.761721973238377,5.763612737966032,5.758428495032633,5.762953839603609
175,2026-08-31,5,5.756438177742296,5.762467774502443,5.764142416735166,5.758428495032633,5.764085175746354
175,2026-08-31,6,5.7536514101961265,5.763791012255246,5.764706302958362,5.758428495032633,5.765216511889098
175,2026-08-31,7,5.788644343264395,5.764753724107229,5.76615331320316,5.758428495032633,5.766347848031843
175,2026-08-31,8,5.805947858353026,5.765875512944135,5.767348079392036,5.758428495032633,5.7674791841745865
175,2026-08-31,9,5.808382661053776,5.766836101440942,5.768449830683821,5.758428495032633,5.76861052031733
175,2026-08-31,10,5.80314502745797,5.768776812309583,5.770090315201819,5.758428495032633,5.769741856460075
176,2026-09-01,1,5.78370207153677,5.784215605842899,5.783552853982479,5.784225117369096,5.78535645351184
176,2026-09-01,2,5.793653621382972,5.785482189650691,5.784267623811589,5.784225117369096,5.7864877896545845
176,2026-09-01,3,5.768227245214021,5.78573267571479,5.784763517564352,5.784225117369096,5.787619125797328
176,2026-09-01,4,5.756438177742296,5.787385887956383,5.786667149234658,5.784225117369096,5.788750461940072
176,2026-09-01,5,5.7536514101961265,5.787315766474428,5.78619574457002,5.784225117369096,5.789881798082817
176,2026-09-01,6,5.788644343264395,5.78732717557643,5.788155763497824,5.784225117369096,5.791013134225561
176,2026-09-01,7,5.805947858353026,5.787359751777275,5.7886677947645255,5.784225117369096,5.792144470368306
176,2026-09-01,8,5.808382661053776,5.788421957193691,5.79001125610144,5.784225117369096,5.7932758065110495
176,2026-09-01,9,5.80314502745797,5.788272764670521,5.7917511709787854,5.784225117369096,5.794407142653793
176,2026-09-01,10,5.806369157781477,5.790372514279897,5.793057963001621,5.784225117369096,5.795538478796538
177,2026-09-02,1,5.793653621382972,5.784294996847979,5.784154542993659,5.78370207153677,5.784833407679514
177,2026-09-02,2,5.768227245214021,5.785648711859962,5.785250757125742,5.78370207153677,5.785964743822259
177,2026-09-02,3,5.756438177742296,5.78626650267989,5.785958849768071,5.78370207153677,5.787096079965003
177,2026-09-02,4,5.7536514101961265,5.787550083547006,5.7875727555983705,5.78370207153677,5.7882274161077465
177,2026-09-02,5,5.788644343264395,5.787920177719927,5.787693931627601,5.78370207153677,5.789358752250491
177,2026-09-02,6,5.805947858353026,5.788022216018945,5.789039500481928,5.78370207153677,5.790490088393235
177,2026-09-02,7,5.808382661053776,5.7884199742408144,5.789923361142028,5.78370207153677,5.79162142453598
177,2026-09-02,8,5.80314502745797,5.789685237456417,5.790895070741678,5.78370207153677,5.792752760678724
177,2026-09-02,9,5.806369157781477,5.789810462150963,5.792068176416022,5.78370207153677,5.7938840968214675
177,2026-09-02,10,5.820082930352362,5.79186666330974,5.79371700838455,5.78370207153677,5.795015432964212
178,2026-09-03,1,5.768227245214021,5.793639838477462,5.7945266590843145,5.793653621382972,5.7947849575257155
178,2026-09-03,2,5.756438177742296,5.794945736724906,5.79571252371987,5.793653621382972,5.79591629366846
178,2026-09-03,3,5.7536514101961265,5.795610659052378,5.796647518827672,5.793653621382972,5.797047629811204
178,2026-09-03,4,5.788644343264395,5.796218802557353,5.797961278444956,5.793653621382972,5.798178965953948
178,2026-09-03,5,5.805947858353026,5.79680393160142,5.798934430886819,5.793653621382972,5.799310302096693
178,2026-09-03,6,5.808382661053776,5.797805541075216,5.799981085370452,5.793653621382972,5.800441638239437
178,2026-09-03,7,5.80314502745797,5.79842278793728,5.801672180376203,5.793653621382972,5.801572974382181
178,2026-09-03,8,5.806369157781477,5.799774365361994,5.802421229987599,5.793653621382972,5.802704310524925
178,2026-09-03,9,5.820082930352362,5.800514077626106,5.803945393061274,5.793653621382972,5.803835646667669
178,2026-09-03,10,5.817498004423322,5.802831172595572,5.805351722877506,5.793653621382972,5.804966982810414
179,2026-09-04,1,5.756438177742296,5.76939149932983,5.770963908101409,5.768227245214021,5.769358581356765
179,2026-09-04,2,5.7536514101961265,5.770495888521664,5.773349321492712,5.768227245214021,5.77048991749951
179,2026-09-04,3,5.788644343264395,5.7720990922565125,5.774495680394699,5.768227245214021,5.7716212536422535
179,2026-09-04,4,5.805947858353026,5.772357796788244,5.774928107445867,5.768227245214021,5.772752589784997
179,2026-09-04,5,5.808382661053776,5.773419407157234,5.776456506282133,5.768227245214021,5.773883925927742
179,2026-09-04,6,5.80314502745797,5.774590029440961,5.776690146694474,5.768227245214021,5.775015262070486
179,2026-09-04,7,5.806369157781477,5.776042907686866,5.778333108764282,5.768227245214021,5.776146598213231
179,2026-09-04,8,5.820082930352362,5.777055330850313,5.779174558373399,5.768227245214021,5.777277934355975
179,2026-09-04,9,5.817498004423322,5.778214375290513,5.779510907598764,5.768227245214021,5.778409270498718
179,2026-09-04,10,5.825941140999867,5.78014809010052,5.781490036796142,5.768227245214021,5.779540606641463
180,2026-09-08,1,5.7536514101961265,5.7579571670490255,5.759031576739982,5.756438177742296,5.75756951388504
180,2026-09-08,2,5.788644343264395,5.758694604003008,5.761323512727689,5.756438177742296,5.758700850027784
180,2026-09-08,3,5.805947858353026,5.7603250653328475,5.762375141728977,5.756438177742296,5.759832186170528
180,2026-09-08,4,5.808382661053776,5.760628818742625,5.763015908765625,5.756438177742296,5.760963522313272
180,2026-09-08,5,5.80314502745797,5.761693223783635,5.764566503535031,5.756438177742296,5.762094858456017
180,2026-09-08,6,5.806369157781477,5.7629714618503405,5.764443028749211,5.756438177742296,5.763226194598761
180,2026-09-08,7,5.820082930352362,5.764418392979304,5.765817979794451,5.756438177742296,5.764357530741505
180,2026-09-08,8,5.817498004423322,5.764984593742115,5.7667910179416655,5.756438177742296,5.765488866884249
180,2026-09-08,9,5.825941140999867,5.7659645127045085,5.767061878176361,5.756438177742296,5.766620203026993
180,2026-09-08,10,5.8282100530312535,5.767324032804451,5.768832971115704,5.756438177742296,5.767751539169738
181,2026-09-09,1,5.788644343264395,5.755177361404468,5.755607195112983,5.7536514101961265,5.75478274633887
181,2026-09-09,2,5.805947858353026,5.75573794713249,5.757420418548628,5.7536514101961265,5.755914082481615
181,2026-09-09,3,5.808382661053776,5.757074041646522,5.758390746978467,5.7536514101961265,5.757045418624359
181,2026-09-09,4,5.80314502745797,5.7575771990942375,5.759401876554207,5.7536514101961265,5.758176754767103
181,2026-09-09,5,5.806369157781477,5.758585218118496,5.7607425453356695,5.7536514101961265,5.7593080909098475
181,2026-09-09,6,5.820082930352362,5.759740461714247,5.760697982538312,5.7536514101961265,5.760439427052591
181,2026-09-09,7,5.817498004423322,5.76095242494159,5.761766799381945,5.7536514101961265,5.761570763195336
181,2026-09-09,8,5.825941140999867,5.761237447877948,5.762683641711548,5.7536514101961265,5.76270209933808
181,2026-09-09,9,5.8282100530312535,5.762068714023652,5.763224124645778,5.7536514101961265,5.763833435480824
181,2026-09-09,10,5.82014224317395,5.763164087221547,5.764611034735663,5.7536514101961265,5.764964771623569
182,2026-09-10,1,5.805947858353026,5.789365433091264,5.788022668615974,5.788644343264395,5.789775679407139
182,2026-09-10,2,5.808382661053776,5.790272605334566,5.788472140604685,5.788644343264395,5.790907015549884
182,2026-09-10,3,5.80314502745797,5.790301065194671,5.789186068696771,5.788644343264395,5.792038351692628
182,2026-09-10,4,5.806369157781477,5.791781073895544,5.790893834518501,5.788644343264395,5.793169687835372
182,2026-09-10,5,5.820082930352362,5.792029508677241,5.791408849963004,5.788644343264395,5.794301023978116
182,2026-09-10,6,5.817498004423322,5.791611846071543,5.793461242321958,5.788644343264395,5.79543236012086
182,2026-09-10,7,5.825941140999867,5.791649732193016,5.793772239264557,5.788644343264395,5.796563696263605
182,2026-09-10,8,5.8282100530312535,5.791983428629373,5.794655185640455,5.788644343264395,5.797695032406349
182,2026-09-10,9,5.82014224317395,5.79208761449637,5.796784738126795,5.788644343264395,5.798826368549093
182,2026-09-10,10,5.81687307634895,5.793814986156423,5.797660099819322,5.788644343264395,5.799957704691837
183,2026-09-11,1,5.808382661053776,5.806265717901024,5.806066161780408,5.805947858353026,5.80707919449577
183,2026-09-11,2,5.80314502745797,5.807216450345524,5.806423512246002,5.805947858353026,5.808210530638514
183,2026-09-11,3,5.806369157781477,5.807220188587013,5.807342630834541,5.805947858353026,5.809341866781258
183,2026-09-11,4,5.820082930352362,5.807849994285176,5.808696270963823,5.805947858353026,5.810473202924002
183,2026-09-11,5,5.817498004423322,5.808492063448787,5.809821494187048,5.805947858353026,5.811604539066747
183,2026-09-11,6,5.825941140999867,5.808593200564425,5.811554771508514,5.805947858353026,5.812735875209491
183,2026-09-11,7,5.8282100530312535,5.808915778269954,5.81283473552659,5.805947858353026,5.813867211352235
183,2026-09-11,8,5.82014224317395,5.809888083865836,5.813191692274124,5.805947858353026,5.814998547494979
183,2026-09-11,9,5.81687307634895,5.810306481285404,5.815694589178327,5.805947858353026,5.816129883637723
183,2026-09-11,10,5.8320877562833635,5.812354481547709,5.816246623280035,5.805947858353026,5.817261219780468
184,2026-09-14,1,5.80314502745797,5.809451104797637,5.808329926408011,5.808382661053776,5.80951399719652
184,2026-09-14,2,5.806369157781477,5.810437580667386,5.809197622038794,5.808382661053776,5.810645333339265
184,2026-09-14,3,5.820082930352362,5.810717700082334,5.809822651884714,5.808382661053776,5.8117766694820086
184,2026-09-14,4,5.817498004423322,5.812385022531065,5.811172755156613,5.808382661053776,5.812908005624752
184,2026-09-14,5,5.825941140999867,5.812685396256847,5.810841058913096,5.808382661053776,5.814039341767497
184,2026-09-14,6,5.8282100530312535,5.811573031692465,5.812642778147169,5.808382661053776,5.815170677910241
184,2026-09-14,7,5.82014224317395,5.811769505360856,5.813204554590415,5.808382661053776,5.816302014052986
184,2026-09-14,8,5.81687307634895,5.812735442277926,5.814702237652232,5.808382661053776,5.81743335019573
184,2026-09-14,9,5.8320877562833635,5.812359002124554,5.816368101712927,5.808382661053776,5.8185646863384735
184,2026-09-14,10,5.824228609695674,5.8139747436757965,5.817692261559336,5.808382661053776,5.819696022481218
185,2026-09-15,1,5.806369157781477,5.804675347699672,5.803998384292318,5.80314502745797,5.804276363600714
185,2026-09-15,2,5.820082930352362,5.8056709061987455,5.805121487152755,5.80314502745797,5.8054076997434585
185,2026-09-15,3,5.817498004423322,5.806209210929506,5.805684294218434,5.80314502745797,5.806539035886202
185,2026-09-15,4,5.825941140999867,5.807547701835931,5.80702110967917,5.80314502745797,5.807670372028946
185,2026-09-15,5,5.8282100530312535,5.808028561791755,5.807185967703466,5.80314502745797,5.808801708171691
185,2026-09-15,6,5.82014224317395,5.807113620869675,5.80848972734185,5.80314502745797,5.809933044314435
185,2026-09-15,7,5.81687307634895,5.807673501196817,5.809265436435436,5.80314502745797,5.8110643804571795
185,2026-09-15,8,5.8320877562833635,5.808651598305433,5.810398177414706,5.80314502745797,5.812195716599923
185,2026-09-15,9,5.824228609695674,5.808365469699725,5.811170880690412,5.80314502745797,5.813327052742667
185,2026-09-15,10,5.7972727992143485,5.809697462889701,5.813121228072213,5.80314502745797,5.814458388885412
