"Index","AAPL","XLK","AAPL.1","XLK.1"
"2019-01-02",3.62265748959938,3.36604744776376,NA,NA
"2019-01-03",3.51773316629996,3.31426194894334,-0.104924323299422,-0.0517854988204207
"2019-01-04",3.55953610033937,3.35762792179584,0.0418029340394099,0.0433659728524995
"2019-01-07",3.55730787511619,3.36653128292887,-0.0022282252231749,0.00890336113302892
"2019-01-08",3.57619146317666,3.3748767511618,0.0188835880604654,0.00834546823293314
"2019-01-09",3.59303096149177,3.38773893299033,0.0168394983151097,0.0128621818285346
"2019-01-10",3.59622181248278,3.39214706236915,0.00319085099101146,0.00440812937881407
"2019-01-11",3.58635516659773,3.39026037149776,-0.00986664588504693,-0.00188669087138393
"2019-01-14",3.57120385601861,3.3809314054593,-0.0151513105791286,-0.009328966038463
"2019-01-15",3.59146424657181,3.39591011834388,0.0202603905532084,0.0149787128845813
"2019-01-16",3.60360641408453,3.39684865793705,0.0121421675127165,0.000938539593170251
"2019-01-17",3.60952684926045,3.40323838567289,0.00592043517592256,0.00638972773583957
"2019-01-18",3.61566725572615,3.41834822353568,0.00614040646570135,0.0151098378627879
"2019-01-22",3.59296546389422,3.40137252450653,-0.0227017918319357,-0.0169756990291479
"2019-01-23",3.59700170646531,3.40479091058386,0.00403624257109003,0.00341838607732869
"2019-01-24",3.58904385992625,3.41313168963472,-0.00795784653906262,0.00834077905086295
"2019-01-25",3.62164371558312,3.4271842925294,0.0325998556568767,0.014052602894679
"2019-01-28",3.61234616647945,3.41374673622554,-0.00929754910366754,-0.0134375563038653
"2019-01-29",3.60192720318394,3.4029278197271,-0.010418963295511,-0.0108189164984323
"2019-01-30",3.66802825212419,3.43353432199487,0.0661010489402467,0.0306065022677653
"2019-01-31",3.67520356213119,3.43247870811009,0.00717531000699978,-0.00105561388478348
"2019-02-01",3.67568404606923,3.43834570535704,0.000480483938041676,0.00586699724695405
"2019-02-04",3.70369304767815,3.45426730532359,0.0280090016089183,0.0159215999665467
"2019-02-05",3.72065824040055,3.46264707374519,0.0169651927224002,0.00837976842159938
"2019-02-06",3.72100259022199,3.46600813975722,0.000344349821438161,0.00336106601203046
"2019-02-07",3.70188126351613,3.45219895539261,-0.019121326705855,-0.0138091843646033
"2019-02-08",3.70305557316095,3.45795129574679,0.00117430964481535,0.00575234035417704
"2019-02-11",3.69728840418655,3.45750986070143,-0.0057671689744021,-0.00044143504536498
"2019-02-12",3.70586850899114,3.47066614629591,0.00858010480459503,0.0131562855944813
"2019-02-13",3.70170512046756,3.47197216273307,-0.00416338852357789,0.00130601643716455
"2019-02-14",3.70534171520372,3.47371118429845,0.00363659473615296,0.00173902156538119
"2019-02-15",3.70311443109699,3.48164295757993,-0.00222728410672435,0.00793177328147943
"2019-02-19",3.70610241511429,3.48192978345824,0.0029879840172975,0.00028682587830442
"2019-02-20",3.7125174448026,3.48307790522617,0.00641502968831409,0.00114812176793322
"2019-02-21",3.70686253680034,3.48350837476849,-0.0056549080022652,0.000430469542315848
"2019-02-22",3.71796641885309,3.49618707554604,0.011103882052748,0.0126787007775553
"2019-02-25",3.72522470712357,3.50098890666404,0.00725828827048547,0.00480183111799715
"2019-02-26",3.72579848675324,3.50310000614368,0.000573779629668536,0.00211109947963894
"2019-02-27",3.72889109230801,3.50211536565032,0.00309260555476421,-0.000984640493353783
"2019-02-28",3.71900652179056,3.49929660484945,-0.00988457051744263,-0.00281876080087384
"2019-03-01",3.72946295584158,3.506047780355,0.0104564340510156,0.00675117550555404
"2019-03-04",3.73447999121926,3.50225617004595,0.00501703537767906,-0.00379161030905095
"2019-03-05",3.73265837632232,3.49929660484945,-0.00182161489693522,-0.00295956519650309
"2019-03-06",3.72688767924227,3.49406143192625,-0.00577069708005329,-0.00523517292320452
"2019-03-07",3.71524541102346,3.48451149869966,-0.0116422682188047,-0.00954993322658781
"2019-03-08",3.71761990977108,3.48436805628744,0.00237449874761886,-0.000143442412213979
"2019-03-11",3.75167555545715,3.50562690683182,0.0340556456860663,0.0212588505443749
"2019-03-12",3.7628481256199,3.51149988916958,0.0111725701627536,0.00587298233776634
"2019-03-13",3.7672601262763,3.51803053055503,0.0044120006563948,0.00653064138544579
"2019-03-14",3.77831546726859,3.52010610817972,0.0110553409922898,0.00207557762468991
"2019-03-15",3.79123985893087,3.53213866072633,0.0129243916622794,0.0120325525466085
"2019-03-18",3.80139674438269,3.53637684288919,0.0101568854518264,0.00423818216286209
"2019-03-19",3.79344044254766,3.5384213780559,-0.00795630183503437,0.00204453516671066
"2019-03-20",3.80214085202819,3.53569458645188,0.00870040948053274,-0.00272679160402589
"2019-03-21",3.83830921920725,3.56050333800764,0.0361683671790631,0.024808751555768
"2019-03-22",3.81738362109804,3.53664983728173,-0.0209255981092182,-0.0238535007259149
"2019-03-25",3.80521872954406,3.53227574696578,-0.0121648915539803,-0.00437409031595193
"2019-03-26",3.79483336057514,3.53774062649278,-0.010385368968914,0.00546487952700048
"2019-03-27",3.80378724952162,3.53200177882335,0.0089538889464813,-0.00573884766943245
"2019-03-28",3.80511294661359,3.53610410727768,0.00132569709196506,0.00410232845433356
"2019-03-29",3.81160908729109,3.54588152864362,0.00649614067749926,0.0097774213659374
"2019-04-01",3.81837762255176,3.55943787057531,0.00676853526067545,0.0135563419316971
"2019-04-02",3.83280937724185,3.56289776818634,0.0144317546900834,0.00345989761102983
"2019-04-03",3.83964130682955,3.57096964326341,0.0068319295877024,0.00807187507706653
"2019-04-04",3.84138003386854,3.56674332861171,0.00173872703899569,-0.00422631465170209
"2019-04-05",3.84805211287253,3.57149657165432,0.00667207900398292,0.00475324304261182
"2019-04-08",3.86366552504237,3.57530916247404,0.0156134121698401,0.00381259081971752
"2019-04-09",3.86066257011482,3.57057404999123,-0.00300295492754987,-0.0047351124828019
"2019-04-10",3.86626111502272,3.57753733492658,0.00559854490790324,0.00696328493534493
"2019-04-11",3.85790187679398,3.57622732821907,-0.00835923822874252,-0.00131000670751069
"2019-04-12",3.85749967548354,3.58315117640906,-0.000402201310438333,0.00692384818998804
"2019-04-15",3.85930842947423,3.58276047981752,0.00180875399069302,-0.000390696591537232
"2019-04-16",3.85940871272424,3.58782692935415,0.000100283250004107,0.00506644953662994
"2019-04-17",3.87869441495768,3.59338377698825,0.0192857022334403,0.00555684763410014
"2019-04-18",3.88228196154498,3.59621459324332,0.00358754658730298,0.00283081625506698
"2019-04-22",3.88556287481906,3.59852512106746,0.00328091327407432,0.00231052782414576
"2019-04-23",3.89988327091198,3.60936391783254,0.0143203960929204,0.0108387967650763
"2019-04-24",3.89833972701834,3.60974394665674,-0.0015435438936362,0.000380028824201073
"2019-04-25",3.88922324595139,3.60949050690764,-0.00911648106695262,-0.000253439749101858
"2019-04-26",3.88443775493986,3.60567900615231,-0.0047854910115297,-0.00381150075532588
"2019-04-29",3.88595418308128,3.60593320637713,0.00151642814142283,0.0002542002248207
"2019-04-30",3.86651018736132,3.60758636558318,-0.0194439957199641,0.00165315920605158
"2019-05-01",3.91442924202858,3.60504223752309,0.0479190546672679,-0.00254412806009086
"2019-05-02",3.90789990836885,3.59980636351989,-0.00652933365973762,-0.00523587400320302
"2019-05-03",3.92025479343122,3.60923689963717,0.0123548850623729,0.0094305361172764
"2019-05-06",3.90469127749408,3.60146946586233,-0.0155635159371417,-0.00776743377483458
"2019-05-07",3.87736441025461,3.57976066002514,-0.0273268672394713,-0.0217088058371901
"2019-05-08",3.8775616152126,3.57858412738666,0.000197204957993247,-0.00117653263847783
"2019-05-09",3.86675919767833,3.57175971733185,-0.0108024175342711,-0.00682441005481627
"2019-05-10",3.85280890740573,3.57491549626327,-0.0139502902725939,0.00315577893142382
"2019-05-13",3.79293204694239,3.5365133494012,-0.0598768604633486,-0.0384021468620714
"2019-05-14",3.80863832988766,3.55248129842857,0.0157062829452705,0.0159679490273703
"2019-05-15",3.82054652442449,3.56329630109305,0.0119081945368387,0.0108150026644789
"2019-05-16",3.81613683121864,3.57241781446887,-0.00440969320585127,0.00912151337581735
"2019-05-17",3.81043893630146,3.56435831567342,-0.00569789491718842,-0.00805949879544743
"2019-05-20",3.77866990675764,3.54682721228556,-0.0317690295438129,-0.017531103387864
"2019-05-21",3.79765949532383,3.5590376880885,0.0189895885661846,0.012210475802942
"2019-05-22",3.77697530963943,3.55382265461169,-0.020684185684392,-0.00521503347680552
"2019-05-23",3.75975809677024,3.53610410727768,-0.0172172128691961,-0.0177185473340136
"2019-05-24",3.75591006685201,3.53637684288919,-0.00384802991823241,0.00027273561151242
"2019-05-28",3.75176690542979,3.5335078984005,-0.00414316142221249,-0.00286894448868802
"2019-05-29",3.74698617047018,3.52760726531473,-0.00478073495960896,-0.00590063308577005
"2019-05-30",3.75215961525076,3.53378134291366,0.0051734447805738,0.00617407759892696
"2019-05-31",3.73387780461755,3.51695369313338,-0.0182818106332063,-0.0168276497802777
"2019-06-03",3.72371591967528,3.49927158987649,-0.0101618849422751,-0.0176821032568957
"2019-06-04",3.75964659395787,3.53213866072633,0.0359306742825973,0.0328670708498424
"2019-06-05",3.775661247396,3.54507029317563,0.0160146534381247,0.0129316324493041
"2019-06-06",3.79023616521442,3.55663463932457,0.0145749178184187,0.0115643461489361
"2019-06-07",3.8165051471998,3.57504662868813,0.0262689819853814,0.0184119893635621
"2019-06-10",3.82920349168966,3.5852320706639,0.012698344489857,0.0101854419757688
"2019-06-11",3.8407168437179,3.5852320706639,0.0115133520282424,0
"2019-06-12",3.83752908750661,3.57962982521805,-0.0031877562112923,-0.00560224544585308
"2019-06-13",3.83732284042228,3.58263035510282,-0.000206247084327149,0.00300052988476995
"2019-06-14",3.83003420036868,3.57386464044953,-0.00728864005360341,-0.00876571465328935
"2019-06-17",3.83598271946606,3.57465307290769,0.00594851909738381,0.000788432458163513
"2019-06-18",3.85922912862139,3.59261040065942,0.0232464091553344,0.0179573277517266
"2019-06-19",3.85630242531524,3.59621459324332,-0.0029267033061493,0.00360419258389921
"2019-06-20",3.86430575181241,3.61075778563935,0.00800332649716662,0.0145431923960331
"2019-06-21",3.86089055786454,3.6060185816013,-0.00341519394787548,-0.00473920403805472
"2019-06-24",3.85988409700516,3.60793242925718,-0.0010064608593785,0.00191384765588731
"2019-06-25",3.8446102404188,3.58940851356176,-0.0152738565863548,-0.0185239156954276
"2019-06-26",3.86600886506036,3.60012688678337,0.0213986246415616,0.0107183732216178
"2019-06-27",3.86570860626667,3.6026930984726,-0.000300258793693775,0.00256621168922466
"2019-06-28",3.85655495791162,3.60256471025139,-0.00915364835504917,-0.000128388221205089
"2019-07-01",3.87472941367521,3.61832914426385,0.0181744557635866,0.0157644340124539
"2019-07-02",3.88056707549264,3.62097477985672,0.00583766181743295,0.00264563559286923
"2019-07-03",3.8888197845469,3.62861928404248,0.00825270905425635,0.00764450418576912
"2019-07-05",3.88793859865122,3.6267448608864,-0.000881185895676317,-0.00187442315608211
"2019-07-08",3.86710933587954,3.6190857546406,-0.0208292627716764,-0.00765910624579957
"2019-07-09",3.87319014429664,3.62260878181287,0.00608080841709446,0.00352302717226705
"2019-07-10",3.88303000454712,3.63049009920712,0.00983986025047834,0.0078813173942498
"2019-07-11",3.87572120924115,3.63422146376439,-0.00730879530596251,0.00373136455726808
"2019-07-12",3.88337472832157,3.64151949820763,0.00765351908041279,0.00729803444324206
"2019-07-15",3.89272591743969,3.64484163055834,0.00935118911812394,0.00332213235071377
"2019-07-16",3.88926008648247,3.63546243259996,-0.00346583095722153,-0.00937919795838704
"2019-07-17",3.88362083078787,3.63285500026205,-0.00563925569460322,-0.00260743233791105
"2019-07-18",3.89491630445336,3.64028602790691,0.0112954736654904,0.00743102764486459
"2019-07-19",3.87987619990562,3.63595806749294,-0.015040104547742,-0.00432796041396788
"2019-07-22",3.90247307886903,3.64741783631739,0.0225968789634154,0.0114597688244427
"2019-07-23",3.91026035974092,3.6529159731402,0.00778728087188929,0.00549813682281552
"2019-07-24",3.90944598781759,3.66116735817391,-0.000814371923327339,0.00825138503371203
"2019-07-25",3.90150739948067,3.65705012707642,-0.00793858833692562,-0.00411723109749351
"2019-07-26",3.90497921309808,3.65923199533174,0.00347181361741544,0.00218186825531896
"2019-07-29",3.91427442111512,3.65862657293582,0.00929520801703987,-0.000605422395919319
"2019-07-30",3.90997279421879,3.6521845401418,-0.0043016268963294,-0.00644203279401667
"2019-07-31",3.93017175392458,3.63694870137608,0.0201989597057866,-0.015235838765725
"2019-08-01",3.90829513353323,3.6318596949066,-0.0218766203913519,-0.00508900646948129
"2019-08-02",3.88691003548755,3.61542352387944,-0.0213850980456769,-0.0164361710271521
"2019-08-05",3.83314221503719,3.57278215396081,-0.053767820450358,-0.0426413699186314
"2019-08-06",3.85189580130663,3.58927893504152,0.0187535862694337,0.016496781080706
"2019-08-07",3.86219773311776,3.59549209186891,0.0103019318111346,0.0062131568273891
"2019-08-08",3.88401391957178,3.61971558782719,0.0218161864540205,0.0242234959582874
"2019-08-09",3.87573932628318,3.6083141394309,-0.00827459328860192,-0.0114014483962954
"2019-08-12",3.87319878958715,3.59510524543845,-0.00254053669603005,-0.01320889399245
"2019-08-13",3.91467504900423,3.61984179299087,0.0414762594170766,0.0247365475524197
"2019-08-14",3.88445806754138,3.58862899826022,-0.0302169814628441,-0.0312127947306529
"2019-08-15",3.87946414093792,3.58680846678344,-0.00499392660345865,-0.00182053147677541
"2019-08-16",3.90278460066088,3.60563526849368,0.0233204597229597,0.0188268017102429
"2019-08-19",3.92125720098721,3.62072274156332,0.0184726003263305,0.0150874730696375
"2019-08-20",3.9213045964712,3.61567720898534,4.73954839894652e-05,-0.00504553257797946
"2019-08-21",3.93208477416439,3.62736989004172,0.0107801776931851,0.0116926810563789
"2019-08-22",3.93123807156315,3.62499216944357,-0.000846702601240423,-0.00237772059815455
"2019-08-23",3.88391521066536,3.59135396412089,-0.0473228608977836,-0.0336382053226716
"2019-08-26",3.9027361652013,3.60512426678394,0.0188209545359324,0.0137703026630467
"2019-08-27",3.89138820977131,3.60358969304766,-0.0113479554299842,-0.00153457373627885
"2019-08-28",3.89807610026773,3.60448496563458,0.0066878904964196,0.00089527258692268
"2019-08-29",3.91486617353758,3.62172918793521,0.0167900732698509,0.0172442223006297
"2019-08-30",3.91357369762488,3.62147744175075,-0.00129247591269754,-0.000251746184463997
"2019-09-03",3.89890318178488,3.60920591714196,-0.0146705158400047,-0.0122715246087863
"2019-09-04",3.91572707438682,3.62611923773627,0.0168238926019417,0.0169133205943082
"2019-09-05",3.93509024162161,3.64680481888079,0.0193631672347832,0.0206855811445141
"2019-09-06",3.93499622435897,3.64594636085522,-9.40172626364699e-05,-0.000858458025569053
"2019-09-09",3.9392542095919,3.63843356684943,0.00425798523293519,-0.00751279400578975
"2019-09-10",3.95099808059863,3.63335213047976,0.0117438710067286,-0.0050814363696654
"2019-09-11",3.98229817616268,3.64373517962579,0.0313000955640512,0.0103830491460242
"2019-09-12",3.98005941582712,3.64913149475203,-0.00223876033556669,0.00539631512624217
"2019-09-13",3.9604138182203,3.6417659498181,-0.0196455976068215,-0.00736554493392649
"2019-09-16",3.96565727326567,3.63929859599684,0.00524345504537793,-0.00246735382126362
"2019-09-17",3.96928836070677,3.64336635658422,0.00363108744109875,0.0040677605873789
"2019-09-18",3.978624102887,3.64324328551471,0.00933574218022759,-0.000123071069505265
"2019-09-19",3.97046600693822,3.6454552546765,-0.00815809594877503,0.00221196916178457
"2019-09-20",3.95573992669525,3.63372526951366,-0.0147260802429745,-0.0117299851628396
"2019-09-23",3.96027657022699,3.6368354869352,0.00453664353173622,0.00311021742154205
"2019-09-24",3.9555102925546,3.62710008281734,-0.0047662776723878,-0.00973540411785567
"2019-09-25",3.97078273741892,3.63894477441945,0.0152724448643227,0.0118446916021111
"2019-09-26",3.96561171707007,3.64005943949288,-0.00517102034884909,0.00111466507342461
"2019-09-27",3.96073382074642,3.62659831156448,-0.00487789632365665,-0.0134611279284016
"2019-09-30",3.98399613206054,3.63708369811587,0.0232623113141286,0.0104853865513919
"2019-10-01",3.98676071656282,3.62772681630607,0.00276458450227812,-0.00935688180980421
"2019-10-02",3.96137337351715,3.60874623070406,-0.0253873430456704,-0.0189805856020038
"2019-10-03",3.96983210084624,3.62093497244294,0.0084587273290917,0.0121887417388749
"2019-10-04",3.99747830811424,3.6373321489399,0.0276462072679995,0.0163971764969673
"2019-10-07",3.99769850543406,3.63310218453343,0.000220197319820592,-0.00422996440647339
"2019-10-08",3.98591451368197,3.6146051766753,-0.0117839917520985,-0.0184970078581306
"2019-10-09",3.99756642087622,3.62935489234041,0.0116519071942576,0.0147497156651082
"2019-10-10",4.01095460514259,3.6362144379998,0.013388184266371,0.00685954565938829
"2019-10-11",4.03720549095416,3.64991543713735,0.0262508858115664,0.0137009991375523
"2019-10-14",4.03576494960483,3.64930206419988,-0.00144054134933302,-0.000613372937466661
"2019-10-15",4.03343058157334,3.66028199211935,-0.00233436803148646,0.0109799279194696
"2019-10-16",4.02938535256412,3.65334206606485,-0.00404522900922188,-0.00693992605450067
"2019-10-17",4.03326055727554,3.65138564256208,0.00387520471141922,-0.0019564235027727
"2019-10-18",4.03805177721487,3.641791441346,0.00479121993933163,-0.0095942012160819
"2019-10-21",4.05524581530414,3.65248653372211,0.0171940380892694,0.0106950923761118
"2019-10-22",4.05295660054801,3.63894477441945,-0.00228921475612953,-0.0135417593026532
"2019-10-23",4.06628607082049,3.6398118657543,0.0133294702724811,0.000867091334847192
"2019-10-24",4.06792941061047,3.6543192885829,0.00164333978998066,0.0145074228285993
"2019-10-25",4.08017083448006,3.66633021470175,0.0122414238695852,0.0120109261188497
"2019-10-28",4.09013797045878,3.67891365454372,0.00996713597872567,0.0125834398419649
"2019-10-29",4.06673825363988,3.66982139590138,-0.0233997168189006,-0.00909225864233409
"2019-10-30",4.06661504640709,3.67593207525543,-0.000123207232793021,0.0061106793540513
"2019-10-31",4.08897260750119,3.67533416912666,0.0223575610941014,-0.000597906128770642
"2019-11-01",4.11695808291275,3.68721524354532,0.0279854754115565,0.0118810744186599
"2019-11-04",4.12350396368544,3.69239841703807,0.00654588077269569,0.005183173492743
"2019-11-05",4.12206604282822,3.69122293556821,-0.00143792085722261,-0.0011754814698568
"2019-11-06",4.12249357508304,3.69075214639954,0.000427532254824392,-0.00047078916866683
"2019-11-07",4.13396875714722,3.69860648694008,0.0114751820641787,0.00785434054053535
"2019-11-08",4.13670193750043,3.70419563469664,0.0027331803532098,0.00558914775656216
"2019-11-11",4.144589428936,3.70465995088016,0.00788749143556711,0.000464316183525604
"2019-11-12",4.14367378550402,3.70802016201018,-0.00091564343198236,0.00336021113001728
"2019-11-13",4.15320970488574,3.71021555400984,0.0095359193817206,0.00219539199965446
"2019-11-14",4.14626610516339,3.70906074930647,-0.00694359972234704,-0.00115480470337026
"2019-11-15",4.15807565097896,3.71711688738571,0.0118095458155691,0.00805613807924521
"2019-11-18",4.16310525275866,3.72009287273064,0.00502960177970113,0.00297598534492893
"2019-11-19",4.16006803661905,3.72203382170815,-0.00303721613961461,0.00194094897751107
"2019-11-20",4.14835821567709,3.71596993667449,-0.0117098209419515,-0.00606388503365807
"2019-11-21",4.14386476244909,3.71090790920552,-0.00449345322800099,-0.00506202746896989
"2019-11-22",4.14298654772776,3.70963817824269,-0.000878214721334203,-0.0012697309628309
"2019-11-25",4.16036840036144,3.72408472164813,0.0173818526336778,0.0144465434054393
"2019-11-26",4.15252899162645,3.72499504786672,-0.00783940873498512,0.000910326218592328
"2019-11-27",4.16587168857504,3.73055228286113,0.0133426969485839,0.00555723499441019
"2019-11-29",4.16366657943157,3.7276074914779,-0.00220510914346228,-0.00294479138323833
"2019-12-02",4.15203723708485,3.71321211780795,-0.0116293423467217,-0.014395373669942
"2019-12-03",4.13404617837628,3.70431171047885,-0.0179910587085743,-0.00890040732910036
"2019-12-04",4.14283356216515,3.70836711359409,0.008787383788877,0.004055403115232
"2019-12-05",4.15739806402775,3.71206049081448,0.0145645018625924,0.00369337722039775
"2019-12-06",4.17653024046002,3.72305984353328,0.0191321764322767,0.0109993527187955
"2019-12-09",4.16243088820945,3.71780485308778,-0.0140993522505726,-0.00525499044550015
"2019-12-10",4.1682582020819,3.71860603340597,0.00582731387245339,0.000801180318190209
"2019-12-11",4.17675181459053,3.72533606873456,0.00849361250862923,0.00673003532859484
"2019-12-12",4.1792969786263,3.73596617748822,0.00254516403576766,0.0106301087536527
"2019-12-13",4.19279819301331,3.74258094970446,0.0135012143870066,0.0066147722162464
"2019-12-16",4.20977169358443,3.75148082678147,0.0169735005711233,0.00889987707701012
"2019-12-17",4.21173474818987,3.74915216429247,0.00196305460544188,-0.0023286624890031
"2019-12-18",4.20934244128027,3.74904099911518,-0.0023923069096039,-0.000111165177291817
"2019-12-19",4.21034298865132,3.75623188168713,0.00100054737105459,0.00719088257195111
"2019-12-20",4.20826952488574,3.76202100315203,-0.00207346376558437,0.00578912146489952
"2019-12-23",4.22445623040362,3.76487568863357,0.0161867055178808,0.00285468548153744
"2019-12-24",4.22540653170701,3.7652042627706,0.000950301303392465,0.000328574137031357
"2019-12-26",4.24505282645026,3.77262965127445,0.0196462947432448,0.0074253885038531
"2019-12-27",4.24467303145185,3.7725208902874,-0.000379794998403682,-0.000108760987050704
"2019-12-30",4.25059058382606,3.76673771209,0.00591755237421054,-0.00578317819740404
"2019-12-31",4.25787062395896,3.76990610420246,0.00728004013289407,0.00316839211246656
"2020-01-02",4.28043038334112,3.78849520771406,0.0225597593821645,0.0185891035115962
"2020-01-03",4.27066116991347,3.77718827359157,-0.00976921342765813,-0.0113069341224854
"2020-01-06",4.27859756234492,3.77956830347195,0.00793639243145972,0.00238002988038133
"2020-01-07",4.27388345596748,3.77913593643256,-0.00471410637744363,-0.00043236703938998
"2020-01-08",4.28984158289301,3.78977941945574,0.0159581269255336,0.010643483023173
"2020-01-09",4.31085985147396,3.80105163468548,0.0210182685809412,0.011272215229746
"2020-01-10",4.31311812574551,3.79872224941862,0.00225827427155867,-0.00232938526686821
"2020-01-13",4.33425762501221,3.81115145323594,0.0211394992666936,0.0124292038173213
"2020-01-14",4.32066229006737,3.80642985094985,-0.0135953349448341,-0.00472160228608232
"2020-01-15",4.31636749075589,3.80758581351136,-0.00429479931147991,0.00115596256151029
"2020-01-16",4.32881632518559,3.82094305472276,0.0124488344296969,0.0133572412113923
"2020-01-17",4.33982636650747,3.82765829714655,0.0110100413218781,0.00671524242379462
"2020-01-21",4.33302655429329,3.82724656695693,-0.00679981221418391,-0.000411730189619153
"2020-01-22",4.33658968789254,3.830845188226,0.00356313359925498,0.00359862126906574
"2020-01-23",4.34139390672517,3.83555562599036,0.00480421883262938,0.00471043776436586
"2020-01-24",4.33850781083846,3.830845188226,-0.00288609588671296,-0.00471043776436586
"2020-01-27",4.3086612256848,3.80674539242104,-0.0298465851536607,-0.024099795804958
"2020-01-28",4.3365579508018,3.82570008990305,0.027896725117003,0.018954697482009
"2020-01-29",4.3572742201474,3.82827586510695,0.0207162693456011,0.00257577520390262
"2020-01-30",4.35582411036712,3.83688266603771,-0.0014501097802766,0.00860680093075405
"2020-01-31",4.31047228811494,3.80905567754871,-0.045351822252182,-0.0278269884889966
"2020-02-03",4.3077221569612,3.82218604043504,-0.00275013115373923,0.0131303628863289
"2020-02-04",4.34020272076311,3.84804235274157,0.032480563801907,0.0258563123065341
"2020-02-05",4.34832388788751,3.85387668958191,0.00812116712439881,0.00583433684033885
"2020-02-06",4.35995309355391,3.86296278908135,0.0116292056664022,0.00908609949944328
"2020-02-07",4.34626698141128,3.85377649695564,-0.0136861121426319,-0.00918629212571354
"2020-02-10",4.35100556503352,3.867227590565,0.00473858362224266,0.0134510936093637
"2020-02-11",4.34495363032672,3.86385696362301,-0.00605193470680376,-0.00337062694198975
"2020-02-12",4.36842392724652,3.87462289349573,0.0234702969198022,0.0107659298727172
"2020-02-13",4.36127728366514,3.87196683595653,-0.00714664358138251,-0.00265605753920317
"2020-02-14",4.36152388365565,3.87629161984785,0.000246599990512131,0.00432478389131674
"2020-02-18",4.34304357943495,3.8725576456521,-0.0184803042207022,-0.00373397419574406
"2020-02-19",4.35742240948125,3.88439916770329,0.014378830046299,0.0118415220511849
"2020-02-20",4.34711041797752,3.87393503061144,-0.0103119915037295,-0.0104641370918421
"2020-02-21",4.32421511094739,3.85126541349838,-0.0228953070301312,-0.0226696171130603
"2020-02-24",4.27554969709876,3.80905567754871,-0.0486654138486218,-0.0422097359496747
"2020-02-25",4.24109059767202,3.77653849996765,-0.034459099426746,-0.0325171775810595
"2020-02-26",4.25682985824005,3.78107963932029,0.0157392605680338,0.00454113935264422
"2020-02-27",4.18922705769811,3.72563303369966,-0.067602800541942,-0.0554466056206313
"2020-02-28",4.188641947385,3.73324359920166,-0.000585110313107151,0.00761056550200045
"2020-03-02",4.27766009524236,3.7894586504628,0.0890181478573568,0.0562150512611326
"2020-03-03",4.24538590343622,3.75074241230475,-0.0322741918061391,-0.0387162381580448
"2020-03-04",4.29072653879549,3.79276925760956,0.0453406353592669,0.0420268453048069
"2020-03-05",4.25775206116022,3.76070062048036,-0.0329744776352685,-0.0320686371291985
"2020-03-06",4.24438294682357,3.73933579709803,-0.0133691143366521,-0.0213648233823296
"2020-03-09",4.16198771411094,3.66037972887568,-0.0823952327126269,-0.0789560682223467
"2020-03-10",4.23153430478755,3.72494877852552,0.0695465906766106,0.0645690496498394
"2020-03-11",4.19618597653493,3.67655772049058,-0.0353483282526197,-0.0483910580349449
"2020-03-12",4.09220827675967,3.57385490415076,-0.103977699775264,-0.102702816339818
"2020-03-13",4.20536582914126,3.68478726837376,0.11315755238159,0.110932364223
"2020-03-16",4.06765754734061,3.53612466224742,-0.137708281800644,-0.148662606126343
"2020-03-17",4.11068842767951,3.60198909974129,0.0430308803388977,0.0658644374938744
"2020-03-18",4.08590399096979,3.5635835572415,-0.0247844367097168,-0.0384055424997864
"2020-03-19",4.07821215902674,3.56719720336913,-0.00769183194304901,0.00361364612762927
"2020-03-20",4.01262215798942,3.52028921668071,-0.0655900010373243,-0.0469079866884243
"2020-03-23",3.99114901451622,3.51111274717641,-0.0214731434731976,-0.00917646950430084
"2020-03-24",4.08675484878137,3.60861551721333,0.0956058342651471,0.0975027700369204
"2020-03-25",4.08123099998101,3.60732637706446,-0.00552384880035817,-0.00128914014886927
"2020-03-26",4.13251607465971,3.66741195902815,0.0512850746787024,0.0600855819636905
"2020-03-27",4.09023233083659,3.62116358831263,-0.0422837438231278,-0.0462483707155217
"2020-03-30",4.11837065227994,3.66241844218353,0.0281383214433575,0.0412548538708961
"2020-03-31",4.11632780193001,3.6435601653044,-0.00204285034992946,-0.0188582768791261
"2020-04-01",4.06227593601394,3.59473281412978,-0.0540518659160751,-0.0488273511746198
"2020-04-02",4.07882494789824,3.61784987986103,0.0165490118842992,0.0231170657312503
"2020-04-03",4.06434911961291,3.60228199014101,-0.014475828285331,-0.0155678897200184
"2020-04-06",4.14798914620091,3.68415812872827,0.0836400265880037,0.0818761385872553
"2020-04-07",4.13633926972452,3.67515725103928,-0.011649876476393,-0.00900087768899116
"2020-04-08",4.16161175327728,3.7016858191026,0.0252724835527625,0.0265285680633207
"2020-04-09",4.16880224462887,3.7019204231209,0.00719049135159189,0.000234604018301443
"2020-04-13",4.18823976029199,3.70414801718975,0.0194375156631148,0.00222759406885054
"2020-04-14",4.23750861763711,3.74521840552131,0.0492688573451261,0.0410703883315597
"2020-04-15",4.22833966681939,3.72317209154215,-0.00916895081772306,-0.0220463139791613
"2020-04-16",4.23625380704422,3.73527812466958,0.00791414022482861,0.0121060331274361
"2020-04-17",4.22259228675938,3.74847267838519,-0.0136615202848418,0.0131945537156111
"2020-04-20",4.20161700630361,3.73232221795917,-0.0209752804557697,-0.0161504604260236
"2020-04-21",4.17021893115625,3.68952021329198,-0.0313980751473517,-0.0428020046671915
"2020-04-22",4.19861554106875,3.72729991613901,0.0283966099124999,0.0377797028470335
"2020-04-23",4.19473236913699,3.72041071190752,-0.00388317193175958,-0.00688920423148787
"2020-04-24",4.22319319576692,3.74138974009622,0.0284608266299227,0.0209790281886968
"2020-04-27",4.22389986953867,3.74992800088226,0.000706673771751376,0.00853826078604092
"2020-04-28",4.20755773273258,3.73652628143952,-0.0163421368060845,-0.0134017194427396
"2020-04-29",4.23987501659628,3.77674928598407,0.0323172838636916,0.0402230045445453
"2020-04-30",4.26075165081642,3.77227411686183,0.0208766342201425,-0.00447516912223778
"2020-05-01",4.24452148887119,3.74443123684347,-0.0162301619452281,-0.0278428800183632
"2020-05-04",4.258570915891,3.75761756038324,0.0140494270198124,0.0131863235397787
"2020-05-05",4.27346832182462,3.77128887279467,0.0148974059336195,0.0136713124114283
"2020-05-06",4.28373271985495,3.77903371960392,0.0102643980303228,0.00774484680924337
"2020-05-07",4.29402447160763,3.79391749957095,0.0102917517526881,0.0148837799670298
"2020-05-08",4.31754751932383,3.80847756989529,0.0235230477162007,0.0145600703243471
"2020-05-11",4.33316035486053,3.81510285722422,0.0156128355367002,0.00662528732892653
"2020-05-12",4.32166608020913,3.79423864416359,-0.0114942746514037,-0.0208642130606349
"2020-05-13",4.30951851322205,3.77685811209629,-0.0121475669870827,-0.0173805320672917
"2020-05-14",4.31564315092023,3.78951884560546,0.00612463769817762,0.0126607335091689
"2020-05-15",4.30971362630136,3.7945594282457,-0.00592952461886753,0.00504058264023444
"2020-05-18",4.33300131445472,3.81876454478627,0.0232876881533652,0.0242051165405743
"2020-05-19",4.32720606078081,3.81510285722422,-0.00579525367390854,-0.00366168756205099
"2020-05-20",4.34646780300154,3.83677146113161,0.0192617422207251,0.0216686039073903
"2020-05-21",4.33898402930246,3.82272474705156,-0.00748377369907516,-0.0140467140800493
"2020-05-22",4.34540205883081,3.8263584328267,0.00641802952835047,0.00363368577513556
"2020-05-26",4.33860532362987,3.82532166670869,-0.00679673520094859,-0.00103676611800951
"2020-05-27",4.34295314273869,3.83101141041348,0.00434781910882265,0.00568974370479669
"2020-05-28",4.34339315141112,3.82904948581674,0.000440008672434544,-0.00196192459674505
"2020-05-29",4.34241848685834,3.84158045237384,-0.000974664552780169,0.0125309665570965
"2020-06-01",4.35464166880372,3.8412744050132,0.0122231819453757,-0.000306047360638217
"2020-06-02",4.35926053516385,3.8506238384669,0.00461886636013098,0.00934943345370787
"2020-06-03",4.3647501661383,3.85838248567646,0.0054896309744521,0.00775864720955299
"2020-06-04",4.35610083346818,3.85011805766077,-0.00864933267012624,-0.0082644280156865
"2020-06-05",4.38418361610316,3.87609107993934,0.0280827826349839,0.0259730222785652
"2020-06-08",4.39007871278922,3.8811073458771,0.00589509668606336,0.00501626593776239
"2020-06-09",4.42116835479805,3.88580601149643,0.0310896420088271,0.00469866561933463
"2020-06-10",4.44657037120427,3.90236731652754,0.025402016406221,0.0165613050311095
"2020-06-11",4.39736920583708,3.84331426127165,-0.0492011653671875,-0.059053055255891
"2020-06-12",4.40596579338268,3.85617181892589,0.00859658754559867,0.0128575576542382
"2020-06-15",4.41825711063505,3.86578252080081,0.0122913172523678,0.00961070187491586
"2020-06-16",4.44441415623016,3.88687991487719,0.0261570455951103,0.021097394076385
"2020-06-17",4.44302143799341,3.88668438267394,-0.00139271823674925,-0.000195532203246973
"2020-06-18",4.44341973483119,3.89116270840078,0.000398296837774481,0.00447832572683371
"2020-06-19",4.43768883332333,3.88424213680121,-0.00573090150785127,-0.00692057159956683
"2020-06-22",4.46351594378332,3.90290795032986,0.0258271104599839,0.0186658135286502
"2020-06-23",4.48463597666722,3.9101017579374,0.0211200328839043,0.00719380760753374
"2020-06-24",4.46682690693906,3.88728791337413,-0.0178090697281625,-0.0228138445632626
"2020-06-25",4.48001469783063,3.90001585878301,0.013187790891573,0.0127279454088729
"2020-06-26",4.44880696457141,3.88012426750637,-0.0312077332592198,-0.0198915912766329
"2020-06-29",4.4715919695832,3.89099645133846,0.0227850050117873,0.0108721838320891
"2020-06-30",4.47990496669817,3.90876299766548,0.00831299711497113,0.0177665463270138
"2020-07-01",4.47801170140913,3.91038852219453,-0.00189326528904044,0.0016255245290564
"2020-07-02",4.47801170140913,3.91619998441434,0,0.0058114622198091
"2020-07-06",4.50441036172667,3.93352770749493,0.0263986603175423,0.0173277230805886
"2020-07-07",4.50130281434019,3.92301613096868,-0.00310754738648544,-0.0105115765262496
"2020-07-08",4.52432594358905,3.93920669204586,0.0230231292488607,0.0161905610771753
"2020-07-09",4.52861715181576,3.94282070542249,0.00429120822671258,0.00361401337663292
"2020-07-10",4.53036470265749,3.94254309362795,0.00174755084173039,-0.000277611794542221
"2020-07-13",4.5257407444114,3.92159995502109,-0.00462395824609452,-0.0209431386068526
"2020-07-14",4.54215386184041,3.93306083146623,0.0164131174290105,0.0114608764451383
"2020-07-15",4.54900770189848,3.93846378836812,0.00685384005807599,0.00540295690188541
"2020-07-16",4.53662658490197,3.92603057981017,-0.0123811169965151,-0.0124332085579493
"2020-07-17",4.53460401352095,3.93091028496149,-0.0020225713810138,0.00487970515132297
"2020-07-20",4.55545901982357,3.95614363062768,0.0208550063026127,0.0252333456661864
"2020-07-21",4.54156100176337,3.94605284477305,-0.0138980180601926,-0.010090785854628
"2020-07-22",4.5443663002487,3.95404250043185,0.00280529848532485,0.00798965565879595
"2020-07-23",4.49778167199881,3.92772256049863,-0.0465846282498861,-0.0263199399332166
"2020-07-24",4.49530140186866,3.91553459380875,-0.0024802701301585,-0.0121879666898796
"2020-07-27",4.51872499944589,3.93119106971592,0.0234235975772341,0.0156564759071722
"2020-07-28",4.50216099586461,3.91942421394985,-0.0165640035812817,-0.0117668557660728
"2020-07-29",4.52114808333351,3.933807609081,0.0189870874689024,0.0143833951311518
"2020-07-30",4.53317538759957,3.93939229464494,0.012027304266061,0.00558468556394409
"2020-07-31",4.63273921935341,3.96405331376819,0.0995638317538408,0.0246610191232466
"2020-08-03",4.6576243130015,3.98838594926462,0.0248850936480869,0.0243326354964322
"2020-08-04",4.66428042066033,3.99094534883643,0.00665610765883162,0.0025593995718074
"2020-08-05",4.66789852175463,3.99464110580562,0.00361810109430305,0.00369575696918467
"2020-08-06",4.70219294600806,4.00859560770177,0.0342944242534253,0.0139545018961598
"2020-08-07",4.6791946890822,3.99358674906158,-0.0229982569258613,-0.0150088586401957
"2020-08-10",4.69362486702319,3.99076921401796,0.0144301779409899,-0.00281753504362126
"2020-08-11",4.66343383989259,3.97261919163809,-0.0301910271305932,-0.0181500223798712
"2020-08-12",4.6961280487448,3.99507996450616,0.0326942088522069,0.0224607728680772
"2020-08-13",4.71367049694003,3.99551891142391,0.0175424481952273,0.000438946917743266
"2020-08-14",4.71277909527027,3.99481663025912,-0.000891401669757208,-0.000702281164788321
"2020-08-17",4.71016468313123,4.00146815798559,-0.00261441213903968,0.00665152772646671
"2020-08-18",4.7184630397467,4.00521225478744,0.00829835661546596,0.00374409680185206
"2020-08-19",4.71971712905283,4.00399475254018,0.00125408930612814,-0.00121750224725758
"2020-08-20",4.7416638672268,4.01721936118913,0.021946738173976,0.0132246086489545
"2020-08-21",4.79191241020016,4.02984747631549,0.050248542973355,0.0126281151263541
"2020-08-24",4.80380183195517,4.03845881877716,0.0118894217550132,0.00861134246167072
"2020-08-25",4.79556434945282,4.04348972803335,-0.00823748250235212,0.00503090925618643
"2020-08-26",4.80907149861339,4.06361050145846,0.0135071491605734,0.0201207734251154
"2020-08-27",4.79704539234957,4.06442996091277,-0.0120261062638241,0.000819459454304727
"2020-08-28",4.79542414143574,4.07315589256798,-0.00162125091383114,0.00872593165520996
"2020-08-31",4.82877389752562,4.07631741928273,0.0333497560898888,0.00316152671475844
"2020-09-01",4.86783394736873,4.09523870886261,0.0390600498431102,0.0189212895798763
"2020-09-02",4.84689767173478,4.10409473363074,-0.0209362756339537,0.00885602476812775
"2020-09-03",4.76344970746335,4.04541151789645,-0.0834479642714294,-0.0586832157342929
"2020-09-04",4.76411135757954,4.03137246767742,0.000661650116185797,-0.0140390502190293
"2020-09-08",4.69444523429103,3.98511042874846,-0.069666123288509,-0.0462620389289579
"2020-09-09",4.73355666378383,4.01721936118913,0.0391114294928041,0.0321089324406763
"2020-09-10",4.70036640388796,3.99437744516379,-0.0331902598958731,-0.0228419160253486
"2020-09-11",4.68715033726974,3.98670534960342,-0.0132160666182148,-0.0076720955603693
"2020-09-14",4.71670906308067,4.0074689792347,0.0295587258109258,0.0207636296312876
"2020-09-15",4.71826839615114,4.0173052709542,0.00155933307047018,0.00983629171949474
"2020-09-16",4.68831027406411,4.00172995594191,-0.0299581220870317,-0.0155753150122884
"2020-09-17",4.67221779713485,3.99341072726002,-0.0160924769292592,-0.00831922868189006
"2020-09-18",4.63998373621742,3.97602520322752,-0.0322340609174274,-0.0173855240324974
"2020-09-21",4.6698589472276,3.98430392239529,0.0298752110101779,0.0082787191677669
"2020-09-22",4.68545247489815,4.00001051920384,0.0155935276705517,0.0157065968085486
"2020-09-23",4.64260123265954,3.9683465422501,-0.0428512422386103,-0.0316639769537375
"2020-09-24",4.65281761345169,3.97393342135068,0.0102163807921523,0.00558687910058131
"2020-09-25",4.68964732193757,3.99755584495312,0.0368297084858717,0.0236224236024416
"2020-09-28",4.71323561246169,4.01650824495508,0.023588290524124,0.0189524000019543
"2020-09-29",4.70563921066714,4.01314374146574,-0.0075964017945509,-0.00336450348934214
"2020-09-30",4.72060250623259,4.02149037942637,0.0149632955654484,0.00834663796063673
"2020-10-01",4.72902895167738,4.03197531736185,0.00842644544479043,0.010484937935475
"2020-10-02",4.69621616559546,4.0062942157367,-0.0328127860819132,-0.0256811016251461
"2020-10-05",4.72654296221541,4.02798180058671,0.0303267966199439,0.0216875848500049
"2020-10-06",4.69745420455673,4.01236595688457,-0.0290887576586778,-0.0156158437021352
"2020-10-07",4.71427916815229,4.03053270571076,0.0168249635955551,0.0181667488261921
"2020-10-08",4.7133229194649,4.03569921886522,-0.000956248687381311,0.00516651315445227
"2020-10-09",4.73056893727831,4.05087464537769,0.0172460178134051,0.0151754265124753
"2020-10-12",4.79215373577938,4.07780114049313,0.0615847985010678,0.0269264951154424
"2020-10-13",4.76526830667929,4.07138185297556,-0.0268854291000897,-0.00641928751756904
"2020-10-14",4.76601112611238,4.06606902628415,0.000742819433088293,-0.00531282669141753
"2020-10-15",4.76204253103663,4.06155128921141,-0.00396859507574998,-0.00451773707273873
"2020-10-16",4.74794299324607,4.05866575635889,-0.0140995377905506,-0.00288553285251769
"2020-10-19",4.72206938119425,4.04016668035145,-0.0258736120518259,-0.0184990760074442
"2020-10-20",4.73517498364527,4.04360912879418,0.0131056024510237,0.003442448442736
"2020-10-21",4.72971383221224,4.04209921511966,-0.00546115143303538,-0.0015099136745178
"2020-10-22",4.72008439151666,4.0373874319419,-0.00962944069557992,-0.00471178317776211
"2020-10-23",4.71393159691567,4.03629064004054,-0.00615279460098961,-0.00109679190136358
"2020-10-26",4.71401850105102,4.0143529172063,8.69041353528388e-05,-0.0219377228342408
"2020-10-27",4.727400984395,4.01934591165923,0.01338248334398,0.00499299445293211
"2020-10-28",4.67998188015435,3.97599829482223,-0.0474191042406478,-0.0433476168370004
"2020-10-29",4.71636226726134,3.99254071201312,0.0363803871069859,0.016542417190891
"2020-10-30",4.65871435178753,3.97015212751666,-0.057647915473809,-0.0223885844964569
"2020-11-02",4.65788707291001,3.972674625961,-0.00082727887751588,0.00252249844433106
"2020-11-03",4.6731240555785,3.99015630796395,0.0152369826684859,0.0174816820029569
"2020-11-04",4.71314891420055,4.02832232916602,0.040024858622048,0.038166021202068
"2020-11-05",4.74802699147171,4.05891333145173,0.0348780772711663,0.0305910022857088
"2020-11-06",4.74689036707315,4.06245658904626,-0.00113662439856377,0.00354325759452756
"2020-11-09",4.72672039535564,4.05519219593559,-0.0201699717175092,-0.00726439311066418
"2020-11-10",4.7237067896373,4.03637492698934,-0.00301360571833609,-0.0188172689462505
"2020-11-11",4.75360814633057,4.05982102149703,0.0299013566932693,0.0234460945076913
"2020-11-12",4.75126196451112,4.05087464537769,-0.00234618181945656,-0.00894637611934179
"2020-11-13",4.75168135064946,4.0593260618761,0.000419386138343469,0.0084514164984073
"2020-11-16",4.76036393560765,4.06893330609079,0.00868258495819241,0.00960724421468839
"2020-11-17",4.75277087952173,4.06336087331752,-0.00759305608592342,-0.00557243277326247
"2020-11-18",4.74131396802229,4.05262051489026,-0.0114569114994421,-0.0107403584272658
"2020-11-19",4.74646909889874,4.06064523482343,0.00515513087645125,0.00802471993317422
"2020-11-20",4.73545102387441,4.05029192228024,-0.0110180750243289,-0.0103533125431969
"2020-11-23",4.7052570087391,4.05004213678779,-0.0301940151353142,-0.000249785492443699
"2020-11-24",4.71678453546894,4.06385370929098,0.0115275267298429,0.0138115725031875
"2020-11-25",4.72422418283675,4.06598700924575,0.00743964736781155,0.0021332999547683
"2020-11-27",4.7290389277234,4.07130020548132,0.00481474488665157,0.00531319623557458
"2020-11-30",4.74991878530641,4.07796324156118,0.0208798575830116,0.00666303607985519
"2020-12-01",4.7802807601493,4.09067751764224,0.0303619748428829,0.0127142760810655
"2020-12-02",4.78320987339895,4.0891571935799,0.00292911324965317,-0.00152032406234603
"2020-12-03",4.78207171850448,4.08851617314192,-0.00113815489446978,-0.000641020437973872
"2020-12-04",4.77644346214302,4.09848338790008,-0.00562825636145892,0.00996721475815665
"2020-12-07",4.78863867290025,4.10133548766488,0.0121952107572252,0.00285209976480427
"2020-12-08",4.79371654282752,4.1045738180731,0.00507786992727688,0.00323833040821864
"2020-12-09",4.77259131800844,4.08522514420325,-0.0211252248190794,-0.0193486738698514
"2020-12-10",4.78450891008807,4.08667143571334,0.0119175920796293,0.00144629151008679
"2020-12-11",4.7777513126887,4.08458211108273,-0.00675759739937032,-0.00208932463060574
"2020-12-14",4.77259131800844,4.08819579663379,-0.00515999468025896,0.00361368555105646
"2020-12-15",4.82146754054514,4.10473170010082,0.0488762225366957,0.0165359034670329
"2020-12-16",4.82092007739548,4.11148927935478,-0.000547463149657368,0.00675757925395626
"2020-12-17",4.82785941047868,4.11936809931286,0.00693933308319927,0.00787881995808259
"2020-12-18",4.81188173896655,4.11586551749704,-0.015977671512128,-0.00350258181581875
"2020-12-21",4.82420079856629,4.11686527866385,0.0123190595997338,0.000999761166806223
"2020-12-22",4.85226781981506,4.12549450564723,0.0280670212487717,0.00862922698338053
"2020-12-23",4.84526735367638,4.11787993888434,-0.00700046613868022,-0.00761456676289285
"2020-12-24",4.85294989822308,4.12448760785039,0.00768254454670636,0.00660766896605303
"2020-12-28",4.88809103332784,4.13573682867671,0.0351411351047561,0.0112492208263255
"2020-12-29",4.87468666403954,4.13097504536115,-0.0134043692882999,-0.00476178331556909
"2020-12-30",4.86612366102592,4.13043620902183,-0.00856300301361923,-0.000538836339312176
"2020-12-31",4.85839090770881,4.13189864970366,-0.00773275331711609,0.00146244068182799
"2021-01-04",4.83336103682257,4.11545898352214,-0.0250298708862333,-0.016439666181518
"2021-01-05",4.84564869886956,4.12192751161385,0.0122876620469832,0.00646852809171072
"2021-01-06",4.811407778528,4.10453177911834,-0.0342409203415546,-0.0173957324955119
"2021-01-07",4.84496174058425,4.1311289978149,0.0335539620562528,0.0265972186965593
"2021-01-08",4.85355593207642,4.13757387411251,0.00859419149216389,0.00644487629761237
"2021-01-11",4.83003253520143,4.12928000223141,-0.0235233968749835,-0.00829387188109898
"2021-01-12",4.82863613405735,4.12448760785039,-0.00139640114408035,-0.00479239438102574
"2021-01-13",4.84473258953864,4.13082125310525,0.0160964554812875,0.00633364525485902
"2021-01-14",4.82948986424144,4.12200519040824,-0.0152427252972034,-0.00881606269700441
"2021-01-15",4.81566412090163,4.11169887416079,-0.0138257433398072,-0.0103063162474495
"2021-01-19",4.82107655237181,4.12464250054926,0.00541243147017845,0.0129436263884655
"2021-01-20",4.85340439851904,4.14428126338093,0.0323278461472283,0.0196387628316694
"2021-01-21",4.88940699928977,4.1571124508578,0.036002600770737,0.0128311874768672
"2021-01-22",4.90535276476374,4.15328037608806,0.015945765473961,-0.00383207476973801
"2021-01-25",4.93266044577421,4.16160236136161,0.0273076810104742,0.00832198527355565
"2021-01-26",4.93433846103604,4.16227336409849,0.00167801526182565,0.000671002736877924
"2021-01-27",4.92662444917921,4.14321707202137,-0.00771401185683018,-0.0190562920771171
"2021-01-28",4.89101295198556,4.14731499886865,-0.0356114971936439,0.00409792684727162
"2021-01-29",4.85287402882918,4.12347969518842,-0.0381389231563825,-0.0238353036802232
"2021-02-01",4.86925966945447,4.14822352050063,0.0163856406252885,0.024743825312207
"2021-02-02",4.87557604218059,4.16167689983387,0.00631637272612373,0.0134533793332432
"2021-02-03",4.86776729594112,4.15823628304291,-0.00780874623946914,-0.00344061679095908
"2021-02-04",4.89319868737908,4.17406725362678,0.0254313914379551,0.0158309705838677
"2021-02-05",4.89009623631425,4.17185286264216,-0.00310245106482387,-0.00221439098461751
"2021-02-08",4.89119225101854,4.18229204089965,0.00109601470428622,0.0104391782574886
"2021-02-09",4.88459680204441,4.18112067187383,-0.00659544897413067,-0.00117136902582526
"2021-02-10",4.88002803070381,4.17965549168615,-0.00456877134059752,-0.00146518018768038
"2021-02-11",4.87810577108451,4.19059410337836,-0.00192225961929715,0.0109386116922092
"2021-02-12",4.87988057215511,4.19573028516071,0.00177480107059402,0.00513618178235031
"2021-02-16",4.86364494280529,4.19247767566491,-0.0162356293498149,-0.00325260949579587
"2021-02-17",4.84584363512212,4.1836070736688,-0.017801307683178,-0.0088706019961089
"2021-02-18",4.83716985266786,4.17870182014224,-0.0086737824542551,-0.00490525352655968
"2021-02-19",4.83840232437734,4.17723262083705,0.00123247170948382,-0.00146919930519473
"2021-02-22",4.80815039065785,4.15493525509669,-0.030251933719498,-0.0222973657403607
"2021-02-23",4.80703854071226,4.15215047725871,-0.00111184994558222,-0.00278477783797548
"2021-02-24",4.80297833851826,4.1673346121523,-0.00406020219399927,0.0151841348935875
"2021-02-25",4.76757638101268,4.13174463197013,-0.0354019575055826,-0.0355899801821717
"2021-02-26",4.76980537057876,4.13703839994168,0.00222898956608297,0.00529376797154857
"2021-03-01",4.82225673435068,4.16874393478569,0.0524513637719126,0.0317055348440176
"2021-03-02",4.80114181015878,4.15275324883836,-0.0211149241918971,-0.0159906859473358
"2021-03-03",4.77638136127847,4.12727299661451,-0.0247604488803104,-0.0254802522238498
"2021-03-04",4.76044291239,4.10492673713866,-0.0159384488884733,-0.0223462594758495
"2021-03-05",4.77112418786735,4.12363486755835,0.0106812754773502,0.0187081304196868
"2021-03-08",4.72855726770767,4.09914203403712,-0.0425669201596763,-0.0244928335212258
"2021-03-09",4.76840270893151,4.1325904264248,0.0398454412238349,0.0334483923876814
"2021-03-10",4.75919364301863,4.12858599228302,-0.00920906591287274,-0.00400443414177687
"2021-03-11",4.77556179582737,4.1497357510208,0.0163681528087363,0.0211497587377734
"2021-03-12",4.76790664400988,4.14253273132214,-0.00765515181749077,-0.00720301969865567
"2021-03-15",4.79206943983525,4.15312985660223,0.0241627958253714,0.0105971252800883
"2021-03-16",4.80473188911544,4.16063107027345,0.0126624492801897,0.00750121367122425
"2021-03-17",4.79826036270677,4.15980867263096,-0.00647152640867255,-0.000822397642492589
"2021-03-18",4.76376720832017,4.13166770608053,-0.0344931543865963,-0.0281409665504331
"2021-03-19",4.75927696313568,4.12866315559269,-0.0044902451844866,-0.00300455048783377
"2021-03-22",4.78721863674605,4.14813538051838,0.0279416736103704,0.0194722249256811
"2021-03-23",4.78030599096321,4.14189806067229,-0.00691264578283945,-0.00623731984608966
"2021-03-24",4.76010971736218,4.12969089929594,-0.0201962736010382,-0.0122071613763435
"2021-03-25",4.76426493998044,4.12907277093928,0.00415522261826684,-0.000618128356666858
"2021-03-26",4.76939306531272,4.15418397570144,0.00512812533228146,0.0251112047621671
"2021-03-29",4.77087689258551,4.14896911604307,0.00148382727278218,-0.00521485965836987
"2021-03-30",4.75852650480963,4.13945313260172,-0.0123503877758759,-0.00951598344135629
"2021-03-31",4.77711828712045,4.15523860000612,0.0185917823108168,0.0157854674044042
"2021-04-01",4.78405292717982,4.17514288128453,0.00693464005936928,0.0199042812784098
"2021-04-05",4.8073564629448,4.19559963907657,0.0233035357649856,0.0204567577920383
"2021-04-06",4.80981569567578,4.19132372351647,0.00245923273097581,-0.00427591556010132
"2021-04-07",4.82311721430039,4.19661161396842,0.0133015186246128,0.00528789045195488
"2021-04-08",4.84216830675632,4.21095673310478,0.0190510924559328,0.0143451191363591
"2021-04-09",4.86221779548525,4.22052481433926,0.0200494887289295,0.00956808123448116
"2021-04-12",4.84889629312254,4.21571679785862,-0.0133215023627136,-0.00480801648064499
"2021-04-13",4.8729123025312,4.22509931135711,0.0240160094086583,0.00938251349848773
"2021-04-14",4.85489754349932,4.21444030147187,-0.0180147590318773,-0.0106590098852388
"2021-04-15",4.87343273646042,4.23146845432661,0.0185351929610942,0.0170281528547385
"2021-04-16",4.87090178861331,4.23125945571028,-0.00253094784710139,-0.000208998616325395
"2021-04-19",4.87595752756028,4.22292051683561,0.00505573894696987,-0.00833893887466797
"2021-04-20",4.86304440480186,4.21401440271586,-0.0129131227584267,-0.00890611411974795
"2021-04-21",4.86596978800707,4.22404552260472,0.00292538320521274,0.0100311198888541
"2021-04-22",4.8542159600543,4.21223790718771,-0.0117538279527736,-0.0118076154170108
"2021-04-23",4.87209346279565,4.22706326902966,0.0178775027413565,0.0148253618419503
"2021-04-26",4.87506709085738,4.23216587200892,0.00297362806172696,0.00510260297925935
"2021-04-27",4.87261443972092,4.22972283471393,-0.00245265113646109,-0.00244303729499062
"2021-04-28",4.86656892476508,4.22038402828205,-0.00604551495583916,-0.00933880643187468
"2021-04-29",4.86582024165424,4.21953698815872,-0.000748683110842308,-0.000847040123332476
"2021-04-30",4.8505713301866,4.20581601431695,-0.0152489114676362,-0.0137209738417718
"2021-05-03",4.85875271753166,4.2030207267694,0.00818138734505514,-0.00279528754755187
"2021-05-04",4.82272619557567,4.18491178459651,-0.036026521955991,-0.0181089421728826
"2021-05-05",4.82467970077671,4.18249697389369,0.00195350520104043,-0.00241481070282745
"2021-05-06",4.83740128743865,4.19248505298328,0.0127215866619439,0.00998807908959165
"2021-05-07",4.84271418994805,4.20100858737819,0.00531290250940142,0.00852353439491793
"2021-05-10",4.8165708645261,4.17543816545312,-0.0261433254219483,-0.0255704219250701
"2021-05-11",4.80913303327097,4.17240847856811,-0.00743783125513531,-0.00302968688501792
"2021-05-12",4.78387836253664,4.14387994948087,-0.0252546707343253,-0.0285285290872368
"2021-05-13",4.80163934049684,4.15704384139688,0.0177609779601946,0.0131638919160126
"2021-05-14",4.82128967555391,4.17882651262556,0.0196503350570758,0.0217826712286726
"2021-05-17",4.81198808079233,4.17144539517743,-0.00930159476157844,-0.00738111744812731
"2021-05-18",4.80067879370659,4.16341218202752,-0.0113092870857461,-0.00803321314990413
"2021-05-19",4.79939633454473,4.16691631172752,-0.00128245916185854,0.00350412969999603
"2021-05-20",4.82019068554232,4.18586199178355,0.0207943509975896,0.018945680056035
"2021-05-21",4.8053135790319,4.18036991561524,-0.014877106510423,-0.00549207616831016
"2021-05-24",4.81853968607698,4.19798305313831,0.0132261070450852,0.0176131375230684
"2021-05-25",4.81696491436634,4.19827155576071,-0.00157477171064269,0.000288502622395548
"2021-05-26",4.8165708645261,4.19819946656124,-0.000394049840235944,-7.20891994712147e-05
"2021-05-27",4.80411678279798,4.19292021846308,-0.0124540817281185,-0.00527924809815516
"2021-05-28",4.79875461340543,4.19646707600776,-0.00536216939255052,0.00354685754467443
"2021-06-01",4.79610279759401,4.19154181351742,-0.00265181581142215,-0.00492526249033709
"2021-06-02",4.80235939614474,4.19841583315953,0.00625659855073213,0.00687401964210554
"2021-06-03",4.79013063505864,4.1890695349819,-0.0122287610861003,-0.00934629817762822
"2021-06-04",4.80897411803573,4.20810441971082,0.018843482977088,0.0190348847289181
"2021-06-07",4.80905357881011,4.20788968546802,7.94607743790365e-05,-0.00021473424279872
"2021-06-08",4.8157034326445,4.20796130650581,0.00664985383438843,7.16210377964543e-05
"2021-06-09",4.81877584213779,4.20867542019732,0.00307240949329568,0.000714113691509866
"2021-06-10",4.81071999065351,4.21600045524811,-0.00805585148428545,0.00732503505079052
"2021-06-11",4.82050476201228,4.2219349436003,0.00978477135876776,0.00593448835218258
"2021-06-14",4.84478548444665,4.2320266046602,0.0242807224343711,0.010091661059902
"2021-06-15",4.83832691426229,4.22587153326763,-0.0064585701843578,-0.00615507139256977
"2021-06-16",4.84225329900866,4.22045442378825,0.00392638474637419,-0.00541710947938157
"2021-06-17",4.85477522087426,4.23195668668968,0.0125219218655941,0.0115022629014367
"2021-06-18",4.84463237573611,4.22277950852757,-0.0101428451381507,-0.00917717816210928
"2021-06-21",4.85863761580624,4.23343976077539,0.0140052400701327,0.0106602522478152
"2021-06-22",4.87125606046118,4.24246721790872,0.0126184446549429,0.00902745713332731
"2021-06-23",4.86916381736565,4.24136067261287,-0.00209224309553235,-0.00110654529584853
"2021-06-24",4.86699285155626,4.24763896647499,-0.0021709658093938,0.00627829386212131
"2021-06-25",4.86474159956098,4.24646911246525,-0.00225125199527731,-0.00116985400973935
"2021-06-28",4.87720934141126,4.25688087387268,0.0124677418502817,0.0104117614074282
"2021-06-29",4.8886441982106,4.26414568763483,0.0114348567993376,0.00726481376214938
"2021-06-30",4.89325485682962,4.26306288525478,0.00461065861902199,-0.00108280238004532
"2021-07-01",4.89551548745954,4.26475442338139,0.00226063062991599,0.00169153812660383
"2021-07-02",4.91492228251506,4.27785199836035,0.0194067950555219,0.0130975749789597
"2021-07-06",4.92953359999115,4.28164839711668,0.0146113174760885,0.00379639875633853
"2021-07-07",4.94732951975847,4.28708459121588,0.0177959197673188,0.00543619409919316
"2021-07-08",4.93808713369966,4.27758493285451,-0.00924238605881023,-0.00949965836136357
"2021-07-09",4.95105775420822,4.28675389542231,0.0129706205085602,0.00916896256779953
"2021-07-12",4.94684508231511,4.28754715108196,-0.00421267189310814,0.000793255659647052
"2021-07-13",4.95470350872906,4.29163618356728,0.00785842641395362,0.00408903248531889
"2021-07-14",4.97851816434388,4.29898039333555,0.0238146556148191,0.00734420976827099
"2021-07-15",4.97401619868164,4.29071431405268,-0.00450196566223937,-0.00826607928287082
"2021-07-16",4.95984011524616,4.28078354376111,-0.0141760834354816,-0.0099307702915743
"2021-07-19",4.93255651426509,4.2669153097729,-0.0272836009810691,-0.0138682339882044
"2021-07-20",4.95819902562775,4.28164839711668,0.0256425113626602,0.0147330873437834
"2021-07-21",4.95305406857246,4.29124130512091,-0.0051449570552915,0.00959290800422963
"2021-07-22",4.96263685439414,4.29858819757011,0.00958278582168415,0.00734689244919995
"2021-07-23",4.97455462468265,4.30847401623608,0.0119177702885054,0.00988581866597027
"2021-07-26",4.97744475962429,4.30795613388278,0.00289013494163992,-0.00051788235330541
"2021-07-27",4.96243223781869,4.29845736233938,-0.0150125218056036,-0.00949877154339962
"2021-07-28",4.95016152581988,4.29721481885299,-0.0122707119988057,-0.00124254348639141
"2021-07-29",4.95470350872906,4.30185104749812,0.00454198290918217,0.00463622864513535
"2021-07-30",4.9562126437741,4.30119924593528,0.00150913504503425,-0.00065180156284228
"2021-08-02",4.95387912873233,4.2976076572838,-0.00233351504177026,-0.00359158865147968
"2021-08-03",4.966444020611,4.30399869464743,0.0125648918786707,0.00639103736362667
"2021-08-04",4.96365813692522,4.30601157997246,-0.00278588368577548,0.00201288532502897
"2021-08-05",4.96440631567251,4.31151101702542,0.00074817874729316,0.00549943705296663
"2021-08-06",4.95962786036804,4.31067192658458,-0.00477845530447851,-0.000839090440847734
"2021-08-09",4.95928546028143,4.30743798318836,-0.000342400086601025,-0.00323394339621075
"2021-08-10",4.95592601992072,4.30022084981021,-0.00335944036071822,-0.00721713337815633
"2021-08-11",4.95771017369892,4.30035155801654,0.00178415377820063,0.000130708206328656
"2021-08-12",4.9782709619296,4.30607630162487,0.0205607882306822,0.00572474360833386
"2021-08-13",4.9796800267318,4.31151101702542,0.00140906480220337,0.00543471540055229
"2021-08-16",4.99313710183406,4.31601730586631,0.0134570751022567,0.00450628884088466
"2021-08-17",4.98696387062844,4.30769709209559,-0.00617323120561597,-0.00832021377071879
"2021-08-18",4.96113183237772,4.29380564883888,-0.0258320382507282,-0.0138914432567088
"2021-08-19",4.96345244955682,4.30354347776028,0.0023206171791017,0.00973782892140029
"2021-08-20",4.97355803405828,4.31633836428622,0.0101055845014644,0.0127948865259349
"2021-08-23",4.98376316881047,4.32916185629326,0.0102051347521925,0.0128234920070494
"2021-08-24",4.98316140492489,4.32802052616529,-0.000601763885580198,-0.00114133012797168
"2021-08-25",4.97470458124615,4.32744861686378,-0.00845682367874723,-0.000571909301512186
"2021-08-26",4.96916215192252,4.32114252017343,-0.00554242932362659,-0.00630609669035564
"2021-08-27",4.97632093329073,4.33074558739729,0.00715878136820614,0.00960306722386761
"2021-08-30",5.00628471856359,4.34144743999817,0.0299637852728614,0.0107018526008806
"2021-08-31",4.99782429380281,4.33617363250086,-0.00846042476077979,-0.00527380749731066
"2021-09-01",5.00229299685289,4.33642540262988,0.00446870305008407,0.000251770129013451
"2021-09-02",5.00974001633881,4.33535509141691,0.00744701948591686,-0.0010703112129633
"2021-09-03",5.01396176615313,4.3393163117715,0.00422174981431667,0.00396122035458646
"2021-09-07",5.02933229483865,4.33956739151273,0.0153705286855299,0.000251079741230065
"2021-09-08",5.0191973709419,4.33573313190491,-0.0101349238967554,-0.00383425960781469
"2021-09-09",5.01246985293942,4.3319473833433,-0.00672751800247795,-0.00378574856161418
"2021-09-10",4.978807942655,4.32203677367449,-0.033661910284426,-0.00991060966880752
"2021-09-13",4.98269339481842,4.32235580437467,0.00388545216342084,0.000319030700172362
"2021-09-14",4.97308550675972,4.3210786649929,-0.00960788805870028,-0.00127713938176743
"2021-09-15",4.97921027910966,4.32979579042445,0.00612477234994646,0.00871712543154857
"2021-09-16",4.97759859428472,4.3303654554992,-0.00161168482494034,0.000569665074751313
"2021-09-17",4.95908058516324,4.31466746851903,-0.0185180091214852,-0.0156979869801646
"2021-09-20",4.93748744468624,4.29628540379876,-0.021593140477,-0.0183820647202726
"2021-09-21",4.94090984145359,4.29667891903027,0.00342239676735634,0.000393515231509767
"2021-09-22",4.95764174324257,4.31029617574434,0.0167319017889813,0.013617256714074
"2021-09-23",4.96433844846656,4.32360260129839,0.00669670522398658,0.0133064255540463
"2021-09-24",4.96495089773629,4.32430503539777,0.000612449269732807,0.000702434099380866
"2021-09-27",4.95434489008806,4.31455790098829,-0.0106060076482359,-0.00974713440947816
"2021-09-28",4.930255819111,4.2844687620136,-0.0240890709770607,-0.0300891389746969
"2021-09-29",4.93671796820648,4.28320617736036,0.00646214909548259,-0.00126258465323303
"2021-09-30",4.92736248103899,4.27599938441457,-0.00935548716748613,-0.00720679294578908
"2021-10-01",4.93545692818674,4.29095543779076,0.0080944471477471,0.0149560533761806
"2021-10-04",4.91054335482897,4.26752514275736,-0.0249135733577708,-0.0234302950333909
"2021-10-05",4.92460233123661,4.28167591584326,0.014058976407644,0.0141507730858947
"2021-10-06",4.93088993600878,4.28818046485235,0.0062876047721625,0.0065045490090947
"2021-10-07",4.93993328638895,4.29726910928407,0.00904335038017567,0.00908864443171886
"2021-10-08",4.93720799217709,4.2935254107868,-0.00272529421186096,-0.00374369849726808
"2021-10-11",4.93657797983909,4.28798225687392,-0.000630012338004526,-0.00554315391288629
"2021-10-12",4.92743312568467,4.28280721814478,-0.00914485415441302,-0.00517503872913672
"2021-10-13",4.92318414535018,4.28890800803677,-0.0042489803344985,0.00610078989199003
"2021-10-14",4.94320783837776,4.31120171251492,0.0200236930275803,0.0222937044781499
"2021-10-15",4.9506924250529,4.31918670266873,0.00748458667514118,0.00798499015380827
"2021-10-18",4.96242924884693,4.3276173037026,0.0117368237940321,0.00843060103387394
"2021-10-19",4.97739712181048,4.33749028194842,0.0149678729635498,0.00987297824581557
"2021-10-20",4.98075250342235,4.33471567398565,0.00335538161187454,-0.00277460796276774
"2021-10-21",4.98222527023264,4.33856050279219,0.0014727668102914,0.00384482880654158
"2021-10-22",4.97692651074689,4.33509455593057,-0.00529875948575409,-0.00346594686162227
"2021-10-25",4.97658987852336,4.33837163559635,-0.000336632223526756,0.00327707966577861
"2021-10-26",4.98115489657721,4.34119931545785,0.00456501805384324,0.00282767986150034
"2021-10-27",4.97800194299903,4.34032045156957,-0.00315295357818002,-0.000878863888281067
"2021-10-28",5.00268620141355,4.35031760842392,0.0246842584145197,0.00999715685434843
"2021-10-29",4.98436373532914,4.35459844318663,-0.0183224660844026,0.00428083476270835
"2021-11-01",4.97874073080922,4.35311175672904,-0.0056230045199257,-0.00148668645758399
"2021-11-02",4.98583130140198,4.36187707868989,0.00709057059276574,0.00876532196084767
"2021-11-03",4.99558248304372,4.36769880613074,0.00975118164173772,0.00582172744085518
"2021-11-04",4.99207772879096,4.38322030368135,-0.00350475425276375,0.0155214975506048
"2021-11-05",4.99565342570809,4.38838047921204,0.003575696917129,0.00516017553068959
"2021-11-08",4.99008551885807,4.39375265928231,-0.00556790685001918,0.00537218007027018
"2021-11-09",4.99254188640401,4.38963653705222,0.00245636754593814,-0.0041161222300854
"2021-11-10",4.97319301974164,4.37300079071103,-0.0193488666623614,-0.0166357463411888
"2021-11-11",4.97285438864878,4.37766983321132,-0.00033863109286969,0.00466904250028133
"2021-11-12",4.98709000281733,4.38975597121457,0.0142356141685589,0.0120861380032524
"2021-11-15",4.98715634342221,4.38873947329912,6.63406048753146e-05,-0.00101649791544389
"2021-11-16",4.99380086476075,4.3992146304213,0.00664452133853999,0.0104751571221797
"2021-11-17",5.01015666394612,4.39619053039241,0.0163557991853684,-0.00302410002889797
"2021-11-18",5.03829289193299,4.40611811223736,0.0281362279868675,0.00992758184495557
"2021-11-19",5.05512652528924,4.41338258047151,0.016833633356252,0.00726446823414673
"2021-11-22",5.0580494771605,4.40217045086832,0.00292295187126435,-0.0112121296031935
"2021-11-23",5.06046871194035,4.39986555228681,0.00241923477985218,-0.00230489858150484
"2021-11-24",5.06374708375813,4.4071170131573,0.00327837181777735,0.007251460870485
"2021-11-26",5.03155607442955,4.38183540469015,-0.0321910093285789,-0.0252816084671412
"2021-11-29",5.05319396331739,4.40652942479979,0.0216378888878381,0.0246940201096404
"2021-11-30",5.08428318059747,4.39814830630793,0.0310892172800781,-0.00838111849186607
"2021-12-01",5.08107193350392,4.3843623142732,-0.00321124709354503,-0.013785992034733
"2021-12-02",5.07492325360296,4.3935147296386,-0.00614867990095913,0.00915241536540723
"2021-12-03",5.06312923765529,4.37664096885886,-0.0117940159476699,-0.0168737607797427
"2021-12-06",5.084404231152,4.38610366232691,0.0212749934967089,0.00946269346804929
"2021-12-07",5.11923685924741,4.42042112464076,0.034832628095403,0.0343174623138536
"2021-12-08",5.14176420590554,4.4249897983892,0.0225273466581308,0.00456867374843384
"2021-12-09",5.13878970781658,4.41414127430548,-0.00297449808896211,-0.0108485240837188
"2021-12-10",5.1664176811669,4.43400787329699,0.0276279733503291,0.0198665989915083
"2021-12-13",5.14552681987323,4.41902893499438,-0.0208908612936716,-0.0149789383026047
"2021-12-14",5.13747137485721,4.40246585195406,-0.00805544501602729,-0.0165630830403174
"2021-12-15",5.16558155580181,4.42861848107932,0.0281101809445996,0.026152629125261
"2021-12-16",5.12552596730852,4.39986555228681,-0.0400555884932805,-0.0287529287925148
"2021-12-17",5.11900303279048,4.39315725743566,-0.00652293451804908,-0.00670829485114766
"2021-12-20",5.1108478772683,4.38119172584019,-0.00815515552217239,-0.0119655315954699
"2021-12-21",5.1297549649928,4.40618355752859,0.0189070877244983,0.0249918316883955
"2021-12-22",5.14495768188672,4.41917615293399,0.0152027168939233,0.012992595405402
"2021-12-23",5.14859481059778,4.424742647397,0.00363712871105282,0.00556649446301094
"2021-12-27",5.17130970939554,4.4459680370541,0.0227148987977666,0.0212253896570997
"2021-12-28",5.16552553366861,4.44074649306845,-0.00578417572693901,-0.00522154398565178
"2021-12-29",5.16602752988277,4.4415997322964,0.000501996214167022,0.000853239227954994
"2021-12-30",5.15942775476353,4.43498265995636,-0.00659977511923948,-0.00661707234004361
"2021-12-31",5.15588601286966,4.43010574084432,-0.00354174189387546,-0.00487691911203925
"2022-01-03",5.18058287173623,4.43955098585866,0.0246968588665748,0.0094452450143363
"2022-01-04",5.16780996151387,4.42889743688721,-0.0127729102223615,-0.010653548971451
"2022-01-05",5.14084986962935,4.3976647139886,-0.0269600918845168,-0.0312327228986087
"2022-01-06",5.12401565813323,4.39260226702903,-0.016834211496124,-0.00506244695956504
"2022-01-07",5.12500339815589,4.38336374540868,0.000987740022657668,-0.00923852162035477
"2022-01-10",5.1251194373544,4.38354478026095,0.00011603919851666,0.000181034852275275
"2022-01-11",5.14176420590554,4.39546410243177,0.0166447685511333,0.0119193221708151
"2022-01-12",5.14433108665852,4.40015695223896,0.00256688075297973,0.00469284980718854
"2022-01-13",5.1251194373544,4.37391784692311,-0.019211649304113,-0.0262391053158453
"2022-01-14",5.13021729296816,4.38233872357283,0.00509785561375597,0.00842087664972269
"2022-01-18",5.11114240673753,4.35803516792024,-0.0190748862306345,-0.0243035556525948
"2022-01-19",5.08989334529947,4.34396721137894,-0.0212490614380529,-0.0140679565412976
"2022-01-20",5.07949244131232,4.33096902064784,-0.0104009039871533,-0.0129981907311016
"2022-01-21",5.0666451751349,4.31089098112496,-0.012847266177423,-0.020078039522879
"2022-01-24",5.06176917229465,4.31606141676356,-0.00487600284024658,0.00517043563859421
"2022-01-25",5.0503190434049,4.29264772645768,-0.0114501288897539,-0.0234136903058788
"2022-01-26",5.04975564633164,4.2985033950697,-0.000563397073257477,0.00585566861201858
"2022-01-27",5.04680802093911,4.29159098196054,-0.00294762539252691,-0.00691241310915913
"2022-01-28",5.11425895072482,4.33439286129631,0.0674509297857053,0.042801879335773
"2022-01-31",5.14004901612907,4.35920882518307,0.0257900654042489,0.0248159638867609
"2022-02-01",5.13907621213216,4.36179854761984,-0.000972803996905469,0.00258972243676769
"2022-02-02",5.146095722964,4.36989460339942,0.00701951083184227,0.00809605577958017
"2022-02-03",5.12923451134275,4.3404503967636,-0.0168612116212499,-0.0294442066358167
"2022-02-04",5.12755369825403,4.34446856291907,-0.00168081308871759,0.00401816615547013
"2022-02-07",5.12331027181095,4.33780481988955,-0.00424342644308684,-0.00666374302952466
"2022-02-08",5.141608409183,4.3500916633412,0.0182981373720565,0.0122868434516503
"2022-02-09",5.14986803665898,4.37203010772348,0.00825962747597053,0.0219384443822817
"2022-02-10",5.1259861752425,4.3455329280056,-0.0238818614164718,-0.0264971797178815
"2022-02-11",5.10556060092958,4.31451300952004,-0.0204255743129274,-0.0310199184855557
"2022-02-14",5.10698290315101,4.31419024175151,0.00142230222143169,-0.000322767768536458
"2022-02-15",5.12987135707497,4.34013589440928,0.0228884539239615,0.0259456526577715
"2022-02-16",5.12848144263367,4.33912848321094,-0.00138991444130276,-0.0010074111983327
"2022-02-17",5.10698290315101,4.30875050732173,-0.0214985394826588,-0.0303779758892171
"2022-02-18",5.09758309925458,4.29856891548166,-0.00939980389642336,-0.010181591840067
"2022-02-22",5.07961027534071,4.28927660376867,-0.0179728239138717,-0.0092923117129935
"2022-02-23",5.05340577969921,4.26392956436603,-0.0262044956415002,-0.0253470394026349
"2022-02-24",5.06994826026571,4.29751862051218,0.0165424805664927,0.0335890561461474
"2022-02-25",5.08283037623709,4.31102050693219,0.0128821159713874,0.0135018864200092
"2022-02-28",5.08446687685585,4.30920489914856,0.00163650061875487,-0.001815607783624
"2022-03-01",5.0727708181956,4.28901152578233,-0.0116960586602497,-0.0201933733662303
"2022-03-02",5.09315015381879,4.31043745741315,0.0203793356231943,0.0214259316308167
"2022-03-03",5.09116653926687,4.29843797404625,-0.00198361455191876,-0.0119994833669024
"2022-03-04",5.07258706412037,4.2807650761185,-0.0185794751465052,-0.0176728979277492
"2022-03-07",5.04858353443132,4.24348436521792,-0.0240035296890433,-0.0372807109005757
"2022-03-08",5.03683884860726,4.23862086220414,-0.0117446858240635,-0.00486350301378291
"2022-03-09",5.0712377036562,4.27742061455223,0.0343988550489387,0.0387997523480896
"2022-03-10",5.04367523133485,4.25977832845217,-0.0275624723213461,-0.0176422861000631
"2022-03-11",5.01947610360157,4.24202775245701,-0.0241991277332803,-0.0177505759951533
"2022-03-14",4.9925544198163,4.22331995105962,-0.0269216837852735,-0.0187078013973903
"2022-03-15",5.02180005086629,4.25636292267965,0.0292456310499878,0.0330429716200236
"2022-03-16",5.05040253333893,4.28834868033784,0.0286024824726425,0.0319857576581883
"2022-03-17",5.05683567025079,4.29541533938406,0.00643313691185821,0.00706665904622295
"2022-03-18",5.07753889418861,4.31567453966638,0.0207032239378258,0.0202592002823261
"2022-03-21",5.08604033003051,4.31377343864972,0.00850143584189311,-0.00190110101666896
"2022-03-22",5.10662763271971,4.32804106048645,0.0205873026892061,0.0142676218367326
"2022-03-23",5.11482749448286,4.31254273879981,0.00819986176315002,-0.0154983216866338
"2022-03-24",5.13725199151351,4.33819917347295,0.0224244970306442,0.0256564346731389
"2022-03-25",5.14097917537467,4.3376303657387,0.00372718386116055,-0.000568807734257604
"2022-03-28",5.14600314941483,4.34944278428946,0.00502397404016186,0.0118124185507602
"2022-03-29",5.16495694493772,4.37045693419086,0.01895379552289,0.0210141499014087
"2022-03-30",5.15828504765862,4.35703380564779,-0.00667189727909978,-0.0134231285430744
"2022-03-31",5.14034945603182,4.34210767975967,-0.017935591626804,-0.0149261258881159
"2022-04-01",5.13862977730143,4.33914600342389,-0.00171967873038437,-0.00296167633577937
"2022-04-04",5.16204680450501,4.35796327057165,0.0234170272035739,0.0188172671477531
"2022-04-05",5.14292308539996,4.33668199917603,-0.0191237191050417,-0.0212812713956145
"2022-04-06",5.12430016120395,4.3127370583424,-0.0186229241960145,-0.023944940833629
"2022-04-07",5.12610255362355,4.31429107322342,0.001802392419604,0.00155401488101425
"2022-04-08",5.11412210722716,4.30021805538649,-0.0119804463963966,-0.0140730178369264
"2022-04-11",5.08827502679238,4.27470046700604,-0.0258470804347795,-0.0255175883804535
"2022-04-12",5.09973243923685,4.2702478950412,0.0114574124444706,-0.00445257196484139
"2022-04-13",5.11594292139263,4.28621057437011,0.0162104821557811,0.0159626793289167
"2022-04-14",5.08549585889951,4.26162442213042,-0.0304470624931215,-0.0245861522396957
"2022-04-18",5.08416400566776,4.26489242346235,-0.00133185323174612,0.0032680013319295
"2022-04-19",5.09818067934344,4.28347869218919,0.0140166736756759,0.0185862687268408
"2022-04-20",5.09716448732196,4.28254442251069,-0.00101619202147329,-0.00093426967849819
"2022-04-21",5.09230912644145,4.2654360892602,-0.00485536088051131,-0.0171083332504915
"2022-04-22",5.06409332748496,4.23704822548884,-0.0282157989564968,-0.0283878637713544
"2022-04-25",5.07080810583493,4.2519625603039,0.00671477834996903,0.0149143348150558
"2022-04-26",5.03276551674816,4.2139997366575,-0.0380425890867668,-0.0379628236464002
"2022-04-27",5.03129782813169,4.22869625505766,-0.00146768861646862,0.0146965184001591
"2022-04-28",5.07546340418879,4.26794670595048,0.044165576057102,0.0392504508928226
"2022-04-29",5.03817167042576,4.22537808934304,-0.0372917337630279,-0.0425686166074453
"2022-05-02",5.04013631867128,4.24046695096402,0.00196464824551512,0.0150888616209821
"2022-05-03",5.04971299478266,4.2422064354062,0.00957667611137936,0.00173948444218652
"2022-05-04",5.08990274265019,4.27671729822802,0.0401897478675304,0.0345108628218194
"2022-05-05",5.03257416227785,4.22742676874205,-0.0573285803723396,-0.0492905294859716
"2022-05-06",5.03729031948414,4.2193496071367,0.00471615720628726,-0.00807716160534877
"2022-05-09",5.00353792195067,4.17988104379945,-0.0337523975334664,-0.0394685633372553
"2022-05-10",5.01952147602295,4.19501088799804,0.0159835540722817,0.0151298441985919
"2022-05-11",4.96628792856018,4.16293988019426,-0.0532335474627761,-0.0320710078037845
"2022-05-12",4.93902560713126,4.15257487878035,-0.0272623214289167,-0.0103650014139047
"2022-05-13",4.97044295020851,4.18526875509369,0.031417343077254,0.032693876313334
"2022-05-16",4.95971338855468,4.17639706156092,-0.0107295616538288,-0.00887169353276995
"2022-05-17",4.98481843833109,4.20494765916033,0.0251050497764052,0.0285505975994198
"2022-05-18",4.92674515071527,4.15811102445833,-0.0580732876158185,-0.0468366347020019
"2022-05-19",4.90179503957641,4.14708415086909,-0.0249501111388657,-0.0110268735892447
"2022-05-20",4.90354089494595,4.14929919014843,0.00174585536954641,0.0022150392793403
"2022-05-23",4.94287620621171,4.17200594369876,0.0393353112657593,0.0227067535503362
"2022-05-24",4.92347331539033,4.15705196251864,-0.0194028908213761,-0.0149539811801267
"2022-05-25",4.92461230899066,4.16864395027908,0.00113899360032566,0.011591987760438
"2022-05-26",4.94754689290135,4.19238314895718,0.0229345839106863,0.0237391986781077
"2022-05-27",4.98749516383064,4.22566069244737,0.0399482709292958,0.0332775434901897
"2022-05-31",4.98213442407177,4.21849528830686,-0.00536073975887685,-0.0071654041405127
"2022-06-01",4.98126070747061,4.21550020015489,-0.00087371660115565,-0.00299508815197225
"2022-06-02",4.99793227058791,4.23942121213862,0.0166715631172965,0.0239210119837328
"2022-06-03",4.95861381009529,4.21521493597433,-0.0393184604926127,-0.0242062761642936
"2022-06-06",4.96382764525552,4.215286484992,0.00521383516022578,7.15490176723677e-05
"2022-06-07",4.98126070747061,4.22714410764909,0.0174330622150904,0.011857622657093
"2022-06-08",4.97620449072673,4.215786396521,-0.00505621674387768,-0.0113577111280936
"2022-06-09",4.93958658680983,4.18872213398725,-0.0366179039169019,-0.0270642625337469
"2022-06-10",4.90019212267653,4.14952790298506,-0.0393944641333013,-0.0391942310021971
"2022-06-13",4.8611549858443,4.10419521497803,-0.0390371368322304,-0.0453326880070275
"2022-06-14",4.86780566799219,4.11048124850763,0.00665068214788977,0.00628603352960422
"2022-06-15",4.88771771553933,4.13136116869052,0.0199120475471402,0.0208799201828889
"2022-06-16",4.84725845275202,4.08980412628798,-0.0404592627873095,-0.0415570424025384
"2022-06-17",4.85872560113702,4.09891301919765,0.011467148385,0.00910889290966299
"2022-06-21",4.89096135743297,4.12404191849601,0.032235756295953,0.0251288992983687
"2022-06-22",4.88712674671299,4.11979604256914,-0.00383461071997893,-0.00424587592686976
"2022-06-23",4.90847073381721,4.13465525661713,0.0213439871042214,0.0148592140479833
"2022-06-24",4.93269244790505,4.16996607751891,0.0242217140878402,0.0353108209017829
"2022-06-27",4.93269244790505,4.16319914561037,0,-0.00676693190854305
"2022-06-28",4.90245006424375,4.13279032264708,-0.0302423836613022,-0.0304088229632855
"2022-06-29",4.91538987049599,4.13481059740025,0.0129398062522341,0.00202027475316857
"2022-06-30",4.89719792775348,4.12137078133281,-0.0181919427425106,-0.0134398160674376
"2022-07-01",4.91323275756868,4.12364931533202,0.0160348298152027,0.00227853399920797
"2022-07-05",4.93198618346438,4.13612898408555,0.0187534258956985,0.0124796687535262
"2022-07-06",4.94154759563848,4.1446963817874,0.00956141217410611,0.00856739770184767
"2022-07-07",4.96526368795211,4.16515891088323,0.0237160923136281,0.0204625290958376
"2022-07-08",4.96996693530219,4.16561039179446,0.00470324735007388,0.000451480911223712
"2022-07-11",4.95509952904206,4.15174162400774,-0.0148674062601302,-0.0138687677867146
"2022-07-12",4.96190999293548,4.13798782955454,0.00681046389342388,-0.0137537944532031
"2022-07-13",4.95937037529981,4.13535379507154,-0.00253961763566668,-0.00263403448299826
"2022-07-14",4.97964550632492,4.14446571453616,0.0202751310251053,0.00911191946461543
"2022-07-15",4.99103061473639,4.16191593231805,0.011385108411468,0.0174502177818949
"2022-07-18",4.97017160499229,4.15219968202863,-0.0208590097440977,-0.00971625028941947
"2022-07-19",4.99654251860811,4.18225465938725,0.0263709136158257,0.0300549773586205
"2022-07-20",5.00996205319753,4.19775191590196,0.0134195345894179,0.0154972565147062
"2022-07-21",5.02494325261618,4.2117197094371,0.0149811994186511,0.0139677935351408
"2022-07-22",5.01679942325988,4.19782483996545,-0.00814382935629965,-0.0138948694716463
"2022-07-25",5.00937351205588,4.19146427585508,-0.00742591120400604,-0.00636056411037522
"2022-07-26",5.00050830172464,4.17512317693423,-0.00886521033123255,-0.0163410989208446
"2022-07-27",5.03416985104581,4.21723830428115,0.0336615493211667,0.0421151273469205
"2022-07-28",5.03773534929878,4.23234787638494,0.00356549825296426,0.0151095721037917
"2022-07-29",5.07000223197736,4.24757929535448,0.0322668826785817,0.0152314189695346
"2022-08-01",5.06382946012538,4.24542744826539,-0.00617277185197729,-0.00215184708908733
"2022-08-02",5.05449875242273,4.23831448238424,-0.00933070770265321,-0.00711296588115662
"2022-08-03",5.09203328413149,4.2645608480547,0.0375345317087667,0.0262463656704615
"2022-08-04",5.09010523410384,4.26911787461366,-0.00192805002765262,0.00455702655896673
"2022-08-05",5.08871506384691,4.26680776688017,-0.00139017025692745,-0.00231010773349372
"2022-08-08",5.08580795166616,4.25826918560149,-0.00290711218075224,-0.0085385812786809
"2022-08-09",5.0861111744054,4.24820310256158,0.000303222739236553,-0.010066083039912
"2022-08-10",5.11196866872723,4.27513907477099,0.0258574943218308,0.0269359722094151
"2022-08-11",5.10752697524239,4.27121939553359,-0.00444169348484102,-0.00391967923739944
"2022-08-12",5.1287263516088,4.29093329193459,0.0211993763664173,0.0197138964010017
"2022-08-15",5.13503987735777,4.29722083973444,0.00631352574896393,0.00628754779984764
"2022-08-16",5.13411550315641,4.29451204188121,-0.000924374201354716,-0.00270879785323164
"2022-08-17",5.1428618578354,4.28734116433053,0.00874635467898877,-0.00717087755067958
"2022-08-18",5.14056771431639,4.29252539407648,-0.00229414351900914,0.0051842297459519
"2022-08-19",5.1253506590619,4.27419410927473,-0.015217055254495,-0.0183312848017527
"2022-08-22",5.10205181353091,4.24591361312507,-0.0232988455309924,-0.0282804961496552
"2022-08-23",5.10002067856271,4.24327085118087,-0.00203113496819629,-0.00264276194420976
"2022-08-24",5.10181328352455,4.2438972414874,0.00179260496184064,0.000626390306535107
"2022-08-25",5.11662552477204,4.26066745428918,0.0148122412474851,0.0167702128017835
"2022-08-26",5.07819744152211,4.21702417296295,-0.0384280832499293,-0.0436432813262293
"2022-08-29",5.06441265273953,4.20371045050076,-0.0137847887825782,-0.0133137224621898
"2022-08-30",5.0489886189575,4.19322297085092,-0.0154240337820255,-0.0104874796498411
"2022-08-31",5.03829684993854,4.18343784561988,-0.0106917690189592,-0.00978512523104413
"2022-09-01",5.04299265825111,4.17854660477711,0.00469580831256433,-0.00489124084277393
"2022-09-02",5.02928786461853,4.16545999975647,-0.0137047936325789,-0.013086605020634
"2022-09-06",5.02103895497429,4.15881364153748,-0.00824890964424085,-0.00664635821899129
"2022-09-07",5.03025031044671,4.17467608879793,0.00921135547242535,0.0158624472604449
"2022-09-08",5.02058602782166,4.17810057717738,-0.00966428262505392,0.00342448837945497
"2022-09-09",5.0392504704503,4.19767875717409,0.0186644426286371,0.0195781799967101
"2022-09-12",5.07703537034384,4.21358651668183,0.0377848998935413,0.0159077595077441
"2022-09-13",5.01656373105703,4.15904114238563,-0.0604716392868063,-0.0545453742962048
"2022-09-14",5.02607387351217,4.16267069062481,0.0095101424551407,0.00362954823918393
"2022-09-15",5.0069624809076,4.13937922858428,-0.019111392604569,-0.0232914620405316
"2022-09-16",4.99594199791521,4.13380100077162,-0.0110204829923903,-0.00557822781266104
"2022-09-19",5.02071514001238,4.1419224925219,0.0247731420971622,0.00812149175028143
"2022-09-20",5.03625937536453,4.13603379532834,0.0155442353521504,-0.00588869719356744
"2022-09-21",5.01578345752111,4.12029046309114,-0.0204759178434122,-0.0157433322371929
"2022-09-22",5.00938766961948,4.110054118794,-0.00639578790163409,-0.0102363442971445
"2022-09-23",4.99414861073014,4.0968876362912,-0.0152390588893434,-0.0131664825028013
"2022-09-26",4.996406119887,4.08991346167138,0.0022575091568644,-0.00697417461981686
"2022-09-27",5.00295081467195,4.09121460543558,0.00654469478495301,0.00130114376419854
"2022-09-28",4.99021862944076,4.10172495702444,-0.012732185231191,0.010510351588862
"2022-09-29",4.93985216400006,4.07532182025045,-0.0503664654407041,-0.0264031367739905
"2022-09-30",4.909352643317,4.05597821523595,-0.0304995206830601,-0.0193436050145044
"2022-10-03",4.9396418484014,4.08648953009353,0.0302892050844044,0.0305113148575868
"2022-10-04",4.96494205983182,4.11950072365077,0.0253002114304195,0.0330111935572415
"2022-10-05",4.96699323262994,4.12281340918489,0.00205117279811429,0.00331268553411412
"2022-10-06",4.96034568478742,4.11459021956533,-0.00664754784251365,-0.00822318961955304
"2022-10-07",4.92293564763307,4.07259309579622,-0.0374100371543573,-0.041997123769117
"2022-10-10",4.92528867941319,4.05564129329646,0.00235303178012014,-0.0169518024997561
"2022-10-11",4.91498082692311,4.04019507079549,-0.010307852490075,-0.0154462225009668
"2022-10-12",4.91036513084233,4.03711124287402,-0.00461569608078261,-0.00308382792147022
"2022-10-13",4.94342534763432,4.06769568055521,0.0330602167919896,0.0305844376811892
"2022-10-14",4.91065409632095,4.0391682068537,-0.0327712513133678,-0.0285274737015175
"2022-10-17",4.93936081257775,4.06919237011342,0.028706716256802,0.0300241632597276
"2022-10-18",4.94872601745713,4.07763125519568,0.00936520487938175,0.00843888508225898
"2022-10-19",4.94949128718877,4.07474351372864,0.00076526973163471,-0.00288774146703918
"2022-10-20",4.9462189443149,4.07532182025045,-0.00327234287386524,0.000578306521806127
"2022-10-21",4.9729184056862,4.10172495702444,0.026699461371301,0.0264031367739905
"2022-10-24",4.98761248513453,4.11546321650924,0.014694079448323,0.0137382594847999
"2022-10-25",5.00676540932934,4.13440057741993,0.0191529241948141,0.0189373609106864
"2022-10-26",4.98694303801774,4.11188693466835,-0.019822371311597,-0.0225136427515791
"2022-10-27",4.95600380752942,4.10043717311583,-0.03093923048832,-0.0114497615525204
"2022-10-28",5.02883865908956,4.14300362542389,0.0728348515601391,0.042566452308062
"2022-10-31",5.01330831344685,4.12971937470068,-0.0155303456427145,-0.013284250723208
"2022-11-01",4.99561005524481,4.12131619902085,-0.0176982582020351,-0.00840317567983195
"2022-11-02",4.95759143636255,4.08616292679756,-0.0380186188822602,-0.0351532722232877
"2022-11-03",4.91426092926999,4.05631495765456,-0.04333050709256,-0.029847969142998
"2022-11-04",4.9123116162689,4.07441311574652,-0.00194931300108969,0.0180981580919557
"2022-11-07",4.91620656164055,4.09097081774678,0.00389494537164836,0.0165577020002656
"2022-11-08",4.92037278830066,4.10051792936848,0.00416622666010902,0.00954711162169364
"2022-11-09",4.88661938100594,4.07416513207208,-0.0337534072947205,-0.0263527972963953
"2022-11-10",4.97185599554948,4.15313854910451,0.0852366145435406,0.0789734170324294
"2022-11-11",4.99094139501981,4.17010648106912,0.0190853994703248,0.0169679319646105
"2022-11-14",4.98141049978855,4.16150712948828,-0.0095308952312525,-0.00859935158084468
"2022-11-15",4.99321018494232,4.17355567233621,0.0117996851537647,0.0120485428479329
"2022-11-16",4.98484401249588,4.15976293756845,-0.00836617244643811,-0.0137927347677573
"2022-11-17",4.99773207157313,4.16105248334599,0.0128880590772544,0.00128954577754037
"2022-11-18",5.00150663688867,4.16218865196021,0.00377456531553566,0.00113616861421484
"2022-11-21",4.97958789970978,4.15138028716559,-0.0219187371788943,-0.010808364794622
"2022-11-22",4.99414281940203,4.17055703034793,0.0145549196922499,0.0191767431823395
"2022-11-23",5.00005132340816,4.1793767501411,0.0059085040061353,0.00881971979317697
"2022-11-25",4.98026344067434,4.17355567233621,-0.0197878827338158,-0.00582107780489238
"2022-11-28",4.95364794357681,4.15191582121238,-0.0266154970975361,-0.0216398511238269
"2022-11-29",4.93227303978571,4.14207713288955,-0.0213749037910951,-0.00983868832283719
"2022-11-30",4.97972314933499,4.1910658774759,0.0474501095492714,0.0489887445863548
"2022-12-01",4.98161315507622,4.1924624597739,0.00189000574123188,0.00139658229799355
"2022-12-02",4.97823576239578,4.18664295814409,-0.00337739268043347,-0.00581950162980505
"2022-12-05",4.97022064745931,4.16988095342573,-0.00801511493646956,-0.0167620047183563
"2022-12-06",4.94452316134918,4.14823743662981,-0.0256974861101371,-0.021643516795927
"2022-12-07",4.93064257466168,4.14315791705997,-0.0138805866874989,-0.00507951956983543
"2022-12-08",4.94270234653127,4.15938363707787,0.0120597718695965,0.0162257200178955
"2022-12-09",4.93926150820534,4.15321515975352,-0.00344083832593167,-0.00616847732434245
"2022-12-12",4.955518288099,4.17482709578425,0.0162567798936548,0.0216119360307259
"2022-12-13",4.96227797385844,4.18656933000016,0.00675968575944275,0.011742234215907
"2022-12-14",4.94662050731368,4.17811098480619,-0.0156574665447602,-0.00845834519396327
"2022-12-15",4.89863294236155,4.1399893201221,-0.0479875649521313,-0.0381216646840947
"2022-12-16",4.8839466011466,4.1266646978314,-0.0146863412149489,-0.0133246222907024
"2022-12-19",4.86790915957779,4.11324055118505,-0.0160374415688116,-0.0134241466463445
"2022-12-20",4.86738020741591,4.11475431495808,-0.000528952161882756,0.00151376377302626
"2022-12-21",4.89091067752531,4.13117783844588,0.0235304701094003,0.0164235234878012
"2022-12-22",4.86685085785999,4.10563710526636,-0.024059819665311,-0.0255407331795183
"2022-12-23",4.8640489096021,4.10668092600482,-0.00280194825789604,0.00104382073845599
"2022-12-27",4.85007343744357,4.09716561694112,-0.0139754721585277,-0.00951530906369769
"2022-12-28",4.81890745398507,4.08091034259778,-0.0311659834584965,-0.0162552743433446
"2022-12-29",4.84683793832729,4.10676143080133,0.0279304843422201,0.0258510882035567
"2022-12-30",4.84930392988205,4.10539624287599,0.00246599155475913,-0.00136518792534002
"2023-01-03",4.8111817350463,4.0958683894177,-0.0381221948357586,-0.00952785345828921
"2023-01-04",4.82144332719926,4.0984611005281,0.0102615921529656,0.0025927111103945
"2023-01-05",4.81078185876103,4.07884948522119,-0.0106614684382267,-0.0196116153069106
"2023-01-06",4.84691504587754,4.10772378378422,0.0361331871165049,0.0288742985630295
"2023-01-09",4.8509960059048,4.11928178173954,0.0040809600272631,0.0115579979553244
"2023-01-10",4.85544204828082,4.12544440053897,0.00444604237601798,0.0061626187994257
"2023-01-11",4.87633467898465,4.14262445615498,0.0208926307038331,0.0171800556160102
"2023-01-12",4.87573554568494,4.15002955218231,-0.000599133299708399,0.00740509602733841
"2023-01-13",4.88580351035347,4.15286910635653,0.0100679646685284,0.002839554174213
"2023-01-17",4.89452200621297,4.1573802752886,0.0087184958594948,0.00451116893207537
"2023-01-18",4.88913709855992,4.14440373064838,-0.00538490765304811,-0.0129765446402246
"2023-01-19",4.88958096051064,4.13266483385016,0.00044386195072299,-0.0117388967982208
"2023-01-20",4.90861921844065,4.15936171330492,0.019038257930009,0.0266968794547608
"2023-01-23",4.93184817262734,4.18187226292156,0.0232289541866866,0.0225105496166407
"2023-01-24",4.94186059949059,4.18142503582692,0.010012426863252,-0.000447227094641178
"2023-01-25",4.93714887353099,4.17933762435139,-0.00471172595960478,-0.00208741147552693
"2023-01-26",4.95184379054008,4.19518276741132,0.0146949170090922,0.0158451430599262
"2023-01-27",4.96543505294709,4.19936120009619,0.013591262407008,0.00417843268487061
"2023-01-30",4.94515285973079,4.18008367042953,-0.0202821932162998,-0.0192775296666596
"2023-01-31",4.95413318770251,4.19393318057111,0.00898032797171933,0.0138495101415801
"2023-02-01",4.96200322900077,4.2171969211303,0.00787004129826396,0.0232637405591882
"2023-02-02",4.99839505805059,4.24413733223037,0.0363918290498235,0.0269404111000764
"2023-02-03",5.02250216447623,4.23577837620366,0.0241071064256362,-0.00835895602671144
"2023-02-06",5.00441102776806,4.22350044343325,-0.0180911367081693,-0.012277932770413
"2023-02-07",5.02347246576924,4.24818598577335,0.0190614380011844,0.0246855423400998
"2023-02-08",5.0056621125285,4.23606048360965,-0.0178103532407459,-0.0121255021636992
"2023-02-09",4.99872659241836,4.23054531551611,-0.00693552011014287,-0.00551516809353725
"2023-02-10",5.00117971998118,4.22592549066961,0.00245312756282079,-0.00461982484650214
"2023-02-13",5.01981201237304,4.24308753672906,0.0186322923918611,0.0171620460594539
"2023-02-14",5.01557799451203,4.24734985018473,-0.00423401786100719,0.00426231345566741
"2023-02-15",5.02938570833284,4.25201056658252,0.0138077138208104,0.00466071639779031
"2023-02-16",5.01890151066851,4.23450812814344,-0.0104841976643328,-0.0175024384390863
"2023-02-17",5.0113262784561,4.22192834000468,-0.00757523221240763,-0.012579788138753
"2023-02-21",4.98428436298057,4.19789707082356,-0.0270419154755341,-0.0240312691811209
"2023-02-22",4.98717602605178,4.19643067991655,0.00289166307121302,-0.00146639090700695
"2023-02-23",4.99046123552333,4.21287590271717,0.00328520947155031,0.0164452228006136
"2023-02-24",4.97229168640787,4.19488877243195,-0.0181695491154619,-0.0179871302852188
"2023-02-27",4.98050543344615,4.20023876417941,0.00821374703827971,0.0053499917474582
"2023-02-28",4.97705160087586,4.19804346562262,-0.00345383257028331,-0.00219529855678413
"2023-03-01",4.96270312965968,4.1906918017503,-0.0143484712161843,-0.00735166387232322
"2023-03-02",4.96682383496575,4.20293962532736,0.00412070530606989,0.0122478235770576
"2023-03-03",5.00131249152575,4.2242143821188,0.0344886565600016,0.0212747567914473
"2023-03-06",5.01968177542628,4.22898370135937,0.0183692839005323,0.00476931924056245
"2023-03-07",5.0050793201841,4.21647772790514,-0.01460245524218,-0.0125059734542283
"2023-03-08",5.01342152937795,4.2247138695796,0.00834220919385054,0.0082361416744563
"2023-03-09",4.9983945431602,4.21027425570467,-0.015026986217757,-0.0144396138749254
"2023-03-10",4.98441856123316,4.19253496372317,-0.0139759819270404,-0.0177392919814956
"2023-03-13",4.99759769010538,4.19797021358221,0.0131791288722196,0.00543524985903421
"2023-03-14",5.01158841232588,4.22078335621051,0.0139907222205045,0.0228131426282969
"2023-03-15",5.01420648547831,4.22135589999127,0.00261807315243257,0.000572543780763546
"2023-03-16",5.03272790550021,4.24902196749321,0.0185214200218926,0.0276660675019427
"2023-03-17",5.02725904599267,4.24762871245902,-0.0054688595075385,-0.00139325503419663
"2023-03-20",5.04262425132711,4.25032157621505,0.0153652053344473,0.00269286375603617
"2023-03-21",5.05449768146563,4.25837117544501,0.0118734301385199,0.00804959922995785
"2023-03-22",5.04535236329902,4.24836902210014,-0.00914531816661857,-0.0100021533448702
"2023-03-23",5.05229775563763,4.26450325082141,0.00694539233861757,0.0161342287212705
"2023-03-24",5.06056887441171,4.2671101416155,0.00827111877407649,0.00260689079409282
"2023-03-27",5.04819964450105,4.25933821281635,-0.0123692299106635,-0.00777192879915223
"2023-03-28",5.0442111769707,4.2546319871426,-0.00398846753034832,-0.00470622567374956
"2023-03-29",5.06380843261107,4.27536594588296,0.0195972556403747,0.0207339587403634
"2023-03-30",5.07364992291851,4.28691805083496,0.00984149030743797,0.0115521049519929
"2023-03-31",5.0891729635177,4.30112345392816,0.0155230405991844,0.0142054030932011
"2023-04-03",5.09684537390962,4.29953308258158,0.00767241039192612,-0.00159037134657769
"2023-04-04",5.09359020475343,4.29401239125664,-0.00325516915619595,-0.00552069132494459
"2023-04-05",5.08223576544184,4.28254263168229,-0.0113544393115896,-0.0114697595743438
"2023-04-06",5.08771651452195,4.28819355860493,0.00548074908011031,0.00565092692264013
"2023-04-10",5.07161534064012,4.28765667891909,-0.0161011738818244,-0.000536879685839153
"2023-04-11",5.06399525333996,4.27821580399988,-0.00762008730016195,-0.00944087491921675
"2023-04-12",5.05963256882327,4.27250826207339,-0.00436268451669353,-0.00570754192648337
"2023-04-13",5.09316757598782,4.29094029091384,0.0335350071645584,0.018432028840448
"2023-04-14",5.09105146717916,4.28537213928283,-0.00211610880866875,-0.00556815163100577
"2023-04-17",5.09117226436753,4.28899812874048,0.000120797188376542,0.00362598945764869
"2023-04-18",5.09864898469603,4.29207671393288,0.00747672032849245,0.00307858519239534
"2023-04-19",5.10559307250342,4.28919927481329,0.00694408780739764,-0.00287743911958671
"2023-04-20",5.0997295545629,4.28261004889214,-0.00586351794052131,-0.00658922592115196
"2023-04-21",5.08990058126735,4.27936677143909,-0.00982897329555499,-0.00324327745304753
"2023-04-24",5.09177753228085,4.27495832628817,0.00187695101350727,-0.00440844515092298
"2023-04-25",5.08229693739613,4.25338244141442,-0.0094805948847263,-0.0215758848737497
"2023-04-26",5.08223576544184,4.26813727586144,-6.11719542913391e-05,0.0147548344470172
"2023-04-27",5.11023544573635,4.28913250968723,0.0279996802945108,0.0209952338257882
"2023-04-28",5.11774827109904,4.2999310161282,0.00751282536269038,0.0107985064409766
"2023-05-01",5.1172176886883,4.300527361034,-0.000530582410735114,0.000596344905801516
"2023-05-02",5.11100688426991,4.2911405245413,-0.00621080441838728,-0.00938683649270544
"2023-05-03",5.10451873082305,4.28267756688595,-0.00648815344686327,-0.00846295765535032
"2023-05-04",5.09455569015512,4.27787697587001,-0.00996304066792941,-0.00480059101594232
"2023-05-05",5.14041485810943,4.30264553422374,0.0458591679543074,0.0247685583537338
"2023-05-08",5.14001138775856,4.30211635975143,-0.000403470350870627,-0.000529174472307048
"2023-05-09",5.12999035374717,4.29441283960587,-0.0100210340113858,-0.00770352014556419
"2023-05-10",5.14035714010422,4.30653910912584,0.0103667863570482,0.012126269519972
"2023-05-11",5.14145133866212,4.30205034821055,0.00109419855790183,-0.0044887609152946
"2023-05-12",5.13601903685467,4.30072609814875,-0.00543230180745802,-0.00132425006179382
"2023-05-15",5.13311746752597,4.30897295838033,-0.00290156932869845,0.00824686023158083
"2023-05-16",5.13311746752597,4.31002380130466,0,0.00105084292433055
"2023-05-17",5.13671408360722,4.32325959377435,0.00359661608125617,0.0132357924696827
"2023-05-18",5.15028780948699,4.34352051751545,0.0135737258797706,0.0202609237411036
"2023-05-19",5.15091598918083,4.34307590460314,0.000628179693840103,-0.000444612912311015
"2023-05-22",5.14541997004346,4.34497906512444,-0.00549601913737785,0.00190316052130424
"2023-05-23",5.13014905413039,4.33010180851465,-0.0152709159130637,-0.0148772566097888
"2023-05-24",5.13177982492282,4.32274111767776,0.00163077079243035,-0.00736069083689639
"2023-05-25",5.13844985846314,4.36038783090727,0.00667003354032136,0.0376467132295115
"2023-05-26",5.15245624594533,4.38838891311932,0.0140063874821825,0.028001082212052
"2023-05-30",5.16305936910406,4.39371514481732,0.01060312315873,0.00532623169800051
"2023-05-31",5.16277747106621,4.38534990668467,-0.000281898037849615,-0.00836523813264911
"2023-06-01",5.1786729537601,4.39546419652627,0.0158954826938897,0.0101142898415976
"2023-06-02",5.18343698970891,4.40117230120552,0.00476403594881702,0.00570810467924954
"2023-06-05",5.17583692158171,4.39540378603414,-0.00760006812720082,-0.00576851517138355
"2023-06-06",5.17377456032022,4.39516276642497,-0.00206236126149673,-0.00024101960916223
"2023-06-07",5.16598799256002,4.38010103005569,-0.00778656776020004,-0.015061736369284
"2023-06-08",5.18133468686717,4.39087372082018,0.0153466943071559,0.0107726907644947
"2023-06-09",5.18349210294181,4.39582554819617,0.0021574160746356,0.00495182737598299
"2023-06-12",5.19900979741777,4.41733814350702,0.0155176944759656,0.021512595310857
"2023-06-13",5.19639458946815,4.4233919691071,-0.00261520794962156,0.00605382560007239
"2023-06-14",5.19988015606905,4.43365299679531,0.00348556660089816,0.0102610276882116
"2023-06-15",5.21101644680155,4.44644698262101,0.0111362907325043,0.0127939858257005
"2023-06-16",5.2051394714394,4.43816680083425,-0.00587697536215526,-0.00828018178675816
"2023-06-20",5.20562590913105,4.43138575345952,0.000486437691649577,-0.00678104737473362
"2023-06-21",5.19993428631865,4.41647849889418,-0.00569162281239954,-0.0149072545653386
"2023-06-22",5.21632458646727,4.42460520319009,0.0163903001486174,0.00812670429590767
"2023-06-23",5.21461187053666,4.41369556985206,-0.00171271593060673,-0.0109096333380245
"2023-06-26",5.20703031023058,4.4064949923549,-0.00758156030607893,-0.00720057749716219
"2023-06-27",5.22197713791697,4.42601192513715,0.0149468276863862,0.0195169327822553
"2023-06-28",5.22828494036749,4.42659748334375,0.00630780245051898,0.000585558206598336
"2023-06-29",5.23007987397107,4.42835201244938,0.00179493360358141,0.00175452910562335
"2023-06-30",5.25291960071014,4.4441204955923,0.0228397267390701,0.0157684831429243
"2023-07-03",5.24510460291943,4.44198997329403,-0.00781499779070405,-0.00213052229826616
"2023-07-05",5.23921569905648,4.43580332454722,-0.0058889038629486,-0.00618664874681318
"2023-07-06",5.24172134121197,4.43313163695204,0.00250564215548188,-0.00267168759518022
"2023-07-07",5.23581258325466,4.42876083562558,-0.00590875795730739,-0.0043708013264645
"2023-07-10",5.22489756368882,4.43138575345952,-0.0109150195658412,0.00262491783394037
"2023-07-11",5.22208344137011,4.43353878290354,-0.00281412231870792,0.00215302944402485
"2023-07-12",5.23102889262368,4.44481019713424,0.00894545125356849,0.0112714142307011
"2023-07-13",5.2350782124559,4.45777331756524,0.00404931983222045,0.0129631204309968
"2023-07-14",5.23586512789538,4.45629709972843,0.000786915439482172,-0.00147621783680663
"2023-07-17",5.25302274523718,4.46900077793557,0.0171576173418009,0.0127036782071421
"2023-07-18",5.25168143552706,4.48027017166141,-0.00134130971012159,0.0112693937258346
"2023-07-19",5.25872842764899,4.47777072883538,0.00704699212192939,-0.00249944282602588
"2023-07-20",5.24857957945353,4.4576032013438,-0.0101488481954597,-0.0201675274915871
"2023-07-21",5.24239897443527,4.45709214814918,-0.00618060501825646,-0.000511053194617972
"2023-07-24",5.24661007174346,4.45885072586521,0.00421109730819147,0.00175857771603383
"2023-07-25",5.25111356703276,4.47023426045434,0.00450349528929728,0.0113835345891289
"2023-07-26",5.25564830745153,4.45669483571037,0.00453474041877122,-0.0135394247439677
"2023-07-27",5.24904550373884,4.45379383459056,-0.00660280371269284,-0.00290100111981495
"2023-07-28",5.26246302061201,4.46731637223341,0.0134175168731732,0.0135225376428512
"2023-07-31",5.26562394919345,4.46961779674932,0.00316092858143691,0.00230142451590609
"2023-08-01",5.26133899220924,4.47129859529629,-0.00428495698420939,0.00168079854697911
"2023-08-02",5.24572784153445,4.44624622010732,-0.0156111506747898,-0.0250523751889755
"2023-08-03",5.23837892588144,4.44216285599221,-0.0073489156530151,-0.0040833641151119
"2023-08-04",5.18916787568295,4.42846882312122,-0.0492110501984913,-0.0136940328709922
"2023-08-07",5.17176352720622,4.43126928303963,-0.0174043484767239,0.0028004599184106
"2023-08-08",5.17706113752442,4.42354897593511,0.00529761031820364,-0.00772030710451332
"2023-08-09",5.16806663229363,4.41054809768059,-0.00899450523079448,-0.0130008782545268
"2023-08-10",5.16683100057098,4.41066700653857,-0.00123563172264607,0.000118908857983158
"2023-08-11",5.16716847461277,4.40326480120183,0.000337474041782748,-0.00740220533673686
"2023-08-14",5.17651794470127,4.41907681536661,0.00934947008850262,0.0158120141647817
"2023-08-15",5.16525426548558,4.40917893248668,-0.0112636792156868,-0.00989788287993676
"2023-08-16",5.16028305312407,4.39960311663228,-0.00497121236151443,-0.0095758158543946
"2023-08-17",5.14562085961158,4.39005638632427,-0.0146621935124891,-0.0095467303080099
"2023-08-18",5.14843316134971,4.39157307371813,0.00281230173812652,0.00151668739386235
"2023-08-21",5.15614013330097,4.41048859160325,0.00770697195126502,0.0189155178851195
"2023-08-22",5.16401384275963,4.40935758121693,0.00787370945866339,-0.00113101038632557
"2023-08-23",5.18572514094503,4.42724121982392,0.0217112981853953,0.017883638606996
"2023-08-24",5.15920612184705,4.40392335616793,-0.0265190190979778,-0.0233178636559952
"2023-08-25",5.17177036754031,4.41405122568886,0.0125642456932606,0.0101278695209324
"2023-08-28",5.18057755047769,4.42219769106151,0.00880718293737903,0.00814646537265062
"2023-08-29",5.2021532074,4.44204754430657,0.0215756569223107,0.0198498532450575
"2023-08-30",5.22114402260383,4.4495696590501,0.018990815203825,0.00752211474353093
"2023-08-31",5.22231577100261,4.45442048253449,0.00117174839878587,0.00485082348439203
"2023-09-01",5.23074356326017,4.45748965653579,0.00842779225755219,0.00306917400129691
"2023-09-05",5.23200937717868,4.46105890559894,0.00126581391851843,0.00356924906315204
"2023-09-06",5.19555983091036,4.45042725165015,-0.0364495462683196,-0.0106316539487912
"2023-09-07",5.16587407452862,4.43586125282507,-0.0296857563817463,-0.0145659988250806
"2023-09-08",5.16935958799403,4.43794669361021,0.00348551346541015,0.0020854407851445
"2023-09-11",5.17596048844234,4.44314210997951,0.00660090044831652,0.00519541636929599
"2023-09-12",5.15875262076229,4.42483977908375,-0.0172078676800584,-0.0183023308957599
"2023-09-13",5.14682694818597,4.4273581603127,-0.0119256725763144,0.00251838122894643
"2023-09-14",5.15557119750477,4.43458460715302,0.0087442493187968,0.00722644684032225
"2023-09-15",5.15140866999931,4.41517675841755,-0.00416252750546153,-0.0194078487354687
"2023-09-18",5.16818047463619,4.41997132477576,0.016771804636881,0.0047945663582043
"2023-09-19",5.17434221800722,4.41943984125335,0.00616174337102926,-0.000531483522401288
"2023-09-20",5.15414783683139,4.4035994528417,-0.0201943811758252,-0.015840388411652
"2023-09-21",5.14521841769853,4.38823576502538,-0.00892941913286194,-0.0153636878163184
"2023-09-22",5.15015085407806,4.39036701997685,0.00493243637953089,0.00213125495146738
"2023-09-25",5.15750401409102,4.39358562426471,0.00735316001295505,0.0032186042878557
"2023-09-26",5.13382757384008,4.37541483995923,-0.0236764402509335,-0.0181707843054726
"2023-09-27",5.1248899770139,4.3769572349923,-0.00893759682618001,0.00154239503306908
"2023-09-28",5.12641464185245,4.38402116146364,0.00152466483854585,0.00706392647134102
"2023-09-29",5.1294565637493,4.38744320911162,0.00304192189685093,0.00342204764798026
"2023-10-02",5.14418298806089,4.39812212397009,0.0147264243115943,0.0106789148584658
"2023-10-03",5.13638285737969,4.38101751973159,-0.00780013068120589,-0.0171046042385008
"2023-10-04",5.14366491544854,4.39340366385671,0.00728205806885018,0.0123861441251254
"2023-10-05",5.15083694673668,4.3947367697381,0.00717203128814159,0.00133310588138968
"2023-10-06",5.16547987722964,4.41327628780703,0.0146429304929656,0.0185395180689305
"2023-10-09",5.1738954445901,4.41843488070451,0.00841556736045046,0.00515859289747578
"2023-10-10",5.17053774614592,4.41997132477576,-0.00335769844417921,0.00153644407124442
"2023-10-11",5.17841056201615,4.42919933137292,0.00787281587022992,0.00922800659716394
"2023-10-12",5.1834591551786,4.43013491634336,0.00504859316245465,0.000935584970438441
"2023-10-13",5.17311302401487,4.41571060413738,-0.0103461311637281,-0.014424312205974
"2023-10-16",5.17238571954881,4.42527150342999,-0.000727304466059842,0.00956089929260528
"2023-10-17",5.16356234264,4.42062062413079,-0.00882337690881041,-0.00465087929919772
"2023-10-18",5.15614013330097,4.41029939065687,-0.00742220933903148,-0.0103212334739204
"2023-10-19",5.15397677040366,4.40455937947963,-0.00216336289730901,-0.00574001117723988
"2023-10-20",5.13916325667867,4.38750410241065,-0.0148135137249907,-0.017055277068982
"2023-10-23",5.13985719496801,4.38866255007642,0.000693938289340501,0.00115844766577133
"2023-10-24",5.1423972261319,4.39552366248062,0.00254003116389256,0.00686111240419773
"2023-10-25",5.12881366898583,4.38365380437762,-0.0135835571460747,-0.0118698581029939
"2023-10-26",5.10390046363005,4.36436430297189,-0.0249132053557828,-0.0192895014057362
"2023-10-27",5.11183813072108,4.37015317779884,0.0079376670910376,0.00578887482694945
"2023-10-30",5.12406833317627,4.38083325778276,0.0122302024551839,0.010680079983918
"2023-10-31",5.12688313501692,4.38793110496592,0.00281480184065064,0.00709784718316797
"2023-11-01",5.14544859482792,4.40707460225367,0.018565459810997,0.0191434972877467
"2023-11-02",5.16593059969991,4.42386099499688,0.020482004871992,0.0167863927432066
"2023-11-03",5.16073586084391,4.43410193656071,-0.00519473885599453,0.0102409415638345
"2023-11-06",5.17523542532767,4.44065943828548,0.0144995644837591,0.00655750172477365
"2023-11-07",5.18958270239155,4.45153172694311,0.014347277063874,0.0108722886576285
"2023-11-08",5.19545058546483,4.45718008417569,0.00586788307327879,0.00564835723257495
"2023-11-09",5.19282247974801,4.4525038090064,-0.00262810571681271,-0.00467627516928903
"2023-11-10",5.21577695908787,4.47829029418133,0.0229544793398562,0.0257864851749305
"2023-11-13",5.20715618340275,4.4724242688371,-0.00862077568512021,-0.00586602534422731
"2023-11-14",5.22134097495229,4.49223012144732,0.0141847915495461,0.0198058526102152
"2023-11-15",5.22437744996495,4.49349271236402,0.00303647501265214,0.00126259091670633
"2023-11-16",5.23337870025891,4.49847278534415,0.00900125029395937,0.00498007298013015
"2023-11-17",5.23327326515235,4.4963964796478,-0.000105435106560137,-0.00207630569635864
"2023-11-20",5.24250861487565,4.51078899501118,0.00923534972330575,0.0143925153633884
"2023-11-21",5.23826907474582,4.502667707222,-0.00423954012983607,-0.00812128778918364
"2023-11-22",5.24177728997647,4.50711544436705,0.00350821523065825,0.00444773714504976
"2023-11-24",5.23474834599598,4.50516537938011,-0.00702894398049025,-0.00195006498694017
"2023-11-27",5.23380032955468,4.50511099262679,-0.000948016441306265,-5.43867533222553e-05
"2023-11-28",5.23700913671997,4.50700730064385,0.00320880716529626,0.00189630801706375
"2023-11-29",5.23158478983927,4.50776481811942,-0.00542434688070159,0.000757517475573621
"2023-11-30",5.234642973897,4.50922397021553,0.00305818405773195,0.0014591520961087
"2023-12-01",5.24141126534264,4.51148969710812,0.00676829144563396,0.00226572689258919
"2023-12-04",5.23190167773211,4.49923713232972,-0.00950958761052867,-0.0122525647784073
"2023-12-05",5.25274617896534,4.50521934160724,0.0208445012332357,0.0059822092775228
"2023-12-06",5.24704270377145,4.4967245907057,-0.0057034751938918,-0.00849475090153806
"2023-12-07",5.25713100206424,4.50879181654857,0.010088298292791,0.0120672258428725
"2023-12-08",5.26451609691964,4.51729240039422,0.00738509485540018,0.00850058384564623
"2023-12-11",5.25150452094489,4.52598711314768,-0.0130115759747582,0.00869471275346534
"2023-12-12",5.25939336840371,4.53260384107832,0.0078888474588199,0.00661672793063772
"2023-12-13",5.2759472768276,4.54137601665821,0.0165539084238953,0.00877217557989241
"2023-12-14",5.27670448509187,4.53891494147278,0.000757208264270837,-0.00246107518543859
"2023-12-15",5.27397501914574,4.5439352839181,-0.00272946594613188,0.00502034244532901
"2023-12-18",5.26543545014944,4.5469214940294,-0.00853956899630237,0.00298621011129185
"2023-12-19",5.2707812890998,4.55071912403838,0.00534583895036356,0.00379763000898325
"2023-12-20",5.26000951175923,4.53549324159608,-0.010771777340568,-0.0152258824423042
"2023-12-21",5.25923931289614,4.54666073532524,-0.000770198863092375,0.0111674937291637
"2023-12-22",5.25367625222228,4.54796312235493,-0.00556306067386458,0.00130238702968644
"2023-12-26",5.25083127190674,4.55212018720925,-0.00284498031554037,0.00415706485432565
"2023-12-27",5.25134924521581,4.55206829521298,0.000517973309078101,-5.18919962742004e-05
"2023-12-28",5.25357301551198,4.55326040715376,0.00222377029616183,0.00119211194077806
"2023-12-29",5.24813413503757,4.55019975797884,-0.00543888047440966,-0.00306064917491078
"2024-01-02",5.21169149097117,4.52366629778465,-0.036442644066395,-0.0265334601941927
"2024-01-03",5.20417569322714,4.51342413509978,-0.00751579774402789,-0.0102421626848672
"2024-01-04",5.19139414775806,4.50606684099554,-0.0127815454690845,-0.00735729410424391
"2024-01-05",5.18737310430998,4.50579529126259,-0.00402104344807963,-0.000271549732952181
"2024-01-08",5.21126026763249,4.53057787649737,0.0238871633225148,0.0247825852347843
"2024-01-09",5.20899433203159,4.53216600037756,-0.0022659356009056,0.00158812388019047
"2024-01-10",5.21464978028285,4.54064680145471,0.00565544825125741,0.00848080107714821
"2024-01-11",5.21142206059179,4.54572179684421,-0.00322771969105862,0.00507499538949663
"2024-01-12",5.21319856230275,4.54895217778595,0.00177650171095944,0.00323038094174599
"2024-01-16",5.20080510268045,4.55144578365458,-0.0123934596222934,0.00249360586862668
"2024-01-17",5.1956180000863,4.54650427982033,-0.00518710259415567,-0.00494150383424952
"2024-01-18",5.22766964602362,4.56658594626801,0.0320516459373268,0.0200816664476751
"2024-01-19",5.24308300206259,4.58937447236789,0.0154133560389669,0.0227885260998839
"2024-01-22",5.25517302363412,4.59376120362407,0.0120900215715318,0.00438673125618205
"2024-01-23",5.2618043125001,4.59778189090377,0.00663128886597963,0.00402068727969418
"2024-01-24",5.25831432230709,4.6046442298263,-0.00348999019301122,0.00686233892253529
"2024-01-25",5.25661617476454,4.60881754848396,-0.00169814754254816,0.00417331865765824
"2024-01-26",5.24756264266867,4.5972368838951,-0.00905353209587201,-0.0115806645888625
"2024-01-29",5.24397014544914,4.60636492183601,-0.00359249721952803,0.00912803794090955
"2024-01-30",5.22453680614005,4.59807898642454,-0.0194333393090922,-0.00828593541146372
"2024-01-31",5.20498930612956,4.57685709571481,-0.0195475000104954,-0.021221890709735
"2024-02-01",5.21824185829791,4.58937447236789,0.0132525521683569,0.0125173766530819
"2024-02-02",5.21282209045104,4.5996625694574,-0.00541976784687481,0.0102880970895143
"2024-02-05",5.22262054974717,4.60193444208425,0.0097984592961291,0.00227187262684403
"2024-02-06",5.23121517790679,4.59733592827075,0.00859462815962075,-0.00459851381349985
"2024-02-07",5.23179616831395,4.61048205701636,0.000580990407162751,0.0131461287456087
"2024-02-08",5.22602473878567,4.61360746848799,-0.00577142952828513,0.00312541147162904
"2024-02-09",5.23011050417277,4.62697598998344,0.0040857653871047,0.0133685214954529
"2024-02-12",5.22106770344233,4.61934498868383,-0.00904280073043928,-0.00763100129960836
"2024-02-13",5.20972934669742,4.60223053619643,-0.0113383567449059,-0.0171144524873998
"2024-02-14",5.20490797462132,4.61263197776449,-0.00482137207610567,0.0104014415680611
"2024-02-15",5.20333197072664,4.61053085293904,-0.00157600389467927,-0.00210112482545632
"2024-02-16",5.19486576722436,4.60129289751638,-0.00846620350227667,-0.00923795542265893
"2024-02-20",5.19074340448898,4.59107140088759,-0.00412236273538724,-0.0102214966287884
"2024-02-21",5.19492084641636,4.58476784887262,0.00417744192738834,-0.00630355201496435
"2024-02-22",5.20610181969345,4.61696656056275,0.0111809732770887,0.0321987116901239
"2024-02-23",5.19601697648047,4.61463113386166,-0.0100848432129812,-0.00233542670108466
"2024-02-26",5.18853816051248,4.61560490382895,-0.00747881596799349,0.00097376996728471
"2024-02-27",5.19661961921332,4.61648034347251,0.00808145870083887,0.000875439643565734
"2024-02-28",5.18997210514798,4.6117530853411,-0.00664751406533615,-0.00472725813141839
"2024-02-29",5.18627231747663,4.62282957544815,-0.00369978767134782,0.011076490107059
"2024-03-01",5.18022362321846,4.64092747220167,-0.006048694258177,0.0180978967535115
"2024-03-04",5.15451463644023,4.64092747220167,-0.0257089867782296,0
"2024-03-05",5.12566134990352,4.61604271945005,-0.0288532865367026,-0.0248847527516114
"2024-03-06",5.11976573322848,4.62394036748614,-0.00589561667504324,0.00789764803608506
"2024-03-07",5.11905597252964,4.63959814937778,-0.000709760698843098,0.0156577818916377
"2024-03-08",5.12924065503431,4.62461566393078,0.0101846825046676,-0.0149824854469989
"2024-03-11",5.14100274865332,4.62186289371727,0.0117620936190139,-0.00275277021351084
"2024-03-12",5.1437773846749,4.64216055721421,0.00277463602158079,0.0202976634969376
"2024-03-13",5.13158064207655,4.63129698900482,-0.0121967425983511,-0.0108635682093849
"2024-03-14",5.14244894179456,4.63148858421837,0.0108682997180152,0.000191595213554052
"2024-03-15",5.14024991515287,4.61628585078359,-0.00219902664169158,-0.0152027334347826
"2024-03-18",5.14660223815175,4.62118881349391,0.006352322998878,0.00490296271032253
"2024-03-19",5.160095687858,4.62636211791186,0.0134934497062487,0.00517330441794872
"2024-03-20",5.17469788728551,4.63748783472056,0.0146021994275127,0.0111257168086931
"2024-03-21",5.13298228057715,4.63820284018075,-0.0417156067083608,0.000715005460196316
"2024-03-22",5.13827841313429,4.63853635419828,0.00529613255713546,0.00033351401752757
"2024-03-25",5.12994331654259,4.63189246378573,-0.00833509659169707,-0.00664389041254765
"2024-03-26",5.12324846774853,4.62775963931757,-0.0066948487940568,-0.00413282446815799
"2024-03-27",5.14423923963074,4.63285106162016,0.02099077188221,0.00509142230259041
"2024-03-28",5.13362394104472,4.63069290423599,-0.0106152985860266,-0.00215815738417202
"2024-04-01",5.12513222896746,4.63347372084914,-0.00849171207726052,0.00278081661314378
"2024-04-02",5.11810884062369,4.62380296196205,-0.00702338834376448,-0.00967075888708901
"2024-04-03",5.12289474778769,4.62645846871131,0.00478590716399907,0.00265550674926462
"2024-04-04",5.11799052309155,4.61051651037213,-0.00490422469614149,-0.0159419583391811
"2024-04-05",5.12248214370491,4.62191571412048,0.00449162061336228,0.0113992037483497
"2024-04-08",5.11579632696809,4.62075256958678,-0.00668581673682489,-0.00116314453370148
"2024-04-09",5.1230127592564,4.62578314544441,0.0072164322883097,0.00503057585762789
"2024-04-10",5.11181091783542,4.61345191394595,-0.0112018414209789,-0.0123312314984592
"2024-04-11",5.1541718948318,4.63323421393405,0.0423609769963784,0.0197822999881021
"2024-04-12",5.16276156989391,4.6169140059109,0.00858967506211528,-0.0163202080231546
"2024-04-15",5.14065543304269,4.59774607363517,-0.022106136851221,-0.0191679322757299
"2024-04-16",5.1213021408148,4.59893634891668,-0.0193532922278852,0.00119027528151872
"2024-04-17",5.11312135164435,4.58440827456827,-0.00818078917045284,-0.0145280743484113
"2024-04-18",5.10739068485056,4.57292702005644,-0.00573066679378975,-0.0114812545118319
"2024-04-19",5.09510282443965,4.55210940676806,-0.0122878604109147,-0.0208176132883802
"2024-04-22",5.10018076529452,4.56100339271399,0.00507794085487578,0.00889398594593072
"2024-04-23",5.10655212726635,4.57572093051097,0.00637136197182731,0.0147175377969821
"2024-04-24",5.11917434659941,4.58027601309252,0.0126222193330605,0.0045550825815468
"2024-04-25",5.12430842356909,4.57810242525329,0.00513407696968127,-0.00217358783922794
"2024-04-26",5.12082956728612,4.58932440053883,-0.00347885628297462,0.0112219752855403
"2024-04-29",5.14533480201925,4.59361889318766,0.024505234733132,0.0042944926488282
"2024-04-30",5.12689499848685,4.57134871344031,-0.018439803532396,-0.0222701797473484
"2024-05-01",5.12082956728612,4.56105490286238,-0.00606543120073599,-0.0102938105779327
"2024-05-02",5.1426222589271,4.575365869449,0.0217926916409876,0.0143109665866215
"2024-05-03",5.20071787851787,4.60284425618062,0.0580956195907687,0.0274783867316195
"2024-05-06",5.19156937348898,4.61452577601448,-0.00914850502889397,0.0116815198338545
"2024-05-07",5.19535942571915,4.61125120738212,0.00379005223016993,-0.00327456863235387
"2024-05-08",5.19722181457636,4.61408669066875,0.0018623888572078,0.00283548328662508
"2024-05-09",5.207186270261,4.61379370868179,0.00996445568464299,-0.000292981986955709
"2024-05-10",5.20027221843572,4.61749813469876,-0.00691405182527838,0.00370442601696652
"2024-05-13",5.21776367044216,4.62220625148274,0.0174914520064382,0.0047081167839842
"2024-05-14",5.22391804993691,4.63102885758224,0.0061543794947454,0.00882260609949448
"2024-05-15",5.23606212541349,4.65329041027986,0.0121440754765887,0.0222615526976249
"2024-05-16",5.23669435030725,4.64981073503239,0.000632224893758249,-0.00347967524746728
"2024-05-17",5.23685248607432,4.64759421687504,0.000158135767066803,-0.00221651815735591
"2024-05-20",5.24299543780036,4.65928115084056,0.00614295172604518,0.0116869339655246
"2024-05-21",5.24982951721154,4.66091287954089,0.00683407941117142,0.00163172870033179
"2024-05-22",5.24226245165415,4.66314647121943,-0.0075670655573834,0.0022335916785341
"2024-05-23",5.22097950881999,4.65497890038576,-0.0212829428341665,-0.00816757083367214
"2024-05-24",5.23743150875393,4.66337877689097,0.0164519999339463,0.00839987650521667
"2024-05-28",5.23748429271677,4.66759881494477,5.27839628352567e-05,0.00422003805380022
"2024-05-29",5.23906198416428,4.66123890601945,0.00157769144751096,-0.00635990892532501
"2024-05-30",5.24430342670198,4.6381551546032,0.00524144253770054,-0.0230837514162445
"2024-05-31",5.24930939377844,4.63972654743966,0.00500596707646483,0.00157139283646135
"2024-06-03",5.2585256041467,4.64224525254083,0.00921621036825471,0.00251870510116614
"2024-06-04",5.2601735147776,4.64433147613,0.00164791063090508,0.00208622358916433
"2024-06-05",5.26796394249533,4.66630213256322,0.00779042771772254,0.0219706564332265
"2024-06-06",5.26084216889073,4.66296048700509,-0.00712177360459165,-0.00334164555813388
"2024-06-07",5.27315792442866,4.6652822683904,0.012315755537923,0.00232178138531491
"2024-06-10",5.25382462635318,4.66783008873006,-0.019333298075475,0.00254782033966183
"2024-06-11",5.32395587429285,4.6862574106891,0.0701312479396652,0.0184273219590327
"2024-06-12",5.35213340463743,4.70813566205989,0.0281775303445837,0.0218782513707954
"2024-06-13",5.35760960124573,4.71601425850865,0.00547619660830279,0.00787859644875866
"2024-06-14",5.3494076526599,4.71975475261655,-0.00820194858583001,0.00374049410789823
"2024-06-17",5.36888819569247,4.73479459179822,0.0194805430325609,0.0150398391816742
"2024-06-18",5.35784296726767,4.73604839237754,-0.0110452284247993,0.00125380057931679
"2024-06-20",5.33609530391298,4.7247493642331,-0.0217476633546845,-0.0112990281444389
"2024-06-21",5.32559586327739,4.72299967510109,-0.0104994406355949,-0.0017496891320139
"2024-06-24",5.3287237833327,4.69817773174563,0.00312792005531648,-0.0248219433554562
"2024-06-25",5.3331819781973,4.71635516764554,0.00445819486459964,0.0181774358999078
"2024-06-26",5.35297797862169,4.71520668758856,0.019796000424388,-0.0011484800569761
"2024-06-27",5.35695601601776,4.71569283856465,0.00397803739607028,0.000486150976089839
"2024-06-28",5.34056829570942,4.71516246789679,-0.0163877203083365,-0.000530370667866542
"2024-07-01",5.36925732601021,4.7226927710635,0.0286890303007903,0.0075303031667131
"2024-07-02",5.38536688342516,4.72768147352262,0.0161095574149455,0.00498870245911753
"2024-07-03",5.3911611144304,4.74108003446375,0.00579423100523879,0.0133985609411305
"2024-07-05",5.41255108783024,4.744133642305,0.0213899733998391,0.00305360784125597
"2024-07-08",5.41906867589483,4.75093789579292,0.00651758806459668,0.00680425348791935
"2024-07-09",5.42283635874365,4.75012729723399,0.00376768284881557,-0.000810598558934394
"2024-07-10",5.44146533330529,4.76453547397051,0.0186289745616355,0.0144081767365245
"2024-07-11",5.41797073591523,4.73918310633629,-0.0234945973900542,-0.0253523676342242
"2024-07-12",5.43093709839005,4.74807632887241,0.0129663624748204,0.00889322253612512
"2024-07-15",5.44754181759467,4.74987118912011,0.0166047192046141,0.00179486024769293
"2024-07-16",5.4493322056326,4.74653533737782,0.00179038803793663,-0.00333585174228723
"2024-07-17",5.42371059903212,4.70686219960211,-0.0256216066004873,-0.0396731377757087
"2024-07-18",5.40296210333116,4.70695130519599,-0.0207484957009543,8.91055938758711e-05
"2024-07-19",5.40354181032643,4.69118457185399,0.000579706995271323,-0.0157667333419997
"2024-07-22",5.4019803209479,4.71458763905286,-0.00156148937853473,0.023403067198875
"2024-07-23",5.4066575617782,4.71059918837536,0.00467724083030419,-0.00398845067750475
"2024-07-24",5.37748186230912,4.66833287267925,-0.0291756994690813,-0.0422663156961081
"2024-07-25",5.37266567389365,4.6575750106818,-0.00481618841547338,-0.0107578619974511
"2024-07-26",5.37482442631815,4.67018414378561,0.00215875242450014,0.0126091331038136
"2024-07-29",5.37610825441916,4.66573556604517,0.00128382810101613,-0.00444857774043683
"2024-07-30",5.37867090612919,4.64028903438057,0.00256265171002212,-0.0254465316646018
"2024-07-31",5.39355048649856,4.6817683411936,0.014879580369378,0.0414793068130299
"2024-08-01",5.3766576700491,4.64376068867514,-0.0168928164494586,-0.0380076525184636
"2024-08-02",5.38350373021445,4.61525330481253,0.00684606016534683,-0.0285073838626131
"2024-08-05",5.33413803247491,4.581372015413,-0.049365697739546,-0.0338812893995284
"2024-08-06",5.32434203981752,4.59487329011384,-0.00979599265738162,0.0135012747008396
"2024-08-07",5.33676288225154,4.57853832014605,0.0124208424340155,-0.016334969967791
"2024-08-08",5.35325922448638,4.61520458772416,0.0164963422348441,0.0366662675781173
"2024-08-09",5.36690180909888,4.61968868557213,0.013642584612497,0.00448409784797033
"2024-08-12",5.3740063864656,4.62782564913561,0.00710457736671444,0.00813696356347204
"2024-08-13",5.39105333803669,4.65808977793361,0.0170469515710945,0.0302641287980068
"2024-08-14",5.39308501861776,4.66355043388847,0.00203168058107028,0.0054606559548569
"2024-08-15",5.40652480852868,4.6919086604478,0.0134397899109171,0.0283582265593285
"2024-08-16",5.41242585332165,4.6935812888775,0.00590104479297349,0.00167262842970572
"2024-08-19",5.41171764298566,4.70993289726406,-0.000708210335990778,0.016351608386552
"2024-08-20",5.41445870161852,4.70641620775851,0.00274105863285801,-0.00351668950554807
"2024-08-21",5.41397296448896,4.7122851507743,-0.00048573712955946,0.00586894301579211
"2024-08-22",5.40567899144352,4.68900901460504,-0.00829397304543633,-0.0232761361692564
"2024-08-23",5.41591443113683,4.70507772793217,0.0102354396933109,0.0160687133271278
"2024-08-26",5.41741220417628,4.69245143546389,0.00149777303944454,-0.0126262924682807
"2024-08-27",5.42114671658321,4.69849239032334,0.00373451240692813,0.00604095485945244
"2024-08-28",5.41437039097259,4.68459798672143,-0.00677632561061969,-0.0138944036019177
"2024-08-29",5.42883546712716,4.6755331816585,0.0144650761545728,-0.00906480506292517
"2024-08-30",5.42539155102258,4.68873669299357,-0.00344391610457961,0.0132035113350719
"2024-09-03",5.39780940850697,4.64171733370057,-0.0275821425156071,-0.0470193592930066
"2024-09-04",5.38915338539027,4.63914501277043,-0.00865602311670255,-0.00257232093014004
"2024-09-05",5.39605725933304,4.6376177596003,0.0069038739427727,-0.00152725317013047
"2024-09-06",5.38901766068213,4.61133787892536,-0.0070395986509082,-0.0262798806749389
"2024-09-09",5.38942498850616,4.62758418865434,0.000407327824026638,0.0162463097289818
"2024-09-10",5.38579695157881,4.64243049856315,-0.00362803692734559,0.0148463099088119
"2024-09-11",5.39731551448532,4.67599294552202,0.0115185629065007,0.0335624469588689
"2024-09-12",5.39780940850697,4.68423317523737,0.000493894021656338,0.00824022971535587
"2024-09-13",5.39659679432508,4.68923588095529,-0.00121261418188823,0.0050027057179145
"2024-09-16",5.36842838708734,4.68541804464196,-0.0281684072377466,-0.00381783631332588
"2024-09-17",5.37059870935869,4.68345779085525,0.00217032227134872,-0.0019602537867156
"2024-09-18",5.38842856364377,4.67429068401468,0.0178298542850843,-0.00916710684056987
"2024-09-19",5.42482377160145,4.70355845387062,0.0363952079576837,0.0292677698559469
"2024-09-20",5.42189197535668,4.69867209122398,-0.00293179624477702,-0.0048863626466451
"2024-09-23",5.41428214046746,4.69848752558091,-0.00760983488921863,-0.000184565643073675
"2024-09-24",5.41824822689771,4.70530836397196,0.0039660864302542,0.00682083839105108
"2024-09-25",5.41384036326012,4.7081663594129,-0.00440786363759571,0.00285799544094534
"2024-09-26",5.41890780487291,4.72132354428949,0.0050674416127956,0.0131571848765892
"2024-09-27",5.42009381493406,4.71194957067364,0.00118601006114449,-0.00937397361584758
"2024-09-30",5.44270798171341,4.71487735088324,0.0226141667793502,0.00292778020960061
"2024-10-01",5.41313335839566,4.69021346900169,-0.0295746233177487,-0.024663881881553
"2024-10-02",5.41564999696776,4.6975867234613,0.00251663857210538,0.00737325445961101
"2024-10-03",5.41074333238389,4.70172429283298,-0.00490666458387778,0.0041375693716823
"2024-10-04",5.41573805900529,4.71279320830057,0.00499472662140121,0.0110689154675834
"2024-10-07",5.39294954889712,4.70588951585726,-0.0227885101081702,-0.00690369244330657
"2024-10-08",5.41118641145525,4.72439958997137,0.0182368625581359,0.0185100741141104
"2024-10-09",5.4277469305057,4.7355255637739,0.0165605190504428,0.0111259738025273
"2024-10-10",5.42556629606473,4.73526528619034,-0.00218063444096384,-0.00026027758355518
"2024-10-11",5.41903960066104,4.73699981596012,-0.00652669540368933,0.00173452976977817
"2024-10-14",5.43538516039499,4.74995654377618,0.0163455597339439,0.0129567278160589
"2024-10-15",5.44634951275052,4.72772845029086,0.0109643523555363,-0.022228093485321
"2024-10-16",5.43745814967144,4.73082848867173,-0.00889136307907989,0.00310003838087081
"2024-10-17",5.43905327400323,4.73387547950957,0.00159512433178488,0.00304699083784143
"2024-10-18",5.45125513108946,4.73743297871719,0.0122018570862368,0.00355749920761284
"2024-10-21",5.45753314767833,4.74209907321486,0.00627801658886895,0.00466609449767574
"2024-10-22",5.45490786892546,4.74106411726886,-0.00262527875287066,-0.00103495594600389
"2024-10-23",5.43304765759242,4.72663465570125,-0.0218602113330419,-0.0144294615676115
"2024-10-24",5.43222412168338,4.72956347360466,-0.000823535909044715,0.00292881790341504
"2024-10-25",5.43586067632209,4.73474425961418,0.00363655463871559,0.00518078600951455
"2024-10-28",5.44442331861984,4.73444026907409,0.0085626422977505,-0.000303990540088783
"2024-10-29",5.4455794670985,4.74781585810144,0.00115614847866219,0.0133755890273566
"2024-10-30",5.43018364110392,4.73178717469373,-0.0153958259945863,-0.016028683407713
"2024-10-31",5.41180632441546,4.69916280340835,-0.0183773166884613,-0.0326243712853769
"2024-11-01",5.39843766713584,4.70664908581101,-0.0133686572796172,0.00748628240265958
"2024-11-04",5.3943920661553,4.70588951585726,-0.00404560098054141,-0.00075956995375126
"2024-11-05",5.40085731879866,4.7198701998159,0.00646525264335995,0.0139806839586365
"2024-11-06",5.39758491006146,4.74794438225049,-0.00327240873719958,0.0280741824345929
"2024-11-07",5.41873189230743,4.76523567261634,0.0211469822459689,0.0172912903658498
"2024-11-08",5.41754297827004,4.76413992829501,-0.00118891403738886,-0.00109574432132931
"2024-11-11",5.40544151621325,4.7586009804696,-0.0121014620567923,-0.00553894782541065
"2024-11-12",5.40544151621325,4.75987203574039,0,0.00127105527079241
"2024-11-13",5.4094027434737,4.75639367753892,0.003961227260457,-0.00347835820147413
"2024-11-14",5.42307930239205,4.75298840600298,0.0136765589183501,-0.00340527153593584
"2024-11-15",5.40886966566272,4.72785978454516,-0.014209636729329,-0.0251286214578279
"2024-11-18",5.42220255506087,4.73108999073582,0.0133328893981473,0.00323020619066661
"2024-11-19",5.42334211617297,4.73925016277772,0.00113956111209568,0.00816017204189912
"2024-11-20",5.4264911769282,4.73838515663873,0.00314906075523691,-0.000865006138986324
"2024-11-21",5.4243928829003,4.74850121757034,-0.00209829402790263,0.0101160609316002
"2024-11-22",5.43028306955091,4.74901519338474,0.00589018665060514,0.000513975814405931
"2024-11-25",5.44324952993857,4.74897231158649,0.012966460387668,-4.28817982482954e-05
"2024-11-26",5.45260998663612,4.75396862953715,0.00936045669754648,0.00499631795066158
"2024-11-27",5.45205673743413,4.74033025267081,-0.00055324920198796,-0.0136383768663464
"2024-11-29",5.46222083517588,4.74957149895946,0.0101640977417503,0.00924124628865197
"2024-12-02",5.47169830531011,4.75902482328955,0.00947747013422351,0.00945332433008517
"2024-12-03",5.48438929512616,4.7626209043698,0.0126909898160523,0.00359608108025622
"2024-12-04",5.48587181531191,4.78074109032492,0.00148252018575334,0.0181201859551177
"2024-12-05",5.4859952015399,4.77566872537697,0.000123386227983246,-0.00507236494794494
"2024-12-06",5.4851720014227,4.77953757449969,-0.000823200117195277,0.00386884912272034
"2024-12-09",5.50114485311555,4.77299746901775,0.0159728516928501,-0.00654010548194339
"2024-12-10",5.5052700026622,4.75902482328955,0.00412514954664633,-0.0139726457282059
"2024-12-11",5.5000906990108,4.77341531944686,-0.00517930365139652,0.0143904961573131
"2024-12-12",5.50603660312882,4.7678016045811,0.00594590411801477,-0.00561371486576068
"2024-12-13",5.50672203384369,4.77207757010948,0.000685430714871593,0.00427596552838416
"2024-12-16",5.51838135176088,4.78202588407575,0.011659317917192,0.00994831396627038
"2024-12-17",5.52805412505901,4.77596037517647,0.00967277329812877,-0.0060655088992867
"2024-12-18",5.50639951486735,4.74317629143914,-0.0216546101916597,-0.0327840837373277
"2024-12-19",5.51338967551845,4.74425215134982,0.00699016065110047,0.00107585991068149
"2024-12-20",5.5320307751132,4.75906721077514,0.0186410995947561,0.014815059425322
"2024-12-23",5.53509099357986,4.76960674739467,0.00306021846665416,0.0105395366195244
"2024-12-24",5.54650372160567,4.77988691043819,0.0114127280258147,0.0102801630435199
"2024-12-26",5.54967414554889,4.78055192603267,0.00317042394321909,0.000665015594484508
"2024-12-27",5.53634381768959,4.76716756760766,-0.0133303278593049,-0.0133843584250055
"2024-12-30",5.52299160611259,4.75436972969544,-0.0133522115770015,-0.0127978379122231
"2024-12-31",5.51590872874753,4.74601829576386,-0.00708287736505309,-0.008351433931578
"2025-01-02",5.48932252669179,4.7436500993744,-0.0265862020557472,-0.00236819638946528
"2025-01-03",5.48731102750016,4.75981393009995,-0.00201149919162891,0.0161638307255476
"2025-01-06",5.49402742939308,4.77245908171342,0.00671640189292599,0.0126451516134738
"2025-01-07",5.48257434321441,4.75219218012667,-0.0114530861786708,-0.020266901586746
"2025-01-08",5.48459525654459,4.75185029451155,0.00202091333017584,-0.000341885615121384
"2025-01-10",5.46019639332316,4.72980287803978,-0.0243988632214247,-0.0220474164717679
"2025-01-13",5.4497982520362,4.72269670545708,-0.0103981412869647,-0.00710617258270219
"2025-01-14",5.44500860960429,4.72533441754903,-0.00478964243190916,0.0026377120919463
"2025-01-15",5.46449340376853,4.74502865213114,0.0194847941642431,0.0196942345821141
"2025-01-16",5.42325445192027,4.7372929350387,-0.041238951848265,-0.00773571709243903
"2025-01-17",5.43076148503088,4.75283308178805,0.00750703311061063,0.0155401467493483
"2025-01-21",5.39832521858016,4.76112803056278,-0.0324362664507207,0.00829494877473103
"2025-01-22",5.40365600849251,4.78345592528572,0.00533078991235492,0.0223278947229417
"2025-01-23",5.40289627342352,4.78523566734697,-0.000759735068988299,0.00177974206124887
"2025-01-24",5.398953912219,4.77476003907728,-0.00394236120452174,-0.0104756282696918
"2025-01-27",5.43023960843319,4.72449994423148,0.0312856962141845,-0.0502600948458012
"2025-01-28",5.46613168368319,4.75082360602735,0.0358920752500032,0.026323661795872
"2025-01-29",5.47073785046142,4.74265817462326,0.00460616677823111,-0.00816543140409465
"2025-01-30",5.46331565321715,4.74451189263688,-0.00742219724427429,0.00185371801362244
"2025-01-31",5.4566009909127,4.73863694601555,-0.00671466230445095,-0.00587494662132659
"2025-02-03",5.42215867391729,4.72507099981234,-0.0344423169954071,-0.0135659462032152
"2025-02-04",5.44294905079354,4.73937318797822,0.0207903768762536,0.0143021881658845
"2025-02-05",5.44153039159959,4.75317482901866,-0.00141865919395112,0.013801641040442
"2025-02-06",5.44475142955671,4.7559038887012,0.00322103795711826,0.00272905968253134
"2025-02-07",5.42049077481282,4.74730768530912,-0.0242606547438857,-0.00859620339208078
"2025-02-10",5.4216774053223,4.76180569981507,0.00118663050948076,0.0144980145059561
"2025-02-11",5.44327434579633,4.76227122114769,0.021596940474029,0.000465521332615459
"2025-02-12",5.46137944151487,4.76011089353988,0.0181050957185347,-0.00216032760780926
"2025-02-13",5.48086174041502,4.77417485819123,0.0194822989001553,0.0140639646513492
"2025-02-14",5.49349223864417,4.77755599541019,0.0126304982291492,0.00338113721896161
"2025-02-18",5.49296071770141,4.78664070326039,-0.000531520942766761,0.00908470785019855
"2025-02-19",5.49459550119036,4.78672329472873,0.0016347834889503,8.25914683435514e-05
"2025-02-20",5.49850828690233,4.78353884402805,0.00391278571197784,-0.00318445070067774
"2025-02-21",5.4973686331567,4.75607422019648,-0.00113965374563385,-0.0274646238315679
"2025-02-24",5.50366122719626,4.74166513186107,0.00629259403956262,-0.0144090883354115
"2025-02-25",5.50341832648712,4.72862207338591,-0.00024290070914379,-0.0130430584751586
"2025-02-26",5.47600587507448,4.7394597769017,-0.0274124514126433,0.0108377035157883
"2025-02-27",5.46319318893679,4.70237364465181,-0.0128126861376812,-0.0370861322498923
"2025-02-28",5.48214440422181,4.71549526361209,0.0189512152850124,0.0131216189602794
"2025-03-03",5.4662647535045,4.68460573822622,-0.0158796507173049,-0.0308895253858719
"2025-03-04",5.45740314052386,4.68382810396521,-0.00886161298064536,-0.000777634261012849
"2025-03-05",5.45659760440202,4.69778063548678,-0.000805536121832873,0.0139525315215723
"2025-03-06",5.45485691873872,4.66963171880295,-0.00174068566330554,-0.0281489166838274
"2025-03-07",5.47062451178682,4.68401095279489,0.0157675930480972,0.014379233991944
"2025-03-10",5.42093036680132,4.64057177933587,-0.0496941449854971,-0.0434391734590225
"2025-03-11",5.39130648985992,4.63650136198314,-0.0296238769413968,-0.00407041735273328
"2025-03-12",5.37367325183796,4.6521177169813,-0.0176332380219604,0.0156163549981656
"2025-03-13",5.33945056752135,4.63294419211806,-0.0342226843166085,-0.0191735248632394
"2025-03-14",5.35745802075638,4.66273773565046,0.0180074532350298,0.0297935435323922
"2025-03-17",5.35984411177453,4.66967806986893,0.00238609101814991,0.00694033421847706
"2025-03-18",5.35370375517612,4.65433557330255,-0.00614035659840972,-0.0153424965663822
"2025-03-19",5.36562179151981,4.66726144775481,0.0119180363436868,0.0129258744522609
"2025-03-20",5.36031125384726,4.66011666569398,-0.00531053767255418,-0.00714478206083058
"2025-03-21",5.37960092345319,4.66283114890344,0.0192896696059348,0.00271448320946277
"2025-03-24",5.39080825995647,4.68159271534052,0.0112073365032774,0.0187615664370782
"2025-03-25",5.40439746424801,4.68489553092008,0.0135892042915424,0.00330281557955736
"2025-03-26",5.39442609439354,4.66233942503258,-0.00997136985446723,-0.0225561058875021
"2025-03-27",5.4048443235358,4.65306854869594,0.0104182291422568,-0.00927087633664225
"2025-03-28",5.37790427249316,4.62851532161252,-0.026940051042641,-0.0245532270834179
"2025-03-31",5.39713078560586,4.62899989542042,0.0192265131127058,0.000484573807902677
"2025-04-01",5.40189152046049,4.63628624556932,0.00476073485462702,0.007286350148898
"2025-04-02",5.40502297021124,4.64366320100857,0.00313144975075197,0.00737695543925021
"2025-04-03",5.30800962438324,4.57297468928527,-0.0970133458280058,-0.0706885117233025
"2025-04-04",5.23232930901189,4.50483386937685,-0.075680315371347,-0.0681408199084146
"2025-04-07",5.19490333308519,4.51079310342794,-0.0374259759267046,0.00595923405108945
"2025-04-08",5.14380142633643,4.49025206681333,-0.051101906748757,-0.0205410366146159
"2025-04-09",5.28641877905894,4.61622978942877,0.142617352722509,0.125977722615445
"2025-04-10",5.24310025599451,4.56855979588545,-0.0433185230644275,-0.0476699935433169
"2025-04-11",5.28289230800777,4.58882951574024,0.0397920520132633,0.0202697198547916
"2025-04-14",5.30470682253887,4.59791331238016,0.0218145145310924,0.00908379663991621
"2025-04-15",5.30282858377005,4.60155373017135,-0.00187823876881765,0.00364041779118729
"2025-04-16",5.26311694861834,4.56619042280794,-0.0397116351517139,-0.0353633073634079
"2025-04-17",5.27697037411591,4.56076087662877,0.0138534254975768,-0.00542954617917424
"2025-04-21",5.25738704465281,4.53459975615639,-0.0195833294630994,-0.0261611204723771
"2025-04-22",5.29088464556165,4.55868468368525,0.0334976009088397,0.0240849275288584
"2025-04-23",5.31492498554477,4.58726533258501,0.0240403399831219,0.0285806488997595
"2025-04-24",5.33318337811293,4.62390158135429,0.0182583925681561,0.0366362487692831
"2025-04-25",5.33754116079821,4.63859140025398,0.00435778268528075,0.0146898188996927
"2025-04-28",5.3416419642477,4.6369592453694,0.00410080344948849,-0.00163215488457791
"2025-04-29",5.34672111806283,4.64160890634219,0.00507915381513335,0.0046496609727873
"2025-04-30",5.35281001675189,4.64576097702507,0.00608889868905926,0.00415207068288037
"2025-05-01",5.35666155812757,4.66032317912841,0.00385154137567945,0.0145622021033383
"2025-05-02",5.31858393291051,4.67689479650891,-0.0380776252170625,0.0165716173804977
"2025-05-05",5.28662003786513,4.67157161869318,-0.0319638950453838,-0.00532317781572544
"2025-05-06",5.28470748591752,4.66322911976854,-0.00191255194760043,-0.00834249892463834
"2025-05-07",5.27325735974022,4.67319462197723,-0.0114501261773006,0.00996550220868908
"2025-05-08",5.27955604261041,4.68269479577438,0.00629868287018365,0.00950017379714296
"2025-05-09",5.28480833140338,4.6814548786831,0.00525228879297401,-0.00123991709127225
"2025-05-12",5.34604088132004,4.72682517828432,0.0612325499166593,0.045370299601216
"2025-05-13",5.35614201568612,4.7482025051456,0.0101011343660833,0.0213773268612787
"2025-05-14",5.35332017232934,4.75467284730474,-0.00282184335678082,0.00647034215913678
"2025-05-15",5.34916716126747,4.7560385947062,-0.00415301106186927,0.00136574740146767
"2025-05-16",5.34826812347762,4.7579136697758,-0.000899037789849899,0.00187507506960038
"2025-05-19",5.33645955288452,4.75646509870171,-0.0118085705931046,-0.00144857107409102
"2025-05-20",5.32722078907881,4.75270610606555,-0.00923876380571098,-0.0037589926361612
"2025-05-21",5.30389170579508,4.73374016967752,-0.0233290832837278,-0.0189659363880317
"2025-05-22",5.30027292694766,4.73400191761321,-0.00361877884742157,0.000261747935685008
"2025-05-23",5.26956175881029,4.72290900408704,-0.03071116813737,-0.0110929135261699
"2025-05-27",5.2945454608218,4.74639537031192,0.0249837020115145,0.0234863662248843
"2025-05-28",5.29559370530363,4.74225241490478,0.00104824448182228,-0.00414295540713816
"2025-05-29",5.29324585811771,4.74393755700494,-0.00234784718591641,0.00168514210016291
"2025-05-30",5.29773690636557,4.74082439631915,0.00449104824786151,-0.00311316068579881
"2025-06-02",5.30196001602961,4.74962009989632,0.00422310966403572,0.00879570357717352
"2025-06-03",5.30971374356078,4.76453300188926,0.00775372753117409,0.0149129019929379
"2025-06-04",5.30749751188385,4.76601229536942,-0.00221623167693163,0.00147929348015907
"2025-06-05",5.29664100496339,4.76317881439421,-0.0108565069204642,-0.00283348097520264
"2025-06-06",5.31290632068465,4.77257854044739,0.0162653157212667,0.00939972605317774
"2025-06-09",5.30071972150112,4.77747495515118,-0.0121865991835328,0.00489641470378466
"2025-06-10",5.30675752385551,4.78305361753684,0.00603780235438744,0.00557866238566618
"2025-06-11",5.28737723249418,4.78085079562101,-0.0193802913613244,-0.00220282191582921
"2025-06-12",5.28948798998498,4.79008662704183,0.00211075749079725,0.0092358314208143
"2025-06-13",5.2755865258577,4.77597092289166,-0.013901464127283,-0.0141157041501678
"2025-06-16",5.28556458037821,4.79202228923016,0.00997805452050926,0.0160513663385036
"2025-06-17",5.27145488096201,4.78492019424943,-0.014109699416192,-0.00710209498073322
"2025-06-18",5.27624799824533,4.78612107321204,0.00479311728331844,0.00120087896261367
"2025-06-20",5.29848344467525,4.78168260244516,0.0222354464299137,-0.0044384707668863
"2025-06-23",5.30096788828539,4.79301982564675,0.00248444361014144,0.0113372232015951
"2025-06-24",5.29499474459386,4.81081185968809,-0.00597314369152269,0.0177920340413351
"2025-06-25",5.30126566801033,4.81930976088265,0.00627092341646307,0.00849790119456095
"2025-06-26",5.29848344467525,4.82618409084313,-0.00278222333508182,0.00687432996047743
"2025-06-27",5.2988814774271,4.8249885127174,0.000398032751856014,-0.00119557812572513
"2025-06-30",5.31901739128382,4.83475037509329,0.0201359138567181,0.00976186237588639
"2025-07-01",5.33185087717728,4.82578564201692,0.0128334858934611,-0.00896473307637002
"2025-07-02",5.35383815124428,4.83628941521632,0.0219872740669977,0.0105037731994058
"2025-07-03",5.35904954806685,4.84937265999404,0.00521139682257488,0.0130832447777225
"2025-07-07",5.34204794441853,4.84140202713927,-0.0170016036483194,-0.00797063285477417
"2025-07-08",5.34233366789616,4.84676184346297,0.000285723477627897,0.00535981632370142
"2025-07-09",5.34769997748905,4.85275276877266,0.00536630959288331,0.00599092530968992
"2025-07-10",5.35369682556588,4.84945052849129,0.00599684807683154,-0.00330224028137227
"2025-07-11",5.34779466670227,4.84504355465741,-0.00590215886360657,-0.00440697383388411
"2025-07-14",5.33569292599813,4.84422246940252,-0.0121017407041455,-0.000821085254885112
"2025-07-15",5.3380390000337,4.85306291746191,0.00234607403557963,0.00884044805938622
"2025-07-16",5.3430477290631,4.8561599562673,0.00500872902939076,0.00309703880539747
"2025-07-17",5.34238141438247,4.86520253819764,-0.00066631468062095,0.0090425819303368
"2025-07-18",5.34788941955441,4.86455113704726,0.00550800517193828,-0.000651401150376429
"2025-07-21",5.35402636199209,4.86585363287353,0.00613694243767338,0.00130249582626263
"2025-07-22",5.36302200395345,4.85654642740844,0.00899564196136549,-0.00930720546508912
"2025-07-23",5.36185514964939,4.86224859327365,-0.00116685430406438,0.00570216586521166
"2025-07-24",5.36003241500268,4.86646588188041,-0.0018227346467059,0.00421728860675685
"2025-07-25",5.36059367103481,4.8687585122467,0.000561256032127311,0.00229263036628868
"2025-07-28",5.36138822699273,4.87670436110063,0.000794555957921439,0.00794584885393412
"2025-07-29",5.34831558746035,4.87674227545305,-0.0130726395323846,3.79143524176229e-05
"2025-07-30",5.33775204665344,4.87897378069164,-0.0105635408069009,0.00223150523859683
"2025-07-31",5.33064720338011,4.87161722069322,-0.00710484327333916,-0.00735655999842599
"2025-08-01",5.30532575508077,4.8498006526306,-0.0253214482993371,-0.0218165680626168
"2025-08-04",5.31010725676695,4.86990297647759,0.00478150168618363,0.020102323846988
"2025-08-05",5.30799028133365,4.8615953825202,-0.00211697543330391,-0.00830759395738578
"2025-08-06",5.35764375401915,4.87279636726358,0.0496534726854989,0.0112009847433745
"2025-08-07",5.38894247464281,4.87370830851626,0.0312987206236652,0.000911941252685011
"2025-08-08",5.43042781488278,4.88364784949783,0.0414853402399658,0.00993954098156458
"2025-08-11",5.42205546812346,4.87685589359979,-0.00837234675931331,-0.00679195589803783
"2025-08-12",5.43286914675575,4.89222236802291,0.0108136786322808,0.0153664744231206
"2025-08-13",5.44876663760669,4.89259515294236,0.0158974908509473,0.000372784919446367
"2025-08-14",5.44640668797658,4.89043138462626,-0.00235994963010899,-0.0021637683160991
"2025-08-15",5.44128137526571,4.88282007113292,-0.00512531271087013,-0.00761131349333777
"2025-08-18",5.43825417262482,4.88496309689994,-0.00302720264089729,0.00214302576702341
"2025-08-19",5.43682398350065,4.86734522356893,-0.00143018912416615,-0.0176178733310159
"2025-08-20",5.41689205382633,4.8605568507271,-0.0199319296743168,-0.00678837284182254
"2025-08-21",5.41196861422353,4.85693286787363,-0.00492343960280728,-0.00362398285347876
"2025-08-22",5.42460525730817,4.87039864494945,0.0126366430846439,0.0134657770758251
"2025-08-25",5.42196748873984,4.86814766572098,-0.00263776856832898,-0.00225097922847173
"2025-08-26",5.43138755130058,4.87272047083625,0.0094200625607348,0.00457280511526914
"2025-08-27",5.43652037107519,4.87810437739125,0.00513281977461055,0.00538390655500454
"2025-08-28",5.44546106746629,4.88597671675296,0.00894069639110295,0.00787233936170217
"2025-08-29",5.44365343705414,4.87051286907111,-0.00180763041214682,-0.0154638476818434
"2025-09-02",5.43317400293294,4.86036428901086,-0.0104794341212031,-0.0101485800602488
"2025-09-03",5.47055637397051,4.86631288414687,0.0373823710375678,0.00594859513601165
"2025-09-04",5.4760346816227,4.87123664835109,0.00547830765219004,0.00492376420421792
"2025-09-05",5.47565923721544,4.87207371640359,-0.000375444407254122,0.000837068052502055
"2025-09-08",5.4680791983441,4.87954036076622,-0.00758003887134517,0.00746664436262545
"2025-09-09",5.45312849020412,4.88146426592309,-0.014950708139982,0.00192390515687357
"2025-09-10",5.42033735816918,4.89942954906855,-0.0327911320349354,0.0179652831454575
"2025-09-11",5.43452260283421,4.90279242930515,0.0141852446650264,0.00336288023659481
"2025-09-12",5.45193308275113,4.9021282180797,0.0174104799169204,-0.000664211225444689
"2025-09-15",5.46310629683651,4.91109559122895,0.0111732140853826,0.00896737314925122
"2025-09-16",5.46921360666211,4.90761375639036,0.00610730982560348,-0.00348183483859543
"2025-09-17",5.47273454865494,4.90415653190599,0.0035209419928286,-0.00345722448436714
"2025-09-18",5.4680791983441,4.92128787214009,-0.00465535031084396,0.017131340234096
"2025-09-19",5.49960977533371,4.93137731770652,0.0315305769896117,0.0100894455664369
"2025-09-22",5.54180266336507,4.94598131490477,0.0421928880313613,0.0146039971982521
"2025-09-23",5.53533848168374,4.93731155086305,-0.00646418168133245,-0.00866976404172792
"2025-09-24",5.52697134231346,4.93111884224007,-0.00836713937027955,-0.00619270862297761
"2025-09-25",5.54488289455416,4.92935784617314,0.0179115522406974,-0.0017609960669267
"2025-09-26",5.53937865578455,4.93237480063911,-0.0055042387696016,0.00301695446596462
"2025-09-29",5.53533848168374,4.93770401318388,-0.00404017410081625,0.00532921254476904
"2025-09-30",5.53612436646171,4.94314722331771,0.000785884777973145,0.00544321013383176
"2025-10-01",5.53933956678369,4.95289156135734,0.00321520032197764,0.00974433803963581
"2025-10-02",5.54589446965079,4.95828767748762,0.00655490286710059,0.0053961161302718
"2025-10-03",5.5493498743965,4.95324283690063,0.00345540474570605,-0.00504484058698651
"2025-10-06",5.54418196882281,4.96330719535371,-0.00516790557368552,0.0100643584530795
"2025-10-07",5.54336358080328,4.95660881861406,-0.000818388019534488,-0.00669837673964846
"2025-10-08",5.54950490147016,4.97399403936374,0.00614132066688722,0.0173852207496834
"2025-10-09",5.53380452608608,4.97230690731073,-0.0157003753840783,-0.00168713205300985
"2025-10-10",5.49867246045544,4.93075981724409,-0.0351320656306431,-0.0415470900666399
"2025-10-13",5.50836967990638,4.95482215918834,0.00969721945094282,0.0240623419442434
"2025-10-14",5.5088137121318,4.94190462142136,0.000444032225413338,-0.0129175377669748
"2025-10-15",5.51513025247399,4.95176664968856,0.00631654034218876,0.00986202826719396
"2025-10-16",5.50752137786693,4.95250501568565,-0.00760887460705195,0.000738365997097645
"2025-10-17",5.52689200459098,4.95426094636001,0.0193706267240419,0.00175593067435464
"2025-10-20",5.56557288510729,4.96535661187032,0.038680880516309,0.0110956655103083
"2025-10-21",5.56759199734216,4.96587684757681,0.00201911223487361,0.0005202357064924
"2025-10-22",5.55101521652872,4.95594364084836,-0.0165767808134376,-0.00993320672844966
"2025-10-23",5.55537772007268,4.96847471689934,0.0043625035439554,0.0125310760509834
"2025-10-24",5.56778221657739,4.98388677981297,0.0124044965047174,0.0154120629136285
"2025-10-27",5.59031776121758,5.00218025789992,0.0225355446401894,0.0182934780869459
"2025-10-28",5.5910243296851,5.01203110904395,0.000706568467518487,0.00985085114403184
"2025-10-29",5.5936230458005,5.01919192459513,0.00259871611539708,0.00716081555117576
"2025-10-30",5.59990661030044,5.00681830592875,0.00628356449993817,-0.0123736186663725
"2025-10-31",5.59610423427736,5.0077832287057,-0.00380237602307698,0.000964922776947041
"2025-11-03",5.59120991617367,5.01186561604129,-0.00489431810369556,0.00408238733558797
"2025-11-04",5.59488301206807,4.98511224085856,0.00367309589440179,-0.0267533751827287
"2025-11-05",5.59525328846122,4.9890169813545,0.000370276393156566,0.0039047404959387
"2025-11-06",5.59388252365643,4.96871682090956,-0.00137076480479692,-0.0203001604449415
"2025-11-07",5.58905191199586,4.96525240450587,-0.00483061166056231,-0.00346441640368411
"2025-11-10",5.59359033659217,4.99050700953146,0.00453842459630849,0.0252546050255864
"2025-11-11",5.6149614890109,4.98194349464264,0.0213711524187232,-0.00856351488882012
"2025-11-12",5.60847360710687,4.98504430343506,-0.00648788190402261,0.00310080879241692
"2025-11-13",5.60657043252607,4.95978927665285,-0.00190317458080536,-0.025255026782208
"2025-11-14",5.6045899411933,4.9652178082403,-0.00198049133276879,0.00542853158745071
"2025-11-17",5.58625171125364,4.94944240705743,-0.0183382299396548,-0.0157754011828635
"2025-11-18",5.5861771118137,4.93305594661377,-7.45994399418137e-05,-0.0163864604436625
"2025-11-19",5.59035604694236,4.93998459863413,0.00417893512865497,0.00692865202035442
"2025-11-20",5.58171748022517,4.90808995814926,-0.00863856671718732,-0.0318946404848637
"2025-11-21",5.60120693188715,4.91194083368497,0.0194894516619808,0.0038508755357034
"2025-11-24",5.61739279712709,4.93548993759108,0.0161858652399358,0.0235491039061149
"2025-11-25",5.62119102507501,4.93816774316853,0.00379822794791895,0.00267780557745301
"2025-11-26",5.62328283141319,4.94993596500119,0.00209180633818029,0.0117682218326518
"2025-11-28",5.62795576306951,4.95849732340864,0.00467293165632743,0.00856135840745598
"2025-12-01",5.64308195655762,4.95895151263699,0.0151261934881033,0.000454189228351609
"2025-12-02",5.65393766213343,4.96920085315784,0.0108557055758105,0.0102493405208488
"2025-12-03",5.64678403193563,4.97158302378693,-0.00715363019779502,0.00238217062909207
"2025-12-04",5.63456821723243,4.97530038891572,-0.0122158147031977,0.0037173651287894
"2025-12-05",5.62770475909345,4.9825915016879,-0.00686345813898104,0.00729111277217864
"2025-12-08",5.62450709979973,4.98959289713832,-0.00319765929371929,0.00700139545042067
"2025-12-09",5.62194887630385,4.99223129763482,-0.00255822349588808,0.00263840049649477
"2025-12-10",5.62770475909345,4.99701626159547,0.00575588278960737,0.00478496396065431
"2025-12-11",5.62501076204029,4.99189345650274,-0.0026939970531652,-0.00512280509273122
"2025-12-12",5.62590967766497,4.9625420763343,0.000898915624678587,-0.02935138016844
"2025-12-15",5.61081110027486,4.95282129143892,-0.0150985773901056,-0.00972078489538397
"2025-12-16",5.61263357708738,4.95464681401069,0.00182247681251901,0.00182552257177004
"2025-12-17",5.60249532114311,4.93215949545418,-0.0101382559442751,-0.0224873185565055
"2025-12-18",5.6037821650117,4.94746606075056,0.00128684386859579,0.0153065652963802
"2025-12-19",5.60920481457972,4.96885513974615,0.00542264956801652,0.0213890789955853
"2025-12-22",5.59928986387165,4.97423597142401,-0.00991495070807158,0.00538083167785874
"2025-12-23",5.60440648448304,4.97966355361638,0.00511662061138995,0.0054275821923726
"2025-12-24",5.60971612952989,4.98205874752418,0.00530964504685638,0.00239519390780263
"2025-12-26",5.60821755252825,4.98362961413986,-0.00149857700164535,0.00157086661567707
"2025-12-29",5.60953361093258,4.97911527426985,0.00131605840433302,-0.00451433987000538
"2025-12-30",5.60704645379091,4.97595682094847,-0.00248715714166625,-0.00315845332138665
"2025-12-31",5.60256893829724,4.96600439116878,-0.00447751549367226,-0.00995242977968491
"2026-01-02",5.59943745250569,4.9682938963556,-0.00313148579154721,0.00228950518681437
"2026-01-05",5.58550374884397,4.97050892193419,-0.0139337036617242,0.00221502557859665
"2026-01-06",5.56699931172738,4.98444821818369,-0.0185044371165937,0.0139392962495029
"2026-01-07",5.55923169966378,4.98362961413986,-0.00776761206359744,-0.000818604043836935
"2026-01-08",5.55426424708344,4.96787801238442,-0.00496745258033648,-0.01575160175544
"2026-01-09",5.55553736065635,4.98103293825327,0.00127311357290427,0.0131549258688555
"2026-01-12",5.55892438822379,4.98540241005657,0.00338702756744258,0.00436947180330094
"2026-01-13",5.56199361272689,4.98328833124632,0.00306922450310143,-0.00211407881025227
"2026-01-14",5.55780956248042,4.9710620448511,-0.00418405024646873,-0.0122262863952267
"2026-01-15",5.55105491839968,4.97630061472402,-0.00675464408074689,0.00523856987292959
"2026-01-16",5.54062157242157,4.97739985605103,-0.0104333459781083,0.00109924132700456
"2026-01-20",5.50545477717471,4.95109910585425,-0.0351667952468606,-0.0263007501967767
"2026-01-21",5.50929826247242,4.96489233185291,0.00384348529771561,0.013793225998656
"2026-01-22",5.51212080362108,4.97230521611074,0.00282254114865399,0.00741288425783626
"2026-01-23",5.51087178621753,4.97375363196598,-0.00124901740354222,0.00144841585523192
"2026-01-26",5.54015184825504,4.98055386690676,0.0292800620375102,0.00680023494078341
"2026-01-27",5.55128717238894,4.9939495145846,0.011135324133897,0.0133956476778403
"2026-01-28",5.54417653938322,5.00188814436305,-0.00711063300571624,0.00793862977844562
"2026-01-29",5.55132603411478,4.98594725404588,0.00714949473155357,-0.0159408903171627
"2026-01-30",5.55596141123029,4.965379176284,0.00463537711550899,-0.0205680777618822
"2026-02-02",5.59574084614305,4.97492451904027,0.0397794349127674,0.00954534275627061
"2026-02-03",5.59377601529122,4.95278971147784,-0.00196483085183541,-0.0221348075624359
"2026-02-04",5.61945625449644,4.92452228387337,0.0256802392052222,-0.0282674276044679
"2026-02-05",5.61735653084809,4.90633001665375,-0.00209972364835398,-0.0181922672196162
"2026-02-06",5.62533429311849,4.94608082231064,0.00797776227040092,0.0397508056568903
"2026-02-09",5.61360535868888,4.96168866932324,-0.0117289344296063,0.0156078470125998
"2026-02-10",5.61017646936267,4.95609233192133,-0.00342888932621399,-0.00559633740190968
"2026-02-11",5.61680461095443,4.9590343137749,0.00662814159175973,0.00294198185356365
"2026-02-12",5.56553048486829,4.93238316107051,-0.0512741260861338,-0.0266511527043889
"2026-02-13",5.54253472149526,4.93489406532705,-0.0229957633730331,0.00251090425654432
"2026-02-17",5.57371153585172,4.93432067484385,0.0311768143564572,-0.000573390483198821
"2026-02-18",5.57549111901883,4.94452087911222,0.00177958316711457,0.0102002042683633
"2026-02-19",5.56112685377919,4.93954071518506,-0.0143642652396467,-0.00498016392715428
"2026-02-20",5.57636065895963,4.94430795609743,0.0152338051804435,0.00476724091236935
"2026-02-23",5.58238972135192,4.92741422126856,0.00602906239229206,-0.0168937348288738
"2026-02-24",5.60453377308709,4.94032504873121,0.0221440517351663,0.0129108274626564
"2026-02-25",5.61218428928346,4.95931394455913,0.00765051619637092,0.0189888958279214
"2026-02-26",5.60750567181646,4.9452301866437,-0.00467861746699416,-0.0140837579154311
"2026-02-27",5.57484778335979,4.92914520123625,-0.0326578884566748,-0.0160849854074563
"2026-03-02",5.57688961938109,4.93475063878104,0.0020418360212977,0.00560543754478982
"2026-03-03",5.57321879547641,4.9200233599543,-0.00367082390468099,-0.0147272788267339
"2026-03-04",5.5685442458208,4.93689834685428,-0.00467454965560243,0.0168749868999747
"2026-03-05",5.56001342498056,4.93932672902016,-0.00853082084024592,0.00242838216588481
"2026-03-06",5.54908130968094,4.91849493048972,-0.0109321152996174,-0.0208317985304447
"2026-03-09",5.55843701074947,4.93632610478466,0.00935570106852879,0.0178311742949404
"2026-03-10",5.56208586171929,4.93632610478466,0.00364885096982359,0
"2026-03-11",5.56200920305252,4.94110854948127,-7.66586667717561e-05,0.00478244469660893
"2026-03-12",5.54245654925776,4.92249301776021,-0.0195526537947659,-0.0186155317210597
"2026-03-13",5.52015782310919,4.91491948393936,-0.022298726148561,-0.00757353382084869
"2026-03-16",5.53089485467444,4.92928943395019,0.0107370315652462,0.0143699500108303
"2026-03-17",5.53645638127054,4.93475063878104,0.0055615265961011,0.00546120483084778
"2026-03-18",5.51943793795894,4.92336320752114,-0.0170184433116063,-0.0113874312598963
"2026-03-19",5.51550934340032,4.92676417840897,-0.00392859455861583,0.00340097088782709
"2026-03-20",5.51160544396021,4.90382006688711,-0.00390389944010661,-0.0229441115218565
"2026-03-23",5.52562028547238,4.91725792741493,0.0140148415121715,0.0134378605278167
"2026-03-24",5.52621649887878,4.91139917445713,0.000596213406394597,-0.00585875295779648
"2026-03-25",5.53010339547246,4.91586954207335,0.00388689659368424,0.00447036761621344
"2026-03-26",5.53117167213867,4.88422460135713,0.00106827666620468,-0.0316449407162196
"2026-03-27",5.51486640685095,4.86456090825675,-0.0163052652877145,-0.0196636931003775
"2026-03-30",5.50610627058266,4.84575840766958,-0.00876013626829675,-0.0188025005871655
"2026-03-31",5.53472419399065,4.88723896099613,0.0286179234079915,0.0414805533265428
"2026-04-01",5.54194816111159,4.90224987200866,0.00722396712094397,0.0150109110125385
"2026-04-02",5.54308193530852,4.91022342854085,0.00113377419693172,0.00797355653219078
"2026-04-06",5.55450437850133,4.91601581401775,0.0114224431928029,0.00579238547689265
"2026-04-07",5.53358083855216,4.92075659560027,-0.0209235399491705,0.00474078158252045
"2026-04-08",5.55465896285778,4.95128360189369,0.0210781243056219,0.0305270062934246
"2026-04-09",5.56078151240792,4.95396192029149,0.00612254955014446,0.00267831839779564
"2026-04-10",5.56074313378165,4.95782567969225,-3.83786262752039e-05,0.00386375940076356
"2026-04-13",5.55581705369889,4.97857383686426,-0.00492608008275752,0.0207481571720125
"2026-04-14",5.55438851313722,4.99444878311695,-0.00142854056166897,0.015874946252687
"2026-04-15",5.58332856276117,5.01027532534392,0.0289400496239498,0.0158265422269732
"2026-04-16",5.57189082694463,5.02165417626024,-0.0114377358165383,0.0113788509163157
"2026-04-17",5.5974905131484,5.03686481098144,0.0255996862037629,0.0152106347212042
"2026-04-20",5.60787186438543,5.03822431699973,0.0103813512370383,0.00135950601828672
"2026-04-21",5.58235227799791,5.03906509896853,-0.0255195863875235,0.000840781968800108
"2026-04-22",5.60831145428101,5.06080651449203,0.0259591762830951,0.0217414155234996
"2026-04-23",5.60926262170285,5.04647183499392,0.000951167421849419,-0.0143346794981154
"2026-04-24",5.6005571516288,5.07418990239523,-0.00870547007404987,0.0277180674013122
"2026-04-27",5.58774767343585,5.07637205640664,-0.0128094781929571,0.00218215401141109
"2026-04-28",5.59926513189317,5.05928729612997,0.0115174584573214,-0.0170847602766644
"2026-04-29",5.59726840762903,5.06723778312976,-0.00199672426413677,0.00795048699978551
"2026-04-30",5.60162658973019,5.06968593351994,0.00435818210115269,0.00244815039018142
"2026-05-01",5.6335066062339,5.08443550725036,0.0318800165037194,0.0147495737304233
"2026-05-04",5.62162049308144,5.08554701594542,-0.0118861131524692,0.00111150869505661
"2026-05-05",5.64782487046101,5.10739834936958,0.0262043773795773,0.0218513334241619
"2026-05-06",5.65947477242018,5.13361692468824,0.011649901959168,0.0262185753186559
"2026-05-07",5.65923123832883,5.13161534420453,-0.00024353409134914,-0.00200158048371257
"2026-05-08",5.67948119377009,5.16539509361798,0.020249955441261,0.0337797494134513
"2026-05-11",5.67821778290001,5.1787512021451,-0.00126341087008353,0.0133561085271197
"2026-05-12",5.68543505024555,5.16357019959454,0.00721726734554373,-0.0151810025505537
"2026-05-13",5.69914660317457,5.1729439608084,0.0137115529290153,0.00937376121385292
"2026-05-14",5.69693586820263,5.18781722109314,-0.00221073497193292,0.0148732602847446
"2026-05-15",5.70368684833936,5.16960215116676,0.00675098013672226,-0.018215069926379
"2026-05-18",5.69569433199024,5.15876411211283,-0.00799251634912146,-0.0108380390539331
"2026-05-19",5.69948114326681,5.15231994036142,0.00378681127657376,-0.00644417175141054
"2026-05-20",5.71039245713622,5.17458236692661,0.0109113138694079,0.022262426565189
"2026-05-21",5.71941686104913,5.18279072306613,0.00902440391291126,0.00820835613952298
"2026-05-22",5.73189652514756,5.19276313027754,0.0124796640984268,0.00997240721140891
"2026-05-26",5.7303085291622,5.21875435006852,-0.00158799598535619,0.0259912197909804
"2026-05-27",5.73844845033973,5.21491195693194,0.00813992117752793,-0.00384239313657719
"2026-05-28",5.74377443729528,5.22794815924621,0.00532598695555642,0.0130362023142663
"2026-05-29",5.74233343529884,5.25002018005778,-0.00144100199644459,0.0220720208115752
"2026-06-01",5.72373558417639,5.27453146252416,-0.0185978511224469,0.0245112824663778
"2026-06-02",5.75234532969674,5.28696919179554,0.028609745520348,0.0124377292713822
"2026-06-03",5.73654857224185,5.2769294547266,-0.0157967574548863,-0.010039737068948
"2026-06-04",5.73967014744063,5.26121263212606,0.00312157519877321,-0.015716822600532
"2026-06-05",5.72709255408518,5.19226411629471,-0.0125775933554424,-0.068948515831357
"2026-06-08",5.7080406686154,5.21355554370571,-0.0190518854697865,0.0212914274110032
"2026-06-09",5.67091356748868,5.19486754401984,-0.0371271011267211,-0.0186879996858664
"2026-06-10",5.67445230431675,5.17169919114162,0.00353873682807748,-0.023168352878228
"2026-06-11",5.68824656205138,5.20827505592329,0.0137942577346228,0.0365758647816721
"2026-06-12",5.67290789016054,5.2169161939049,-0.0153386718908379,0.00864113798161181
"2026-06-15",5.69091531770483,5.25404299940781,0.0180074275442887,0.0371268055029095
"2026-06-16",5.70038386330305,5.22575151385501,0.00946854559821997,-0.0282914855528
"2026-06-17",5.68932843924928,5.22231288985295,-0.0110554240537644,-0.00343862400205452
"2026-06-18",5.69626497004384,5.25221646560439,0.00693653079455814,0.0299035757514403
"2026-06-22",5.69290381386819,5.25711001336284,-0.00336115617565635,0.00489354775844486
"2026-06-23",5.68373753284798,5.21480157077643,-0.009166281020204,-0.0423084425864122
"2026-06-24",5.67958343581525,5.20859307331376,-0.00415409703273273,-0.00620849746267194
"2026-06-25",5.61645433052673,5.21686256131051,-0.0631291052885237,0.00826948799675176
"2026-06-26",5.6473371997397,5.19793828549301,0.0308828692129701,-0.0189242758175014
"2026-06-29",5.64012258216835,5.22140326644883,-0.00721461757134456,0.0234649809558256
"2026-06-30",5.66680951011491,5.24859088541699,0.0266869279465567,0.0271876189681608
"2026-07-01",5.68400941235266,5.22253520789353,0.0171999022377545,-0.0260556775234608
"2026-07-02",5.73128104666089,5.19506297225194,0.0472716343082311,-0.0274722356415902
"2026-07-06",5.74425431022171,5.211429800031,0.0129732635608217,0.0163668277790601
"2026-07-07",5.73783699246942,5.18722450999023,-0.00641731775229193,-0.024205290040773
"2026-07-08",5.74658639059081,5.19953821753188,0.00874939812139086,0.0123137075416553
"2026-07-09",5.75557609145276,5.2210796544516,0.00898970086195128,0.0215414369197164
"2026-07-10",5.75272599000697,5.22339685076587,-0.00285010144579712,0.00231719631426675
"2026-07-13",5.75901709864225,5.19887649002666,0.00629110863527949,-0.024520360739209
"2026-07-14",5.75126602075296,5.21170205702065,-0.0077510778892913,0.0128255669939925
"2026-07-15",5.7906260163139,5.20053003054799,0.0393599955609405,-0.0111720264726562
"2026-07-16",5.80806092315687,5.17791698268841,0.0174349068429747,-0.022613047859581
"2026-07-17",5.80950010427562,5.16698544018151,0.00143918111874886,-0.0109315425069028
"2026-07-20",5.78784344668864,5.16766860365578,-0.0216566575869805,0.000683163474273663
"2026-07-21",5.79135852169815,5.1961144986155,0.0035150750095081,0.0284458949597113
"2026-07-22",5.78569786436422,5.19328943717882,-0.00566065733393017,-0.00282506143667582
"2026-07-23",5.77263306985483,5.18314211654953,-0.0130647945093907,-0.0101473206292919
"2026-07-24",5.80734046341777,5.16863562759182,0.0347073935629405,-0.0145064889577124
"2026-07-27",5.8189537766038,5.15961165175158,0.0116133131860314,-0.00902397584023085
"2026-07-28",5.828318733717,5.14102337481631,0.00936495711319729,-0.0185882769352768
"2026-07-29",5.82274582113945,5.11424941264311,-0.00557291257754589,-0.0267739621731957
"2026-07-30",5.80857083569799,5.16778240438509,-0.0141749854414606,0.0535329917419807
"2026-07-31",5.73218795623993,5.16561771149974,-0.0763828794580554,-0.00216469288534782
"2026-08-03",5.71425599976109,5.18084186263945,-0.01793195647884,0.0152241511397015
"2026-08-04",5.73370821060595,5.22940740679366,0.019452210844852,0.0485655441542185
"2026-08-05",5.73893088526323,5.22409637906902,0.0052226746572801,-0.00531102772464287
"2026-08-06",5.74345439403099,5.22097176050951,0.00452350876776642,-0.00312461855951351
"2026-08-07",5.74639485766155,5.23511608567166,0.00294046363056033,0.0141443251621478
"2026-08-10",5.7309436143984,5.22629936492703,-0.015451243263148,-0.00881672074462259
"2026-08-11",5.72001666310541,5.22506406117647,-0.0109269512929977,-0.0012353037505628
"2026-08-12",5.7112544894949,5.2398397055576,-0.00876217361050546,0.0147756443811256
"2026-08-13",5.72116390447815,5.24990223122862,0.00990941498324549,0.0100625256710254
"2026-08-14",5.72335629367247,5.24591036371,0.00219238919432474,-0.00399186751862501
"2026-08-17",5.72224432226015,5.2475405692268,-0.001111971412322,0.00163020551680226
"2026-08-18",5.73666906305305,5.22253520789353,0.0144247407928999,-0.0250053613332675
"2026-08-19",5.75836531004498,5.2118110388905,0.0216962469919313,-0.01072416900303
"2026-08-20",5.74075703823448,5.20886618704604,-0.0176082718104968,-0.00294485184446103
"2026-08-21",5.73447334170713,5.21001240088061,-0.00628369652735561,0.00114621383456637
"2026-08-24",5.73766845885503,5.19206830996012,0.00319511714789655,-0.0179440909204853
"2026-08-25",5.73624964509859,5.20141083573853,-0.00141881375643749,0.00934252577841033
"2026-08-26",5.74763989666409,5.20744514698482,0.0113902515654978,0.00603431124628617
"2026-08-27",5.75123837312786,5.23851508889461,0.00359847646376998,0.0310699419097942
"2026-08-28",5.76738309424856,5.2229123194253,0.0161447211207078,-0.0156027694693099
"2026-08-31",5.75842849503263,5.22726491861863,-0.00895459921592856,0.00435259919333042
"2026-09-01",5.78422511736909,5.2118110388905,0.0257966223364594,-0.0154538797281312
"2026-09-02",5.78370207153677,5.21159322968418,-0.000523045832323987,-0.000217809206322528
"2026-09-03",5.79365362138297,5.22441909859175,0.0099515498462015,0.0128258689075711
"2026-09-04",5.76822724521402,5.23143854393586,-0.0254263761689506,0.00701944534411414
"2026-09-08",5.7564381777423,5.23458385984105,-0.0117890674717254,0.00314531590518285
"2026-09-09",5.75365141019613,5.23458385984105,-0.00278676754616836,0
"2026-09-10",5.7886443432644,5.22037801193629,0.0349929330682688,-0.0142058479047549
"2026-09-11",5.80594785835303,5.23351880183644,0.0173035150886305,0.013140789900147
"2026-09-14",5.80838266105378,5.21529004704577,0.00243480270075036,-0.0182287547906732
"2026-09-15",5.80314502745797,5.21235543758541,-0.0052376335958062,-0.00293460946035307
"2026-09-16",5.80636915778148,5.21338886303787,0.00322413032350433,0.00103342545245866
"2026-09-17",5.82008293035236,5.23559474124611,0.0137137725708865,0.0222058782082355
"2026-09-18",5.81749800442332,5.2437502865503,-0.00258492592904158,0.00815554530418972
"2026-09-21",5.82594114099987,5.2722300631089,0.00844313657654716,0.0284797765585987
"2026-09-22",5.82821005303125,5.27949128406627,0.00226891203138635,0.00726122095737569
"2026-09-23",5.82014224317395,5.27474161127197,-0.0080678098573026,-0.00474967279429883
"2026-09-24",5.81687307634895,5.2715113066089,-0.00326916682500222,-0.00323030466307639
"2026-09-25",5.83208775628336,5.27949128406627,0.0152146799344157,0.00797997745737522
"2026-09-28",5.82422860969567,5.27058638653459,-0.00785914658769116,-0.00890489753168566
"2026-09-29",5.79727279921435,5.2704321630585,-0.0269558104813257,-0.00015422347608407
