Date,AdjClose_AAPL,Close_AAPL,High_AAPL,Low_AAPL,Open_AAPL,Volume_AAPL,AdjClose_XLK,Close_XLK,High_XLK,Low_XLK,Open_XLK,Volume_XLK,lp_AAPL,r_AAPL,ma20_AAPL,rv20_AAPL,lp_XLK,r_XLK,ma20_XLK,rv20_XLK
2019-01-03,33.70792770385742,35.54750061035156,36.43000030517578,35.5,35.994998931884766,365248800,27.502090454101562,29.44499969482422,30.239999771118164,29.405000686645508,30.219999313354492,49893400,3.5177330531308226,-0.10492413077855112,,,3.314262018296201,-0.05178562702593936,,
2019-01-04,35.14689254760742,37.064998626708984,37.13750076293945,35.95000076293945,36.13249969482422,234428400,28.72098159790039,30.75,30.8799991607666,29.889999389648438,29.985000610351562,41535600,3.5595362088752065,0.04180315574438387,,,3.3576279217958365,0.04336590349963565,,
2019-01-07,35.068668365478516,36.98249816894531,37.20750045776367,36.474998474121094,37.17499923706055,219111200,28.977834701538086,31.024999618530273,31.235000610351562,30.68000030517578,30.75,23817200,3.5573080926720837,-0.0022281162031227986,,,3.366531217107918,0.00890329531208156,,
2019-01-08,35.737178802490234,37.6875,37.95500183105469,37.130001068115234,37.38999938964844,164101200,29.220680236816406,31.28499984741211,31.434999465942383,30.915000915527344,31.325000762939453,26005200,3.576191569919765,0.018883477247681135,,,3.3748766858878727,0.008345468779954679,,
2019-01-09,36.344058990478516,38.32749938964844,38.63249969482422,37.407501220703125,37.8224983215332,180396400,29.598955154418945,31.690000534057617,31.854999542236328,31.420000076293945,31.454999923706055,28044800,3.593030751570426,0.016839181650661228,,,3.3877390618697985,0.012862375981925744,,
2019-01-10,36.4602165222168,38.45000076293945,38.49250030517578,37.71500015258789,38.125,143122800,29.729721069335938,31.829999923706055,31.844999313354492,31.295000076293945,31.440000534057617,21868200,3.596221707856493,0.003190956286066804,,,3.39214725483804,0.0044081929682415755,,
2019-01-11,36.10225296020508,38.0724983215332,38.42499923706055,37.877498626708984,38.220001220703125,108092800,29.673681259155273,31.770000457763672,31.790000915527344,31.575000762939453,31.645000457763672,15451200,3.5863552722614296,-0.009866435595063283,,,3.3902605000526767,-0.001886754785363376,,
2019-01-14,35.55937194824219,37.5,37.817501068115234,37.30500030517578,37.712501525878906,129756800,29.39813995361328,31.475000381469727,31.584999084472656,31.364999771118164,31.489999771118164,14483800,3.5712037487417634,-0.015151523519666199,,,3.3809314054593003,-0.009329094593376386,,
2019-01-15,36.28716278076172,38.26750183105469,38.34749984741211,37.51250076293945,37.567501068115234,114843600,29.841800689697266,31.950000762939453,32.01499938964844,31.520000457763672,31.575000762939453,28654000,3.5914640363213257,0.02026028757956233,,,3.395910118343881,0.014978712884580858,,
2019-01-16,36.73048400878906,38.73500061035156,38.970001220703125,38.25,38.27000045776367,122278800,29.869821548461914,31.979999542236328,32.17499923706055,31.920000076293945,31.985000610351562,18937000,3.603607037223356,0.012143000902030465,,,3.3968486579370527,0.0009385395931715834,,
2019-01-17,36.94857406616211,38.96500015258789,39.415000915527344,38.314998626708984,38.54999923706055,119284800,30.061288833618164,32.185001373291016,32.369998931884766,31.780000686645508,31.864999771118164,20256800,3.6095270557473196,0.0059200185239633996,,,3.4032382587755716,0.006389600838518916,,
2019-01-18,37.1761474609375,39.20500183105469,39.470001220703125,38.994998931884766,39.375,135004000,30.518953323364258,32.67499923706055,32.7400016784668,32.29499816894531,32.505001068115234,27303200,3.6156673583375794,0.006140302590259772,,,3.4183479110498105,0.015109652274238883,,
2019-01-22,36.34169387817383,38.32500076293945,39.182498931884766,38.154998779296875,39.102500915527344,121576000,30.005250930786133,32.125,32.46500015258789,31.8700008392334,32.40999984741211,29985000,3.5929656738292683,-0.022701684508311004,,,3.4013723973722167,-0.016975513677593757,,
2019-01-23,36.488670349121094,38.47999954223633,38.78499984741211,37.92499923706055,38.537498474121094,92522400,30.107990264892578,32.23500061035156,32.5,31.875,32.2599983215332,19152200,3.5970018110100193,0.0040361371807509094,,,3.404790593832675,0.003418196460458045,,
2019-01-24,36.1994514465332,38.17499923706055,38.619998931884766,37.935001373291016,38.52750015258789,101766000,30.36018180847168,32.505001068115234,32.619998931884766,32.334999084472656,32.349998474121094,28341800,3.5890439653062263,-0.007957845703792987,,,3.413131940930832,0.008341347098157037,,
2019-01-25,37.398983001708984,39.439998626708984,39.532501220703125,38.58000183105469,38.869998931884766,134142000,30.78982162475586,32.96500015258789,33.064998626708984,32.630001068115234,32.75,20061600,3.6216435115830903,0.03259954627686401,,,3.4271841686346605,0.014052227703828635,,
2019-01-28,37.05288314819336,39.07500076293945,39.08250045776367,38.415000915527344,38.9474983215332,104768400,30.378860473632812,32.525001525878906,32.53499984741211,32.255001068115234,32.474998474121094,19324800,3.612346166479454,-0.009297345103636445,,,3.4137469873671322,-0.013437181267528242,,
2019-01-29,36.668819427490234,38.66999816894531,39.532501220703125,38.52750015258789,39.0625,166348800,30.051950454711914,32.17499923706055,32.595001220703125,32.125,32.59000015258789,17147800,3.601926787059669,-0.010419379419784658,,,3.4029275658536156,-0.01081942151351667,,
2019-01-30,39.17457962036133,41.3125,41.537498474121094,40.057498931884766,40.8125,244439200,30.9859619140625,33.17499923706055,33.27000045776367,32.564998626708984,32.709999084472656,33990600,3.668028057370503,0.0661012703108339,36.401546478271484,,3.433534260439623,0.03060669458600751,29.737889575958253,
2019-01-31,39.45669937133789,41.61000061035156,42.25,41.13999938964844,41.52750015258789,162958400,30.953279495239258,33.13999938964844,33.31999969482422,32.900001525878906,33.005001068115234,36501800,3.6752038521730244,0.007175794802521285,36.502535820007324,0.5214987939193315,3.4324789545910934,-0.0010553058485296418,29.83736228942871,0.3060647410786912
2019-02-01,39.47565841674805,41.630001068115234,42.244998931884766,41.48249816894531,41.7400016784668,130672400,31.135412216186523,33.334999084472656,33.51499938964844,33.10499954223633,33.154998779296875,19475600,3.67568423933758,0.0004803871645555624,36.79092235565186,0.33351943041404836,3.4383458278766152,0.005866873285521823,30.01902837753296,0.22645032065100174
2019-02-04,40.596961975097656,42.8125,42.915000915527344,41.81999969482422,41.852500915527344,125982000,31.635108947753906,33.869998931884766,33.875,33.35499954223633,33.380001068115234,15208600,3.7036932356083523,0.028008996270772357,37.063425827026364,0.3181609451290318,3.4542675464922032,0.015921718615588,30.164734745025633,0.1836202218897023
2019-02-05,41.29155731201172,43.54499816894531,43.77000045776367,43.087501525878906,43.21500015258789,144406400,31.901294708251953,34.154998779296875,34.2400016784668,33.94499969482422,33.98500061035156,24121400,3.720658055631695,0.016964820023342764,37.374570274353026,0.3179053539022383,3.462646595432769,0.008379048940565959,30.310907745361327,0.18347542555487992
2019-02-06,41.305782318115234,43.560001373291016,43.89250183105469,43.212501525878906,43.662498474121094,112958400,32.008724212646484,34.27000045776367,34.3650016784668,34.064998626708984,34.19499969482422,20379200,3.7210024978693714,0.00034444223767637894,37.65300045013428,0.31642465090883676,3.4660084972876755,0.0033619018549062574,30.45030994415283,0.18305253787521011
2019-02-07,40.523468017578125,42.73500061035156,43.48500061035156,42.584999084472656,43.099998474121094,126966800,31.569730758666992,33.79999923706055,34.099998474121094,33.56999969482422,33.95500183105469,29264000,3.701881263516134,-0.019121234353237426,37.86197090148926,0.32750901682957295,3.4521987741416105,-0.01380972314606499,30.548848724365236,0.1912993345671655
2019-02-08,40.57109069824219,42.602500915527344,42.665000915527344,42.10499954223633,42.247501373291016,95280000,31.751848220825195,33.994998931884766,33.994998931884766,33.474998474121094,33.494998931884766,16977600,3.703055761210988,0.0011744976948540042,38.06751461029053,0.32777099278479305,3.4579509353240003,0.005752161182389859,30.649955081939698,0.1914691814043167
2019-02-11,40.337772369384766,42.35749816894531,42.8025016784668,42.3125,42.76250076293945,83973600,31.73784828186035,33.97999954223633,34.20500183105469,33.900001525878906,34.099998474121094,14869400,3.6972883096176887,-0.005767451593299278,38.27929058074951,0.32556401754599734,3.457509920798402,-0.0004410145255984155,30.753163433074953,0.19101897041871913
2019-02-12,40.68537902832031,42.72249984741211,42.75,42.42499923706055,42.525001525878906,89134000,32.158164978027344,34.43000030517578,34.474998474121094,34.165000915527344,34.21500015258789,19418200,3.7058687902738456,0.008580480656156908,38.535590934753415,0.3163200604572102,3.4706663835418903,0.013156462743488362,30.891164684295653,0.18785316665377688
2019-02-13,40.516334533691406,42.54499816894531,43.119998931884766,42.47999954223633,42.84749984741211,89960800,32.2001838684082,34.474998474121094,34.724998474121094,34.45500183105469,34.599998474121094,18241800,3.701705214619652,-0.004163575654193785,38.747049522399905,0.31434180003280443,3.471972162733072,0.0013057791911816885,31.009083843231203,0.18395383615883776
2019-02-14,40.663936614990234,42.70000076293945,42.814998626708984,42.345001220703125,42.4275016784668,87342800,32.25623321533203,34.53499984741211,34.65999984741211,34.31999969482422,34.345001220703125,19484000,3.7053416213933925,0.0036364067737406636,38.94372215270996,0.3134107009464739,3.4737113025607878,0.0017391398277157855,31.128404426574708,0.1838103786486599
2019-02-15,40.573463439941406,42.60499954223633,42.92499923706055,42.4375,42.8125,98507200,32.51308822631836,34.810001373291016,34.845001220703125,34.6150016784668,34.79499816894531,14712000,3.7031142430579855,-0.002227378335406982,39.124966621398926,0.3144559835360941,3.4816427229238585,0.007931420363070707,31.250994396209716,0.18417479632585648
2019-02-19,40.69487762451172,42.73249816894531,42.86000061035156,42.372501373291016,42.4275016784668,75891200,32.52241516113281,34.81999969482422,34.92499923706055,34.6349983215332,34.66999816894531,16638200,3.7061022276363023,0.002987984578316727,39.300903129577634,0.31446082424049954,3.48192954886946,0.0002868259456016986,31.351167488098145,0.1796918257037073
2019-02-20,40.95677947998047,43.00749969482422,43.33000183105469,42.747501373291016,42.79750061035156,104457600,32.55977249145508,34.86000061035156,35.005001068115234,34.67499923706055,34.849998474121094,19704200,3.712517351663029,0.006415124026726726,39.53165740966797,0.29755909263773866,3.4830775537467544,0.001148004877294273,31.478893566131593,0.16351895028527572
2019-02-21,40.72583770751953,42.76499938964844,43.092498779296875,42.57500076293945,42.95000076293945,68998800,32.57379913330078,34.875,35.01499938964844,34.65999984741211,34.775001525878906,19508200,3.7068627241358407,-0.005654627527188261,39.74351577758789,0.30037270191524723,3.4835082576591194,0.0004307039123649936,31.602184009552,0.16402367583825034
2019-02-22,41.180564880371094,43.24250030517578,43.25,42.845001220703125,42.89500045776367,75652800,32.98942947387695,35.31999969482422,35.34000015258789,35.025001525878906,35.03499984741211,24493200,3.717966418853087,0.01110369471724626,39.99257144927979,0.2966490625322468,3.496187191179974,0.012678933520854585,31.733646392822266,0.16627604879430857
2019-02-25,41.48054504394531,43.557498931884766,43.967498779296875,43.48749923706055,43.540000915527344,87493600,33.148216247558594,35.4900016784668,35.73500061035156,35.46500015258789,35.584999084472656,40341000,3.7252245231965344,0.007258104343447425,40.1966495513916,0.2801990678563939,3.5009889066640385,0.004801715484064495,31.851566123962403,0.16216282142979815
2019-02-26,41.504364013671875,43.58250045776367,43.82500076293945,43.29249954223633,43.4275016784668,68280800,33.218265533447266,35.564998626708984,35.665000915527344,35.334999084472656,35.3650016784668,28268000,3.7257985786639964,0.0005740554674620313,40.419223594665525,0.2755878215642319,3.5030998913063445,0.0021109846423059686,31.993536376953124,0.1492609031371941
2019-02-27,41.6329231262207,43.717498779296875,43.75,43.182498931884766,43.3025016784668,111341600,33.18556594848633,35.529998779296875,35.57500076293945,35.165000915527344,35.43000030517578,19555000,3.7288912755618973,0.003092696897900815,40.66742877960205,0.2692235553874291,3.5021150207988962,-0.0009848705074482211,32.15021715164185,0.13967628474914356
2019-02-28,41.223419189453125,43.287498474121094,43.727500915527344,43.22999954223633,43.58000183105469,112861600,33.09217834472656,35.43000030517578,35.564998626708984,35.34000015258789,35.400001525878906,18876600,3.7190065217905635,-0.009884753771333799,40.76987075805664,0.15745529612083492,3.4992969506741827,-0.0028180701247135787,32.25552797317505,0.10414670832606085
2019-03-01,41.65672302246094,43.74250030517578,43.787498474121094,43.22249984741211,43.56999969482422,103544800,33.316314697265625,35.66999816894531,35.76499938964844,35.3849983215332,35.709999084472656,24668000,3.7294627726924174,0.01045625090185398,40.879871940612794,0.1591552287775568,3.5060472078582827,0.00675025718410005,32.37367973327637,0.10351276779514447
2019-03-04,41.86623764038086,43.962501525878906,44.4375,43.49250030517578,43.92250061035156,109744800,33.19023895263672,35.53499984741211,35.90999984741211,35.13999938964844,35.81999969482422,31653000,3.734479717870351,0.005016945177933607,40.99940090179443,0.1591258537035371,3.5022558252430778,-0.0037913826152049523,32.47642107009888,0.10644043408906666
2019-03-05,41.7900505065918,43.88249969482422,44.0,43.6349983215332,43.98500061035156,78949600,33.09217834472656,35.43000030517578,35.560001373291016,35.31999969482422,35.51499938964844,17907600,3.7326582850398977,-0.001821432830453329,41.05905532836914,0.12921356126662265,3.4992969506741827,-0.002958874568895098,32.54927453994751,0.09719809023051261
2019-03-06,41.54958724975586,43.630001068115234,43.872501373291016,43.48500061035156,43.66749954223633,83241600,32.919376373291016,35.244998931884766,35.44499969482422,35.20000076293945,35.404998779296875,26244200,3.7268875874315595,-0.00577069760833826,41.07195682525635,0.11769134434662379,3.4940614319262457,-0.005235518747936929,32.60017862319946,0.09782647796528392
2019-03-07,41.06867980957031,43.125,43.61000061035156,43.005001068115234,43.467498779296875,99185600,32.60647964477539,34.90999984741211,35.17499923706055,34.79499816894531,35.14500045776367,36996600,3.715245782566743,-0.011641804864816585,41.060101699829104,0.12510401504849172,3.4845110307317655,-0.009550401194480251,32.63006639480591,0.10515363290105302
2019-03-08,41.16628646850586,43.227500915527344,43.26750183105469,42.375,42.58000183105469,95997600,32.601806640625,34.904998779296875,34.935001373291016,34.41999816894531,34.4900016784668,25781400,3.7176196317744203,0.0023738492076774698,41.09224262237549,0.10360585279240327,3.4843677052611977,-0.0001433254705678344,32.68167018890381,0.08982721298440999
2019-03-11,42.592376708984375,44.724998474121094,44.779998779296875,43.837501525878906,43.872501373291016,128044000,33.302330017089844,35.654998779296875,35.689998626708984,35.029998779296875,35.029998779296875,29153800,3.7516752867684504,0.03405565499403007,41.1933069229126,0.1571463456027637,3.5056273650217564,0.02125965976055877,32.75919427871704,0.11315278632310452
2019-03-12,43.07091522216797,45.227500915527344,45.66749954223633,44.842498779296875,45.0,129870400,33.498477935791016,35.8650016784668,35.98500061035156,35.64500045776367,35.755001068115234,36101200,3.762847948484269,0.011172661715818766,41.329964065551756,0.15692905402275614,3.511500003046324,0.0058726380245675,32.847225761413576,0.11328159232838392
2019-03-13,43.261383056640625,45.4275016784668,45.82500076293945,45.22999954223633,45.5625,124130000,33.717960357666016,36.099998474121094,36.314998626708984,36.0,36.02000045776367,35667200,3.7672603908099886,0.004412442325719468,41.458764266967776,0.15575417639751568,3.5180306436905044,0.006530640644180519,32.925215530395505,0.10746151575293784
2019-03-14,43.74231719970703,45.932498931884766,46.025001525878906,45.63999938964844,45.974998474121094,94318000,33.78800964355469,36.17499923706055,36.28499984741211,36.07500076293945,36.15999984741211,21313200,3.7783159905190935,0.011055599709104857,41.620063400268556,0.15574893098046988,3.5201059952788087,0.0020753515883042972,33.00460681915283,0.10739530331271753
2019-03-15,44.31131362915039,46.529998779296875,46.83250045776367,45.935001373291016,46.212501525878906,156171600,34.19702911376953,36.494998931884766,36.65999984741211,36.15999984741211,36.185001373291016,42049000,3.7912400311080043,0.012924040588910835,41.802432250976565,0.159049613713494,3.53213877227688,0.01203277699807126,33.10164661407471,0.11263461995912086
2019-03-18,44.76365661621094,47.005001068115234,47.09749984741211,46.4474983215332,46.45000076293945,104879200,34.3422737121582,36.650001525878906,36.744998931884766,36.42499923706055,36.52000045776367,29675200,3.8013965739454574,0.010156542837453042,42.01194190979004,0.158387375397378,3.53637706504674,0.004238292769859875,33.1931058883667,0.11120972007095478
2019-03-19,44.40892028808594,46.63249969482422,47.247501373291016,46.47999954223633,47.087501525878906,126585600,34.41255187988281,36.724998474121094,36.900001525878906,36.58000183105469,36.79999923706055,32306200,3.7934403566483152,-0.007956217297142132,42.19764404296875,0.16478745948374918,3.538421378055902,0.002044313009162302,33.287612724304196,0.11087067754307638
2019-03-20,44.796993255615234,47.040000915527344,47.372501373291016,46.182498931884766,46.557498931884766,124140800,34.3188362121582,36.625,36.92499923706055,36.404998779296875,36.685001373291016,27408600,3.8021410223386214,0.008700665690306142,42.38965473175049,0.16536294239852348,3.5356943641426577,-0.0027270139132444804,33.375565910339354,0.11248929787672317
2019-03-21,46.44688415527344,48.772499084472656,49.08250045776367,47.45249938964844,47.505001068115234,204136800,35.180912017822266,37.54499816894531,37.625,36.625,36.630001068115234,54548200,3.8383093834679003,0.0361683611292789,42.675707054138186,0.19529357527197835,3.560503663300337,0.024809299157679376,33.50592155456543,0.13681904369795475
2019-03-22,45.48505401611328,47.76250076293945,49.42250061035156,47.69499969482422,48.834999084472656,169630800,34.35164260864258,36.65999984741211,37.505001068115234,36.64500045776367,37.349998474121094,53494800,3.817383788832148,-0.020925594635752276,42.89093151092529,0.2172916911614028,3.536649837281728,-0.02385382601860897,33.57403221130371,0.16425524413254003
2019-03-25,44.93508529663086,47.185001373291016,47.994998931884766,46.650001525878906,47.877498626708984,175381200,34.20171356201172,36.5,36.744998931884766,36.26499938964844,36.540000915527344,43893800,3.805218899331098,-0.012164889501049991,43.06365852355957,0.22536777102640249,3.532275746965778,-0.004374090315950152,33.62670707702637,0.16542170164768222
2019-03-26,44.470829010009766,46.6974983215332,48.220001220703125,46.14500045776367,47.915000915527344,199202000,34.389122009277344,36.70000076293945,37.05500030517578,36.48500061035156,36.81999969482422,27930200,3.7948334463549114,-0.010385452976186649,43.211981773376465,0.2308677579099493,3.5377402937105145,0.005464546744736509,33.68524990081787,0.16599599932117612
2019-03-27,44.870792388916016,47.11750030517578,47.439998626708984,46.63750076293945,47.1875,119393600,34.192344665527344,36.4900016784668,36.89500045776367,36.16999816894531,36.755001068115234,31662400,3.8037870794913338,0.00895363313642239,43.37387523651123,0.23168279663165092,3.5320017788233464,-0.005738514887168034,33.73558883666992,0.16787491342211314
2019-03-28,44.93031692504883,47.18000030517578,47.38999938964844,46.88249969482422,47.23749923706055,83121600,34.332908630371094,36.63999938964844,36.790000915527344,36.415000915527344,36.599998474121094,21079400,3.805112776808556,0.0013256973172222075,43.55922012329101,0.22629045288079627,3.5361043294958256,0.0041025506724792216,33.797625350952146,0.1673134715078976
2019-03-29,45.22315216064453,47.48749923706055,47.52000045776367,47.1349983215332,47.45750045776367,94256000,34.670223236083984,37.0,37.01499938964844,36.76499938964844,36.94499969482422,28694400,3.8116091716438407,0.006496394835284747,43.737541580200194,0.22529723900708604,3.545881198559502,0.009776869063676141,33.86532077789307,0.1688295241708983
2019-04-01,45.530277252197266,47.810001373291016,47.91999816894531,47.095001220703125,47.90999984741211,111448000,35.143436431884766,37.505001068115234,37.54999923706055,37.150001525878906,37.36000061035156,25181000,3.81837753876802,0.006768367124179164,43.92074356079102,0.22547673096877452,3.559437870575312,0.013556672015810012,33.96298065185547,0.1721458179078052
2019-04-02,46.192134857177734,48.505001068115234,48.6150016784668,47.76250076293945,47.772499084472656,91062800,35.2652473449707,37.6349983215332,37.685001373291016,37.41999816894531,37.53499984741211,23574200,3.8328095424083886,0.014432003640368674,44.140847778320314,0.22710008899948445,3.5628979845295112,0.0034601139541994286,34.07163410186767,0.17077091791365864
2019-04-03,46.50878143310547,48.837501525878906,49.125,48.287498474121094,48.3125,93087200,35.5510368347168,37.939998626708984,38.130001068115234,37.790000915527344,37.86000061035156,27738000,3.8396411427875408,0.006831600379152203,44.388807487487796,0.22354521716577136,3.5709693213574685,0.008071336827957243,34.203217124938966,0.16859203736364697
2019-04-04,46.58973693847656,48.92250061035156,49.092498779296875,48.28499984741211,48.6974983215332,76457200,35.40111541748047,37.779998779296875,38.025001525878906,37.55500030517578,37.92499923706055,23006200,3.8413802795040413,0.0017391367165005,44.66486034393311,0.214697897310366,3.5667433286117065,-0.004225992745761964,34.34294891357422,0.16397711844685084
2019-04-05,46.901607513427734,49.25,49.275001525878906,48.98249816894531,49.11249923706055,74106400,35.56977462768555,37.959999084472656,38.0,37.84000015258789,37.904998779296875,13419600,3.848051950204458,0.006671670700416854,44.9516263961792,0.21419513571355892,3.5714962499179563,0.004752921306249824,34.491347312927246,0.16321130185226945
2019-04-08,47.6396598815918,50.025001525878906,50.057498931884766,49.084999084472656,49.10499954223633,103526800,35.70564270019531,38.10499954223633,38.125,37.709999084472656,37.869998931884766,14619800,3.8636656051163536,0.01561365491189548,45.20399055480957,0.19156018215372808,3.5753087351246133,0.0038124852066570014,34.61151294708252,0.15050064990618794
2019-04-09,47.496803283691406,49.875,50.712501525878906,49.807498931884766,50.08000183105469,143072800,35.53697967529297,37.92499923706055,38.08000183105469,37.84000015258789,37.939998626708984,26880200,3.8606624094851894,-0.003003195631164246,45.425284957885744,0.19269573761018677,3.570573835302373,-0.0047348998222402905,34.71343803405762,0.15295784643804716
2019-04-10,47.76346969604492,50.154998779296875,50.185001373291016,49.54499816894531,49.66999816894531,86781200,35.785301208496094,38.189998626708984,38.20000076293945,37.939998626708984,37.959999084472656,17234800,3.8662611150227217,0.005598705537532389,45.65038928985596,0.1927026935946096,3.577537228327027,0.0069633930246539855,34.816805076599124,0.1530997172182668
2019-04-11,47.36586380004883,49.73749923706055,50.25,49.61000061035156,50.212501525878906,83603200,35.73844909667969,38.13999938964844,38.279998779296875,38.060001373291016,38.27000045776367,15394600,3.8579017962571363,-0.008359318765585488,45.831566619873044,0.19682316137460498,3.5762271147404796,-0.0013101135865474234,34.91432704925537,0.15383354071585217
2019-04-12,47.346824645996094,49.717498779296875,50.03499984741211,49.0525016784668,49.79999923706055,111042800,35.98676681518555,38.404998779296875,38.404998779296875,38.13999938964844,38.35499954223633,17110000,3.8574997560527757,-0.0004020402043605209,45.98334217071533,0.1944608560437379,3.5831512824118406,0.006924167671360948,35.003813934326175,0.15080866965647494
2019-04-15,47.432533264160156,49.807498931884766,49.962501525878906,49.502498626708984,49.64500045776367,70146400,35.97270965576172,38.38999938964844,38.5,38.185001373291016,38.404998779296875,19821400,3.859308349050591,0.0018085929978153281,46.11678600311279,0.19281508525004207,3.5827605858617253,-0.00039069655011525484,35.08533573150635,0.15101659894282396
2019-04-16,47.43729782104492,49.8125,50.342498779296875,49.63999938964844,49.8650016784668,102785600,36.15542984008789,38.584999084472656,38.625,38.400001525878906,38.5099983215332,19218600,3.8594087931398082,0.00010044408921716652,46.268204879760745,0.1888818216666598,3.587827140370734,0.005066554509008725,35.1724796295166,0.15132437137112215
2019-04-17,48.36103820800781,50.782501220703125,50.845001220703125,49.65250015258789,49.8849983215332,115627200,36.356876373291016,38.79999923706055,38.849998474121094,38.61000061035156,38.83000183105469,24495800,3.878694493837239,0.01928570069743074,46.44640712738037,0.19648139012326898,3.593383357293617,0.005556216922883106,35.27438163757324,0.1504048057066732
2019-04-18,48.53483581542969,50.96500015258789,51.037498474121094,50.630001068115234,50.779998779296875,96783200,36.45996856689453,38.90999984741211,38.91999816894531,38.619998931884766,38.8849983215332,22983800,3.882281804350797,0.003587310513557984,46.550804710388185,0.15501464863523504,3.596214907124378,0.002831549830760949,35.338334465026854,0.126197211223506
2019-04-22,48.69435119628906,51.13249969482422,51.23500061035156,50.584999084472656,50.70750045776367,77758000,36.544307708740234,39.0,39.01499938964844,38.69499969482422,38.72999954223633,16168800,3.8855630314983203,0.0032812271475233246,46.711269569396975,0.12870235274041053,3.5985254342241304,0.002310527099752324,35.44796772003174,0.0821979307569432
2019-04-23,49.39667892456055,51.869998931884766,51.9375,50.974998474121094,51.10749816894531,93292000,36.94253921508789,39.42499923706055,39.474998474121094,39.02000045776367,39.060001373291016,33385600,3.8998831936861946,0.014320162187874352,46.93434925079346,0.120254909719948,3.6093637113119836,0.010838277087853232,35.585009002685545,0.08160176337957771
2019-04-24,49.32050323486328,51.790000915527344,52.119998931884766,51.76250076293945,51.84000015258789,70162400,36.95658874511719,39.439998626708984,39.619998931884766,39.380001068115234,39.45500183105469,21876600,3.89833988170847,-0.0015433119777248372,47.17683296203613,0.10908840483958293,3.6097439466567396,0.00038023534475595255,35.71338233947754,0.08226422671682268
2019-04-25,48.8729133605957,51.31999969482422,51.939998626708984,51.279998779296875,51.70750045776367,74172800,36.94721603393555,39.43000030517578,39.72999954223633,39.220001220703125,39.619998931884766,22775200,3.889223324004795,-0.009116557703674921,47.37693901062012,0.1191784443964625,3.6094903004132233,-0.0002536462435163145,35.85112590789795,0.07607719905011982
2019-04-26,48.639591217041016,51.07500076293945,51.25,50.529998779296875,51.224998474121094,74596400,36.8066520690918,39.279998779296875,39.290000915527344,38.86000061035156,39.189998626708984,22100400,3.884437833367682,-0.004785490637112755,47.56240272521973,0.12309206203504838,3.605678591586328,-0.003811708826895188,35.974813079833986,0.08080257397152268
2019-04-29,48.71340560913086,51.15250015258789,51.49250030517578,50.96500015258789,51.099998474121094,88818800,36.816036224365234,39.290000915527344,39.415000915527344,39.244998931884766,39.28499984741211,21226400,3.8859542613902662,0.0015164280225841154,47.73691539764404,0.12300367643319596,3.605933517222481,0.0002549256361530361,36.08210372924805,0.07797861221196985
2019-04-30,47.77536392211914,50.16749954223633,50.849998474121094,49.77750015258789,50.76499938964844,186139600,36.87693786621094,39.35499954223633,39.40999984741211,39.04999923706055,39.27000045776367,37685800,3.866510107514784,-0.01944415387548215,47.84916973114014,0.14719311365111054,3.6075863655831855,0.0016528483607043398,36.168778800964354,0.0673312679326727
2019-05-01,50.12044906616211,52.630001068115234,53.82749938964844,52.307498931884766,52.470001220703125,259309200,36.78323745727539,39.255001068115234,39.849998474121094,39.25,39.75,30893600,3.9144290898074035,0.04791898229261937,48.04558544158935,0.21558559021800341,3.6050422375230937,-0.0025441280600917437,36.24467830657959,0.069426788845239
2019-05-02,49.794281005859375,52.287498474121094,53.162498474121094,52.032501220703125,52.459999084472656,127985200,36.59115219116211,39.04999923706055,39.529998779296875,38.84000015258789,39.244998931884766,49977600,3.907900138196305,-0.006528951611098233,48.20986042022705,0.21852108275053764,3.599806467771801,-0.005235769751292807,36.29668407440185,0.07032786198597217
2019-05-03,50.41328430175781,52.9375,52.959999084472656,52.557498931884766,52.72249984741211,83569600,36.9378547668457,39.41999816894531,39.45500183105469,39.1349983215332,39.189998626708984,26576600,3.9202547177627283,0.012354579566423052,48.401037788391115,0.22068076728348254,3.609236899637167,0.009430431865366184,36.37352104187012,0.07240633391115739
2019-05-06,49.63475799560547,52.119998931884766,52.209999084472656,50.875,51.0724983215332,129772400,36.65205764770508,39.1150016784668,39.18000030517578,38.33000183105469,38.47999954223633,26045000,3.904691354349442,-0.015563363413286346,48.5376953125,0.23091214536440371,3.601469569941004,-0.007767329696163117,36.427635192871094,0.07965506641864228
2019-05-07,48.29676055908203,50.71500015258789,51.85499954223633,50.20750045776367,51.470001220703125,155054800,35.86494827270508,38.275001525878906,38.82500076293945,37.92499923706055,38.67499923706055,41251200,3.8773644892391452,-0.027326865110296694,48.57055034637451,0.2489867154888904,3.5797604472995124,-0.021709122641491607,36.435600471496585,0.11395406286169582
2019-05-08,48.30629348754883,50.724998474121094,51.334999084472656,50.4375,50.474998474121094,105358000,35.82279968261719,38.22999954223633,38.560001373291016,38.084999084472656,38.150001525878906,27334600,3.8775618521194772,0.00019736288033200822,48.61102485656738,0.2486168418533238,3.5785845533386413,-0.0011758939608710328,36.44989147186279,0.11259264517870984
2019-05-09,47.787269592285156,50.18000030517578,50.41999816894531,49.165000915527344,50.099998474121094,139634400,35.579158782958984,37.970001220703125,38.095001220703125,37.33000183105469,37.755001068115234,38601800,3.8667592775049733,-0.010802574614503957,48.61221485137939,0.25125997206009665,3.5717600389834563,-0.006824514355185052,36.43958435058594,0.1125705522914981
2019-05-10,47.125244140625,49.29499816894531,49.712501525878906,48.192501068115234,49.35499954223633,164834800,35.69158935546875,38.09000015258789,38.2599983215332,37.18000030517578,37.724998474121094,39192400,3.852808826457673,-0.013950451047300305,48.6001838684082,0.2544974297998265,3.5749150687455833,0.003155029762127004,36.43724136352539,0.11314760530629302
2019-05-13,44.38636016845703,46.43000030517578,47.369998931884766,45.712501525878906,46.9275016784668,229722400,34.346961975097656,36.654998779296875,37.23500061035156,36.54999923706055,37.01499938964844,50922400,3.7929322188284145,-0.059876607629258505,48.45216064453125,0.33101434645087724,3.5365135715284275,-0.0384014972171558,36.35525112152099,0.1740231605066936
2019-05-14,45.0890007019043,47.165000915527344,47.42499923706055,46.352500915527344,46.602500915527344,146118800,34.899803161621094,37.244998931884766,37.474998474121094,36.810001373291016,36.84000015258789,36808600,3.808638329887656,0.01570611105924158,48.33498401641846,0.3374328866029477,3.552481189124313,0.015967617595885386,36.301605796813966,0.18573659402117013
2019-05-15,45.629127502441406,47.72999954223633,47.9375,46.505001068115234,46.567501068115234,106178800,35.27930450439453,37.650001525878906,37.76499938964844,36.92499923706055,36.98500061035156,30097200,3.820546273617806,0.011907943730149917,48.24457550048828,0.3412368448453625,3.563296517350016,0.01081532822570308,36.257799530029295,0.18952039802381282
2019-05-16,45.42838668823242,47.52000045776367,48.11750030517578,47.209999084472656,47.477500915527344,132125600,35.602577209472656,37.994998931884766,38.27000045776367,37.625,37.67499923706055,30889400,3.8161371671053588,-0.004409106512447192,48.09794292449951,0.3319242334912563,3.572418028762213,0.00912151141219697,36.22008457183838,0.1916236322605124
2019-05-17,45.17026138305664,47.25,47.724998474121094,46.689998626708984,46.73249816894531,131516400,35.3167839050293,37.689998626708984,38.20000076293945,37.599998474121094,37.60499954223633,27087800,3.810438936301456,-0.0056982308039028595,47.92971420288086,0.33106806188355997,3.5643583156734198,-0.008059713088793163,36.16292533874512,0.1925962743067252
2019-05-20,43.7578010559082,45.772499084472656,46.087501525878906,45.06999969482422,45.880001068115234,154449200,34.7030143737793,37.03499984741211,37.345001220703125,36.85499954223633,37.05500030517578,29349200,3.778669906757642,-0.031769029543813776,47.68288669586182,0.3445212255333802,3.546826552741235,-0.017531762932184947,36.07086067199707,0.1999991214099957
2019-05-21,44.5966796875,46.650001525878906,47.0,46.17499923706055,46.30500030517578,113459200,35.12937927246094,37.4900016784668,37.61000061035156,37.34000015258789,37.42499923706055,29682200,3.7976594097861325,0.01898950302849034,47.44288673400879,0.3484326073749665,3.559037796678445,0.012211243937210181,35.98020267486572,0.20127660179918017
2019-05-22,43.6837158203125,45.69499969482422,46.4275016784668,45.63750076293945,46.165000915527344,118994400,34.9466552734375,37.29499816894531,37.52000045776367,37.224998474121094,37.244998931884766,23042200,3.7769753969648234,-0.02068401282130905,47.16104736328125,0.3524343519980851,3.553822763769421,-0.005215032909024142,35.87970600128174,0.20118854455796248
2019-05-23,42.93804931640625,44.915000915527344,45.1349983215332,44.45249938964844,44.95000076293945,146118800,34.332908630371094,36.63999938964844,36.810001373291016,36.369998931884766,36.790000915527344,32171400,3.75975836329593,-0.01721703366889349,46.86430416107178,0.3545303494302879,3.5361043294958256,-0.017718434273595207,35.74899063110352,0.20770707137557196
2019-05-24,42.77313232421875,44.74250030517578,45.53499984741211,44.654998779296875,45.04999923706055,94858800,34.3422737121582,36.650001525878906,37.029998779296875,36.61000061035156,36.84000015258789,23500000,3.755910156036436,-0.0038482072594940853,46.57098121643067,0.35460513241101715,3.53637706504674,0.0002727355509142271,35.62577171325684,0.20817540647810648
2019-05-28,42.59627914428711,44.557498931884766,45.147499084472656,44.477500915527344,44.72999954223633,111792800,34.2438850402832,36.54499816894531,37.0,36.525001525878906,36.76499938964844,51545600,3.7517669054297937,-0.004143250606642113,46.26512489318848,0.353491081854045,3.5335080097984215,-0.002869055248318375,35.49716415405273,0.20772986900180063
2019-05-29,42.39312744140625,44.345001220703125,44.837501525878906,44.0,44.10499954223633,113924800,34.042423248291016,36.33000183105469,36.505001068115234,36.084999084472656,36.275001525878906,29509600,3.7469862604540487,-0.004780644975745041,45.99601306915283,0.3503023588914782,3.5276074894290774,-0.0059005203693440755,35.35543842315674,0.20691503465582403
2019-05-30,42.612998962402344,44.57500076293945,44.807498931884766,44.16749954223633,44.48749923706055,84873600,34.253265380859375,36.55500030517578,36.630001068115234,36.30500030517578,36.415000915527344,22841000,3.7521593466920913,0.005173086238042579,45.62064056396484,0.2909009252216926,3.53378189975084,0.006174410321762469,35.228939819335935,0.21001916700969522
2019-05-31,41.8410530090332,43.76750183105469,44.497501373291016,43.747501373291016,44.057498931884766,108174400,33.68165969848633,35.94499969482422,36.28499984741211,35.93000030517578,36.1150016784668,24079600,3.7338779869598846,-0.01828135973220668,45.22297916412354,0.2930352760068185,3.516953466618603,-0.01682843313223703,35.08346519470215,0.2152109473719558
2019-06-03,41.41801452636719,43.32500076293945,44.47999954223633,42.567501068115234,43.900001525878906,161584400,33.09132385253906,35.314998626708984,36.20000076293945,35.07500076293945,36.0,39407400,3.723715919675277,-0.010162067284607446,44.773215675354,0.28227937729269215,3.4992711287651215,-0.01768233785348139,34.89113864898682,0.2140473181971146
2019-06-04,42.933265686035156,44.90999984741211,44.95750045776367,43.630001068115234,43.86000061035156,123872000,34.19702911376953,36.494998931884766,36.494998931884766,35.584999084472656,35.76499938964844,30192400,3.759646949365075,0.03593102968979789,44.43814105987549,0.32443337596940697,3.53213877227688,0.032867643511758526,34.76838722229004,0.25332902902527443
2019-06-05,43.626346588134766,45.6349983215332,46.247501373291016,45.28499984741211,46.06999969482422,119093600,34.642120361328125,36.970001220703125,37.05500030517578,36.54999923706055,36.97999954223633,28791600,3.7756612473959983,0.016014298030923246,44.204620361328125,0.32534000823034986,3.545070293175634,0.012931520898753934,34.70724582672119,0.2500647304971659
2019-06-06,44.2668571472168,46.30500030517578,46.36750030517578,45.537498474121094,45.77000045776367,90105200,35.04505157470703,37.400001525878906,37.474998474121094,36.900001525878906,37.06999969482422,23845000,3.7902362513894414,0.014575003993443136,44.002648544311526,0.33236340040708173,3.556634421622115,0.011564128446480915,34.668358421325685,0.2544921090990056
2019-06-07,45.44511032104492,47.537498474121094,47.97999954223633,46.442501068115234,46.627498626708984,122737600,35.696285247802734,38.095001220703125,38.31999969482422,37.52000045776367,37.595001220703125,23984200,3.8165052311405656,0.02626897975112419,43.88554058074951,0.348500131161268,3.5750466286881326,0.01841220706601776,34.67421474456787,0.26259703324694333
2019-06-10,46.02586364746094,48.14500045776367,48.842498779296875,47.904998779296875,47.95249938964844,104883600,36.061729431152344,38.48500061035156,38.845001220703125,38.369998931884766,38.369998931884766,26927600,3.829203491689657,0.012698260549091511,43.83057155609131,0.34973565018116437,3.585232176446332,0.010185547758199576,34.69272174835205,0.2648353146032898
2019-06-11,46.55883026123047,48.70249938964844,49.0,48.400001525878906,48.71500015258789,107731600,36.061729431152344,38.48500061035156,38.915000915527344,38.26499938964844,38.875,23100200,3.8407166798522288,0.01151318816257163,43.93919506072998,0.27454911415900474,3.585232176446332,0.0,34.77846012115479,0.2215298581935986
2019-06-12,46.4106559753418,48.54750061035156,48.99250030517578,48.34749984741211,48.48749923706055,73012800,35.86027145385742,38.27000045776367,38.404998779296875,38.18000030517578,38.29999923706055,15193800,3.8375290875066064,-0.003187592345622381,44.00527782440186,0.2705566505259364,3.5796300379714654,-0.005602138474866791,34.8264835357666,0.21724481493813014
2019-06-13,46.401092529296875,48.537498474121094,49.1974983215332,48.400001525878906,48.67499923706055,86698400,35.96802520751953,38.3849983215332,38.52000045776367,38.244998931884766,38.404998779296875,19734800,3.8373230048450284,-0.0002060826615779554,44.04387607574463,0.26774545858364557,3.582630355102818,0.0030003171313524035,34.86091957092285,0.21448588453351766
2019-06-14,46.06410598754883,48.185001373291016,48.397499084472656,47.57500076293945,47.88750076293945,75046000,35.65411376953125,38.04999923706055,38.17499923706055,37.8849983215332,38.03499984741211,16883400,3.830034034743103,-0.007288970101925418,44.07566204071045,0.268687610240946,3.573864533457749,-0.008765821645068783,34.86349639892578,0.21486346587936447
2019-06-17,46.33894729614258,48.47249984741211,48.7400016784668,48.04249954223633,48.224998474121094,58676400,35.682228088378906,38.08000183105469,38.27000045776367,37.994998931884766,38.07500076293945,18702200,3.8359828017876847,0.005948767044581693,44.13409633636475,0.26819228446755744,3.5746527521852873,0.0007882187275383146,34.88176860809326,0.21270659889773869
2019-06-18,47.428775787353516,49.61249923706055,50.0724983215332,48.8025016784668,49.01250076293945,106204000,36.32878112792969,38.77000045776367,38.959999084472656,38.3650016784668,38.48500061035156,32362400,3.8592291286213944,0.02324632683370975,44.31764507293701,0.24867092155095738,3.592610295654598,0.017957543469310888,34.96305694580078,0.21005882868422923
2019-06-19,47.290157318115234,49.467498779296875,49.970001220703125,49.32749938964844,49.91999816894531,84496800,36.45996856689453,38.90999984741211,39.0099983215332,38.60499954223633,38.869998931884766,24742400,3.8563021833179447,-0.002926945303449724,44.45231895446777,0.24329264842859125,3.596214907124378,0.0036046114697798615,35.02958641052246,0.20686424909483536
2019-06-20,47.670162200927734,49.8650016784668,50.15250015258789,49.50749969482422,50.092498779296875,86056000,36.99407958984375,39.47999954223633,39.61000061035156,39.150001525878906,39.47999954223633,27783800,3.8643056717896687,0.00800348847172394,44.651641273498534,0.22713321765136754,3.610757888755781,0.014542981631402885,35.131957626342775,0.20977158506214216
2019-06-21,47.50764846801758,49.69499969482422,50.212501525878906,49.537498474121094,49.70000076293945,191202400,36.81917190551758,39.154998779296875,39.494998931884766,39.13999938964844,39.19499969482422,41430400,3.860890718457523,-0.003414953332145476,44.8801212310791,0.21468030531520288,3.606018685207576,-0.0047392035482047845,35.256270790100096,0.1976013809509156
2019-06-24,47.45984649658203,49.64500045776367,50.040000915527344,49.54249954223633,49.6349983215332,72881600,36.88970184326172,39.22999954223633,39.36000061035156,39.16999816894531,39.224998474121094,16431800,3.8598840166277983,-0.0010067018297248431,45.11445693969726,0.21334987595304505,3.607932429257183,0.0019137440496068692,35.38364219665527,0.19733205588621566
2019-06-25,46.74045944213867,48.89250183105469,49.814998626708984,48.8224983215332,49.60749816894531,84281200,36.212646484375,38.5099983215332,39.244998931884766,38.46500015258789,39.209999084472656,26245400,3.8446101588043486,-0.015273857823449699,45.32166595458985,0.22324299556370833,3.589408408220183,-0.018524021036999905,35.48208026885986,0.21143577188574028
2019-06-26,47.751426696777344,49.95000076293945,50.247501373291016,49.337501525878906,49.442501068115234,104270000,36.602874755859375,38.92499923706055,39.20000076293945,38.875,38.8849983215332,18138400,3.866008944946928,0.021398786142579507,45.5895809173584,0.22788021659613758,3.600126782564864,0.010718374344680814,35.610102844238284,0.2105984927513853
2019-06-27,47.73707580566406,49.935001373291016,50.39250183105469,49.89250183105469,50.0724983215332,83598800,36.696922302246094,39.025001525878906,39.15999984741211,38.939998626708984,39.05500030517578,13675000,3.865708366534968,-0.000300578411960295,45.845784759521486,0.22895386293481057,3.6026928905697755,0.002566108004911527,35.73228569030762,0.21040877075784248
2019-06-28,47.30210494995117,49.47999954223633,49.875,49.26250076293945,49.66999816894531,124442400,36.692222595214844,39.02000045776367,39.189998626708984,38.900001525878906,39.14500045776367,35566800,3.8565547966208302,-0.009153569914137627,46.11883735656738,0.21833138487410628,3.6025648142161337,-0.0001280763536417595,35.88281383514404,0.19698898997874487
2019-07-01,48.169654846191406,50.38750076293945,51.122501373291016,50.162498474121094,50.79249954223633,109012000,37.27524185180664,39.63999938964844,39.96500015258789,39.474998474121094,39.915000915527344,28553200,3.874729255289313,0.018174458668482885,46.45641937255859,0.21339360814829775,3.6183293489411317,0.015764534724997947,36.092009735107425,0.18279556389476698
2019-07-02,48.45167922973633,50.682498931884766,50.782501220703125,50.34000015258789,50.352500915527344,67740800,37.37397384643555,39.744998931884766,39.77000045776367,39.529998779296875,39.619998931884766,15568400,3.880566996760651,0.005837741471337754,46.732340049743655,0.18518219040486886,3.6209745757201737,0.002645226779041998,36.250856971740724,0.15279310715088895
2019-07-03,48.85319900512695,51.102500915527344,51.11000061035156,50.67250061035156,50.81999969482422,45448000,37.66077423095703,40.04999923706055,40.04999923706055,39.76499938964844,39.845001220703125,10683600,3.888819862631802,0.008252865871150927,46.99368267059326,0.18165673905819432,3.6286190814605157,0.0076445057403420336,36.40178966522217,0.1500243076643542
2019-07-05,48.8101692199707,51.057498931884766,51.27000045776367,50.724998474121094,50.837501525878906,69062000,37.59025192260742,39.974998474121094,40.04499816894531,39.58000183105469,39.724998474121094,11847800,3.887938676804964,-0.0008811858268376049,47.22084827423096,0.17987014885294506,3.626744759405383,-0.0018743220551327155,36.529049682617185,0.14882741472650513
2019-07-08,47.80400466918945,50.005001068115234,50.349998474121094,49.602500915527344,50.20249938964844,101354400,37.30345153808594,39.66999816894531,39.720001220703125,39.48500061035156,39.665000915527344,14919800,3.867109415678244,-0.020829261126720233,47.338792991638186,0.18326859712899154,3.619085856901849,-0.007658902503533849,36.60940799713135,0.14284546585477503
2019-07-09,48.095584869384766,50.310001373291016,50.377498626708984,49.70249938964844,49.79999923706055,82312000,37.435096740722656,39.810001373291016,39.84000015258789,39.404998779296875,39.46500015258789,18499600,3.8731903822414138,0.0060809665631698095,47.44227905273438,0.1798729886376331,3.622608679911249,0.003522823009399989,36.678076362609865,0.13983263443055155
2019-07-10,48.5711784362793,50.807498931884766,50.932498931884766,50.38999938964844,50.462501525878906,71588400,37.73130416870117,40.125,40.3650016784668,40.0,40.029998779296875,20217200,3.8830303187003246,0.009839936458910792,47.54289646148682,0.17881882540186478,3.630490099207119,0.00788141929586983,36.7615550994873,0.14122723175239021
2019-07-11,48.217464447021484,50.4375,51.09749984741211,50.4275016784668,50.82749938964844,80767200,37.87236022949219,40.275001525878906,40.43000030517578,40.13999938964844,40.224998474121094,22704400,3.875721288355589,-0.007309030344735401,47.6332368850708,0.18102482660883948,3.634221564489493,0.0037314652823741135,36.86215953826904,0.13818654487301765
2019-07-12,48.58790969848633,50.82500076293945,51.0,50.54999923706055,50.61249923706055,70380800,38.14975357055664,40.56999969482422,40.595001220703125,40.33000183105469,40.400001525878906,15506800,3.883374728321568,0.00765343996597867,47.742577743530276,0.18195391669523242,3.6415192982222284,0.007297733732735345,36.9712459564209,0.13913690498520534
2019-07-15,49.04438400268555,51.3025016784668,51.467498779296875,51.0,51.022499084472656,67789600,38.27669906616211,40.70500183105469,40.755001068115234,40.59000015258789,40.68000030517578,12572000,3.892725684098185,0.009350955776617376,47.89159164428711,0.1798953356562023,3.644841331575141,0.003322033352912701,37.102375221252444,0.1320806157301887
2019-07-16,48.87470626831055,51.125,51.52750015258789,50.875,51.147499084472656,67467200,37.91937255859375,40.32500076293945,40.65999984741211,40.255001068115234,40.654998779296875,16011400,3.8892600084319318,-0.0034656756662534427,48.018379592895506,0.18104227114779334,3.63546213079934,-0.0093792007758009,37.214232444763184,0.13961512456808492
2019-07-17,48.599857330322266,50.837501525878906,51.272499084472656,50.817501068115234,51.01250076293945,56430000,37.82063674926758,40.220001220703125,40.4900016784668,40.21500015258789,40.400001525878906,13416000,3.8836205953120624,-0.005639413119869374,48.07693367004394,0.1658873635265884,3.6328548993992005,-0.0026072314001397423,37.28882522583008,0.1291652792604695
2019-07-18,49.15194320678711,51.415000915527344,51.470001220703125,50.92499923706055,51.0,74162400,38.10273361206055,40.52000045776367,40.58000183105469,40.099998474121094,40.130001068115234,16044000,3.894916382063665,0.011295786751602588,48.17002296447754,0.16882842632177947,3.6402860279069116,0.0074311285077111044,37.37096347808838,0.13049825137109855
2019-07-19,48.418212890625,50.647499084472656,51.625,50.59000015258789,51.4474983215332,83717200,37.93818283081055,40.345001220703125,40.939998626708984,40.29499816894531,40.92499923706055,23359400,3.8798760423328043,-0.015040339730860719,48.2074254989624,0.17743102942074424,3.6359580674929437,-0.0043279604139678796,37.41816864013672,0.12385468587801632
2019-07-22,49.5247688293457,51.80500030517578,51.807498931884766,50.90250015258789,50.912498474121094,89111600,38.37543869018555,40.810001373291016,40.90999984741211,40.494998931884766,40.5,13849400,3.902472924816945,0.022596882484140934,48.30828151702881,0.192649004356722,3.647417637508093,0.01145957001514919,37.495981979370114,0.12676120165495502
2019-07-23,49.91195297241211,52.209999084472656,52.227500915527344,51.8224983215332,52.1150016784668,73420800,38.58701705932617,41.03499984741211,41.07500076293945,40.72999954223633,41.04499816894531,11010800,3.910260512597994,0.00778758778104871,48.430886840820314,0.19330871262782412,3.652915874280601,0.005498236772508047,37.58084774017334,0.12733986842670755
2019-07-24,49.87132263183594,52.16749954223633,52.287498474121094,51.79249954223633,51.91749954223633,59966400,38.90673828125,41.375,41.38999938964844,40.97999954223633,40.97999954223633,18514200,3.9094461407992003,-0.0008143717987936228,48.587430000305176,0.18214861843543945,3.6611674562211314,0.00825158194053044,37.71555233001709,0.10244251080979085
2019-07-25,49.47697448730469,51.755001068115234,52.310001373291016,51.682498931884766,52.22249984741211,55638400,38.74687576293945,41.20500183105469,41.28499984741211,40.98500061035156,41.28499984741211,19846800,3.9015073994806664,-0.007938741318533893,48.67370738983154,0.1728952066614847,3.6570501270764177,-0.004117329144713633,37.82275238037109,0.10228207254069573
2019-07-26,49.6490592956543,51.935001373291016,52.432498931884766,51.78499984741211,51.869998931884766,70475600,38.831504821777344,41.29499816894531,41.375,41.185001373291016,41.224998474121094,22240400,3.904979443597779,0.0034720441171125493,48.76930656433105,0.17281313904540835,3.65923189709457,0.0021817700181521182,37.929481506347656,0.10230512599315116
2019-07-29,50.112701416015625,52.41999816894531,52.65999984741211,52.11000061035156,52.1150016784668,86693600,38.80799865722656,41.27000045776367,41.34000015258789,40.95000076293945,41.314998626708984,16946400,3.9142744972374874,0.009295053639708506,48.90983638763428,0.169447281183826,3.658626376342486,-0.0006055207520838657,38.035270309448244,0.10250188269939992
2019-07-30,49.897605895996094,52.19499969482422,52.540000915527344,51.82749938964844,52.189998626708984,135742800,38.55881881713867,41.005001068115234,41.18000030517578,40.89500045776367,40.98500061035156,14728000,3.90997302357034,-0.004301473667147615,48.99623394012451,0.16112866848424084,3.65218483693755,-0.00644153940493597,38.099449157714844,0.09531491477941761
2019-07-31,50.915733337402344,53.2599983215332,55.342498779296875,52.82500076293945,54.10499954223633,277125600,37.97580337524414,40.3849983215332,41.27000045776367,39.959999084472656,41.224998474121094,33738600,3.9301719786899394,0.02019895511959957,49.11943664550781,0.17353302356799846,3.636949203629866,-0.015235633307684182,38.129540634155276,0.11252426001888376
2019-08-01,49.81394958496094,52.10749816894531,54.50749969482422,51.685001373291016,53.474998474121094,216071600,37.783023834228516,40.18000030517578,41.310001373291016,39.97999954223633,40.45500183105469,57666000,3.908295056954334,-0.021876921735605404,49.16747417449951,0.192193601321653,3.631859896833136,-0.005089306796729698,38.13565311431885,0.11132127133263577
2019-08-02,48.75999069213867,51.005001068115234,51.60749816894531,50.407501220703125,51.38249969482422,163448400,37.1671028137207,39.525001525878906,39.869998931884766,39.165000915527344,39.85499954223633,44743800,3.886910113721721,-0.021384943232613196,49.16496524810791,0.20795277441257423,3.6154240370615254,-0.016435859771610772,38.11449565887451,0.12589949400650283
2019-08-05,46.207496643066406,48.334999084472656,49.662498474121094,48.14500045776367,49.497501373291016,209572000,35.61553192138672,37.875,38.525001525878906,37.56999969482422,38.470001220703125,55653200,3.833142049925589,-0.05376806379613175,49.08513984680176,0.27398803118893666,3.5727818326378014,-0.04264220442372402,38.03009967803955,0.1945584312504106
2019-08-06,47.08222198486328,49.25,49.51750183105469,48.5099983215332,49.07749938964844,143299200,36.20796203613281,38.505001068115234,38.64500045776367,38.064998626708984,38.3849983215332,38301600,3.8518954772185543,0.018753427292965252,49.034471702575686,0.2823259521875912,3.5892790403967303,0.016497207758928933,37.96874294281006,0.20489809573326576
2019-08-07,47.56977844238281,49.7599983215332,49.88999938964844,48.45500183105469,48.852500915527344,133457600,36.433631896972656,38.744998931884766,38.849998474121094,37.85499954223633,38.064998626708984,41164800,3.8621976529261506,0.010302175707596284,48.98440170288086,0.2825674136567238,3.5954923012742,0.006213260877469651,37.903859329223636,0.2039504762420999
2019-08-08,48.618988037109375,50.85749816894531,50.88249969482422,49.84749984741211,50.04999923706055,108038000,37.32695007324219,39.69499969482422,39.70500183105469,38.95500183105469,39.05500030517578,31983200,3.884014154954984,0.02181650202883345,49.00447788238525,0.29272979579623176,3.6197155878271947,0.02422328655299477,37.87658882141113,0.2233074932239049
2019-08-09,48.21833801269531,50.247501373291016,50.689998626708984,49.8224983215332,50.32500076293945,98478800,36.90380859375,39.244998931884766,39.56999969482422,38.94499969482422,39.459999084472656,31145200,3.8757394053961813,-0.008274749558802696,48.985999298095706,0.29296575840453665,3.608314759643055,-0.011400828184139566,37.8142915725708,0.22425921823673672
2019-08-12,48.095985412597656,50.119998931884766,50.51250076293945,49.787498474121094,49.904998779296875,89927600,36.419525146484375,38.72999954223633,39.119998931884766,38.54999923706055,38.974998474121094,21786800,3.8731987102728977,-0.0025406951232835873,48.938579368591306,0.29075868435006846,3.59510503595209,-0.01320972369096518,37.72143287658692,0.22704825599227343
2019-08-13,50.13277053833008,52.24250030517578,53.03499984741211,50.119998931884766,50.255001068115234,188874000,37.3316535949707,39.70000076293945,39.849998474121094,38.61000061035156,38.69499969482422,52085600,3.9146748968204577,0.04147618654755991,49.00148258209229,0.3271423169693013,3.6198415886229136,0.02473655267082364,37.69204692840576,0.24490505735443382
2019-08-14,48.64056396484375,50.6875,51.61000061035156,50.647499084472656,50.790000915527344,146189600,36.184444427490234,38.47999954223633,39.14500045776367,38.380001068115234,38.970001220703125,47138600,3.884457832262646,-0.03021706455781148,49.00351791381836,0.3451642683245526,3.588629314531305,-0.03121227409160854,37.6102373123169,0.26772022108653726
2019-08-15,48.39827346801758,50.435001373291016,51.28499984741211,49.91749954223633,50.8650016784668,108909600,36.118621826171875,38.40999984741211,38.61000061035156,38.084999084472656,38.51499938964844,31324600,3.8794641409379227,-0.004993691324723493,48.96583442687988,0.34295615812059144,3.5868085723992498,-0.0018207421320552974,37.51103172302246,0.2653040134188485
2019-08-16,49.54021072387695,51.625,51.790000915527344,50.959999084472656,51.06999969482422,110481600,36.80507278442383,39.13999938964844,39.220001220703125,38.75,38.80500030517578,21694000,3.902784677662925,0.023320536725002228,49.02193431854248,0.3487722639623965,3.6056356830776264,0.018827110678376613,37.454376220703125,0.2759090975824768
2019-08-19,50.463844299316406,52.587501525878906,53.182498931884766,52.50749969482422,52.654998779296875,97654400,37.36458206176758,39.73500061035156,39.85499954223633,39.529998779296875,39.755001068115234,15756200,3.921257125394535,0.018472447731610053,49.068888092041014,0.345701477512927,3.6207232520331347,0.015087568955508335,37.40383338928223,0.2784608109895338
2019-08-20,50.46623992919922,52.59000015258789,53.337501525878906,52.58000183105469,52.720001220703125,107537200,37.17650604248047,39.53499984741211,39.8849983215332,39.51499938964844,39.685001373291016,16675400,3.921304596471203,4.747107666824846e-05,49.09660243988037,0.34475829679618597,3.615677003764503,-0.005046248268631537,37.33330783843994,0.27754305576949523
2019-08-21,51.013221740722656,53.15999984741211,53.412498474121094,52.900001525878906,53.247501373291016,86141600,37.61375427246094,40.0,40.099998474121094,39.81999969482422,39.915000915527344,16802600,3.93208484894299,0.0107802524717866,49.153697395324706,0.34660043333315166,3.6273697886241103,0.01169278485960712,37.26865863800049,0.27946832145533057
2019-08-22,50.97003173828125,53.1150016784668,53.61000061035156,52.6875,53.29750061035156,89014800,37.5244255065918,39.904998779296875,40.19499969482422,39.54999923706055,40.10499954223633,15188200,3.9312378470372824,-0.0008470019057074119,49.22835025787354,0.34504955331860515,3.6249920677845253,-0.0023777208395849847,37.207536125183104,0.2793361019094644
2019-08-23,48.61418151855469,50.65999984741211,53.01250076293945,50.25,52.35749816894531,187272000,36.28317642211914,38.584999084472656,40.04999923706055,38.42499923706055,39.685001373291016,40797800,3.8839152891341833,-0.04732255790309914,49.17660636901856,0.3858666465816053,3.591354174394528,-0.03363789338999723,37.0801197052002,0.3009966899252952
2019-08-26,49.53780746459961,51.622501373291016,51.79750061035156,51.26499938964844,51.46500015258789,104174400,36.78626251220703,39.119998931884766,39.1349983215332,38.79499816894531,39.060001373291016,20717000,3.902736165201296,0.018820876067112913,49.14786167144776,0.39070610359568586,3.6051244741818884,0.01377029978736033,36.97903289794922,0.30702815002611683
2019-08-27,48.97883987426758,51.040000915527344,52.13750076293945,50.88249969482422,51.96500015258789,103493200,36.729835510253906,39.060001373291016,39.44499969482422,38.834999084472656,39.375,20066000,3.8913883655405215,-0.011347799660774704,49.10192337036133,0.3923939687645257,3.603589381472893,-0.0015350927089952116,36.88758373260498,0.30672366213973096
2019-08-28,49.3074951171875,51.38249969482422,51.43000030517578,50.83000183105469,51.025001525878906,63755200,36.76274490356445,39.095001220703125,39.15999984741211,38.56999969482422,38.849998474121094,14279000,3.8980761002677315,0.006687734727210071,49.021511459350585,0.3856174161689193,3.6044849656345836,0.0008955841616904436,36.82693080902099,0.30311462910134135
2019-08-29,50.14236068725586,52.252498626708984,52.33000183105469,51.665000915527344,52.125,83962000,37.402191162109375,39.775001525878906,39.89500045776367,39.48500061035156,39.625,16241200,3.9148661735375816,0.016790073269850048,49.03793201446533,0.3830751017905907,3.6217292899264977,0.017244324291914026,36.80788917541504,0.3100158560287405
2019-08-30,50.077606201171875,52.185001373291016,52.61249923706055,51.79999923706055,52.540000915527344,84573600,37.39278030395508,39.76499938964844,40.084999084472656,39.47999954223633,40.03499984741211,20150800,3.913573926152044,-0.0012922473855376815,49.103812789916994,0.3745135338686392,3.621477645784666,-0.0002516441418318749,36.81917304992676,0.3042557343732359
2019-09-03,49.348289489746094,51.42499923706055,51.744998931884766,51.05500030517578,51.60749816894531,80092000,36.936710357666016,39.279998779296875,39.78499984741211,39.13999938964844,39.435001373291016,23675000,3.898903104483373,-0.014670821668671064,49.26085243225098,0.319960693995897,3.609205917141965,-0.012271728642700985,36.88523197174072,0.263810990880839
2019-09-04,50.185543060302734,52.29750061035156,52.369998931884766,51.83000183105469,52.09749984741211,76752400,37.56673812866211,39.95000076293945,39.970001220703125,39.665000915527344,39.70500183105469,15458800,3.915726998374949,0.016823893891576347,49.41601848602295,0.31879489661593174,3.6261190346472074,0.016913117505242603,36.95317077636719,0.26412181329809
2019-09-05,51.16675567626953,53.31999969482422,53.49250030517578,52.877498626708984,53.0,95654800,38.3519287109375,40.78499984741211,40.95000076293945,40.45500183105469,40.474998474121094,20086600,3.935090017958988,0.019363019584038632,49.59586734771729,0.32306914198251535,3.6468048188807867,0.020685784233579252,37.04908561706543,0.27217198768217127
2019-09-06,51.16196823120117,53.314998626708984,53.60499954223633,53.127498626708984,53.51250076293945,77449200,38.319026947021484,40.75,40.89500045776367,40.63999938964844,40.875,18300200,3.9349964480425648,-9.356991642306411e-05,49.723016357421876,0.3160078096815823,3.6459465599572263,-0.0008582589235603955,37.09868946075439,0.25998990739921374
2019-09-09,51.380271911621094,53.54249954223633,54.11000061035156,52.76750183105469,53.709999084472656,109237600,38.03219985961914,40.44499969482422,40.959999084472656,40.22999954223633,40.939998626708984,25221400,3.9392542838363034,0.004257835793738618,49.881113052368164,0.31343522811864927,3.6384331656423967,-0.007513394314829558,37.15510902404785,0.2578260529189406
2019-09-10,51.98722457885742,54.17499923706055,54.19499969482422,52.9275016784668,53.46500015258789,127111600,37.83945083618164,40.2400016784668,40.2599983215332,39.78499984741211,40.2599983215332,19717000,3.9509980072210444,0.011743723384741056,50.07567501068115,0.31408051721188784,3.6333522312924686,-0.005080934349928068,37.226105308532716,0.25324643882443554
2019-09-11,53.64017105102539,55.897499084472656,55.9275016784668,54.432498931884766,54.51750183105469,177158400,38.2343864440918,40.65999984741211,40.66999816894531,40.279998779296875,40.3650016784668,18818600,3.982298247279113,0.03130024005806842,50.251045036315915,0.29967588681094914,3.6437352793971662,0.01038304810469759,37.27124195098877,0.24091375811703197
2019-09-12,53.52021789550781,55.772499084472656,56.60499954223633,55.71500015258789,56.20000076293945,128906800,38.44126892089844,40.880001068115234,41.209999084472656,40.709999084472656,40.90999984741211,25542000,3.9800594871029373,-0.002238760176175525,50.495027732849124,0.27337414981504193,3.6491315939864593,0.0053963145892930164,37.38408317565918,0.20846033663104305
2019-09-13,52.47903823852539,54.6875,55.1974983215332,54.255001068115234,55.0,159053200,38.15916442871094,40.58000183105469,40.814998626708984,40.53499984741211,40.814998626708984,33067200,3.960413818220295,-0.019645668882642298,50.69906597137451,0.28502123359746795,3.641765949818103,-0.007365644168356056,37.486110305786134,0.21108260824893896
2019-09-16,52.75492477416992,54.974998474121094,55.032501220703125,54.38999938964844,54.432498931884766,84632400,38.06512451171875,40.47999954223633,40.56999969482422,40.20500183105469,40.244998931884766,15451800,3.965657128646113,0.0052433104258180485,50.85980167388916,0.27588539582382915,3.6392984957818224,-0.0024674540362807917,37.54911289215088,0.20294536661803858
2019-09-17,52.946842193603516,55.17499923706055,55.20500183105469,54.779998779296875,54.9900016784668,73274800,38.22029113769531,40.64500045776367,40.64500045776367,40.415000915527344,40.5099983215332,15402600,3.969288432754458,0.0036313041083451125,50.983951568603516,0.2699136098199296,3.6433665562005744,0.004068060418751962,37.591898345947264,0.19697366995745694
2019-09-18,53.443443298339844,55.692501068115234,55.712501525878906,54.86000061035156,55.26499938964844,101360000,38.21558380126953,40.63999938964844,40.66999816894531,40.09000015258789,40.58000183105469,17261400,3.9786239601305913,0.00933552737613308,51.13281173706055,0.2708511336432241,3.6432433853351793,-0.00012317086539503919,37.64385223388672,0.19569660987409154
2019-09-19,53.009220123291016,55.2400016784668,55.939998626708984,55.092498779296875,55.502498626708984,88242400,38.300209045410156,40.72999954223633,41.09000015258789,40.67499923706055,40.76499938964844,16387000,3.970465863012434,-0.008158097118157404,51.232611656188965,0.2718521835073833,3.6454553542764088,0.0022119689412294363,37.67817497253418,0.1919263623470511
2019-09-20,52.23432922363281,54.432498931884766,55.63999938964844,54.36750030517578,55.345001220703125,221652400,37.85357666015625,40.130001068115234,40.755001068115234,40.025001525878906,40.73500061035156,30027200,3.9557399266952507,-0.01472593631718322,51.295826530456544,0.2781169251177333,3.6337254710638405,-0.011729883212568293,37.6946325302124,0.1968551618647819
2019-09-23,52.47182846069336,54.68000030517578,54.959999084472656,54.412498474121094,54.73749923706055,76662000,37.97148513793945,40.255001068115234,40.375,40.04999923706055,40.1349983215332,15648400,3.9602764248271747,0.004536498131924027,51.488708877563475,0.2108349495693848,3.6368354869351984,0.0031100158713579518,37.77904796600342,0.1501721564252282
2019-09-24,52.22233581542969,54.41999816894531,55.622501373291016,54.29750061035156,55.25749969482422,124763200,37.60360336303711,39.8650016784668,40.67499923706055,39.69499969482422,40.52000045776367,35448200,3.955510292554598,-0.004766132272576495,51.62293529510498,0.20512054322170875,3.62709987992738,-0.009735607007818281,37.819915008544925,0.14948355889257425
2019-09-25,53.02600860595703,55.25749969482422,55.375,54.28499984741211,54.63750076293945,87613600,38.051658630371094,40.34000015258789,40.45000076293945,39.44499969482422,39.810001373291016,23913200,3.9707825215985944,0.015272229043996166,51.825293731689456,0.20279747146963306,3.6389446741689726,0.01184479424159246,37.88600616455078,0.15383821176995843
2019-09-26,52.75252914428711,54.97249984741211,55.23500061035156,54.70750045776367,55.0,75334000,38.09409713745117,40.3849983215332,40.525001525878906,40.06999969482422,40.32500076293945,18178600,3.9656117170700727,-0.0051708045285217,51.997545433044436,0.2050455977869431,3.640059339354083,0.0011146651851103861,37.95257377624512,0.15382370284188165
2019-09-27,52.49583435058594,54.70500183105469,55.2400016784668,54.31999969482422,55.1349983215332,101408000,37.584739685058594,39.845001220703125,40.470001220703125,39.54499816894531,40.3849983215332,25564200,3.9607338207464164,-0.004877896323656206,52.11521911621094,0.20062360696031076,3.6265981085726837,-0.01346123078139927,37.961701202392575,0.15147470615783717
2019-09-30,53.731327056884766,55.99250030517578,56.14500045776367,55.1974983215332,55.224998474121094,103909600,37.98091506958008,40.26499938964844,40.36000061035156,39.959999084472656,40.01499938964844,22002800,3.9839962030563227,0.023262382309906293,52.297905158996585,0.21333370507948163,3.637083798553088,0.010485689980404445,37.99110794067383,0.15574412946057328
2019-10-01,53.880069732666016,56.147499084472656,57.05500030517578,56.04999923706055,56.26750183105469,139223200,37.62717819213867,39.88999938964844,40.71500015258789,39.875,40.44499969482422,22044600,3.986760645763041,0.002764442706718384,52.52449417114258,0.20230638967691222,3.627726613543219,-0.009357185009869262,38.02563133239746,0.15282076095410183
2019-10-02,52.5294189453125,54.7400016784668,55.89500045776367,54.48249816894531,55.76499938964844,138449200,36.91973114013672,39.13999938964844,39.6349983215332,38.845001220703125,39.625,39509600,3.961373373517152,-0.025387272245889214,52.64168796539307,0.2223943395844065,3.608746127379986,-0.01898048616323278,37.99328098297119,0.15609517195736294
2019-10-03,52.97563934326172,55.20500183105469,55.2400016784668,53.782501220703125,54.60749816894531,114426000,37.37249755859375,39.619998931884766,39.6349983215332,38.63999938964844,39.125,34944400,3.969832172854763,0.008458799337611289,52.73213214874268,0.21451535068511673,3.620935074515254,0.01218894713526808,37.94430942535401,0.14288886278521518
2019-10-04,54.46063995361328,56.752498626708984,56.872501373291016,55.97249984741211,56.40999984741211,138478800,37.990352630615234,40.275001525878906,40.32500076293945,39.86000061035156,39.900001525878906,21876800,3.997478238069214,0.02764606521445101,52.89706573486328,0.23316369410445445,3.6373322493521703,0.01639717483691605,37.927875709533694,0.1561028221189446
2019-10-07,54.47264099121094,56.76499938964844,57.48249816894531,56.459999084472656,56.567501068115234,122306000,37.82999038696289,40.10499954223633,40.439998626708984,40.07500076293945,40.13999938964844,21238800,3.997698575463666,0.0002203373944515974,53.05168418884277,0.2333436984890409,3.6331021845334304,-0.004230064818739887,37.91776523590088,0.15455438826528642
2019-10-08,53.83449172973633,56.099998474121094,57.01499938964844,56.08250045776367,56.45500183105469,111820000,37.13667678833008,39.369998931884766,39.96500015258789,39.3650016784668,39.845001220703125,28733600,3.985914371962525,-0.011784203501140844,53.144047546386716,0.23647112886872523,3.6146050739548263,-0.018497110578604037,37.8826265335083,0.1669381094077387
2019-10-09,54.4654426574707,56.75749969482422,56.9474983215332,56.40999984741211,56.75749969482422,74770400,37.68851089477539,39.95500183105469,40.10499954223633,39.720001220703125,39.779998779296875,20503000,3.9975664208762227,0.011652048913697755,53.18531112670898,0.21302406356829529,3.6293552972062892,0.014750223251462913,37.85533275604248,0.17152275510223292
2019-10-10,55.19953536987305,57.522499084472656,57.61000061035156,56.82500076293945,56.98249816894531,113013600,37.94789505004883,40.22999954223633,40.38999938964844,39.8849983215332,39.915000915527344,18796200,4.01095453603518,0.013388115158956992,53.269277000427245,0.21728251807313406,3.6362140359014457,0.006858738695156408,37.8306640625,0.17229112749633524
2019-10-11,56.667762756347656,59.0525016784668,59.40999984741211,58.07749938964844,58.23749923706055,166795600,38.47141647338867,40.78499984741211,41.14500045776367,40.65999984741211,40.724998474121094,31941200,4.037205490954159,0.026250954918979552,53.47871322631836,0.2189861333838663,3.6499155362940163,0.013701500392570676,37.846276664733885,0.1775420803055903
2019-10-14,56.58620071411133,58.967498779296875,59.532501220703125,58.66749954223633,58.724998474121094,96427600,38.44783401489258,40.7599983215332,40.93000030517578,40.7400016784668,40.744998931884766,11325600,4.03576515184659,-0.001440339107569244,53.67027702331543,0.2197018730019258,3.649302361852371,-0.0006131744416455476,37.86541213989258,0.17726563001617568
2019-10-15,56.45425033569336,58.83000183105469,59.412498474121094,58.720001220703125,59.09749984741211,87360000,38.8723030090332,41.209999084472656,41.310001373291016,40.8849983215332,40.92499923706055,16205800,4.03343058157334,-0.002334570273250236,53.84564743041992,0.22067497230774424,3.6602819921193515,0.010979630266980678,37.898012733459474,0.18077369937666166
2019-10-16,56.22633743286133,58.592498779296875,58.810001373291016,58.29999923706055,58.342498779296875,73903200,38.60347366333008,40.92499923706055,41.005001068115234,40.775001525878906,40.98500061035156,20066000,4.029385284718741,-0.004045296854599201,53.984792137145995,0.2208578345146363,3.6533422636997943,-0.006939728419557145,37.9174072265625,0.18286551771897236
2019-10-17,56.44464874267578,58.81999969482422,59.037498474121094,58.380001068115234,58.772499084472656,67585200,38.528011322021484,40.845001220703125,41.18000030517578,40.630001068115234,41.064998626708984,13731800,4.033260489692567,0.0038752049738262073,54.15656356811523,0.217229052192471,3.651385543551073,-0.0019567201487213914,37.92879734039307,0.18294807244772038
2019-10-18,56.71574020385742,59.102500915527344,59.39500045776367,58.5724983215332,58.647499084472656,97433600,38.1601448059082,40.45500183105469,40.845001220703125,40.20000076293945,40.78499984741211,17452600,4.03805177721487,0.004791287522302845,54.38063411712646,0.20673331716555707,3.641791641276979,-0.009593902274093846,37.944125747680665,0.1812348525420277
2019-10-21,57.6993522644043,60.127498626708984,60.247501373291016,59.33000183105469,59.380001068115234,87247200,38.57046890258789,40.88999938964844,40.90999984741211,40.54999923706055,40.69499969482422,12678600,4.05524594753084,0.017194170315970148,54.64201030731201,0.21189317654491618,3.652486929330265,0.01069528805328579,37.97407493591309,0.18470420839534102
2019-10-22,57.567405700683594,59.9900016784668,60.54999923706055,59.904998779296875,60.290000915527344,82293600,38.051658630371094,40.34000015258789,41.1150016784668,40.310001373291016,40.970001220703125,18916000,4.052956534283131,-0.002289413247709149,54.90926380157471,0.21059657037401114,3.6389446741689726,-0.01354225516129226,37.99647769927979,0.18804338098077564
2019-10-23,58.33988571166992,60.79499816894531,60.810001373291016,60.30500030517578,60.525001525878906,75828800,38.084678649902344,40.375,40.380001068115234,40.130001068115234,40.21500015258789,17617000,4.066286005433027,0.013329471149896577,55.17495765686035,0.20943380872917716,3.6398120660814564,0.0008673919124837504,37.998128700256345,0.18330854775158142
2019-10-24,58.43586349487305,60.89500045776367,61.20000076293945,60.45249938964844,61.127498626708984,69275200,38.64120101928711,40.96500015258789,41.0,40.654998779296875,40.80500030517578,14508200,4.067929802290967,0.0016437968579401385,55.459124374389646,0.20651816278552004,3.65431909114096,0.014507025059503853,38.02548389434814,0.1903745734589592
2019-10-25,59.15557098388672,61.64500045776367,61.682498931884766,60.720001220703125,60.790000915527344,73477200,39.10812759399414,41.459999084472656,41.5099983215332,40.939998626708984,40.96500015258789,16305400,4.080170769994208,0.012240967703240457,55.792111206054685,0.20446041708870005,3.666330312244069,0.012011221103108927,38.101653289794925,0.18665624410249548
2019-10-28,59.74813461303711,62.26250076293945,62.3125,61.68000030517578,61.85499954223633,96572800,39.60334396362305,41.98500061035156,42.005001068115234,41.80500030517578,41.82500076293945,14459800,4.090137970458782,0.009967200464574333,56.0929515838623,0.19476491154333106,3.6789135582211157,0.01258324597704652,38.18277473449707,0.18806616569429194
2019-10-29,58.366275787353516,60.8224983215332,62.4375,60.64250183105469,62.24250030517578,142839600,39.24489212036133,41.60499954223633,42.025001525878906,41.59000015258789,41.95000076293945,15520800,4.0667382536398815,-0.02339971681890063,56.31726188659668,0.21982620925857108,3.6698212986989973,-0.00909225952211834,38.2636604309082,0.18785449555337425
2019-10-30,58.35908126831055,60.814998626708984,61.32500076293945,60.3025016784668,61.189998626708984,124522000,39.48543930053711,41.86000061035156,41.90999984741211,41.45000076293945,41.72999954223633,25558600,4.066614981041132,-0.00012327259874922447,56.60874500274658,0.19150016109059623,3.6759319786452096,0.006110679946212283,38.39194583892822,0.1708450469757863
2019-10-31,59.678558349609375,62.189998626708984,62.29249954223633,59.314998626708984,61.810001373291016,139162000,39.461856842041016,41.834999084472656,41.970001220703125,41.564998626708984,41.92499923706055,22461800,4.088972799263411,0.02235781822227878,56.94389095306396,0.20071126426921504,3.6753345557985826,-0.0005974228466270048,38.49641380310059,0.16808693966645852
2019-11-01,61.372291564941406,63.95500183105469,63.98249816894531,62.290000915527344,62.3849983215332,151125200,39.93349075317383,42.334999084472656,42.334999084472656,41.90999984741211,41.974998474121094,19841200,4.116958455852835,0.02798565658942387,57.28947353363037,0.2012009985721001,3.687215339071592,0.011880783273009232,38.593570709228516,0.1639257718021956
2019-11-04,61.77531433105469,64.375,64.4625015258789,63.845001220703125,64.3324966430664,103272000,40.14100646972656,42.55500030517578,42.685001373291016,42.46500015258789,42.65999984741211,20363200,4.123503840183131,0.0065453843302965,57.65460720062256,0.20005141273325186,3.6923984170380644,0.005183077966472549,38.709121513366696,0.16220079978120017
2019-11-05,61.68655014038086,64.28250122070312,64.54750061035156,64.08000183105469,64.26249694824219,79897600,40.09384536743164,42.505001068115234,42.689998626708984,42.36000061035156,42.67499923706055,15799600,4.122065919148194,-0.0014379210349373395,58.047210121154784,0.19081097162678187,3.6912228404240026,-0.0011755766140617574,38.85697994232178,0.1422262239302941
2019-11-06,61.71295166015625,64.30999755859375,64.37249755859375,63.842498779296875,64.19249725341797,75864400,40.074989318847656,42.48500061035156,42.525001525878906,42.27000045776367,42.5,17077200,4.122493822337316,0.00042790318912189207,58.409585571289064,0.19119054175562725,3.6907524319665144,-0.0004704084574882472,38.97630386352539,0.1368892219820458
2019-11-07,62.4251823425293,64.85749816894531,65.0875015258789,64.52749633789062,64.68499755859375,94940400,40.39097595214844,42.81999969482422,43.060001373291016,42.70000076293945,42.77000045776367,28085000,4.133968757147223,0.011474934809906578,58.770867919921876,0.19036150248407854,3.698606392495786,0.007853960529271564,39.09845790863037,0.13729954050207763
2019-11-08,62.596038818359375,65.03500366210938,65.11000061035156,64.2125015258789,64.67250061035156,69986400,40.617366790771484,43.060001373291016,43.060001373291016,42.540000915527344,42.709999084472656,12573000,4.136701998441946,0.002733241294723854,59.06728172302246,0.17512008355356154,3.7041957286145313,0.005589336118745347,39.205755424499515,0.13192142912525653
2019-11-11,63.091712951660156,65.55000305175781,65.61750030517578,64.56999969482422,64.57499694824219,81821200,40.63623809814453,43.08000183105469,43.13999938964844,42.7599983215332,42.814998626708984,8488000,4.144589428935999,0.007887430494052161,59.392557334899905,0.17371247099303525,3.704660232503021,0.0004645038884896202,39.31517562866211,0.13161604506967686
2019-11-12,63.033966064453125,65.48999786376953,65.69750213623047,65.2300033569336,65.38749694824219,87388800,40.77299499511719,43.224998474121094,43.3849983215332,43.03499984741211,43.13999938964844,16562400,4.143673724985897,-0.000915703950101765,59.72154312133789,0.1729414038834746,3.7080199748913847,0.0033597423883637845,39.41021022796631,0.1280412237715752
2019-11-13,63.637935638427734,66.11750030517578,66.19499969482422,65.26750183105469,65.28250122070312,102734400,40.86260986328125,43.31999969482422,43.36000061035156,43.04499816894531,43.05500030517578,15372200,4.153209764829501,0.009536039843604627,60.09212303161621,0.1696750950545375,3.7102154606556166,0.002195485764231897,39.523167037963866,0.12323144964598705
2019-11-14,63.197593688964844,65.66000366210938,66.22000122070312,65.5250015258789,65.9375,89182800,40.815452575683594,43.27000045776367,43.30500030517578,43.029998779296875,43.150001525878906,12182600,4.146266225886262,-0.006943538943239069,60.42977027893066,0.17586660307725732,3.709060749306466,-0.0011547113491507943,39.637539100646975,0.12284937859118657
2019-11-15,63.9483528137207,66.44000244140625,66.44499969482422,65.75250244140625,65.91999816894531,100206400,41.145591735839844,43.619998931884766,43.619998931884766,43.439998626708984,43.57500076293945,14124800,4.158075770284534,0.011809544398271754,60.79140090942383,0.17717157837342923,3.717116794673542,0.008056045367076159,39.786811447143556,0.11478343562783064
2019-11-18,64.2707748413086,66.7750015258789,66.85749816894531,66.05750274658203,66.44999694824219,86703200,41.26823043823242,43.75,43.814998626708984,43.439998626708984,43.60499954223633,13022200,4.163105015344574,0.0050292450600402105,61.11997203826904,0.17217002450740063,3.720092965167301,0.0029761704937589784,39.92169952392578,0.11183567741012176
2019-11-19,64.07587432861328,66.57250213623047,67.0,66.34750366210938,66.9749984741211,76167200,41.34839630126953,43.834999084472656,43.96500015258789,43.67499923706055,43.92499923706055,14087400,4.160067917550924,-0.0030370977936504673,61.44539546966553,0.1726323490902267,3.722033637193284,0.0019406720259831367,40.0865364074707,0.09261492725811121
2019-11-20,63.329933166503906,65.79750061035156,66.5199966430664,65.0999984741211,66.38500213623047,106234400,41.098426818847656,43.56999969482422,43.8650016784668,43.2400016784668,43.73500061035156,24759800,4.148358095206511,-0.011709822344412757,61.69489784240723,0.18001509648610456,3.7159698438559268,-0.006063793337357293,40.23722381591797,0.09893027716683879
2019-11-21,63.0460090637207,65.50250244140625,66.00250244140625,65.29499816894531,65.92250061035156,121395200,40.89090347290039,43.349998474121094,43.53499984741211,43.2599983215332,43.48500061035156,18755400,4.143864762449094,-0.004493332757417257,61.92540512084961,0.18242930509930796,3.7109076293366714,-0.00506221451925537,40.34970893859863,0.0951762298075212
2019-11-22,62.99067306518555,65.44499969482422,65.79499816894531,65.20999908447266,65.64749908447266,65325200,40.83903121948242,43.29499816894531,43.54499816894531,43.125,43.474998474121094,11780000,4.142986668847199,-0.0008780936018952801,62.11716022491455,0.18030652493875432,3.7096382716508196,-0.0012693576858517908,40.43625411987305,0.08970071060183703
2019-11-25,64.09513092041016,66.59249877929688,66.61000061035156,65.62999725341797,65.67749786376953,84020400,41.43329620361328,43.92499923706055,43.92499923706055,43.474998474121094,43.4900016784668,14739800,4.160368400361437,0.01738173151423883,62.334510040283206,0.18586487052488207,3.724084813716536,0.014446542065716272,40.527751731872556,0.09276249022507949
2019-11-26,63.594627380371094,66.07250213623047,66.79000091552734,65.625,66.73500061035156,105207600,41.47101974487305,43.96500015258789,44.07500076293945,43.880001068115234,43.95000076293945,19454400,4.152528991626452,-0.00783940873498512,62.59592761993408,0.1627534419972935,3.724994863897439,0.0009100501809031769,40.639058113098145,0.08278774847031153
2019-11-27,64.44884490966797,66.95999908447266,66.99500274658203,66.32749938964844,66.3949966430664,65235600,41.70212936401367,44.209999084472656,44.209999084472656,43.970001220703125,44.099998474121094,18697000,4.165871806954117,0.013342815327664681,62.90041580200195,0.16491582633484098,3.73055219138626,0.0055573274888209845,40.74989261627197,0.08251343754265324
2019-11-29,64.30687713623047,66.8125,67.0,66.4749984741211,66.6500015258789,46617600,41.579505920410156,44.08000183105469,44.165000915527344,44.005001068115234,44.095001220703125,11360200,4.163666579431574,-0.0022052275225430407,63.13183174133301,0.1531840706068771,3.7276073997332495,-0.0029447916530105367,40.85577507019043,0.0841733144450275
2019-12-02,63.56333541870117,66.04000091552734,67.0625,65.86250305175781,66.81749725341797,94487200,40.98523712158203,43.45000076293945,44.099998474121094,43.2599983215332,44.099998474121094,23167600,4.152036816986142,-0.011629762445432235,63.241383934020995,0.13324942443886748,3.71321193165815,-0.014395468075099505,40.90836238861084,0.09656810276573044
2019-12-03,62.43000793457031,64.86250305175781,64.88249969482422,64.07250213623047,64.57749938964844,114430400,40.6220817565918,43.064998626708984,43.095001220703125,42.58000183105469,42.76499938964844,22494400,4.134046056169117,-0.017990760817024665,63.27411861419678,0.14907162315301165,3.7043118043858447,-0.00890012727230527,40.932416152954104,0.10185162679044343
2019-12-04,62.98102951049805,65.43499755859375,65.82749938964844,65.16999816894531,65.26750183105469,67181600,40.78715896606445,43.2400016784668,43.380001068115234,43.17499923706055,43.345001220703125,13829000,4.142833562165156,0.008787505996038725,63.33884258270264,0.15167991229476585,3.7083673006479394,0.004055496262094671,40.96708183288574,0.10233651259584368
2019-12-05,63.9050178527832,66.3949966430664,66.47250366210938,65.68250274658203,65.94750213623047,74424400,40.93807601928711,43.400001525878906,43.435001373291016,43.19499969482422,43.39500045776367,15620600,4.1573978849480575,0.014564322782901762,63.448445892333986,0.15904665152819564,3.7120605839966223,0.0036932833486829075,41.01023616790771,0.10268673776416924
2019-12-06,65.13944244384766,67.67749786376953,67.75,66.82499694824219,66.87000274658203,106075600,41.390846252441406,43.880001068115234,43.91999816894531,43.69499969482422,43.72999954223633,18407000,4.176530240460023,0.01913235551196557,63.5841588973999,0.16736482892360074,3.723059751370459,0.01099916737383655,41.06022968292236,0.10599803528133207
2019-12-09,64.22748565673828,66.7300033569336,67.69999694824219,66.22750091552734,67.5,128042400,41.173885345458984,43.650001525878906,43.94499969482422,43.650001525878906,43.80500030517578,11370200,4.162431244570711,-0.014098995889312071,63.665731239318845,0.17694820015182966,3.7178042045487367,-0.005255546821722135,41.08805561065674,0.10705749790930444
2019-12-10,64.60284423828125,67.12000274658203,67.51750183105469,66.46499633789062,67.1500015258789,90420400,41.20691680908203,43.685001373291016,43.915000915527344,43.57500076293945,43.720001220703125,12350800,4.168258438275698,0.005827193704987188,63.741287803649904,0.1760778266362224,3.71860612598017,0.0008019214314334278,41.11658954620361,0.10705517174348925
2019-12-11,65.15386962890625,67.69249725341797,67.7750015258789,67.125,67.20249938964844,78756800,41.48517608642578,43.97999954223633,44.02000045776367,43.709999084472656,43.79999923706055,9879000,4.1767516974924375,0.008493259216739268,63.84728298187256,0.17774966530440564,3.7253361606878306,0.006730034707660426,41.15219860076904,0.10882076188979634
2019-12-12,65.31991577148438,67.86499786376953,68.13999938964844,66.83000183105469,66.94499969482422,137310400,41.92850112915039,44.45000076293945,44.51499938964844,43.75,43.85499954223633,24189400,4.179296978626301,0.0025452811338633197,63.93138198852539,0.17535409167278715,3.7359658135642526,0.010629652876422035,41.2054931640625,0.11417419347603489
2019-12-13,66.20780944824219,68.7874984741211,68.82499694824219,67.73249816894531,67.86499786376953,133587600,42.20677947998047,44.744998931884766,44.845001220703125,44.31999969482422,44.404998779296875,26256200,4.192798423481451,0.013501444855149813,64.08189277648925,0.17760275907141515,3.7425808593233176,0.006615045759065019,41.27505950927734,0.1152954753670507
2019-12-16,67.34114074707031,69.96499633789062,70.19750213623047,69.24500274658203,69.25,128186000,42.58408737182617,45.14500045776367,45.29999923706055,45.07500076293945,45.084999084472656,19744600,4.209771353700381,0.016972930218930316,64.25153217315673,0.18214691554374784,3.751480647620798,0.008899788297480171,41.34698429107666,0.11595176055794705
2019-12-17,67.47347259521484,70.10250091552734,70.44249725341797,69.69999694824219,69.89250183105469,114158400,42.48503875732422,45.040000915527344,45.244998931884766,44.97999954223633,45.224998474121094,14919400,4.21173452204489,0.0019631683445089365,64.41166706085205,0.18192618459635398,3.7491519847141026,-0.0023286629066952003,41.40782470703125,0.11671491287850716
2019-12-18,67.3122787475586,69.93499755859375,70.4749984741211,69.77999877929688,69.94999694824219,116028400,42.48032760620117,45.03499984741211,45.209999084472656,45.02000045776367,45.095001220703125,12970200,4.209342667966857,-0.0023918540780325515,64.57348728179932,0.18168319338122219,3.7490410889143315,-0.00011089579977108244,41.46442127227783,0.1168283414767046
2019-12-19,67.379638671875,70.00499725341797,70.29499816894531,69.73750305175781,69.875,98369200,42.78689193725586,45.36000061035156,45.3650016784668,45.04999923706055,45.064998626708984,13724000,4.21034287542136,0.0010002074545027995,64.77597255706787,0.1739701943127312,3.7562317925313877,0.007190703617056204,41.548844528198245,0.1151333228449927
2019-12-20,67.24006652832031,69.86000061035156,70.6624984741211,69.63999938964844,70.55750274658203,275978000,43.035316467285156,45.474998474121094,45.529998779296875,45.36000061035156,45.47999954223633,23400800,4.208269297955754,-0.0020735774656062134,64.98567543029785,0.17277748220529626,3.7620210917931205,0.005789299261732772,41.65606517791748,0.11270654856648431
2019-12-23,68.33734893798828,71.0,71.0625,70.09249877929688,70.13249969482422,98572000,43.1583366394043,45.60499954223633,45.720001220703125,45.54999923706055,45.6150016784668,15530400,4.224456453689877,0.016187155734122882,65.253009223938,0.17795011816406253,3.7648756002451473,0.0028545084520268382,41.772030448913576,0.11179723281336444
2019-12-24,68.40230560302734,71.06749725341797,71.22250366210938,70.7300033569336,71.17250061035156,48478800,43.17252731323242,45.619998931884766,45.685001373291016,45.51499938964844,45.685001373291016,4890800,4.225406531707013,0.0009500780171363132,65.46836795806885,0.17107762861731607,3.7652043511299693,0.0003287508848219822,41.85899200439453,0.1031218877492231
2019-12-26,69.7594223022461,72.47750091552734,72.49500274658203,71.17500305175781,71.20500183105469,93121200,43.494293212890625,45.959999084472656,45.970001220703125,45.685001373291016,45.71500015258789,8269200,4.245052498348632,0.019645966641618884,65.7766077041626,0.1752131642990716,3.7726297389801493,0.0074253878501799875,41.96015567779541,0.10474225937401949
2019-12-27,69.73296356201172,72.44999694824219,73.49250030517578,72.02999877929688,72.77999877929688,146266000,43.48956298828125,45.95500183105469,46.14500045776367,45.84000015258789,46.14500045776367,19332200,4.244673140860583,-0.0003793574880486261,66.04081363677979,0.17291432140814544,3.772520978002639,-0.00010876097751033598,42.04952735900879,0.10439428463979121
2019-12-30,70.14682006835938,72.87999725341797,73.17250061035156,71.30500030517578,72.36499786376953,144114400,43.2387809753418,45.689998626708984,45.95000076293945,45.34000015258789,45.94499969482422,16491200,4.250590475062844,0.0059173342022607045,66.33281078338624,0.17148348348175171,3.7667378003139786,-0.005783177688660324,42.13249111175537,0.10667423454427755
2019-12-31,70.65933990478516,73.4124984741211,73.41999816894531,72.37999725341797,72.48249816894531,100805600,43.37599182128906,45.834999084472656,45.8849983215332,45.474998474121094,45.53499984741211,11601800,4.257870300036036,0.007279824973191573,66.68761100769044,0.16092989610205483,3.769906104202462,0.003168303888483326,42.25202884674072,0.08745221775632876
2020-01-02,72.27153015136719,75.0875015258789,75.1500015258789,73.79750061035156,74.05999755859375,135480400,44.18986129760742,46.69499969482422,46.69499969482422,46.15999984741211,46.25,26567000,4.280430277775431,0.022559977739395443,67.17968711853027,0.1468787737247779,3.7884953803644126,0.018589276161950608,42.4304178237915,0.09280270970081037
2020-01-03,71.56892395019531,74.35749816894531,75.1449966430664,74.125,74.2874984741211,146322800,43.693031311035156,46.16999816894531,46.4900016784668,46.0099983215332,46.01499938964844,30023600,4.2706609567093725,-0.009769321066058545,67.60908184051513,0.15871199671147557,3.7771886228186986,-0.011306757545713975,42.57571144104004,0.10792846976376709
2020-01-06,72.13920593261719,74.94999694824219,74.98999786376953,73.1875,73.44750213623047,118387200,43.797122955322266,46.279998779296875,46.33000183105469,45.625,45.709999084472656,15630000,4.278597668104266,0.007936711394893159,68.02079124450684,0.15590413954428753,3.7795681292734375,0.0023795064547389444,42.7186637878418,0.10798848375105122
2020-01-07,71.79994201660156,74.59750366210938,75.2249984741211,74.37000274658203,74.95999908447266,108872000,43.7781982421875,46.2599983215332,46.4900016784668,46.189998626708984,46.36000061035156,15363600,4.273883668485629,-0.0047139996186365,68.35381622314453,0.15232225930994167,3.7791359364325645,-0.0004321928408730358,42.8380313873291,0.10486302512381412
2020-01-08,72.95494079589844,75.79750061035156,76.11000061035156,74.29000091552734,74.29000091552734,132079200,44.246639251708984,46.755001068115234,46.959999084472656,46.224998474121094,46.310001373291016,23254400,4.289842001200317,0.01595833271468816,68.79018898010254,0.13951034158492615,3.7897794194557375,0.010643483023172973,42.9916690826416,0.10383783918437997
2020-01-09,74.50455474853516,77.40750122070312,77.60749816894531,76.55000305175781,76.80999755859375,170108400,44.74820327758789,47.28499984741211,47.314998626708984,46.94499969482422,47.185001373291016,15554800,4.3108602610809195,0.02101825988060213,69.28527450561523,0.14883504564910802,3.801051293693323,0.011271874237585688,43.16873340606689,0.10670868559458997
2020-01-10,74.67295837402344,77.5824966430664,78.1675033569336,77.0625,77.6500015258789,140644800,44.64411544799805,47.17499923706055,47.55500030517578,47.095001220703125,47.4900016784668,15330600,4.313118023574738,0.0022577624938184826,69.7612289428711,0.14972074744545422,3.79872250575908,-0.0023287879342430706,43.32668037414551,0.10860058393615919
2020-01-13,76.26832580566406,79.23999786376953,79.26750183105469,77.7874984741211,77.91000366210938,121532000,45.20245361328125,47.76499938964844,47.81999969482422,47.3650016784668,47.38999938964844,15524400,4.334257725045805,0.021139701471066807,70.30864944458008,0.1570514093461658,3.8111513688445644,0.012428863085484299,43.49037799835205,0.11030442830098794
2020-01-14,75.23845672607422,78.16999816894531,79.39250183105469,78.0425033569336,79.17500305175781,161954400,44.98952102661133,47.540000915527344,47.869998931884766,47.46500015258789,47.82500076293945,16134600,4.32066249287311,-0.013595232172694871,70.76018180847169,0.17257182975501256,3.8064295965775017,-0.004721772267062718,43.62951507568359,0.1136998868366528
2020-01-15,74.91600036621094,77.83499908447266,78.875,77.38749694824219,77.9625015258789,121923600,45.04157638549805,47.595001220703125,47.82500076293945,47.435001373291016,47.56999969482422,14417000,4.316367490755895,-0.004295002117214786,71.13892478942871,0.17178961921672897,3.807585982896981,0.0011563863194794521,43.75238952636719,0.11185191696551175
2020-01-16,75.85446166992188,78.80999755859375,78.92500305175781,78.02249908447266,78.39749908447266,108829200,45.647247314453125,48.23500061035156,48.244998931884766,47.834999084472656,47.900001525878906,11543200,4.328816526344366,0.012449035588470991,71.55797424316407,0.17309145258700037,3.82094330542995,0.01335732253296884,43.91049995422363,0.11608143297790587
2020-01-17,76.69422149658203,79.68250274658203,79.68499755859375,78.75,79.06749725341797,137816400,45.954803466796875,48.560001373291016,48.60499954223633,48.20000076293945,48.459999084472656,21661000,4.33982636650747,0.011009840163104023,72.02707138061524,0.17114982431597345,3.827658380156316,0.0067150747263662325,44.08422374725342,0.11572358109836628
2020-01-21,76.17447662353516,79.14250183105469,79.75499725341797,79.0,79.29750061035156,110843200,45.935882568359375,48.540000915527344,48.81999969482422,48.400001525878906,48.40999984741211,17975000,4.333026454136455,-0.006799912371015182,72.46681327819825,0.17664039030536158,3.8272465669569318,-0.0004118131993844365,44.24167327880859,0.1160293244671573
2020-01-22,76.44638061523438,79.42500305175781,79.99749755859375,79.32749938964844,79.6449966430664,101832400,46.10149002075195,48.71500015258789,49.05500030517578,48.67499923706055,48.845001220703125,15491600,4.336589588091947,0.003563133955491793,72.92712898254395,0.1742840431686706,3.8308452709716403,0.0035987040147085203,44.394981956481935,0.11572894466076866
2020-01-23,76.81453704833984,79.80750274658203,79.88999938964844,78.9124984741211,79.4800033569336,104472000,46.319156646728516,48.94499969482422,48.98500061035156,48.55500030517578,48.76499938964844,14956400,4.341393906725171,0.004804318633223836,73.35098838806152,0.1704615858267615,3.835555625990364,0.004710355018723522,44.553022956848146,0.11579163434547364
2020-01-24,76.5931625366211,79.57749938964844,80.8324966430664,79.37999725341797,80.0625,146537600,46.10149002075195,48.71500015258789,49.415000915527344,48.54499816894531,49.30500030517578,23617400,4.338507810838457,-0.0028860958867138464,73.76053123474121,0.1724554215231496,3.8308452709716403,-0.004710355018723522,44.69947109222412,0.11897937442700537
2020-01-27,74.34090423583984,77.23750305175781,77.94249725341797,76.22000122070312,77.51499938964844,161940000,45.003719329833984,47.55500030517578,47.93000030517578,47.35499954223633,47.58000183105469,35574600,4.308661328311944,-0.029846482526513007,73.9896053314209,0.20551548592024432,3.8067451381289388,-0.024100132842701516,44.77494239807129,0.15236080180007547
2020-01-28,76.4439468383789,79.42250061035156,79.5999984741211,78.04750061035156,78.1500015258789,162234000,45.86489486694336,48.46500015258789,48.595001220703125,47.869998931884766,47.970001220703125,31184400,4.336557751194267,0.02789642288232308,74.32515449523926,0.22280154516868717,3.8257000067305684,0.01895486860162965,44.89370899200439,0.16393701387800294
2020-01-29,78.04412841796875,81.08499908447266,81.9625015258789,80.34500122070312,81.11250305175781,216229200,45.98318862915039,48.59000015258789,48.935001373291016,48.39500045776367,48.8650016784668,21126600,4.3572744156623076,0.02071666446804077,74.72001991271972,0.23004259567518234,3.8282758651069515,0.002575858376383078,45.03092937469482,0.16088455402646548
2020-01-30,77.9310302734375,80.96749877929688,81.02249908447266,79.6875,80.13500213623047,126743200,46.38066101074219,49.0099983215332,49.05500030517578,48.275001525878906,48.56999969482422,19933600,4.355824208266443,-0.0014502073958642114,75.08360443115234,0.23114784346069503,3.836882583790125,0.008606718683173309,45.18116283416748,0.1620792625915665
2020-01-31,74.47565460205078,77.37750244140625,80.66999816894531,77.07250213623047,80.23249816894531,199588400,45.107818603515625,47.665000915527344,48.75,47.494998931884766,48.724998474121094,26964600,4.3104722881149415,-0.0453519201515018,75.19381065368653,0.2823527754481459,3.809055592980285,-0.027826990809839636,45.22706069946289,0.18614822493098312
2020-02-03,74.2711410522461,77.16500091552734,78.37249755859375,75.55500030517578,76.07499694824219,173788400,45.704017639160156,48.29499816894531,48.415000915527344,47.665000915527344,47.720001220703125,25075600,4.30772246513187,-0.0027498229830715815,75.32892150878907,0.27972339787584355,3.8221862073655526,0.013130614385267414,45.32761001586914,0.1848780279769187
2020-02-04,76.72308349609375,79.7125015258789,79.91000366210938,78.40750122070312,78.82749938964844,136616400,46.901153564453125,49.560001373291016,49.665000915527344,49.01499938964844,49.1349983215332,19097800,4.340202621322447,0.032480156190577425,75.5581153869629,0.29965965675246675,3.848042271406747,0.025856064041194227,45.482811546325685,0.20299035560386242
2020-02-05,77.34872436523438,80.36250305175781,81.19000244140625,79.73750305175781,80.87999725341797,118826800,47.175594329833984,49.849998474121094,50.400001525878906,49.4900016784668,50.375,32697000,4.348324085160194,0.008121463837746923,75.83555450439454,0.2986937939629508,3.8538766895819103,0.005834418175163503,45.65268135070801,0.20263002007460543
2020-02-06,78.25347137451172,81.30249786376953,81.30500030517578,80.06500244140625,80.64250183105469,105425600,47.60618591308594,50.30500030517578,50.31999969482422,49.83000183105469,50.05500030517578,13505600,4.359953191049839,0.01162910588964472,76.1004810333252,0.2967304086066474,3.862962708951072,0.009086019369161757,45.820658683776855,0.20200038973610246
2020-02-07,77.18980407714844,80.00749969482422,80.8499984741211,79.5,80.59249877929688,117684000,47.17086410522461,49.845001220703125,50.26499938964844,49.744998931884766,50.06999969482422,16598000,4.3462673767689886,-0.013685814280850472,76.23474349975587,0.29513106252483756,3.853776416085866,-0.009186292865206003,45.941791725158694,0.20480833676696125
2020-02-10,77.556396484375,80.38749694824219,80.38749694824219,78.4625015258789,78.54499816894531,109348800,47.80964660644531,50.52000045776367,50.529998779296875,49.54499816894531,49.55500030517578,16347600,4.35100536828911,0.004737991520121554,76.37891540527343,0.29531664457100465,3.8672274309864587,0.01345101490059264,46.10006828308106,0.20737794950633884
2020-02-11,77.08849334716797,79.90249633789062,80.9749984741211,79.67749786376953,80.9000015258789,94323200,47.64876937866211,50.349998474121094,50.95000076293945,50.20000076293945,50.904998779296875,15105800,4.344954026204012,-0.006051342085098277,76.41992378234863,0.28748308867934486,3.8638568035056813,-0.003370627480777433,46.2223840713501,0.20585781210511844
2020-02-12,78.91917419433594,81.80000305175781,81.80500030517578,80.36750030517578,80.36750030517578,113730400,48.16453170776367,50.89500045776367,50.915000915527344,50.40999984741211,50.69499969482422,12152800,4.368424217267128,0.023470191063116097,76.60395965576171,0.29336698775782516,3.874622893495731,0.01076608999004991,46.381134605407716,0.20585750333804131
2020-02-13,78.35719299316406,81.21749877929688,81.55500030517578,80.8375015258789,81.04750061035156,94747600,48.036766052246094,50.7599983215332,51.025001525878906,50.41999816894531,50.494998931884766,14802800,4.3612777704996,-0.0071464467675275145,76.77601928710938,0.2944013151630851,3.871966677132475,-0.002656216363256192,46.530894088745114,0.2068534463511611
2020-02-14,78.37648010253906,81.23750305175781,81.49500274658203,80.7125015258789,81.18499755859375,80113600,48.244972229003906,50.97999954223633,51.064998626708984,50.70000076293945,50.86000061035156,12392400,4.361523883655649,0.00024611315604872175,76.90212020874023,0.29196840849295186,3.876291619847845,0.004324942715370206,46.660780334472655,0.20343847829561357
2020-02-18,76.94134521484375,79.75,79.9375,78.65249633789062,78.83999633789062,152531200,48.06517791748047,50.790000915527344,50.900001525878906,50.51499938964844,50.56999969482422,20633200,4.343043381117807,-0.018480502537841836,76.91447639465332,0.2981109754941158,3.8725579631125195,-0.0037336567353256633,46.76629905700683,0.20412906132065284
2020-02-19,78.05569458007812,80.90499877929688,81.14250183105469,80.0,80.0,93984000,48.63772201538086,51.39500045776367,51.470001220703125,51.084999084472656,51.119998931884766,16615600,4.357422604967182,0.014379223849374512,77.00853729248047,0.3010172240999648,3.8843994029958253,0.011841439883305771,46.90139102935791,0.20663232707695192
2020-02-20,77.2549057006836,80.07499694824219,81.1624984741211,79.55249786376953,80.65750122070312,100566000,48.131404876708984,50.86000061035156,51.40999984741211,50.165000915527344,51.28499984741211,26324600,4.347110417977516,-0.010312186989665406,77.04896354675293,0.30360285060655096,3.87393487209968,-0.010464530896145519,47.00288677215576,0.21192552488835997
2020-02-21,75.50625610351562,78.26249694824219,80.11250305175781,77.625,79.65499877929688,129554000,47.052581787109375,49.720001220703125,50.64500045776367,49.40999984741211,50.599998474121094,29899000,4.324215515120309,-0.022894902857207633,76.98354949951172,0.31416317710896297,3.8512657377907176,-0.022669134308962224,47.039558029174806,0.22913221956286375
2020-02-24,71.919677734375,74.54499816894531,76.04499816894531,72.30750274658203,74.31500244140625,222195200,45.107818603515625,47.665000915527344,48.35499954223633,46.900001525878906,47.334999084472656,42365200,4.2755499092631,-0.04866560585720858,76.74987525939942,0.35716501468066053,3.809055592980285,-0.04221014481043239,46.98987445831299,0.27511275829541987
2020-02-25,69.48361206054688,72.0199966430664,75.63249969482422,71.53250122070312,75.23750305175781,230673600,43.664634704589844,46.13999938964844,48.27000045776367,45.970001220703125,48.095001220703125,62934400,4.241090927076127,-0.03445898218697341,76.50701065063477,0.36207948966259507,3.7765384999676503,-0.032517093012634835,46.92292022705078,0.2858623599375919
2020-02-26,70.58586120605469,73.1624984741211,74.47000122070312,71.625,71.63249969482422,198054800,43.863372802734375,46.349998474121094,47.35499954223633,46.0,46.314998626708984,55759600,4.256829858240051,0.01573893116392444,76.21410636901855,0.3505394844419385,3.781079639320293,0.004541139352642443,46.82284412384033,0.27660491748703236
2020-02-27,65.9717788696289,68.37999725341797,71.5,68.23999786376953,70.2750015258789,320605600,41.49749755859375,43.849998474121094,45.779998779296875,43.81999969482422,44.83000183105469,67825800,4.189227057698109,-0.06760280054194201,75.61048889160156,0.40408907600678046,3.725633125625625,-0.055446513694667576,46.5985595703125,0.33396261272369904
2020-02-28,65.93318939208984,68.33999633789062,69.60250091552734,64.09249877929688,64.31500244140625,426510000,41.81452178955078,44.185001373291016,44.60499954223633,42.029998779296875,42.10499954223633,111854400,4.188641947385002,-0.0005851103131071511,75.01059684753417,0.4042980931875898,3.733243690430674,0.007610564805048625,46.37025260925293,0.3334373860606644
2020-03-02,72.07162475585938,74.70249938964844,75.36000061035156,69.43000030517578,70.56999969482422,341397200,44.232452392578125,46.7400016784668,46.75,44.189998626708984,44.97999954223633,70008600,4.277660412817927,0.08901846543292535,74.89039535522461,0.5090183055069687,3.789458736704846,0.056215046274171954,46.326484298706056,0.3869003946299144
2020-03-03,69.78267669677734,72.33000183105469,76.0,71.44999694824219,75.9175033569336,319475600,42.552669525146484,44.96500015258789,47.33000183105469,44.4900016784668,47.005001068115234,94989200,4.245385794105444,-0.03227461871248316,74.66597213745118,0.5205304571977221,3.7507425915977364,-0.03871614510710941,46.168916893005374,0.4051612561703717
2020-03-04,73.01953887939453,75.68499755859375,75.8499984741211,73.28250122070312,74.11000061035156,219178400,44.379127502441406,46.89500045776367,46.90999984741211,45.29999923706055,45.935001373291016,44727600,4.290727061217063,0.04534126711161868,74.48079490661621,0.5340227464858249,3.7927692576095575,0.042026666011821145,46.042815589904784,0.42435072686975334
2020-03-05,70.65097045898438,73.2300033569336,74.88749694824219,72.85250091552734,73.87999725341797,187572800,42.97852325439453,45.415000915527344,46.51499938964844,45.119998931884766,45.64500045776367,49019000,4.257751845186011,-0.032975216031052135,74.14590721130371,0.5430566886292536,3.760700531722142,-0.03206872588741572,45.83296203613281,0.435351059906163
2020-03-06,69.71273803710938,72.25749969482422,72.70500183105469,70.30750274658203,70.5,226176800,42.07004165649414,44.45500183105469,44.720001220703125,43.244998931884766,43.89500045776367,57631800,4.244383056264038,-0.013368788921972907,73.7188705444336,0.540435033068018,3.7393358877729432,-0.02136464394919857,45.556154823303224,0.43601778097507343
2020-03-09,64.19900512695312,66.5425033569336,69.52249908447266,65.75,65.9375,286744800,38.87610626220703,41.08000183105469,43.0,40.75,40.790000915527344,59119800,4.161987714110939,-0.08239534215309874,73.06933059692383,0.6049516988626785,3.6603798270001553,-0.07895606077278794,45.14141693115234,0.5069589854911634
2020-03-10,68.82271575927734,71.33499908447266,71.61000061035156,67.34249877929688,69.28500366210938,285290000,41.469093322753906,43.81999969482422,43.82500076293945,41.310001373291016,42.84000015258789,71164600,4.231533861364603,0.06954614725366426,72.63264656066895,0.665486980966665,3.724948410569894,0.06456858356973871,44.82438926696777,0.5668176464041983
2020-03-11,66.43245697021484,68.85749816894531,70.30500030517578,67.96499633789062,69.34750366210938,255598800,39.51015853881836,41.75,42.90999984741211,41.154998779296875,42.64500045776367,63304200,4.196185746846191,-0.035348114518412466,72.09984474182129,0.673608156237628,3.6765578170403654,-0.04839059352952857,44.41745872497559,0.5851064535897105
2020-03-12,59.87195587158203,62.057498931884766,67.5,62.0,63.98500061035156,418474000,35.65377426147461,37.67499923706055,40.95000076293945,37.5,38.720001220703125,65490600,4.09220821304541,-0.1039775338007809,71.1474838256836,0.7442549810062814,3.5738550111435696,-0.10270280589679581,43.791920852661136,0.6663214750971449
2020-03-13,67.04510498046875,69.49250030517578,69.9800033569336,63.23749923706055,66.22250366210938,370732000,39.83664321899414,42.095001220703125,42.189998626708984,38.150001525878906,40.04499816894531,65849600,4.205365601551376,0.11315738850596624,70.58187942504883,0.8703693694648179,3.684787172615263,0.11093216147169338,43.38191471099854,0.8024101455228743
2020-03-16,58.419960021972656,60.5525016784668,64.7699966430664,60.0,60.48749923706055,322423600,34.3336181640625,36.279998779296875,39.60499954223633,35.595001220703125,35.86000061035156,81244800,4.067657612638454,-0.13770798891292202,69.58405342102051,0.9838239994890345,3.5361249955677696,-0.1486621770474934,42.686347007751465,0.9398052547935509
2020-03-17,60.98869323730469,63.21500015258789,64.40249633789062,59.599998474121094,61.877498626708984,324056000,36.67110824584961,38.75,39.220001220703125,35.970001220703125,37.1349983215332,100814600,4.110688490227126,0.043030877588671856,68.78642082214355,1.0046911001671537,3.6019892037658954,0.06586420819812577,42.11664352416992,0.9842631556980651
2020-03-18,59.495689392089844,61.66749954223633,62.5,59.279998779296875,59.942501068115234,300233600,35.289432525634766,37.290000915527344,37.90999984741211,35.1349983215332,36.17499923706055,107412400,4.0859038627353925,-0.024784627491733602,67.85842056274414,1.000860948228092,3.563583557241504,-0.03840564652439138,41.449229049682614,0.9832452932152846
2020-03-19,59.039833068847656,61.19499969482422,63.209999084472656,60.65250015258789,61.84749984741211,271857200,35.41718673706055,37.42499923706055,38.69499969482422,36.060001373291016,36.94499969482422,123454200,4.078212352863553,-0.007691509871839308,66.94766693115234,1.0010175121642193,3.567197203369136,0.003613646127631931,40.8135181427002,0.9855713955073818
2020-03-20,55.291648864746094,57.310001373291016,62.95750045776367,57.0,61.79499816894531,401693200,33.794189453125,35.709999084472656,38.52000045776367,35.59000015258789,38.130001068115234,90444000,4.012621882020311,-0.06559047084324199,65.93693656921387,1.0176971060968196,3.520288878039954,-0.04690832532918199,40.15059852600098,0.9916997649374353
2020-03-23,54.11703109741211,56.092498779296875,57.125,53.15250015258789,57.02000045776367,336752800,33.485496520996094,35.20000076293945,36.11000061035156,34.04999923706055,35.345001220703125,84958400,3.99114894402645,-0.021472937993861407,65.04680423736572,1.0105240110986604,3.511112405413824,-0.009176472626129861,39.569482421875,0.9872850783556255
2020-03-24,59.54634475708008,61.720001220703125,61.92250061035156,58.57500076293945,59.09000015258789,287531200,36.91489791870117,38.80500030517578,38.834999084472656,37.18000030517578,37.33000183105469,75329000,4.0867549128440315,0.09560596881758165,64.54994087219238,1.0791127716524074,3.6086152072005513,0.09750280178672721,39.231995582580566,1.0615869053141263
2020-03-25,59.21831512451172,61.380001068115234,64.5625,61.07500076293945,62.6875,303602000,36.86735153198242,38.755001068115234,40.54499816894531,38.0099983215332,39.099998474121094,57480800,4.081230871145971,-0.005524041698060422,63.981563568115234,1.0756167129549596,3.607326377064461,-0.0012888301360902688,38.88219451904297,1.0608460255983347
2020-03-26,62.33456802368164,64.61000061035156,64.66999816894531,61.59000015258789,61.630001068115234,252087200,39.15044403076172,41.154998779296875,41.255001068115234,39.150001525878906,39.244998931884766,56425800,4.1325161358568545,0.05128526471088346,63.79970302581787,1.0721646278881771,3.6674117641544033,0.060085387089942266,38.764841842651364,1.0725089562513281
2020-03-27,59.75376510620117,61.935001373291016,63.967498779296875,61.76250076293945,63.1875,204216800,37.38104248046875,39.29499816894531,40.630001068115234,39.125,39.880001068115234,58485400,4.090232203156027,-0.04228393270082709,63.49073181152344,1.0811829274057918,3.6211636903616142,-0.04624807379278906,38.54316787719726,1.0824938771077164
2020-03-30,61.45901870727539,63.70249938964844,63.880001068115234,62.349998474121094,62.685001373291016,167976400,38.95542907714844,40.95000076293945,41.04499816894531,39.69499969482422,39.81999969482422,47480200,4.118370590210986,0.02813838705495897,62.96010150909424,1.0314808159739506,3.66241814840958,0.04125445804796568,38.27931671142578,1.0724179555639726
2020-03-31,61.33359909057617,63.5724983215332,65.62249755859375,63.0,63.900001525878906,197002000,38.22768783569336,40.185001373291016,41.59000015258789,39.974998474121094,40.85499954223633,39988800,4.116327801930013,-0.0020427882809732623,62.53764762878418,1.0276056506995463,3.643560065515548,-0.018858082894031902,38.06306762695313,1.0667712159831408
2020-04-01,58.106407165527344,60.227500915527344,62.18000030517578,59.782501220703125,61.625,176218400,36.405967712402344,38.27000045776367,39.625,37.98500061035156,38.79499816894531,54984800,4.062275936013939,-0.05405186591607425,61.79199104309082,1.0217101577252752,3.5947327093475883,-0.048827356167959746,37.66440963745117,1.061982163010589
2020-04-02,59.076019287109375,61.23249816894531,61.287498474121094,59.224998474121094,60.084999084472656,165934000,37.25737380981445,39.165000915527344,39.21500015258789,37.97999954223633,38.1349983215332,44223600,4.07882507704362,0.016549141029680747,61.21324348449707,1.0229767763747424,3.617849879861028,0.023117170513439866,37.37835216522217,1.0647673717608173
2020-04-03,58.22700881958008,60.352500915527344,61.42499923706055,59.74250030517578,60.70000076293945,129880000,36.68183898925781,38.560001373291016,39.415000915527344,38.07500076293945,38.994998931884766,31572000,4.064349316155596,-0.014475760888023714,60.638957023620605,1.023047792245684,3.6022817821527013,-0.015568097708326789,37.10894203186035,1.0639389592558726
2020-04-06,63.30657958984375,65.61750030517578,65.77749633789062,62.345001220703125,62.724998474121094,201820400,39.81159591674805,41.849998474121094,42.125,40.0,40.255001068115234,35987200,4.147989266715951,0.08363995056035467,60.59433574676514,1.0347618198993391,3.684158224547018,0.08187644239431657,37.155716514587404,1.072509859239046
2020-04-07,62.57333755493164,64.85749816894531,67.92500305175781,64.75,67.69999694824219,202887200,39.454864501953125,41.474998474121094,43.34000015258789,41.43000030517578,43.32500076293945,44298800,4.136339269724517,-0.011649996991433653,60.28186683654785,1.0012507506262551,3.6751573477243724,-0.009000876822645498,37.05500507354736,1.0463208662268946
2020-04-08,64.17487335205078,66.51750183105469,66.84249877929688,65.30750274658203,65.68499755859375,168895200,40.515560150146484,42.59000015258789,42.76499938964844,41.625,42.02000045776367,27428600,4.161611753277279,0.02527248355276246,60.16898765563965,0.9998094226860599,3.701686101564281,0.026528753839908603,37.10527515411377,1.0364792777164804
2020-04-09,64.63798522949219,66.99749755859375,67.51750183105469,66.17500305175781,67.17500305175781,161834800,40.525062561035156,42.599998474121094,43.314998626708984,42.29999923706055,43.095001220703125,39259800,4.168802244628871,0.007190491351591888,60.40728912353516,0.9240208252538005,3.701920611384525,0.00023450982024408873,37.348839569091794,0.9612150776102945
2020-04-13,65.90666198730469,68.3125,68.42500305175781,66.4574966430664,67.07749938964844,131022800,40.61544418334961,42.69499969482422,42.755001068115234,41.82500076293945,42.43000030517578,25301600,4.1882395287708185,0.01943728414194723,60.35036697387695,0.8322812384427593,3.704148392879151,0.00222778149462588,37.38777961730957,0.8783008002493774
2020-04-14,69.23515319824219,71.76249694824219,72.0625,69.51249694824219,70.0,194994800,42.3182487487793,44.48500061035156,44.564998626708984,43.470001220703125,43.64500045776367,31779000,4.237508727832505,0.04926919906168692,60.89112663269043,0.6741177922774326,3.7452184055213076,0.041070012642156595,37.78701114654541,0.6869625172902167
2020-04-15,68.60323333740234,71.10749816894531,71.5824966430664,70.15750122070312,70.5999984741211,131154400,41.3954963684082,43.51499938964844,43.869998931884766,43.189998626708984,43.599998474121094,25858200,4.22833966681939,-0.009169061013115432,61.271853637695315,0.6640357309795063,3.7231720915421462,-0.022046313979161347,38.02323055267334,0.6633865628412072
2020-04-16,69.1483154296875,71.67250061035156,72.05000305175781,70.5875015258789,71.84500122070312,157125200,41.89967727661133,44.04499816894531,44.154998779296875,43.32500076293945,44.084999084472656,23667600,4.236253696710452,0.007914029891061602,61.75448493957519,0.6540760289481387,3.735278124669583,0.012106033127436966,38.35374279022217,0.642379851176116
2020-04-17,68.21009063720703,70.69999694824219,71.73750305175781,69.21499633789062,71.17250061035156,215250000,42.456199645996094,44.630001068115234,44.834999084472656,43.98500061035156,44.82500076293945,28284800,4.222592510462213,-0.013661186248238977,62.21299781799316,0.6562567159610764,3.7484729479357757,0.01319482326619248,38.70569343566895,0.6422967561233534
2020-04-20,66.79425811767578,69.23249816894531,70.41999816894531,69.2125015258789,69.48750305175781,130015200,41.77601623535156,43.915000915527344,44.61000061035156,43.85499954223633,44.025001525878906,20407000,4.201617120525925,-0.02097538993628767,62.78812828063965,0.6079351452537808,3.7323224005853732,-0.016150547350402444,39.10478477478027,0.6154657761993023
2020-04-21,64.7296371459961,67.09249877929688,69.3125,66.35749816894531,69.06999969482422,180991600,40.025638580322266,42.07500076293945,43.400001525878906,41.81999969482422,43.29499816894531,32765000,4.1702191668873905,-0.03139795363853448,63.31875858306885,0.615603331365953,3.6895202132919773,-0.04280218729339591,39.43179187774658,0.6408480645240633
2020-04-22,66.59407806396484,69.0250015258789,69.4749984741211,68.05000305175781,68.40249633789062,116862400,41.56672286987305,43.69499969482422,43.935001373291016,42.939998626708984,43.095001220703125,24032000,4.198615655634422,0.028396488747031157,63.67114524841308,0.5304690145377023,3.727299916139013,0.03777970284703569,39.66438312530518,0.5615098261303677
2020-04-23,66.33599853515625,68.75749969482422,70.4375,68.71749877929688,68.96749877929688,124814400,41.28134536743164,43.39500045776367,44.290000915527344,43.36000061035156,43.79499816894531,21169600,4.1947327141711845,-0.0038829414632370884,64.02702941894532,0.5300446748534055,3.7204107119075247,-0.006889204231488311,39.88508281707764,0.5628157004708757
2020-04-24,68.2510986328125,70.74250030517578,70.75250244140625,69.25,69.30000305175781,126161200,42.15653991699219,44.314998626708984,44.32500076293945,43.29499816894531,43.57500076293945,16885000,4.223193531119577,0.02846081694839242,64.32285594940186,0.5098007302890375,3.741389830585086,0.020979118677561193,40.03538761138916,0.5287407501965355
2020-04-27,68.29933166503906,70.7925033569336,71.13500213623047,69.98750305175781,70.44999694824219,117087600,42.518028259277344,44.69499969482422,44.845001220703125,44.42499923706055,44.71500015258789,15598600,4.223899981243935,0.0007064501243583265,64.75013427734375,0.47936817192710557,3.7499281803213265,0.00853834973624057,40.29223690032959,0.49477196495554376
2020-04-28,67.19221496582031,69.6449966430664,71.4574966430664,69.55000305175781,71.2699966430664,112004800,41.952003479003906,44.099998474121094,45.279998779296875,44.040000915527344,45.25,25267600,4.20755739209521,-0.016342589148725217,65.036794090271,0.4789661375217736,3.7365261905094873,-0.013401989811839154,40.44206562042236,0.48162418463109513
2020-04-29,69.39918518066406,71.93250274658203,72.4175033569336,70.97250366210938,71.18250274658203,137280800,43.6738395690918,45.90999984741211,46.06999969482422,44.880001068115234,45.040000915527344,22925800,4.239875126531212,0.03231773443600172,65.4400733947754,0.488219496785389,3.7767492859840672,0.04022309547457992,40.71437320709229,0.4904911877935339
2020-04-30,70.86322784423828,73.44999694824219,73.63249969482422,72.0875015258789,72.48999786376953,183064000,43.47882080078125,45.70500183105469,46.005001068115234,45.3650016784668,46.005001068115234,30861200,4.260751650816418,0.02087652428520581,66.07791442871094,0.43518724113172363,3.77227394138803,-0.004475344596037267,41.06801586151123,0.44731095251758973
2020-05-01,69.72235870361328,72.26750183105469,74.75,71.4625015258789,71.5625,240616800,42.284969329833984,44.45000076293945,45.32500076293945,44.279998779296875,44.70000076293945,23990200,4.244521051169827,-0.01623059964659035,66.61023139953613,0.4440336264562285,3.7444316879136905,-0.02784225347433944,41.31939563751221,0.46212365105425224
2020-05-04,70.70886993408203,73.29000091552734,73.42250061035156,71.58000183105469,72.2925033569336,133568000,42.84622573852539,45.040000915527344,45.084999084472656,44.040000915527344,44.244998931884766,21458000,4.2585710237897,0.01404997261987262,67.23432445526123,0.43611487227203827,3.7576175603832445,0.013185872469553939,41.627614974975586,0.4552735877776633
2020-05-05,71.7701416015625,74.38999938964844,75.25,73.61499786376953,73.76499938964844,147751200,43.43602752685547,45.65999984741211,46.2400016784668,45.474998474121094,45.55500030517578,17374600,4.273468534431013,0.014897510641312728,67.65750255584717,0.33901282253608356,3.771289224088118,0.013671663704873716,41.80883655548096,0.36305247359292425
2020-05-06,72.51058959960938,75.15750122070312,75.80999755859375,74.71749877929688,75.11499786376953,142333600,43.77373123168945,46.01499938964844,46.459999084472656,45.810001373291016,46.099998474121094,16941000,4.283732614637291,0.010264080206278337,68.15436515808105,0.3325076809659616,3.7790338938955523,0.007744669807434157,42.024779891967775,0.3597318012955804
2020-05-07,73.26072692871094,75.93499755859375,76.2925033569336,75.49250030517578,75.80500030517578,115215200,44.43013000488281,46.70500183105469,46.970001220703125,46.56999969482422,46.63999938964844,21088800,4.294024679888267,0.010292065250975924,68.60865783691406,0.3259981959045101,3.7939178430043694,0.014883949108817074,42.22050838470459,0.35288145550394767
2020-05-08,75.00444030761719,77.53250122070312,77.5875015258789,76.07250213623047,76.41000366210938,133838400,45.08175277709961,47.38999938964844,47.45500183105469,46.875,47.150001525878906,15221600,4.317547315885379,0.023522635997112573,69.12698059082031,0.3314854587642566,3.8084775698952935,0.014559726890924107,42.448342895507814,0.3541859997088633
2020-05-11,76.18465423583984,78.75250244140625,79.26249694824219,76.80999755859375,77.0250015258789,145946400,45.38142395019531,47.70500183105469,47.98500061035156,46.970001220703125,47.064998626708984,20768800,4.333160054430214,0.015612738544834137,69.64088020324706,0.32992346854452204,3.81510285722422,0.006625287328926532,42.6866418838501,0.3540194349435225
2020-05-12,75.31401824951172,77.85250091552734,79.92250061035156,77.72750091552734,79.4574966430664,162301200,44.444393157958984,46.720001220703125,48.03499984741211,46.685001373291016,47.900001525878906,27042000,4.321666282811393,-0.011493771618820148,69.94482345581055,0.29603504149806364,3.794238815825174,-0.020864041399045963,42.79294910430908,0.3395618374639149
2020-05-13,74.40467071533203,76.9124984741211,78.98750305175781,75.80249786376953,78.0374984741211,200622400,43.6785888671875,45.915000915527344,47.10499954223633,45.310001373291016,46.744998931884766,33942200,4.309518718300445,-0.012147564510948783,70.23489532470703,0.29800238480443675,3.7768580247606622,-0.017380791064511847,42.90710372924805,0.33547688156852123
2020-05-14,74.86174011230469,77.38500213623047,77.44750213623047,75.38249969482422,76.12750244140625,158929200,44.23511505126953,46.5,46.529998779296875,45.095001220703125,45.595001220703125,30475200,4.315642947093978,0.0061242287935332484,70.52056655883788,0.2977629211143303,3.7895189318423212,0.012660907081659012,43.023875617980956,0.33568928149916516
2020-05-15,74.419189453125,76.92749786376953,76.9749984741211,75.05249786376953,75.0875015258789,166348400,44.45865249633789,46.73500061035156,46.744998931884766,45.6349983215332,45.76499938964844,28032800,4.309713831339747,-0.005929115754231162,70.83102149963379,0.2929162714769067,3.794559599852228,0.005040668009906657,43.12399826049805,0.3335530663440094
2020-05-18,76.17256927490234,78.73999786376953,79.125,77.58000183105469,78.2925033569336,135178400,45.547889709472656,47.880001068115234,48.150001525878906,47.4900016784668,47.654998779296875,20033400,4.333001414614071,0.023287583274324675,71.29993705749511,0.28415398010521076,3.8187642935322508,0.02420469368002287,43.3125919342041,0.3346966051234778
2020-05-19,75.73241424560547,78.28500366210938,79.62999725341797,78.25250244140625,78.75749969482422,101729600,45.38142395019531,47.70500183105469,48.44499969482422,47.685001373291016,47.900001525878906,20092800,4.327206262263769,-0.005795152350302146,71.85007591247559,0.2514309080662141,3.81510285722422,-0.00366143630803073,43.58038120269775,0.28705007216006634
2020-05-20,77.20526123046875,79.80750274658203,79.87999725341797,79.12999725341797,79.16999816894531,111504800,46.375511169433594,48.75,48.84000015258789,48.34000015258789,48.3650016784668,18192000,4.346467605362321,0.019261343098551542,72.38063507080078,0.243495308090629,3.836771543388331,0.021668686164110884,43.82082061767578,0.26871172454403447
2020-05-21,76.62968444824219,79.2125015258789,80.22250366210938,78.96749877929688,79.66500091552734,102688800,45.72863006591797,48.06999969482422,48.845001220703125,48.04499816894531,48.70000076293945,20581600,4.338984527111929,-0.007483078250391628,72.89531936645508,0.24602859388554504,3.8227245802109215,-0.014046963177409388,44.0431848526001,0.27422407368998886
2020-05-22,77.12303924560547,79.72250366210938,79.80750274658203,78.8375015258789,78.94249725341797,81803200,45.895111083984375,48.244998931884766,48.30500030517578,47.80500030517578,48.0,18489600,4.345402058830814,0.006417531718884817,73.33891639709472,0.23286922348344055,3.8263585990621634,0.003634018851241816,44.230113410949706,0.26775137099204754
2020-05-26,76.60063934326172,79.18250274658203,81.05999755859375,79.125,80.875,125522000,45.84754943847656,48.19499969482422,49.244998931884766,48.154998779296875,49.209999084472656,26001400,4.338605423229491,-0.006796635601323153,73.75398178100586,0.23667056799567546,3.825321749912642,-0.0010368491495214016,44.39658946990967,0.2678738613304158
2020-05-27,76.93437957763672,79.52749633789062,79.67749786376953,78.27249908447266,79.03500366210938,112945200,46.109153747558594,48.470001220703125,48.4900016784668,47.165000915527344,48.189998626708984,38856800,4.34295284523606,0.004347422006569346,74.24109001159668,0.2220129161327884,3.831011493145374,0.005689743232732081,44.604446983337404,0.2601013803750589
2020-05-28,76.96823120117188,79.5625,80.86000061035156,78.90750122070312,79.19249725341797,133560800,46.018775939941406,48.375,49.2599983215332,48.255001068115234,48.290000915527344,21147400,4.343392754915431,0.00043990967937102,74.61954231262207,0.20122229641256165,3.829049485816739,-0.0019620073286348294,44.72169380187988,0.22439192549979547
2020-05-29,76.89327239990234,79.48500061035156,80.2874984741211,79.11750030517578,79.8125,153532400,46.59906005859375,48.98500061035156,49.099998474121094,48.1150016784668,48.52000045776367,35555000,4.342418387637775,-0.0009743672776565404,74.92104454040528,0.19340621260053723,3.8415803705117315,0.012530884694992306,44.87770576477051,0.22538246824684477
2020-06-01,77.83892059326172,80.4625015258789,80.5875015258789,79.30249786376953,79.4375,80791200,46.58480453491211,48.970001220703125,49.07500076293945,48.540000915527344,48.755001068115234,26719400,4.354641570788561,0.012223183150786632,75.32687263488769,0.1796516493842427,3.841274405013197,-0.0003059654985344551,45.09269752502441,0.19360522431229493
2020-06-02,78.19925689697266,80.83499908447266,80.86000061035156,79.73249816894531,80.1875,87642800,47.022396087646484,49.43000030517578,49.43000030517578,48.60499954223633,49.06999969482422,22415200,4.359260144909858,0.004618574121296959,75.70139198303222,0.17679924908400077,3.8506240007171457,0.009349595703948665,45.30150604248047,0.19188366160129705
2020-06-03,78.62976837158203,81.27999877929688,81.55000305175781,80.57499694824219,81.16500091552734,104491200,47.38863754272461,49.814998626708984,49.974998474121094,49.415000915527344,49.630001068115234,22035800,4.364750360197,0.005490215287141886,76.0443733215332,0.1729502930849196,3.858382485676458,0.007758484959312195,45.49913654327393,0.18932740431861247
2020-06-04,77.95257568359375,80.58000183105469,81.40499877929688,80.19499969482422,81.09750366210938,87560400,46.998619079589844,49.404998779296875,49.96500015258789,49.130001068115234,49.619998931884766,15138800,4.356100637723681,-0.008649722473319521,76.31647262573242,0.17764983764056413,3.8501182199930977,-0.00826426568336025,45.66038093566895,0.1939960723299577
2020-06-05,80.17274475097656,82.875,82.9375,80.80750274658203,80.8375015258789,137250400,48.23530197143555,50.70500183105469,50.849998474121094,49.66999816894531,49.755001068115234,20756400,4.384183616103159,0.028082978379478263,76.66207351684571,0.19671567974626802,3.8760911590245137,0.025972939031416065,45.850639533996585,0.20619526018185055
2020-06-08,80.64675903320312,83.36499786376953,83.4000015258789,81.83000183105469,82.5625,95654400,48.477874755859375,50.959999084472656,50.97999954223633,50.150001525878906,50.6150016784668,16130200,4.390078618186609,0.005895002083450507,76.944189453125,0.18363306993356918,3.881107503256011,0.005016344231497438,46.02044563293457,0.2025298757099483
2020-06-09,83.19342803955078,85.99749755859375,86.40249633789062,83.00250244140625,83.03500366210938,147712400,48.70618438720703,51.20000076293945,51.45000076293945,50.65999984741211,50.70500183105469,14707800,4.42116835479805,0.031089736611440877,77.29462814331055,0.20410823813772244,3.885806011496434,0.0046985082404229495,46.186683654785156,0.202267432087757
2020-06-10,85.33379364013672,88.20999908447266,88.69249725341797,86.52249908447266,86.9749984741211,166651600,49.51952362060547,52.05500030517578,52.44499969482422,51.474998474121094,51.56999969482422,24389600,4.446570550017256,0.025402195219205836,77.7956169128418,0.20798279897011251,3.902367008390761,0.016560996894326774,46.44044017791748,0.1853046965900103
2020-06-11,81.23689270019531,83.9749984741211,87.76499938964844,83.87000274658203,87.32749938964844,201662400,46.679935455322266,49.06999969482422,51.224998474121094,49.05500030517578,51.150001525878906,39742000,4.397369487583297,-0.049201062433959386,78.13722801208496,0.2804180644950234,3.843314424712221,-0.05905258367854005,46.59050750732422,0.28531940870543776
2020-06-12,81.93824768066406,84.69999694824219,86.94999694824219,83.55500030517578,86.18000030517578,200146000,47.28400421142578,49.70500183105469,50.6349983215332,48.84000015258789,50.3849983215332,43287000,4.405965886494204,0.008596398910907688,78.49105339050293,0.2807576488838262,3.8561720609547407,0.012857636242519899,46.74295196533203,0.2854056471757369
2020-06-15,82.95159149169922,85.74749755859375,86.41999816894531,83.1449966430664,83.3125,138808800,47.74061965942383,50.185001373291016,50.40999984741211,48.63999938964844,48.79999923706055,29924000,4.418257202609113,0.012291316114908746,78.91767349243165,0.27921218356233224,3.8657826007054537,0.00961053975071291,46.90705032348633,0.28622817252716387
2020-06-16,85.14999389648438,88.0199966430664,88.30000305175781,86.18000030517578,87.86499786376953,165428800,48.75851058959961,51.255001068115234,51.69499969482422,50.459999084472656,51.3849983215332,27935800,4.444414335429122,0.026157132820008755,79.36654472351074,0.2818203420151,3.8868797584041204,0.021097157698666713,47.06758136749268,0.283454695329485
2020-06-17,85.03148651123047,87.89749908447266,88.8499984741211,87.77249908447266,88.7874984741211,114406400,48.748985290527344,51.244998931884766,51.72999954223633,51.15999984741211,51.54499816894531,17324200,4.4430216174421195,-0.0013927179870023565,79.831498336792,0.2798921383234362,3.8866843826739452,-0.0001953757301751402,47.235959434509276,0.28257417304254895
2020-06-18,85.06534576416016,87.93250274658203,88.36250305175781,87.30500030517578,87.85250091552734,96820400,48.96778869628906,51.474998474121094,51.529998779296875,51.040000915527344,51.150001525878906,13717200,4.443419734831185,0.0003981173890652556,80.22450256347656,0.27583085422365566,3.891162708400777,0.004478325726831933,47.36557331085205,0.2744499293187989
2020-06-19,84.5792236328125,87.43000030517578,89.13999938964844,86.2874984741211,88.66000366210938,264476000,48.630069732666016,51.119998931884766,52.154998779296875,50.875,52.095001220703125,31280000,4.437688652915107,-0.005731081916077407,80.62197952270508,0.2748604725847069,3.884242058358035,-0.006920650042742338,47.51064529418945,0.26980213083165355
2020-06-22,86.7921142578125,89.71749877929688,89.86499786376953,87.7874984741211,87.83499908447266,135445200,49.54629898071289,51.939998626708984,51.98500061035156,50.96500015258789,51.04499816894531,14738000,4.463515767974861,0.025827115059753325,81.10543327331543,0.2847073914432732,3.902907565367048,0.01866550700901337,47.693204689025876,0.27543175915694856
2020-06-23,88.64470672607422,91.63249969482422,93.09500122070312,90.56749725341797,91.0,212155600,49.90402603149414,52.314998626708984,52.915000915527344,52.2400016784668,52.404998779296875,19028000,4.484636320935758,0.02112055296089732,81.70763664245605,0.2854326094429962,3.9101016814967267,0.007194116129678463,47.89602851867676,0.27505314338737097
2020-06-24,87.0799331665039,90.01499938964844,92.19750213623047,89.62999725341797,91.25,192623200,48.77840805053711,51.1349983215332,52.38999938964844,50.85499954223633,52.099998474121094,25425600,4.466826468870691,-0.017809852065067133,82.21491432189941,0.29898823918616035,3.8872877569648896,-0.02281392453183706,48.02949123382568,0.29119462637344506
2020-06-25,88.2359619140625,91.20999908447266,91.25,89.39250183105469,90.17500305175781,137522400,49.40323257446289,51.790000915527344,51.845001220703125,50.654998779296875,51.209999084472656,20534400,4.480014611364821,0.013188142494129806,82.77830085754394,0.29915877146643743,3.9000158587830054,0.012728101818115789,48.198714065551755,0.29266425532313317
2020-06-26,85.52484130859375,88.40750122070312,91.33000183105469,88.25499725341797,91.10250091552734,205256800,48.43023681640625,50.77000045776367,51.76499938964844,50.6150016784668,51.689998626708984,44275600,4.448806875364651,-0.03120773600016946,83.20987930297852,0.32752542727212874,3.880124346273227,-0.019891512509778497,48.290272903442386,0.3019473610199028
2020-06-29,87.49593353271484,90.44499969482422,90.5425033569336,87.81999969482422,88.3125,130646000,48.959659576416016,51.32500076293945,51.33000183105469,50.154998779296875,50.76499938964844,18547200,4.471592318371792,0.022785443007141026,83.69272994995117,0.3325851147154625,3.89099668508382,0.010872338810592908,48.40901565551758,0.3034542127092801
2020-06-30,88.22628784179688,91.19999694824219,91.49500274658203,90.0,90.0199966430664,140223200,49.83725357055664,52.244998931884766,52.45500183105469,51.2599983215332,51.33000183105469,16500000,4.479904966698172,0.008312648326379346,84.19408149719239,0.3326625529303114,3.90876276803624,0.017766082952419993,48.54975852966309,0.30742371182133854
2020-07-01,88.05941009521484,91.02749633789062,91.83999633789062,90.97750091552734,91.27999877929688,110737200,49.918338775634766,52.33000183105469,52.6349983215332,52.040000915527344,52.279998779296875,21709200,4.478011701409131,-0.0018932652890404356,84.66556358337402,0.3338524109770646,3.910388445775781,0.0016256777395411426,48.67624359130859,0.30691039064942016
2020-07-02,88.05941009521484,91.02749633789062,92.61750030517578,90.91000366210938,91.9625015258789,114041600,50.20927047729492,52.6349983215332,53.11000061035156,52.525001525878906,52.82500076293945,19144600,4.478011701409131,0.0,85.17090530395508,0.33032731262254905,3.9161996805105677,0.00581123473478673,48.836776161193846,0.3043579823418589
2020-07-06,90.41503143310547,93.4625015258789,93.94499969482422,92.46749877929688,92.5,118655600,51.086883544921875,53.55500030517578,53.80500030517578,53.28499984741211,53.314998626708984,16046200,4.50441053049054,0.026398829081409225,85.68301963806152,0.32889147036943894,3.933527782165709,0.017328101655141204,48.97935523986816,0.29728285073152566
2020-07-07,90.13448333740234,93.17250061035156,94.65499877929688,93.05750274658203,93.85250091552734,112424400,50.55268478393555,52.994998931884766,54.03499984741211,52.939998626708984,53.494998931884766,15863600,4.501302814340189,-0.003107716150351436,86.15740585327148,0.3304823743733712,3.9230160555088482,-0.01051172665686062,49.083095741271975,0.3008851731710784
2020-07-08,92.23372650146484,95.34249877929688,95.375,94.08999633789062,94.18000030517578,117092000,51.3778190612793,53.86000061035156,53.8650016784668,53.130001068115234,53.415000915527344,13327000,4.524325860870996,0.023023046530807,86.60942077636719,0.32338199916245464,3.9392065435499855,0.016190488041137208,49.21667747497558,0.3049416940838976
2020-07-09,92.6303482055664,95.75250244140625,96.31749725341797,94.67250061035156,96.26249694824219,125642800,51.563838958740234,54.05500030517578,54.310001373291016,53.279998779296875,54.29999923706055,17767800,4.528616822360311,0.0042909614893149595,86.97424850463867,0.3144115983410256,3.9428206314424044,0.0036140878924189046,49.31889324188232,0.3005509125388962
2020-07-10,92.7923812866211,95.91999816894531,95.9800033569336,94.70500183105469,95.33499908447266,90257200,51.549537658691406,54.040000915527344,54.064998626708984,53.400001525878906,53.93000030517578,14724600,4.530364538217399,0.0017477158570882168,87.55202293395996,0.2439730090597474,3.9425432416291777,-0.00027738981322666945,49.562373352050784,0.1965605527813675
2020-07-13,92.36433410644531,95.47750091552734,99.95500183105469,95.25749969482422,97.26499938964844,191649200,50.48115158081055,52.91999816894531,54.86000061035156,52.78499984741211,54.5,28910400,4.525740909613589,-0.004623628603810381,88.07332725524903,0.2470673448296986,3.92160003058786,-0.02094321104131769,49.72223072052002,0.21436346110502652
2020-07-14,93.8927993774414,97.05750274658203,97.25499725341797,93.87750244140625,94.83999633789062,170989200,51.063045501708984,53.529998779296875,53.60499954223633,51.939998626708984,52.5,30053200,4.542153699327542,0.016412789713953657,88.62038764953613,0.24888822205636657,3.9330610555831633,0.011461024995303326,49.88835201263428,0.21518830403776354
2020-07-15,94.53853607177734,97.7249984741211,99.24749755859375,96.48999786376953,98.98999786376953,153198000,51.33967208862305,53.81999969482422,54.28499984741211,53.189998626708984,54.02000045776367,23779200,4.549007540495648,0.00685384116810539,89.08981475830078,0.23752624687860083,3.938463788368118,0.0054027327849546225,50.017410087585446,0.20500477637416512
2020-07-16,93.37523651123047,96.52249908447266,97.40499877929688,95.90499877929688,96.5625,110577600,50.7053108215332,53.154998779296875,53.39500045776367,52.744998931884766,53.244998931884766,17180600,4.536626176367904,-0.012381364127743488,89.50700225830079,0.24468452760695278,3.926030655042868,-0.01243313332525009,50.115226364135744,0.21169473075759254
2020-07-17,93.18661499023438,96.32749938964844,97.14749908447266,95.83999633789062,96.98750305175781,92186800,50.95332717895508,53.415000915527344,53.564998626708984,52.92499923706055,53.470001220703125,12710400,4.534604095393173,-0.002022080974731111,89.91306571960449,0.24539606307454373,3.9309100603620157,0.004879405319147878,50.21450328826904,0.21176260528463983
2020-07-20,95.15039825439453,98.35749816894531,98.5,96.0625,96.4175033569336,90318000,52.255428314208984,54.779998779296875,54.90999984741211,53.26499938964844,53.564998626708984,17018400,4.555458779276169,0.020854683882995495,90.44162445068359,0.24873277756667053,3.956143776629639,0.025233716267623052,50.395771217346194,0.22421553360023402
2020-07-21,93.83717346191406,97.0,99.25,96.74250030517578,99.17250061035156,103433200,51.730770111083984,54.22999954223633,55.189998626708984,54.029998779296875,55.16999816894531,18794800,4.541561083067986,-0.013897696208182708,90.79387741088867,0.2464572823550079,3.9460527710316944,-0.010091005597944402,50.504994773864745,0.22180223036011765
2020-07-22,94.10079193115234,97.27249908447266,97.9749984741211,96.60250091552734,96.69249725341797,89001600,52.14572525024414,54.665000915527344,54.834999084472656,54.23500061035156,54.279998779296875,15028000,4.544366462402386,0.002805379334399838,91.06668167114258,0.23791295820845784,3.9540422078136723,0.007989436781977943,50.617079734802246,0.22205959000219758
2020-07-23,89.81767272949219,92.84500122070312,97.07749938964844,92.01000213623047,96.99749755859375,197004400,50.791168212890625,53.244998931884766,54.73500061035156,53.005001068115234,54.375,23349600,4.497781756941951,-0.04658470546043514,91.203568649292,0.2879391391468173,3.927722485393108,-0.02631972242056424,50.71771774291992,0.22757688643731672
2020-07-24,89.59518432617188,92.61499786376953,92.97000122070312,89.1449966430664,90.98750305175781,185438800,50.17588424682617,52.599998474121094,52.94499969482422,51.73500061035156,52.35499954223633,22911600,4.495301572176809,-0.0024801847651421127,91.27152976989746,0.28489330399950175,3.9155345177822447,-0.012187967610863382,50.75635032653808,0.2292101160963607
2020-07-27,91.71858215332031,94.80999755859375,94.90499877929688,93.4800033569336,93.70999908447266,121214000,50.96764373779297,53.43000030517578,53.48500061035156,52.814998626708984,52.91999816894531,16908000,4.518724999445889,0.023423427269080754,91.58121681213379,0.26914108607213577,3.9311909948704544,0.01565647708820972,50.88322067260742,0.22129363157933546
2020-07-28,90.21187591552734,93.25250244140625,94.55000305175781,93.24749755859375,94.36750030517578,103625600,50.3714485168457,52.80500030517578,53.43000030517578,52.76499938964844,53.26499938964844,17825400,4.502161080436564,-0.01656391900932519,91.71701393127441,0.26797783483118554,3.9194245168752526,-0.011766477995201807,50.953810119628905,0.2245724982354245
2020-07-29,91.94107818603516,95.04000091552734,95.2300033569336,93.7125015258789,93.75,90329200,51.10118865966797,53.56999969482422,53.71500015258789,53.005001068115234,53.005001068115234,13187000,4.52114791737083,0.01898683693426584,91.90275344848632,0.2741690548735957,3.933807758380759,0.014383241505506295,51.01700687408447,0.22160847627179014
2020-07-30,93.05359649658203,96.19000244140625,96.29750061035156,93.76750183105469,94.1875,158130000,51.387367248535156,53.869998931884766,53.904998779296875,52.79999923706055,53.084999084472656,21556800,4.53317563356735,0.012027716196519656,92.15246276855468,0.2759526173090281,3.9393923688790915,0.005584610498332587,51.09045829772949,0.2221418788269744
2020-07-31,102.7952651977539,106.26000213623047,106.41500091552734,100.82499694824219,102.88500213623047,374336800,52.670379638671875,55.21500015258789,55.23500061035156,53.83000183105469,54.720001220703125,25185800,4.632739293572737,0.09956366000538708,92.88925552368164,0.440190997707534,3.9640532413423397,0.024660872463248218,51.21351375579834,0.23665264616512272
2020-08-03,105.38542175292969,108.9375,111.63749694824219,107.89250183105469,108.19999694824219,308151200,53.967708587646484,56.57500076293945,56.755001068115234,55.939998626708984,55.96500015258789,24327000,4.657624313001496,0.024885019428759314,93.63777503967285,0.43937180543889504,3.988385878579814,0.024332637237474142,51.35755500793457,0.24371652494331159
2020-08-04,106.08921813964844,109.66500091552734,110.79000091552734,108.38749694824219,109.13249969482422,173071600,54.10602569580078,56.720001220703125,56.724998474121094,56.209999084472656,56.45500183105469,17971600,4.664280420660334,0.00665610765883784,94.43551177978516,0.437561163102587,3.990945560348787,0.0025596817689730322,51.53522205352783,0.23865192268558302
2020-08-05,106.47374725341797,110.0625,110.39250183105469,108.89749908447266,109.37750244140625,121776800,54.30634307861328,56.93000030517578,57.060001373291016,56.64500045776367,56.900001525878906,12960200,4.66789845009947,0.003618029439135917,95.14751281738282,0.43422111705504307,3.994641035561572,0.0036954752127851265,51.68164825439453,0.233840515727585
2020-08-06,110.18855285644531,113.90249633789062,114.4124984741211,109.79750061035156,110.40499877929688,202428800,55.0694694519043,57.72999954223633,57.78499984741211,56.7599983215332,56.8849983215332,16399400,4.702193015247507,0.03429456514803686,96.02542304992676,0.444513724437282,4.00859546916051,0.01395443359893811,51.856929779052734,0.23719120206940314
2020-08-07,107.683349609375,111.11250305175781,113.67500305175781,110.2925033569336,113.20500183105469,198045600,54.24911117553711,56.869998931884766,57.505001068115234,56.41999816894531,57.5,27476200,4.679194972483321,-0.022998042764185378,96.76997146606445,0.4581023458309904,3.993586608425285,-0.015008860735225227,51.99190845489502,0.24573891444771637
2020-08-10,109.24847412109375,112.72750091552734,113.7750015258789,110.0,112.5999984741211,212403600,54.09648132324219,56.709999084472656,57.07500076293945,55.94499969482422,56.97999954223633,16481200,4.693624867023185,0.01442989453986332,97.61417846679687,0.45643625700908913,3.9907691435014088,-0.002817464923876134,52.1726749420166,0.23071726342828242
2020-08-11,105.99945068359375,109.375,112.48249816894531,109.10749816894531,111.97000122070312,187902400,53.12348556518555,55.689998626708984,56.76499938964844,55.57500076293945,56.525001525878906,18844400,4.663433911868392,-0.030190955154792753,98.21951103210449,0.4751708341456864,3.9726191198299765,-0.018150023671432258,52.27569694519043,0.24081636204555532
2020-08-12,109.52226257324219,113.01000213623047,113.2750015258789,110.29750061035156,110.49749755859375,165598000,54.3302001953125,56.95500183105469,57.10499954223633,56.06999969482422,56.13999938964844,14196800,4.696127839762802,0.03269392789441028,98.96869735717773,0.48450165316466276,3.995080245359008,0.022461125529031456,52.4252233505249,0.2514134073519938
2020-08-13,111.46054077148438,115.01000213623047,116.0425033569336,113.92749786376953,114.43000030517578,210082000,54.35403823852539,56.97999954223633,57.45500183105469,56.775001525878906,57.03499984741211,11453600,4.713670633838614,0.01754279407581194,99.87296257019042,0.47995572421265253,3.9955189114239067,0.0004386660648987295,52.60765972137451,0.24512152733204193
2020-08-14,111.36121368408203,114.90750122070312,115.0,113.04499816894531,114.83000183105469,165565200,54.315895080566406,56.939998626708984,57.10499954223633,56.625,57.005001068115234,8334200,4.712779095270271,-0.0008915385683430088,100.78169250488281,0.4796326622923186,3.994816911185931,-0.0007020002379758417,52.775788116455075,0.2454975855953894
2020-08-17,111.07044219970703,114.60749816894531,116.0875015258789,113.9625015258789,116.0625,119561600,54.67837142944336,57.31999969482422,57.45000076293945,57.21500015258789,57.28499984741211,8174600,4.710164614441537,-0.0026144808287345,101.57769470214843,0.47911443857353975,4.0014682277516975,0.006651316565766674,52.896935272216794,0.23185491646682116
2020-08-18,111.99597930908203,115.5625,116.0,114.00749969482422,114.35250091552734,105633600,54.88346862792969,57.53499984741211,57.689998626708984,57.04999923706055,57.43000030517578,8930000,4.718462971624656,0.008298357183119442,102.48563499450684,0.47225116331334166,4.005212185282042,0.0037439575303448436,53.05457019805908,0.22722991414952862
2020-08-19,112.13650512695312,115.7074966430664,117.1624984741211,115.61000061035156,115.98249816894531,145538000,54.81669235229492,57.46500015258789,57.935001373291016,57.369998931884766,57.68000030517578,14239400,4.719716924942831,0.0012539533181747942,103.38742065429688,0.4725463412141973,4.00399475254018,-0.0012174327418623676,53.18811855316162,0.22687592355209568
2020-08-20,114.6247787475586,118.2750015258789,118.39250183105469,115.73249816894531,115.75,126907200,55.54643630981445,58.22999954223633,58.345001220703125,57.189998626708984,57.25,12803000,4.74166400034627,0.021947075403438987,104.62777595520019,0.4264418967258357,4.017219361189134,0.013224608648953584,53.425881958007814,0.20235509258139311
2020-08-21,120.53166961669922,124.37000274658203,124.86750030517578,119.25,119.26249694824219,338054800,56.25233459472656,58.970001220703125,59.03499984741211,58.255001068115234,58.28499984741211,15288600,4.7919125367958495,0.05024853644957972,106.17460021972656,0.443125014418746,4.029847544129516,0.01262818294038226,53.72970447540283,0.19426366440287102
2020-08-24,121.97325134277344,125.85749816894531,128.78500366210938,123.9375,128.69749450683594,345937600,56.738826751708984,59.47999954223633,59.84000015258789,58.98500061035156,59.81999969482422,16440600,4.803801769405436,0.011889232609586742,107.68733367919921,0.4420486151350482,4.03845875154459,0.008611207415074595,54.01826362609863,0.1910654102558809
2020-08-25,120.97262573242188,124.82499694824219,125.18000030517578,123.05249786376953,124.69750213623047,211495600,57.025001525878906,59.779998779296875,59.80500030517578,59.255001068115234,59.345001220703125,18628200,4.795564286385708,-0.008237483019728487,109.22537117004394,0.43528590874857437,4.0434897949285205,0.005031043383930012,54.350941276550294,0.18007915626168552
2020-08-26,122.61773681640625,126.52249908447266,126.99250030517578,125.0824966430664,126.18000030517578,163022400,58.18400573730469,60.994998931884766,61.154998779296875,60.27000045776367,60.404998779296875,16463000,4.809071685276316,0.013507398890608258,110.7592041015625,0.434999657299668,4.063610501458461,0.02012070652994069,54.70508213043213,0.184629947817848
2020-08-27,121.15191650390625,125.01000213623047,127.48500061035156,123.8324966430664,127.14250183105469,155552400,58.23170852661133,61.04499816894531,61.529998779296875,60.494998931884766,61.25,18174200,4.797045266402011,-0.012026418874304667,112.16412010192872,0.44500148875975326,4.064430026421704,0.0008195249632425572,55.047299194335935,0.18571153021464032
2020-08-28,120.95567321777344,124.80750274658203,126.44249725341797,124.57749938964844,126.01249694824219,187630000,58.74205017089844,61.58000183105469,61.779998779296875,61.20500183105469,61.28499984741211,13092600,4.795424141435739,-0.0016211249662720917,113.07214050292968,0.30855626240678485,4.073155827628173,0.008725801206469264,55.35088272094727,0.172935796592379
2020-08-31,125.05752563476562,129.0399932861328,131.0,126.0,127.58000183105469,225702700,58.92805480957031,61.775001525878906,62.17499923706055,61.439998626708984,61.82500076293945,19040000,4.828773836518547,0.03334969508280761,114.05574569702148,0.31602362227654374,4.076317289813096,0.0031614621849227476,55.59890003204346,0.15796475325932247
2020-09-01,130.03892517089844,134.17999267578125,134.8000030517578,130.52999877929688,132.75999450683594,151948100,60.053680419921875,62.95500183105469,63.03499984741211,61.939998626708984,62.33000183105469,25612600,4.867833830028572,0.039059993510025315,115.25323104858398,0.33386636036490797,4.0952388359055325,0.018921546092436792,55.89628276824951,0.16591796300420192
2020-09-02,127.34469604492188,131.39999389648438,137.97999572753906,127.0,137.58999633789062,200119000,60.587860107421875,63.51499938964844,63.86000061035156,62.404998779296875,63.85499954223633,40395000,4.8468975519120585,-0.020936278116513662,116.29677848815918,0.3511922395121076,4.104094544746517,0.008855708840984633,56.21035861968994,0.16630193576213198
2020-09-03,117.14937591552734,120.87999725341797,128.83999633789062,120.5,126.91000366210938,257599600,57.134700775146484,59.89500045776367,62.54999923706055,59.400001525878906,62.5,54162000,4.763449837714069,-0.08344771419798924,116.64481964111329,0.467819234198552,4.045411651429918,-0.05868289331659948,56.31362018585205,0.2789149699283965
2020-09-04,117.22689056396484,120.95999908447266,123.69999694824219,110.88999938964844,120.06999969482422,332607200,56.33818435668945,59.060001373291016,60.40999984741211,56.525001525878906,59.560001373291016,62544200,4.764111292497252,0.0006614547831826911,117.12199668884277,0.4577686842698697,4.031372535388107,-0.014039116041810296,56.41807384490967,0.27815817943852833
2020-09-08,109.338134765625,112.81999969482422,118.98999786376953,112.68000030517578,113.94999694824219,231366600,53.791236877441406,56.38999938964844,58.165000915527344,56.290000915527344,56.814998626708984,47860400,4.694445234291028,-0.06966605820622362,117.12647972106933,0.5253025840580411,3.9851105705818775,-0.046261964806229905,56.40281162261963,0.3264624022335225
2020-09-09,113.69924926757812,117.31999969482422,119.13999938964844,115.26000213623047,117.26000213623047,176940500,55.54643630981445,58.22999954223633,58.79999923706055,57.1349983215332,57.76499938964844,36783800,4.733556797986918,0.039111563695890084,117.51146965026855,0.5299829397287096,4.017219361189134,0.03210879060725613,56.523959159851074,0.33850343464288
2020-09-10,109.98741912841797,113.48999786376953,120.5,112.5,120.36000061035156,182274400,54.29203414916992,56.915000915527344,59.119998931884766,56.56999969482422,59.029998779296875,32109800,4.700365987691654,-0.03319081029526405,117.53472747802735,0.5334464294514423,3.994377515426347,-0.022841845762786583,56.522050857543945,0.34078167343433075
2020-09-11,108.54344177246094,112.0,115.2300033569336,110.0,114.56999969482422,180860300,53.87709045410156,56.47999954223633,57.66999816894531,55.7599983215332,57.45000076293945,37166400,4.687150477847469,-0.013215509844185291,117.38887252807618,0.5313617111121909,3.986705349603416,-0.007672165822930843,56.49820346832276,0.3418466155744212
2020-09-14,111.79975128173828,115.36000061035156,115.93000030517578,112.80000305175781,114.72000122070312,140150100,55.007469177246094,57.665000915527344,57.974998474121094,57.150001525878906,57.41999816894531,24730200,4.716709336047131,0.029558858199662197,117.41079940795899,0.5425672868853886,4.007468979234704,0.020763629631288083,56.53278217315674,0.35002293329372763
2020-09-15,111.97418975830078,115.54000091552734,118.83000183105469,113.61000061035156,118.33000183105469,184642000,55.551204681396484,58.23500061035156,58.650001525878906,57.845001220703125,58.54499816894531,18260400,4.718268396151139,0.0015590601040074148,117.45598678588867,0.5424827480432532,4.0173052022842715,0.009836223049567216,56.5764238357544,0.3509306876458077
2020-09-16,108.66941833496094,112.12999725341797,116.0,112.04000091552734,115.2300033569336,154679000,54.69267654418945,57.334999084472656,58.57500076293945,57.279998779296875,58.494998931884766,19637000,4.688310414478867,-0.029957981672271927,117.28965873718262,0.5520129030514757,4.001729816446196,-0.015575385838075384,56.566884231567386,0.3554465697218119
2020-09-17,106.93465423583984,110.33999633789062,112.19999694824219,108.70999908447266,109.72000122070312,178011000,54.239566802978516,56.86000061035156,57.255001068115234,55.904998779296875,55.994998931884766,30403600,4.672217939827507,-0.016092474651359545,117.02956619262696,0.5542913149560638,3.9934106569294965,-0.008319159516699592,56.538027954101565,0.35661503225286273
2020-09-18,103.54268646240234,106.83999633789062,110.87999725341797,106.08999633789062,110.4000015258789,287104900,53.30473709106445,55.880001068115234,57.05500030517578,55.189998626708984,56.95500183105469,41837600,4.6399839572681465,-0.03223398255936072,116.47546157836913,0.5561214476740278,3.9760252032275223,-0.017385453701974196,56.425942993164064,0.35750869067386476
2020-09-21,106.68268585205078,110.08000183105469,110.19000244140625,103.0999984741211,104.54000091552734,195713800,53.74785614013672,56.220001220703125,56.244998931884766,54.55500030517578,54.75,38381800,4.669858875712772,0.029874918444625642,115.78301239013672,0.533476685835159,3.9843037804474157,0.008278577219893446,56.30071907043457,0.35546613033094854
2020-09-22,108.35928344726562,111.80999755859375,112.86000061035156,109.16000366210938,112.68000030517578,183055400,54.59872055053711,57.11000061035156,57.255001068115234,55.88999938964844,56.85499954223633,25537400,4.6854524044898405,0.015593528777068322,115.10231399536133,0.5352926103522648,4.000010449335953,0.015706668888537223,56.19371376037598,0.35922123993911925
2020-09-23,103.81404876708984,107.12000274658203,112.11000061035156,106.7699966430664,111.62000274658203,150718700,52.89698791503906,55.33000183105469,57.19499969482422,55.15999984741211,57.13999938964844,23707800,4.642601306150511,-0.04285109833932932,114.24438514709473,0.5511482925584834,3.9683463980189404,-0.031664051317012554,55.98731307983398,0.3731457892764065
2020-09-24,104.88009643554688,108.22000122070312,110.25,105.0,105.16999816894531,167743300,53.193363189697266,55.63999938964844,56.33000183105469,54.744998931884766,54.814998626708984,31838600,4.652817758939641,0.010216452789129526,113.35750312805176,0.5495944809582927,3.973933636492052,0.005587238473111711,55.73778095245361,0.3642715878317342
2020-09-25,108.81477355957031,112.27999877929688,112.44000244140625,107.66999816894531,108.43000030517578,149981400,54.46487808227539,56.970001220703125,57.13999938964844,55.31999969482422,55.66999816894531,19326600,4.689647111596814,0.036829352657173686,112.74064598083496,0.5715488003093134,3.9975560550718905,0.023622418579838378,55.549439430236816,0.3774298882285629
2020-09-28,111.41207122802734,114.95999908447266,115.31999969482422,112.77999877929688,115.01000213623047,137672400,55.506954193115234,58.060001373291016,58.064998626708984,57.435001373291016,57.915000915527344,17473200,4.713235680940756,0.023588569343941934,112.26346588134766,0.5806742458392798,4.016508313679753,0.01895225860786276,55.38768463134765,0.3834646398823523
2020-09-29,110.56893157958984,114.08999633789062,115.30999755859375,113.56999969482422,114.55000305175781,99382200,55.320518493652344,57.8650016784668,58.22999954223633,57.7400016784668,57.98500061035156,20851000,4.705639141665894,-0.007596539274862479,111.53903617858887,0.5635790465066131,4.01314387937831,-0.0033644343014431755,55.20730781555176,0.3828108529029043
2020-09-30,112.2358627319336,115.80999755859375,117.26000213623047,113.62000274658203,113.79000091552734,142675200,55.78418731689453,58.349998474121094,58.94499969482422,57.810001373291016,57.834999084472656,22318400,4.720602574209031,0.014963432543137145,110.64888305664063,0.5440912089748219,4.021490447809503,0.008346568431193191,54.99383316040039,0.3765094589925811
2020-10-01,113.18561553955078,116.79000091552734,117.72000122070312,115.83000183105469,117.63999938964844,116120400,56.37214660644531,58.96500015258789,59.2400016784668,58.59000015258789,59.15999984741211,27076400,4.729029086489471,0.008426512280440335,109.94092903137206,0.5443578462064861,4.031975182022068,0.010484734212564462,54.78304748535156,0.37727287711483665
2020-10-02,109.53196716308594,113.0199966430664,115.37000274658203,112.22000122070312,112.88999938964844,144712000,54.94289016723633,57.470001220703125,58.470001220703125,57.2400016784668,57.51499938964844,37251600,4.696216444213506,-0.03281264227596559,109.56005859375,0.4737750180970263,4.00629428516693,-0.02568089685513808,54.67345695495605,0.32839361485333607
2020-10-05,112.90455627441406,116.5,116.6500015258789,113.55000305175781,113.91000366210938,106243800,56.1474723815918,58.72999954223633,58.76499938964844,57.845001220703125,57.880001068115234,12270600,4.726542827067736,0.030326382854230616,109.34394187927246,0.488586399423323,4.027981664705362,0.021687379538432694,54.66392135620117,0.3353708167508539
2020-10-06,109.6676254272461,113.16000366210938,116.12000274658203,112.25,115.69999694824219,161498200,55.27749252319336,57.81999969482422,59.14500045776367,57.6150016784668,58.59000015258789,26862200,4.697454204556731,-0.02908862251100519,109.36041641235352,0.43185455665932443,4.012365818864671,-0.0156158458406912,54.73823413848877,0.29468196743947206
2020-10-07,111.52838134765625,115.08000183105469,115.55000305175781,114.12999725341797,114.62000274658203,96849000,56.29087829589844,58.880001068115234,58.994998931884766,58.380001068115234,58.42499923706055,12992400,4.714279099744635,0.016824895187903977,109.25187301635742,0.41197520018783146,4.030532502408009,0.01816668354333828,54.775456237792966,0.27913400338709105
2020-10-08,111.42176055908203,114.97000122070312,116.4000015258789,114.58999633789062,116.25,83477200,56.58246994018555,59.185001373291016,59.39500045776367,58.98500061035156,59.39500045776367,10109600,4.713322645572501,-0.0009564541721340802,109.32359008789062,0.3940301119660594,4.035699218865217,0.005166716457207343,54.88997802734375,0.2652074786621782
2020-10-09,113.36003112792969,116.97000122070312,117.0,114.91999816894531,115.27999877929688,100506900,57.44767761230469,60.09000015258789,60.10499954223633,59.45000076293945,59.46500015258789,14425400,4.73056886997598,0.017246224403479005,109.56441955566406,0.3946509655148712,4.050874578974708,0.015175360109490832,55.06850738525391,0.26647768124378973
2020-10-12,120.56075286865234,124.4000015258789,125.18000030517578,119.27999877929688,120.05999755859375,240226800,59.01557159423828,61.72999954223633,62.1349983215332,60.66999816894531,60.974998474121094,19163800,4.79215379906195,0.0615849290859698,110.00246963500976,0.43810933873946956,4.07780133440963,0.02692675543492218,55.26891250610352,0.27268839643490705
2020-10-13,117.3625717163086,121.0999984741211,125.38999938964844,119.6500015258789,125.2699966430664,262330500,58.63793182373047,61.334999084472656,62.040000915527344,61.099998474121094,61.93000030517578,17613800,4.765268046651119,-0.026885752410830577,110.27188873291016,0.4514470697461817,4.071381787920455,-0.0064195464891749765,55.423248863220216,0.2737945624425821
2020-10-14,117.44979858398438,121.19000244140625,123.02999877929688,119.62000274658203,121.0,150712000,58.32722854614258,61.0099983215332,61.810001373291016,60.55500030517578,61.48500061035156,14534000,4.766010996194846,0.0007429495437270006,110.71090774536133,0.4351660688171417,4.066069026284147,-0.005312761636307783,55.60497646331787,0.2670475035493089
2020-10-15,116.98461151123047,120.70999908447266,121.19999694824219,118.1500015258789,118.72000122070312,112559200,58.06431198120117,60.73500061035156,60.85499954223633,59.84000015258789,60.0,13185000,4.762042400602474,-0.0039685955923722815,111.21340560913086,0.42987993647814465,4.061551223513616,-0.004517802770530821,55.796213722229005,0.26520404789770613
2020-10-16,115.34678649902344,119.0199966430664,121.55000305175781,118.80999755859375,121.27999877929688,115393800,57.89701843261719,60.560001373291016,61.314998626708984,60.505001068115234,61.06999969482422,11544200,4.747943125532295,-0.01409927507017894,111.80361061096191,0.4138525614147006,4.058665888134156,-0.00288533537946023,56.02582778930664,0.25492130119337786
2020-10-19,112.40059661865234,115.9800033569336,120.41999816894531,115.66000366210938,119.95999908447266,120639300,56.8358268737793,59.45000076293945,61.095001220703125,59.26499938964844,60.8650016784668,16616400,4.722069245440631,-0.025873880091664248,112.08950614929199,0.4174171332835709,4.040166881704952,-0.0184990064292041,56.18022632598877,0.26659750080022615
2020-10-20,113.88337707519531,117.51000213623047,118.9800033569336,115.62999725341797,116.19999694824219,124423700,57.03181457519531,59.654998779296875,60.28499984741211,59.290000915527344,59.67499923706055,14566600,4.735174916652226,0.013105671211595116,112.36571083068847,0.41648319679941087,4.043609262568552,0.0034423808635999364,56.30188102722168,0.2622371475404995
2020-10-21,113.26315307617188,116.87000274658203,118.70999908447266,116.44999694824219,116.66999816894531,89946000,56.945762634277344,59.564998626708984,60.1349983215332,59.43000030517578,59.5099983215332,12171800,4.7297138995721415,-0.005461017080084396,112.83816604614258,0.38223927948883574,4.042099282107921,-0.0015099804606304446,56.504319763183595,0.2305517025526409
2020-10-22,112.17769622802734,115.75,118.04000091552734,114.58999633789062,117.44999694824219,101988000,56.678077697753906,59.28499984741211,59.78499984741211,58.60499954223633,59.59000015258789,13486400,4.720084187481612,-0.009629712090529097,113.2030460357666,0.3846871811055981,4.03738749924654,-0.004711782861381408,56.678555488586426,0.23231790225491064
2020-10-23,111.48961639404297,115.04000091552734,116.55000305175781,114.27999877929688,116.38999938964844,82572600,56.61593246459961,59.220001220703125,59.380001068115234,58.724998474121094,59.369998931884766,10312800,4.713931460052805,-0.006152727428807125,113.33678817749023,0.3648365515483473,4.036290437905024,-0.0010970613415155483,56.78610820770264,0.2196853305621574
2020-10-26,111.4992904663086,115.05000305175781,116.55000305175781,112.87999725341797,114.01000213623047,111850700,55.387447357177734,57.935001373291016,59.03499984741211,57.21500015258789,58.564998626708984,18189200,4.714018227349062,8.676729625634039e-05,113.3411491394043,0.35512898022879424,4.014352986079256,-0.02193745182576823,56.78013286590576,0.22554929460765302
2020-10-27,113.00146484375,116.5999984741211,117.27999877929688,114.54000091552734,115.48999786376953,92276800,55.66468811035156,58.224998474121094,58.470001220703125,57.89500045776367,58.21500015258789,19064800,4.727400781847345,0.013382554498283739,113.4627758026123,0.35694943736361995,4.019345980189164,0.004992994109907833,56.79734134674072,0.2258994799777515
2020-10-28,107.76811218261719,111.19999694824219,115.43000030517578,111.0999984741211,115.05000305175781,143937800,53.30329895019531,55.755001068115234,57.154998779296875,55.65999984741211,57.119998931884766,32756600,4.679981809359807,-0.047418972487538014,113.23938827514648,0.3917729248004307,3.975998223256356,-0.04334775693280779,56.67329692840576,0.27144339287432745
2020-10-29,111.76097869873047,115.31999969482422,116.93000030517578,112.19999694824219,112.37000274658203,146129200,54.192405700683594,56.685001373291016,57.34000015258789,55.935001373291016,55.970001220703125,19409000,4.7163624720572,0.036380662697392374,113.16815643310547,0.41362614640810774,3.9925407824048555,0.016542559148499336,56.56430988311767,0.27603301014853676
2020-10-30,105.5003433227539,108.86000061035156,111.98999786376953,107.72000122070312,111.05999755859375,190272600,52.99259567260742,55.43000030517578,56.2400016784668,54.78499984741211,55.88999938964844,25848600,4.658714207154939,-0.05764826490226049,112.96657524108886,0.4472784634985777,3.9701521995021425,-0.02238858290271306,56.46679515838623,0.2725072580293154
2020-11-02,105.4131088256836,108.7699966430664,110.68000030517578,107.31999969482422,109.11000061035156,122866900,53.126426696777344,55.56999969482422,56.310001373291016,55.040000915527344,55.85499954223633,24039800,4.657887000533872,-0.0008272066210670559,112.59200286865234,0.43090128052738136,3.9726744823527294,0.0025222828505868655,56.315742874145506,0.25873555159619144
2020-11-03,107.03157806396484,110.44000244140625,111.48999786376953,108.7300033569336,109.66000366210938,107624400,54.06334686279297,56.54999923706055,57.04999923706055,55.775001525878906,56.005001068115234,20970200,4.673123913015077,0.015236912481205067,112.46020050048828,0.42457726239694893,3.9901564490835004,0.01748196673077107,56.25503559112549,0.26356155809376786
2020-11-04,111.40239715576172,114.94999694824219,115.58999633789062,112.3499984741211,114.13999938964844,138235500,56.16661071777344,58.75,59.189998626708984,57.685001373291016,58.27000045776367,30763800,4.713148845715541,0.04002493270046337,112.45390129089355,0.4451410889900672,4.028322465001082,0.03816601591758184,56.24882221221924,0.2910859898415987
2020-11-05,115.3564682006836,119.02999877929688,119.62000274658203,116.87000274658203,117.94999694824219,126387100,57.911346435546875,60.57500076293945,60.75,60.04499816894531,60.29499816894531,22189800,4.74802705760927,0.034878211893729194,112.65063667297363,0.46203364890600757,4.058913331451729,0.03059086645064646,56.3152660369873,0.3105391093876278
2020-11-06,115.22541046142578,118.69000244140625,119.19999694824219,116.12999725341797,118.31999969482422,114457900,58.116905212402344,60.790000915527344,60.98500061035156,59.60499954223633,60.43000030517578,19455200,4.746890300860377,-0.0011367567488926866,112.74390563964843,0.45844234907762893,4.062456589046256,0.00354325759452756,56.34872741699219,0.30629246541053745
2020-11-09,112.92457580566406,116.31999969482422,121.98999786376953,116.05000305175781,120.5,154515300,57.69624710083008,60.349998474121094,62.68000030517578,60.29499816894531,62.08000183105469,39768200,4.726720125108233,-0.02017017575214375,112.36209678649902,0.40323615426643483,4.055192129818691,-0.007264459227565467,56.28276119232178,0.2909441791095867
2020-11-10,112.58482360839844,115.97000122070312,117.58999633789062,114.12999725341797,115.55000305175781,138023400,56.620723724365234,59.224998474121094,60.244998931884766,58.744998931884766,59.82500076293945,23538400,4.723706925168809,-0.0030131999394242825,112.12320938110352,0.39347997541241675,4.0363750617349705,-0.0188170680837203,56.18190078735351,0.2971943621942812
2020-11-11,116.0020751953125,119.48999786376953,119.62999725341797,116.44000244140625,117.19000244140625,112295000,57.963932037353516,60.630001068115234,60.79499816894531,59.70500183105469,59.82500076293945,14488600,4.7536080805611105,0.029901155392301426,112.05082321166992,0.40953749233135256,4.059820955685466,0.023445893950495567,56.163735961914064,0.30988354643130167
2020-11-12,115.73023223876953,119.20999908447266,120.52999877929688,118.56999969482422,119.62000274658203,103162300,57.44767761230469,60.09000015258789,60.93000030517578,59.810001373291016,60.630001068115234,14352800,4.751261898587166,-0.002346181973944539,111.98810424804688,0.40940202440807816,4.050874578974708,-0.008946376710758486,56.13290424346924,0.31107708198677964
2020-11-13,115.77877807617188,119.26000213623047,119.66999816894531,117.87000274658203,119.44000244140625,81581900,57.93526077270508,60.599998474121094,60.724998474121094,59.974998474121094,60.54499816894531,11851600,4.751681284753155,0.0004193861659889109,112.0097038269043,0.40625555740796954,4.059326193564383,0.008451614589675138,56.134816360473636,0.31253995314823624
2020-11-16,116.7884292602539,120.30000305175781,120.98999786376953,118.1500015258789,118.91999816894531,91183000,58.49452590942383,61.185001373291016,61.29499816894531,60.47999954223633,60.60499954223633,14864200,4.760364000934289,0.008682716181134253,112.22909545898438,0.395222864138977,4.068933175661589,0.009606982097206007,56.21775131225586,0.30629729280878315
2020-11-17,115.90499114990234,119.38999938964844,120.66999816894531,118.95999908447266,119.55000305175781,74271000,58.169490814208984,60.845001220703125,61.17499923706055,60.584999084472656,60.880001068115234,9939400,4.752770813697175,-0.007593187237113774,112.33017616271972,0.3942777537467667,4.0633610044755395,-0.005572171186049246,56.27463512420654,0.3071851504111956
2020-11-18,114.58467102050781,118.02999877929688,119.81999969482422,118.0,118.61000061035156,76322100,57.548057556152344,60.19499969482422,61.029998779296875,60.16999816894531,60.7400016784668,9542800,4.741314034605322,-0.011456779091853164,112.39625205993653,0.3961267271939586,4.052620382315948,-0.010740622159591595,56.30474987030029,0.30991585653316667
2020-11-19,115.1768798828125,118.63999938964844,119.05999755859375,116.80999755859375,117.58999633789062,74113000,58.011741638183594,60.68000030517578,60.790000915527344,59.810001373291016,60.07500076293945,12155200,4.746469032658065,0.005154998052742776,112.54621124267578,0.39454594306054314,4.060645432095443,0.008025049779495141,56.371433067321775,0.3103582361069435
2020-11-20,113.91483306884766,117.33999633789062,118.7699966430664,117.29000091552734,118.63999938964844,73604300,57.414215087890625,60.05500030517578,60.75,60.03499984741211,60.73500061035156,9915800,4.735451090848962,-0.011017941809102538,112.66747207641602,0.39614271571683257,4.050291922280236,-0.010353509815207218,56.411347198486325,0.31298040638378766
2020-11-23,110.52667999267578,113.8499984741211,117.62000274658203,113.75,117.18000030517578,127959300,57.399879455566406,60.040000915527344,60.6349983215332,59.52000045776367,60.2400016784668,9807000,4.705256939711473,-0.030194151137489023,112.61884155273438,0.41143285907093075,4.0500422032460754,-0.00024971903416037833,56.511968803405765,0.30142987947993255
2020-11-24,111.80816650390625,115.16999816894531,115.8499984741211,112.58999633789062,113.91000366210938,113874200,58.19815444946289,60.875,60.994998931884766,59.834999084472656,60.27000045776367,13634000,4.716784603705408,0.011527663993934567,112.55917663574219,0.41065840759095146,4.063853643744276,0.013811440498200156,56.638642120361325,0.30428663159481406
2020-11-25,112.6430435180664,116.02999877929688,116.75,115.16999816894531,115.55000305175781,76499200,58.322444915771484,61.005001068115234,61.2599983215332,60.775001525878906,61.084999084472656,12186400,4.724223911913899,0.007439308208491369,112.80292320251465,0.37192480586652643,4.065987009245748,0.002133365501472362,56.88959941864014,0.25233371349632766
2020-11-27,113.18672943115234,116.58999633789062,117.48999786376953,116.22000122070312,116.56999969482422,46691300,58.633155822753906,61.33000183105469,61.59000015258789,61.21500015258789,61.33000183105469,7025800,4.729038927723406,0.004815015809506384,112.87421073913575,0.34967491838473697,4.071300335602154,0.005313326356406023,57.11163692474365,0.24834214740779315
2020-11-30,115.57490539550781,119.05000305175781,120.97000122070312,116.80999755859375,116.97000122070312,169410200,59.02513122558594,61.7400016784668,61.83000183105469,60.6150016784668,61.310001373291016,32229200,4.749918851318971,0.02087992359556523,113.37793884277343,0.28029873339236383,4.077963306189536,0.006662970587382411,57.41326370239258,0.2280790995138105
2020-12-01,119.13777923583984,122.72000122070312,123.47000122070312,120.01000213623047,121.01000213623047,127728200,59.780391693115234,62.529998779296875,62.875,61.9900016784668,62.25,22681200,4.780280632072475,0.03036178075350371,114.06417236328124,0.29388243042109025,4.090677709077806,0.012714402888269305,57.74596195220947,0.2292454809574113
2020-12-02,119.48728942871094,123.08000183105469,123.37000274658203,120.88999938964844,122.0199966430664,89004200,59.68955612182617,62.435001373291016,62.505001068115234,61.79499816894531,62.26499938964844,16038800,4.783210001101152,0.002929369028676909,114.68695793151855,0.2920598207916719,4.089157065761992,-0.0015206433158141408,58.027272415161136,0.2264184368184918
2020-12-03,119.35136413574219,122.94000244140625,123.77999877929688,122.20999908447266,123.5199966430664,78967600,59.65131378173828,62.39500045776367,62.814998626708984,62.22999954223633,62.505001068115234,13775400,4.782071782428295,-0.0011382186728567945,115.08440628051758,0.2625930981268216,4.088516173141923,-0.0006408926200682785,58.201507568359375,0.18986292369964416
2020-12-04,118.68150329589844,122.25,122.86000061035156,121.5199966430664,122.5999984741211,78260400,60.24884796142578,63.02000045776367,63.029998779296875,62.349998474121094,62.48500061035156,10358800,4.776443462143025,-0.00562832028527005,115.25065803527832,0.2363377716232468,4.09848345121577,0.009967278073847119,58.31838264465332,0.16222928673169248
2020-12-07,120.1377182006836,123.75,124.56999969482422,122.25,122.30999755859375,86712000,60.420921325683594,63.20000076293945,63.3849983215332,62.94499969482422,63.05500030517578,8905400,4.788638736405654,0.012195274262629674,115.49627342224122,0.23914560104078197,4.101335424529515,0.002851973313744871,58.433583450317386,0.16215939529626003
2020-12-08,120.74932861328125,124.37999725341797,124.9800033569336,123.08999633789062,124.37000274658203,82225500,60.616905212402344,63.404998779296875,63.60499954223633,62.869998931884766,63.13999938964844,7886800,4.793716732378767,0.00507799597311287,115.88751106262207,0.22431209866794138,4.104573818073104,0.003238393543588458,58.57961635589599,0.15849320361234306
2020-12-09,118.2252197265625,121.77999877929688,125.94999694824219,121.0,124.52999877929688,115089200,59.45532989501953,62.189998626708984,63.55500030517578,61.974998474121094,63.3650016784668,17271800,4.772591447073888,-0.021125285304878894,116.16953086853027,0.23980495404449811,4.085225272524717,-0.01934854554838683,58.72134666442871,0.1594482669389406
2020-12-10,119.64259338378906,123.23999786376953,123.87000274658203,120.1500015258789,120.5,81312200,59.541378021240234,62.279998779296875,62.57500076293945,61.665000915527344,61.810001373291016,9997400,4.784508910088073,0.011917463014184726,116.3515567779541,0.22018932389808674,4.086671499781343,0.0014462272566264645,58.800218963623045,0.13879848112682028
2020-12-11,118.83684539794922,122.41000366210938,122.76000213623047,120.55000305175781,122.43000030517578,86939800,59.41709518432617,62.150001525878906,62.150001525878906,61.45000076293945,61.904998779296875,13023200,4.777751505290461,-0.006757404797611777,116.50688743591309,0.22177431313670737,4.08458198267871,-0.002089517102633387,58.89868984222412,0.13411191743339115
2020-12-14,118.2252197265625,121.77999877929688,123.3499984741211,121.54000091552734,122.5999984741211,79184500,59.6322021484375,62.375,62.935001373291016,62.29999923706055,62.34000015258789,11055800,4.772591447073888,-0.005160058216572949,116.62920951843262,0.22295748994698542,4.088195732663366,0.003613749984656245,58.983536911010745,0.13195677898584005
2020-12-15,124.14714813232422,127.87999725341797,127.9000015258789,124.12999725341797,124.33999633789062,157243700,60.62647247314453,63.415000915527344,63.415000915527344,62.64500045776367,63.04999923706055,9099200,4.821467540545141,0.04887609347125288,116.99714546203613,0.27965709940061695,4.10473163717951,0.01653590451614395,59.09013423919678,0.1397066906421381
2020-12-16,124.07919311523438,127.80999755859375,128.3699951171875,126.55999755859375,127.41000366210938,98208600,61.03755569458008,63.845001220703125,64.06999969482422,63.290000915527344,63.5,10309200,4.820920015907378,-0.0005475246377635301,117.40585556030274,0.2772064994785872,4.111489341852324,0.00675770467281378,59.23353748321533,0.13793329157855505
2020-12-17,124.94322204589844,128.6999969482422,129.5800018310547,128.0399932861328,128.89999389648438,94359800,61.52035140991211,64.3499984741211,64.48999786376953,64.04499816894531,64.30999755859375,11505000,4.827859410478685,0.006939394571307211,117.92378311157226,0.27176098613557004,4.119368037305784,0.007878695453459983,59.43215217590332,0.13000154091256896
2020-12-18,122.9627685546875,126.66000366210938,129.10000610351562,126.12000274658203,128.9600067138672,192541500,61.30524826049805,64.125,64.45500183105469,63.71500015258789,64.44499969482422,17693400,4.8118816148737995,-0.015977795604885436,118.31307754516601,0.28109985008730226,4.1158654552724,-0.0035025820333842717,59.59682750701904,0.13092496658639244
2020-12-21,124.4869155883789,128.22999572753906,128.30999755859375,123.44999694824219,125.0199966430664,121251600,61.3665771484375,64.04000091552734,64.06999969482422,62.599998474121094,63.165000915527344,15232200,4.824200614706154,0.012318999832354294,118.84168167114258,0.2775500073260259,4.116865340826309,0.0009998855539095075,59.79444561004639,0.1217204434306408
2020-12-22,128.0303955078125,131.8800048828125,134.41000366210938,129.64999389648438,131.61000061035156,168904800,61.898399353027344,64.59500122070312,64.88500213623047,64.0999984741211,64.3949966430664,14334200,4.852267700634075,0.028067085927920843,119.71686744689941,0.2574518114999675,4.1254943207621455,0.008628979935836334,60.019371604919435,0.1223370803466675
2020-12-23,127.13726806640625,130.9600067138672,132.42999267578125,130.77999877929688,132.16000366210938,88223700,61.42886734008789,64.1050033569336,64.71499633789062,64.01000213623047,64.66999816894531,11300800,4.84526735367638,-0.007000346957694248,120.48332252502442,0.2618279597767862,4.117879876784913,-0.007614443977232099,60.180907249450684,0.12265828640613224
2020-12-24,128.11778259277344,131.97000122070312,133.4600067138672,131.10000610351562,131.32000732421875,54930100,61.83613204956055,64.52999877929688,64.69000244140625,64.16999816894531,64.21499633789062,4384600,4.852950017322791,0.007682663646410681,121.25705947875977,0.261841898808149,4.124487854612119,0.00660797782720568,60.356591606140135,0.12340957023751321
2020-12-28,132.6999969482422,136.69000244140625,137.33999633789062,133.50999450683594,133.99000549316406,124486200,62.53565216064453,65.26000213623047,65.38999938964844,64.86499786376953,65.16999816894531,8171000,4.88809091834074,0.03514090101794931,122.23272285461425,0.28079292538305195,4.135736828676714,0.011248974064595352,60.55171642303467,0.1266881270514681
2020-12-29,130.93309020996094,134.8699951171875,138.7899932861328,134.33999633789062,138.0500030517578,121047300,62.23857879638672,64.94999694824219,65.69999694824219,64.83499908447266,65.61499786376953,8841400,4.87468643096191,-0.013404487378830154,123.00063209533691,0.2861788869867626,4.130975045361145,-0.00476178331556909,60.712388801574704,0.12904121228625673
2020-12-30,129.81666564941406,133.72000122070312,135.99000549316406,133.39999389648438,135.5800018310547,96452100,62.20503616333008,64.91500091552734,65.30999755859375,64.81999969482422,65.17500305175781,8141400,4.866123190861777,-0.008563240100133207,123.53457641601562,0.275827885206245,4.130435963723573,-0.000539081637572103,60.83362102508545,0.12380140923071131
2020-12-31,128.81675720214844,132.69000244140625,134.74000549316406,131.72000122070312,134.0800018310547,99116600,62.296085357666016,65.01000213623047,65.19499969482422,64.48500061035156,64.94499969482422,11058400,4.858390907708809,-0.0077322831529675895,124.0010498046875,0.27910335444010415,4.131898588468719,0.0014626247451454688,60.963947486877444,0.1231311396407479
2021-01-04,125.63249206542969,129.41000366210938,133.61000061035156,126.76000213623047,133.52000427246094,143301900,61.28033447265625,63.95000076293945,65.3550033569336,63.119998931884766,65.33999633789062,21017200,4.833360915366824,-0.02502999234198544,124.31510620117187,0.296975871718226,4.115458983522144,-0.016439604946574704,61.04539852142334,0.139536463157018
2021-01-05,127.1857681274414,131.00999450683594,131.74000549316406,128.42999267578125,128.88999938964844,97664900,61.678016662597656,64.36499786376953,64.47000122070312,63.76499938964844,63.80500030517578,12361400,4.845648758855785,0.012287843488961059,124.74031944274903,0.2972297311576006,4.121927573462428,0.006468589940284097,61.11685695648193,0.13720294136500552
2021-01-06,122.90452575683594,126.5999984741211,131.0500030517578,126.37999725341797,127.72000122070312,155088000,60.61434555053711,63.255001068115234,64.48999786376953,63.060001373291016,63.44499969482422,27258000,4.811407840603788,-0.03424091825199671,124.87865982055663,0.32365958226690955,4.104531590316654,-0.017395983145774174,61.12652816772461,0.15194796048552395
2021-01-07,127.09842681884766,130.9199981689453,131.6300048828125,127.86000061035156,128.36000061035156,109578200,62.24815368652344,64.95999908447266,65.08499908447266,63.84000015258789,63.8650016784668,19652000,4.844961800611707,0.03355396000791888,125.19611473083496,0.3434361670891212,4.1311288752507185,0.026597284934064547,61.20809059143066,0.17852391567071882
2021-01-08,128.19544982910156,132.0500030517578,132.6300048828125,130.22999572753906,132.42999267578125,105158200,62.650634765625,65.37999725341797,65.55500030517578,64.63999938964844,65.27999877929688,12387600,4.853556051103969,0.008594250492262034,125.69462623596192,0.33226991262112704,4.13757381322411,0.006444937973391518,61.367855834960935,0.16157588611985796
2021-01-11,125.21502685546875,128.97999572753906,130.1699981689453,128.5,129.19000244140625,100384500,62.1331787109375,64.83999633789062,65.30000305175781,64.56999969482422,64.74500274658203,17853200,4.830032474271095,-0.02352357683287387,125.9732479095459,0.3447197674037935,4.129280125022412,-0.008293688201698401,61.4974458694458,0.16614654353972594
2021-01-12,125.04029083251953,128.8000030517578,129.69000244140625,126.86000061035156,128.5,91951100,61.83613204956055,64.52999877929688,64.84500122070312,63.915000915527344,64.76000213623047,17089200,4.828636012026379,-0.0013964622447160124,126.28342018127441,0.3433791026255505,4.124487854612119,-0.0047922704102925096,61.61839771270752,0.16732979623810038
2021-01-13,127.06927490234375,130.88999938964844,131.4499969482422,128.49000549316406,128.75999450683594,88636800,62.22900390625,64.94000244140625,65.13999938964844,64.48999786376953,64.61499786376953,13605200,4.844732409414995,0.016096397388615458,126.72562294006347,0.34533787921581904,4.130821191804296,0.006333337192176991,61.74823780059815,0.16795597256054143
2021-01-14,125.14706420898438,128.91000366210938,131.0,128.75999450683594,130.8000030517578,90221800,61.682804107666016,64.37000274658203,65.23500061035156,64.2750015258789,65.0999984741211,15624800,4.829489559424325,-0.015242849990669605,126.77561874389649,0.3066993442548218,4.1220051904082435,-0.008816001396052542,61.80105438232422,0.16315777877785995
2021-01-15,123.42875671386719,127.13999938964844,130.22000122070312,127.0,128.77999877929688,111598500,61.050350189208984,63.709999084472656,64.55999755859375,63.58000183105469,64.2750015258789,12641200,4.815664120901632,-0.013825438522693467,126.74309692382812,0.31083761817161004,4.111698936645242,-0.01030625376300165,61.80169410705567,0.16619692068106098
2021-01-19,124.09860229492188,127.83000183105469,128.7100067138672,126.94000244140625,127.77999877929688,90757300,61.845706939697266,64.54000091552734,64.6500015258789,63.92499923706055,64.1500015258789,11569600,4.8210764294148385,0.005412308513206732,126.7008659362793,0.31041530555075575,4.1246426855918985,0.012943748946656619,61.817961883544925,0.17029920142345586
2021-01-20,128.176025390625,132.02999877929688,132.49000549316406,128.5500030517578,128.66000366210938,104319500,63.07228469848633,65.81999969482422,66.05000305175781,64.94499969482422,65.03500366210938,11770000,4.8534045175646225,0.03232808814978405,126.96152877807617,0.3251464805885983,4.144281444825012,0.019638759233113312,61.90631370544433,0.18285902205599627
2021-01-21,132.874755859375,136.8699951171875,139.6699981689453,133.58999633789062,133.8000030517578,120150900,63.88679122924805,66.66999816894531,66.88999938964844,65.81999969482422,66.17500305175781,8945200,4.889406999289775,0.03600248172515208,127.38092079162598,0.3452862452325661,4.157112629988609,0.012831185163597603,62.032324409484865,0.18726736390734103
2021-01-22,135.01052856445312,139.07000732421875,139.85000610351562,135.02000427246094,136.27999877929688,114459400,63.642425537109375,66.41500091552734,66.75,66.25499725341797,66.38999938964844,11243600,4.9053527647637365,0.01594576547396187,127.72992744445801,0.3362999340242528,4.153280316148527,-0.00383231384008198,62.11952571868896,0.18665075704871553
2021-01-25,138.74813842773438,142.9199981689453,145.08999633789062,136.5399932861328,143.07000732421875,157611700,64.17426300048828,66.97000122070312,67.3949966430664,65.3499984741211,67.16500091552734,18205200,4.932660335799489,0.02730757103575243,128.31047096252442,0.34516948480339504,4.16160224247604,0.00832192632751294,62.256795501708986,0.18501978083634846
2021-01-26,138.98110961914062,143.16000366210938,144.3000030517578,141.3699951171875,143.60000610351562,98390600,64.21737670898438,67.01499938964844,67.30999755859375,66.76000213623047,67.20500183105469,8593400,4.934338021874605,0.0016776860751157585,128.85363731384277,0.34506317726131425,4.162273839321663,0.0006715968456223464,62.375857734680174,0.18433675564071467
2021-01-27,137.9132080078125,142.05999755859375,144.3000030517578,140.41000366210938,143.42999267578125,140843800,63.00520324707031,65.75,66.91000366210938,65.15499877929688,66.69499969482422,24484600,4.926624559819735,-0.00771346205486978,129.1142978668213,0.3269363120478543,4.143217314204404,-0.01905652511725897,62.39933528900146,0.19500767543645192
2021-01-28,133.08827209472656,137.08999633789062,141.99000549316406,136.6999969482422,139.52000427246094,142621100,63.263912200927734,66.0199966430664,67.12000274658203,65.86000061035156,66.08499908447266,16181600,4.89101260803069,-0.03561195178904519,129.22205696105956,0.3494747944687444,4.147315059166804,0.004097744962400007,62.450601959228514,0.19444797161609842
2021-01-29,128.10806274414062,131.9600067138672,136.74000549316406,130.2100067138672,135.8300018310547,177523800,61.77383041381836,64.46499633789062,65.94999694824219,64.11499786376953,65.69000244140625,19023200,4.852874147937916,-0.03813846009277366,129.1366268157959,0.37484961089796615,4.123479818693716,-0.023835240473087715,62.42904167175293,0.21327489028350452
2021-02-01,130.2244415283203,134.13999938964844,135.3800048828125,130.92999267578125,133.75,106239800,63.3214225769043,66.08000183105469,66.4000015258789,64.75,65.2300033569336,11232600,4.869259435108489,0.016385287170573193,129.2070110321045,0.37857388324757146,4.148223701230822,0.024743882537105577,62.480308532714844,0.2311572058493287
2021-02-02,131.04962158203125,134.99000549316406,136.30999755859375,134.61000061035156,135.72999572753906,83305400,64.1790542602539,66.9749984741211,67.16999816894531,66.625,66.72000122070312,8595000,4.875576042180594,0.006316607072104574,129.47786750793458,0.36665312495836516,4.161676899833873,0.013453198603051497,62.625244522094725,0.22585347767564865
2021-02-03,130.0302734375,133.94000244140625,135.77000427246094,133.61000061035156,135.75999450683594,89880900,63.95866012573242,66.74500274658203,67.25,66.54499816894531,67.11000061035156,11574800,4.867767295941122,-0.007808746239471809,129.6200927734375,0.36619397161009815,4.158236939118004,-0.0034399607158688283,62.73927669525146,0.22617262486290032
2021-02-04,133.37953186035156,137.38999938964844,137.39999389648438,134.58999633789062,136.3000030517578,84183100,64.97918701171875,67.80999755859375,67.80999755859375,66.91000366210938,67.1050033569336,8134200,4.8931986873790745,0.025431391437952477,130.1438430786133,0.3507333247245888,4.174067018801018,0.01583007968301331,62.95751876831055,0.21938959054572751
2021-02-05,132.9663543701172,136.75999450683594,137.4199981689453,135.86000061035156,137.35000610351562,75693800,64.83546447753906,67.66000366210938,68.0250015258789,67.46499633789062,68.01499938964844,9413800,4.890096121557494,-0.0031025658215808605,130.43723945617677,0.3336081519606228,4.171852744969002,-0.0022142738320152233,63.086884307861325,0.20228924630897369
2021-02-08,133.1121826171875,136.91000366210938,136.9600067138672,134.9199981689453,136.02999877929688,71297200,65.51582336425781,68.37000274658203,68.4000015258789,67.83999633789062,67.93499755859375,11713200,4.891192251018536,0.0010961294610423167,130.68307609558104,0.33277961784041016,4.182291691546192,0.01043894657718969,63.23014373779297,0.20393387655207995
2021-02-09,132.23716735839844,136.00999450683594,137.8800048828125,135.85000610351562,136.6199951171875,76774200,65.43917083740234,68.29000091552734,68.61499786376953,68.16999816894531,68.19000244140625,10552200,4.8845970328235655,-0.0065952181949704425,131.03418312072753,0.3208501755495374,4.181121021636627,-0.0011706699095652695,63.39544334411621,0.2005960607962567
2021-02-10,131.63436889648438,135.38999938964844,136.99000549316406,134.39999389648438,136.47999572753906,73046600,65.34333801269531,68.19000244140625,68.6500015258789,67.61000061035156,68.56500244140625,9464400,4.880028146621792,-0.0045688862017732035,131.36388702392577,0.3215878556406029,4.179655491686147,-0.0014655299504795494,63.57080364227295,0.19931530004003065
2021-02-11,131.38156127929688,135.1300048828125,136.38999938964844,133.77000427246094,135.89999389648438,64280000,66.06201171875,68.94000244140625,68.98500061035156,68.38500213623047,68.6500015258789,7565800,4.878105771084513,-0.0019223755372790308,131.57950134277343,0.3178745761131622,4.190593872401627,0.010938380715479923,63.76245403289795,0.20107333957686035
2021-02-12,131.61488342285156,135.3699951171875,135.52999877929688,133.69000244140625,134.35000610351562,60145100,66.4021987915039,69.29499816894531,69.33999633789062,68.56999969482422,68.76000213623047,6755600,4.879880108414681,0.0017743373301675192,131.90289230346679,0.31154309188484525,4.195730170263999,0.005136297862371464,63.99842376708985,0.19625074679304946
2021-02-16,129.49539184570312,133.19000244140625,136.00999450683594,132.7899932861328,135.49000549316406,80576300,66.18659973144531,69.06999969482422,69.62000274658203,68.88999938964844,69.56999969482422,9722200,4.863645296303395,-0.016234812111285635,132.2062240600586,0.3133318981453707,4.192478021477926,-0.0032521487860730502,64.25523624420165,0.19111009306703247
2021-02-17,127.21054077148438,130.83999633789062,132.22000122070312,129.47000122070312,131.25,97918500,65.60206604003906,68.45999908447266,68.61000061035156,67.7699966430664,68.43499755859375,15274800,4.845843515173033,-0.01780178113036257,132.36182098388673,0.32110968603351775,4.183607189966892,-0.008870831511033295,64.44305419921875,0.19330352236696194
2021-02-18,126.11193084716797,129.7100067138672,130.0,127.41000366210938,129.1999969482422,96856700,65.28105926513672,68.125,68.23999786376953,67.26499938964844,67.75,10954800,4.83716985266786,-0.00867366250517243,132.25861625671388,0.3007986959647401,4.178701937012205,-0.004905252954687356,64.55349292755128,0.18463483743803613
2021-02-19,126.26744842529297,129.8699951171875,130.7100067138672,128.8000030517578,130.24000549316406,87668800,65.18521881103516,68.0250015258789,68.53500366210938,67.72000122070312,68.4749984741211,11685600,4.838402263954845,0.0012324112869848136,131.92825088500976,0.2678771513495664,4.1772327378788425,-0.0014691991333624088,64.61841430664063,0.18014506974999975
2021-02-22,122.50482177734375,126.0,129.72000122070312,125.5999984741211,128.00999450683594,103916400,63.74782943725586,66.5250015258789,67.41000366210938,66.48500061035156,67.19000244140625,14262600,4.808150390657844,-0.030251873297000742,131.3029655456543,0.2756508279538956,4.154935135415842,-0.022297602463000388,64.62368450164794,0.19778350649190846
2021-02-23,122.36872100830078,125.86000061035156,126.70999908447266,118.38999938964844,123.76000213623047,158273000,63.57057189941406,66.33999633789062,66.75,64.30500030517578,65.41999816894531,24198400,4.807038790102642,-0.0011116005552018748,130.4839946746826,0.248817115488229,4.152150657280575,-0.0027844781352674985,64.59349994659424,0.19556377629881455
2021-02-24,121.87285614013672,125.3499984741211,125.55999755859375,122.2300033569336,124.94000244140625,111039900,64.54319763183594,67.3550033569336,67.41500091552734,65.33999633789062,65.84500122070312,16472200,4.802978338518262,-0.004060451584380509,129.62858200073242,0.24721126767210114,4.167334730358326,0.015184073077751492,64.60979099273682,0.20332084571457615
2021-02-25,117.63379669189453,120.98999786376953,126.45999908447266,120.54000091552734,124.68000030517578,148199500,62.2865104675293,65.0,67.19999694824219,64.70999908447266,66.75499725341797,34313800,4.7675763810126774,-0.03540195750558439,128.61461143493653,0.26760896726929717,4.131744876947585,-0.03558985341074106,64.57385635375977,0.23076428038540908
2021-02-26,117.89631652832031,121.26000213623047,124.8499984741211,121.19999694824219,122.58999633789062,164560400,62.617095947265625,65.34500122070312,66.3499984741211,64.76499938964844,65.6449966430664,35511600,4.769805564717023,0.002229183704345772,127.85501365661621,0.2487828155695772,4.137038339020659,0.005293462073074018,64.54151554107666,0.231124066444061
2021-03-01,124.24516296386719,127.79000091552734,127.93000030517578,122.79000091552734,123.75,116307900,64.63422393798828,67.44999694824219,67.48999786376953,66.03500366210938,66.45500183105469,24773800,4.822256734350679,0.052451169633656036,127.66186866760253,0.29700263302740965,4.168744052825247,0.03170571380458753,64.68453521728516,0.24068118154420787
2021-03-02,121.64924621582031,125.12000274658203,128.72000122070312,125.01000213623047,128.41000366210938,102260900,63.60890197753906,66.37999725341797,67.58999633789062,66.28500366210938,67.54499816894531,24802800,4.801141872875113,-0.021114861475566293,127.23310890197754,0.2968291117288923,4.152753428751741,-0.015990624073505266,64.6989091873169,0.23354534613455674
2021-03-03,118.67410278320312,122.05999755859375,125.70999908447266,121.83999633789062,124.80999755859375,112966300,62.00861740112305,64.70999908447266,66.25,64.63999938964844,66.05999755859375,29889600,4.776381104124018,-0.02476076875109534,126.61433296203613,0.3037461679798507,4.127273365727524,-0.02548006302421779,64.59038734436035,0.24491330717943396
2021-03-04,116.79765319824219,120.12999725341797,123.5999984741211,118.62000274658203,121.75,178155000,60.63829803466797,63.279998779296875,64.9800033569336,62.47999954223633,64.51000213623047,76955600,4.760442977711467,-0.01593812641255088,125.95270195007325,0.3061189211322216,4.104926674229618,-0.022346691497905802,64.42436923980713,0.25563469362420344
2021-03-05,118.05186462402344,121.41999816894531,121.94000244140625,117.56999969482422,120.9800033569336,153766600,61.78341293334961,64.4749984741211,64.65499877929688,62.35499954223633,64.06999969482422,46085800,4.771124058612399,0.010681080900932116,125.18631858825684,0.2905167361849115,4.123634929301413,0.018708255071794966,64.26458053588867,0.2585837656855813
2021-03-08,113.13224029541016,116.36000061035156,121.0,116.20999908447266,120.93000030517578,154376600,60.288536071777344,62.915000915527344,64.7249984741211,62.849998474121094,64.41500091552734,35242400,4.7285574025833705,-0.042566656029028316,124.19461288452149,0.31761874106494614,4.099141970763114,-0.024492958538298915,64.03723411560058,0.27007003097361826
2021-03-09,117.73101806640625,121.08999633789062,122.05999755859375,118.79000091552734,119.02999877929688,129525800,62.33920669555664,65.05500030517578,65.45500183105469,64.30000305175781,64.38500213623047,22987200,4.768402514520704,0.039845111937333755,123.42555465698243,0.35948443170822003,4.132590548809981,0.03344857804686718,63.87840328216553,0.29698370090398846
2021-03-10,116.65181732177734,119.9800033569336,122.16999816894531,119.44999694824219,121.69000244140625,111943300,62.090057373046875,64.79499816894531,65.76499938964844,64.74500274658203,65.75499725341797,18459000,4.759193577615499,-0.009208936905205078,122.64628715515137,0.3596480651673461,4.128585869406764,-0.004004679403217359,63.710947608947755,0.29698772152138486
2021-03-11,118.576904296875,121.95999908447266,123.20999908447266,121.26000213623047,122.54000091552734,103026500,63.417236328125,66.18000030517578,66.58999633789062,65.62999725341797,65.7699966430664,13362800,4.7755617314860475,0.01636815387054824,121.9934139251709,0.3685307682883467,4.149735690868425,0.021149821461661666,63.61464252471924,0.3087760537705348
2021-03-12,117.67269134521484,121.02999877929688,121.16999816894531,119.16000366210938,120.4000015258789,88105100,62.96207046508789,65.70500183105469,65.7249984741211,64.97000122070312,65.38999938964844,12442200,4.767906968188569,-0.007654763297478162,121.3079704284668,0.36841149238121434,4.142532488973261,-0.007203201895164213,63.459645462036136,0.30578708553807915
2021-03-15,120.55059051513672,123.98999786376953,124.0,120.41999816894531,121.41000366210938,92403800,63.63284683227539,66.40499877929688,66.44499969482422,65.49500274658203,65.75499725341797,16585000,4.792069503123161,0.024162534934591307,120.75475578308105,0.3825813687806067,4.153129796653675,0.010597307680414225,63.321177864074706,0.30817797302351385
2021-03-16,122.08673095703125,125.56999969482422,127.22000122070312,124.72000122070312,125.69999694824219,115227900,64.11196899414062,66.90499877929688,67.54499816894531,66.62000274658203,66.91500091552734,13106800,4.804731701640671,0.012662198517510603,120.38432273864746,0.3844619107624489,4.160631070273454,0.007501273619778814,63.21744632720947,0.31001708292355734
2021-03-17,121.2992172241211,124.76000213623047,125.86000061035156,122.33999633789062,124.05000305175781,111932600,64.05927276611328,66.8499984741211,67.25,65.86000061035156,66.36499786376953,19366400,4.798260362706768,-0.006471338933903503,120.0887565612793,0.38074067465412553,4.159808791729955,-0.0008222785434988111,63.140306663513186,0.30882497403573245
2021-03-18,117.18655395507812,120.52999877929688,123.18000030517578,120.31999969482422,122.87999725341797,121229700,62.28171157836914,64.99500274658203,66.05000305175781,64.91500091552734,65.93499755859375,17584800,4.763767143215477,-0.03449321949129036,119.64248771667481,0.39708228036650695,4.131667828578688,-0.028140963151267684,62.990339279174805,0.3232113189768864
2021-03-19,116.66153717041016,119.98999786376953,121.43000030517578,119.68000030517578,119.9000015258789,185549500,62.094852447509766,64.80000305175781,65.29499816894531,64.48999786376953,65.01000213623047,27224800,4.759276897737998,-0.004490245477479782,119.16219215393066,0.3966645443742184,4.128663094159307,-0.003004734419380206,62.83582096099853,0.32320167006115125
2021-03-22,119.96722412109375,123.38999938964844,123.87000274658203,120.26000213623047,120.33000183105469,111912300,63.315826416015625,65.93499755859375,66.25499725341797,64.90499877929688,65.01000213623047,15984200,4.7872185731504,0.027941675412402667,119.03531227111816,0.3992756418088249,4.148135320269661,0.01947222611035393,62.81422080993652,0.3231528973274319
2021-03-23,119.14077758789062,122.54000091552734,124.23999786376953,122.13999938964844,123.33000183105469,95467100,62.922119140625,65.5250015258789,66.40499877929688,65.3499984741211,66.11499786376953,12929200,4.780305798852825,-0.006912774297575197,118.87391510009766,0.3998188060206689,4.141897757543853,-0.006237562725808665,62.78179817199707,0.3237312837098238
2021-03-24,116.75875854492188,120.08999633789062,122.9000015258789,120.06999969482422,122.81999969482422,88530500,62.15871810913086,64.7300033569336,65.93000030517578,64.72000122070312,65.91999816894531,14209400,4.760109913391892,-0.020195885460933205,118.61821022033692,0.40534101698269376,4.129691083406767,-0.012206674137085649,62.662574195861815,0.32070279038400307
2021-03-25,117.24488830566406,120.58999633789062,121.66000366210938,119.0,119.54000091552734,98844700,62.120296478271484,64.69000244140625,64.9800033569336,63.86000061035156,64.34500122070312,22573000,4.764264809835853,0.004154896443961498,118.5987648010254,0.38615932068054687,4.129072770939276,-0.0006183124674912222,62.654263496398926,0.294941899392219
2021-03-26,117.8476791381836,121.20999908447266,121.4800033569336,118.91999816894531,120.3499984741211,94071200,63.69996643066406,66.33499908447266,66.40499877929688,64.62999725341797,64.65499877929688,14883200,4.76939293583382,0.005128125997966748,118.59633293151856,0.38653468500705257,4.154184035586834,0.025111264647557974,62.70840702056885,0.30788356188997096
2021-03-29,118.022705078125,121.38999938964844,122.58000183105469,120.7300033569336,121.6500015258789,80819200,63.368648529052734,65.98999786376953,66.31999969482422,65.48999786376953,66.13500213623047,17317800,4.77087702187241,0.0014840860385900712,118.28521003723145,0.3334653297838454,4.14896923644007,-0.0052147991467634824,62.64512825012207,0.28592967001611425
2021-03-30,116.57402801513672,119.9000015258789,120.4000015258789,118.86000061035156,120.11000061035156,85671900,62.76848602294922,65.36499786376953,65.59500122070312,64.97000122070312,65.5250015258789,13235400,4.758526504809629,-0.012350517062781563,118.03144912719726,0.3284133478113115,4.139453132601717,-0.009516103838353551,62.60310745239258,0.2823250959890596
2021-03-31,118.76163482666016,122.1500015258789,123.5199966430664,121.1500015258789,121.6500015258789,118323800,63.767173767089844,66.40499877929688,66.80999755859375,65.80999755859375,65.86499786376953,15430400,4.777118415602935,0.018591910793306354,118.03582572937012,0.3248264991931813,4.15523854018385,0.015785407582133537,62.69103527069092,0.27202970703930157
2021-04-01,119.58805084228516,123.0,124.18000030517578,122.48999786376953,123.66000366210938,75089100,65.04914855957031,67.73999786376953,67.74500274658203,67.06500244140625,67.12999725341797,14351600,4.784052927179818,0.0069345115768832954,118.17534561157227,0.3200180993052276,4.175143115857792,0.01990457567394177,62.91157779693604,0.26434950258160866
2021-04-05,122.4075927734375,125.9000015258789,126.16000366210938,123.06999969482422,123.87000274658203,88651200,66.39353942871094,69.13999938964844,69.26000213623047,68.04499816894531,68.13500213623047,12866800,4.807356400617016,0.023303473437198186,118.39313201904297,0.32802456393477414,4.195599753988277,0.020456638130484706,63.1420841217041,0.2657517727825217
2021-04-06,122.70899200439453,126.20999908447266,127.12999725341797,125.6500015258789,126.5,80171300,66.11023712158203,68.84500122070312,69.25499725341797,68.61499786376953,69.02999877929688,11315600,4.809815633501083,0.0024592328840666866,118.8719696044922,0.2830907290402791,4.1913236081123415,-0.004276145875935278,63.43316917419433,0.24639235099886087
2021-04-07,124.35211944580078,127.9000015258789,127.91999816894531,125.13999938964844,125.83000183105469,83466700,66.46074676513672,69.20999908447266,69.33499908447266,68.54000091552734,68.79000091552734,10085200,4.82311721430039,0.013301580799306656,119.20302467346191,0.25263309915678084,4.196611499172932,0.005287891060590688,63.63924617767334,0.22171651707156143
2021-04-08,126.7438735961914,130.36000061035156,130.38999938964844,128.52000427246094,128.9499969482422,88844600,67.4210205078125,70.20999908447266,70.2249984741211,69.73999786376953,69.86000061035156,14144600,4.842168306756327,0.01905109245593728,119.70762748718262,0.25481772653686513,4.21095684626526,0.01434534709232782,63.905794334411624,0.22336848516237776
2021-04-09,129.31065368652344,133.0,133.0399932861328,129.47000122070312,129.8000030517578,106686700,68.0692138671875,70.88500213623047,70.90499877929688,69.83000183105469,69.95500183105469,9401000,4.862217677484245,0.020049370727917903,120.24431495666504,0.25748016667359863,4.220525038505078,0.009568192239817641,64.13839321136474,0.21529342196317924
2021-04-12,127.5994873046875,131.24000549316406,132.85000610351562,130.6300048828125,132.52000427246094,91420000,67.74271392822266,70.54499816894531,70.7699966430664,70.19999694824219,70.59500122070312,15907000,4.848896352914275,-0.013321324569970372,120.74065475463867,0.2617298364751776,4.215716910481725,-0.004808128023352509,64.37742538452149,0.21387152084878935
2021-04-13,130.7010040283203,134.42999267578125,134.66000366210938,131.92999267578125,132.44000244140625,91266500,68.38131713867188,71.20999908447266,71.26499938964844,70.68499755859375,70.81500244140625,11315800,4.8729123025312004,0.02401594961692588,121.24817543029785,0.2615809072373582,4.225099646071153,0.009382735589428037,64.6148488998413,0.21339185232638694
2021-04-14,128.36756896972656,132.02999877929688,135.0,131.66000366210938,134.94000244140625,87222800,67.65630340576172,70.45500183105469,71.23500061035156,70.31999969482422,71.19999694824219,11216200,4.854897781235241,-0.018014521295959263,121.56221733093261,0.27067961108209915,4.214440527005778,-0.010659119065374867,64.79206562042236,0.21865836534322275
2021-04-15,130.76902770996094,134.5,135.0,133.63999938964844,133.82000732421875,89347100,68.81822967529297,71.66500091552734,71.72000122070312,71.08999633789062,71.0999984741211,11028800,4.873432619775384,0.01853483854014293,122.03570785522462,0.2742078620319347,4.231468676052605,0.017028149046826258,65.03001346588135,0.22397099687731337
2021-04-16,130.43844604492188,134.16000366210938,134.6699981689453,133.27999877929688,134.3000030517578,84922400,68.80382537841797,71.6500015258789,71.78500366210938,71.3499984741211,71.72000122070312,11695600,4.870901437671084,-0.0025311821042999227,122.6983024597168,0.23586121071746433,4.23125934482409,-0.00020933122851474195,65.35611915588379,0.19101886554011624
2021-04-19,131.09957885742188,134.83999633789062,135.47000122070312,133.33999633789062,133.50999450683594,94264200,68.23245239257812,71.05500030517578,71.66000366210938,70.62999725341797,71.33000183105469,10254000,4.87595717838785,0.005055740716765733,123.42020454406739,0.2329919542232469,4.222920293206139,-0.008339051617951121,65.6629991531372,0.19487564598315588
2021-04-20,129.41761779785156,133.11000061035156,135.52999877929688,131.80999755859375,135.02000427246094,94812300,67.62748718261719,70.42500305175781,71.21499633789062,70.02999877929688,70.90499877929688,9873400,4.86304452270536,-0.012912655682489671,123.89272422790528,0.22662129469394282,4.214014515530863,-0.008905777675275672,65.87858219146729,0.1923879397506511
2021-04-21,129.79678344726562,133.5,133.75,131.3000030517578,132.36000061035156,68847100,68.30928039550781,71.13500213623047,71.16000366210938,70.1050033569336,70.30000305175781,9254200,4.865970023125232,0.0029255004198720513,124.42552452087402,0.22312173878864108,4.224045634293714,0.010031118762850788,66.14794025421142,0.19035401262005286
2021-04-22,128.28001403808594,131.94000244140625,134.14999389648438,131.41000366210938,133.0399932861328,84566500,67.50743865966797,70.30000305175781,71.31500244140625,69.98999786376953,71.01000213623047,11652200,4.854215484258109,-0.011754538867123188,125.00158729553223,0.21260252588165504,4.2122377941721005,-0.011807840121613289,66.41537628173828,0.1899053925492224
2021-04-23,130.59400939941406,134.32000732421875,135.1199951171875,132.16000366210938,132.16000366210938,78657500,68.51573944091797,71.3499984741211,71.57499694824219,70.41500091552734,70.43000030517578,8886000,4.872093345954244,0.017877861696135255,125.66904335021972,0.21765181655131072,4.2270634917345555,0.014825697562454998,66.7351484298706,0.19267904807171038
2021-04-26,130.98291015625,134.72000122070312,135.05999755859375,133.55999755859375,134.8300018310547,66905100,68.86624908447266,71.71499633789062,71.79000091552734,71.32499694824219,71.375,7735000,4.875066857868401,0.0029735119141562905,126.32580490112305,0.2178206962040608,4.232166204366024,0.005102712631468442,66.99346256256104,0.1773191689819969
2021-04-27,130.662109375,134.38999938964844,135.41000366210938,134.11000061035156,135.00999450683594,66015800,68.69818115234375,71.54000091552734,71.88500213623047,71.28500366210938,71.83000183105469,10822000,4.872614673281985,-0.0024521845864153846,126.9577751159668,0.21917531410201924,4.229722723657214,-0.002443480708810064,67.25993919372559,0.1756953863849255
2021-04-28,129.8745574951172,133.5800018310547,135.02000427246094,133.0800018310547,134.30999755859375,107760100,68.0595932006836,70.875,71.22000122070312,70.70500183105469,71.125,10691200,4.866569042253758,-0.006045631028227305,127.62280158996582,0.21359392191295032,4.220383691985893,-0.00933903167132133,67.52449455261231,0.17551524375178681
2021-04-29,129.77732849121094,133.47999572753906,137.07000732421875,132.4499969482422,136.47000122070312,151101000,68.00199127197266,70.81500244140625,71.54499816894531,70.09500122070312,71.45500183105469,13416600,4.865820124077551,-0.0007489181762068142,128.17358627319337,0.20873120744143944,4.219536988158718,-0.0008467038271744443,67.73623542785644,0.17062251405027457
2021-04-30,127.81334686279297,131.4600067138672,133.55999755859375,131.07000732421875,131.77999877929688,109839500,67.07534790039062,69.8499984741211,70.4749984741211,69.68499755859375,70.09500122070312,10583400,4.850570972036533,-0.015249152041017844,128.58485107421876,0.21976936913830764,4.205816583035332,-0.01372040512338657,67.83754539489746,0.16873593004187046
2021-05-03,128.8634033203125,132.5399932861328,134.07000732421875,131.8300018310547,132.0399932861328,75135100,66.88805389404297,69.65499877929688,70.36499786376953,69.4800033569336,70.2249984741211,10805800,4.858752954352827,0.008181982316293634,128.9076416015625,0.20776509053253914,4.203020384583034,-0.0027961984522972827,67.86227111816406,0.1536640825454739
2021-05-04,124.30349731445312,127.8499984741211,131.49000549316406,126.69999694824219,131.19000244140625,137564700,65.68772888183594,68.40499877929688,69.15499877929688,67.6449966430664,69.13500213623047,19919600,4.822726134198513,-0.03602682015431391,128.98736686706542,0.24888161730913555,4.184912133035833,-0.018108251547201526,67.84114570617676,0.16651873919522334
2021-05-05,124.54658508300781,128.10000610351562,130.4499969482422,127.97000122070312,129.1999969482422,84000900,65.52928924560547,68.23999786376953,68.99500274658203,68.11000061035156,68.96499633789062,11245800,4.824679823291423,0.0019536890929101602,128.9970901489258,0.24444819989711775,4.1824972067482,-0.002414926287633179,67.7945728302002,0.16531826408988426
2021-05-06,126.14107513427734,129.74000549316406,129.75,127.12999725341797,127.88999938964844,78128300,66.18705749511719,68.92500305175781,68.96499633789062,67.72000122070312,68.20999908447266,14338600,4.837400924540527,0.012721101249104194,128.9669502258301,0.2389016818441014,4.192484937713096,0.009987730964896357,67.73287467956543,0.16071593800873374
2021-05-07,126.8131103515625,130.2100067138672,131.25999450683594,129.47999572753906,130.85000610351562,78973300,66.75362396240234,69.51499938964844,69.92500305175781,69.21499633789062,69.61499786376953,19196600,4.842714430598108,0.005313506057580852,128.84207305908203,0.22777140163423884,4.201008587378196,0.008523649665099775,67.66709518432617,0.15985197888364364
2021-05-10,123.54074096679688,126.8499984741211,129.5399932861328,126.80999755859375,129.41000366210938,88071200,65.0683364868164,67.76000213623047,69.21499633789062,67.73500061035156,69.18000030517578,20281000,4.816570988038311,-0.02614344255979706,128.6391357421875,0.24114426487321985,4.175438048201102,-0.025570539177093288,67.53337631225585,0.18191997602050405
2021-05-11,122.6252670288086,125.91000366210938,126.2699966430664,122.7699966430664,123.5,126142800,64.8714828491211,67.55500030517578,67.69499969482422,66.30500030517578,66.46499633789062,27046800,4.809133095488119,-0.007437892550192338,128.2353488922119,0.22187820000325917,4.17240812574467,-0.003029922456432743,67.35788459777832,0.17687203528054732
2021-05-12,119.56716918945312,122.7699966430664,124.63999938964844,122.25,123.4000015258789,112172300,63.04695510864258,65.65499877929688,66.92500305175781,65.4800033569336,66.55999755859375,29414600,4.783878298728202,-0.025254796759917042,127.79532890319824,0.22964714840097686,4.143879767963924,-0.028528357780746028,67.12741718292236,0.19776423607204235
2021-05-13,121.70976257324219,124.97000122070312,126.1500015258789,124.26000213623047,124.58000183105469,105861300,63.88239669799805,66.5250015258789,67.125,66.08000183105469,66.375,22610400,4.801639215126549,0.017760916398347426,127.34236564636231,0.22867433888543662,4.1570438413968835,0.013164073432959889,66.88062553405761,0.19285181328484993
2021-05-14,124.12505340576172,127.44999694824219,127.88999938964844,125.8499984741211,126.25,81918000,65.2892074584961,67.98999786376953,68.2249984741211,67.13999938964844,67.2699966430664,16823000,4.821289552623143,0.01965033749659373,127.0266960144043,0.24313414188540655,4.178826746336324,0.021782904939440684,66.70489463806152,0.21291940294431644
2021-05-17,122.97586059570312,126.2699966430664,126.93000030517578,125.16999816894531,126.81999969482422,74244600,64.80904388427734,67.48999786376953,67.61000061035156,66.875,67.58999633789062,16267200,4.811988080792336,-0.009301471830807095,126.62051010131836,0.24257220718735897,4.171445159735176,-0.007381586601148626,66.53372421264649,0.21260529597770733
2021-05-18,121.59290313720703,124.8499984741211,126.98999786376953,124.77999877929688,126.55999755859375,63342900,64.29049682617188,66.94999694824219,67.82499694824219,66.90499877929688,67.68499755859375,11737200,4.800678605470423,-0.011309475321913176,126.22927436828613,0.2417861646264596,4.16341182601566,-0.008033333719515312,66.36687469482422,0.21228297685088568
2021-05-19,121.43708038330078,124.69000244140625,124.91999816894531,122.86000061035156,123.16000366210938,92612000,64.51618194580078,67.18499755859375,67.23500061035156,65.75,65.91000366210938,30581200,4.7993962717188285,-0.0012823337515941446,125.8112892150879,0.24085066919254908,4.166916075216512,0.0035042492008514614,66.17721977233887,0.20838916729681697
2021-05-20,123.98871612548828,127.30999755859375,127.72000122070312,125.0999984741211,125.2300033569336,76857100,65.75013732910156,68.47000122070312,68.69999694824219,67.44499969482422,67.45500183105469,16828200,4.82019056247638,0.020794290757551792,125.596724319458,0.2531460682162655,4.18586175971123,0.01894568449471823,66.08935470581055,0.21918152804712274
2021-05-21,122.15776062011719,125.43000030517578,128.0,125.20999908447266,127.81999969482422,79295400,65.39005279541016,68.09500122070312,68.88500213623047,68.03500366210938,68.81999969482422,14148400,4.805313329210895,-0.014877233265485401,125.17491188049317,0.246149723047351,4.180370148965582,-0.005491610745647968,65.93307037353516,0.2110468287941686
2021-05-24,123.78421020507812,127.0999984741211,127.94000244140625,125.94000244140625,126.01000213623047,63092900,66.55196380615234,69.30500030517578,69.54499816894531,68.625,68.66000366210938,13229000,4.818539809346258,0.013226480135362984,124.81497688293457,0.2522520098512658,4.197983053138314,0.01761290417273198,65.81735610961914,0.2213160970081041
2021-05-25,123.58941650390625,126.9000015258789,128.32000732421875,126.31999969482422,127.81999969482422,72009500,66.5711669921875,69.32499694824219,69.74500274658203,69.16999816894531,69.58499908447266,11245800,4.8169649143663404,-0.0015748949799174738,124.46134223937989,0.25228848816065164,4.198271555760709,0.0002885026223946596,65.71100540161133,0.22140831473368472
2021-05-26,123.54074096679688,126.8499984741211,127.38999938964844,126.41999816894531,126.95999908447266,56575900,66.56636810302734,69.31999969482422,69.625,69.09500122070312,69.42500305175781,13311400,4.816570988038311,-0.0003939263280292593,124.14465141296387,0.2521165220228956,4.198199466561238,-7.208919947032655e-05,65.63634414672852,0.21953255917112377
2021-05-27,122.01168823242188,125.27999877929688,127.63999938964844,125.08000183105469,126.44000244140625,94625600,66.21586608886719,68.95500183105469,69.54499816894531,68.94000244140625,69.26000213623047,11354600,4.804116845328019,-0.012454142710292437,123.75636940002441,0.2544512151352335,4.192920103243052,-0.0052793633181860145,65.54703788757324,0.22002556459889444
2021-05-28,121.3591537475586,124.61000061035156,125.80000305175781,124.55000305175781,125.56999969482422,71311100,66.45113372802734,69.19999694824219,69.5999984741211,69.16500091552734,69.30500030517578,9222600,4.7987543619404756,-0.005362483387543193,123.4336597442627,0.2505732098016118,4.196466846383573,0.003546743140520725,65.51582717895508,0.21562271828619278
2021-06-01,121.03777313232422,124.27999877929688,125.3499984741211,123.94000244140625,125.08000183105469,67637100,66.12464904785156,68.86000061035156,69.58499908447266,68.73500061035156,69.51000213623047,12907400,4.796102671527682,-0.0026516904127937835,123.04237823486328,0.2473255201739603,4.191541582759488,-0.0049252636240852965,65.4776569366455,0.21605968695189043
2021-06-02,121.79742431640625,125.05999755859375,125.23999786376953,124.05000305175781,124.27999877929688,59278900,66.58078002929688,69.33499908447266,69.61499786376953,68.87000274658203,69.0,10098200,4.802359208224664,0.006256536696982451,122.91707458496094,0.2163383064363821,4.1984159477480745,0.006874364988586734,65.52230949401856,0.20718568697844794
2021-06-03,120.31708526611328,123.54000091552734,124.8499984741211,123.12999725341797,124.68000030517578,76229200,65.9614028930664,68.69000244140625,69.05000305175781,68.2699966430664,68.7750015258789,12721200,4.790130635058646,-0.012228573166018109,122.70559959411621,0.21958709979228183,4.189069766310981,-0.009346181437093648,65.54391517639161,0.20999855429795744
2021-06-04,122.60578155517578,125.88999938964844,126.16000366210938,123.8499984741211,124.06999969482422,75169300,67.22895812988281,70.01000213623047,70.08999633789062,69.11000061035156,69.11000061035156,11182600,4.808974180262773,0.018843545204126677,122.52883491516113,0.22591442641219672,4.208104079259612,0.019034312948631005,65.59601020812988,0.21782677507948425
2021-06-07,122.61550903320312,125.9000015258789,126.31999969482422,124.83000183105469,126.16999816894531,71057600,67.21456909179688,69.99500274658203,70.07499694824219,69.65499877929688,69.94999694824219,11784000,4.809053516588008,7.933632523560163e-05,122.31895484924317,0.2246050687737166,4.207890025992218,-0.00021405326739376562,65.6190574645996,0.21590712766696252
2021-06-08,123.43359375,126.73999786376953,128.4600067138672,126.20999908447266,126.5999984741211,74403800,67.21936798095703,70.0,70.625,69.80500030517578,70.33000183105469,8902600,4.815703309025089,0.006649792437080748,122.31359748840332,0.20668751561927878,4.207961420005764,7.139401354550046e-05,65.72660903930664,0.19306408716962903
2021-06-09,123.81343078613281,127.12999725341797,127.75,126.5199966430664,127.20999908447266,56877900,67.26737976074219,70.05000305175781,70.45999908447266,70.01000213623047,70.33999633789062,9763400,4.818775842137794,0.003072533112704612,122.37300567626953,0.20506103699005696,4.208675420197323,0.0007140001915590943,65.84640388488769,0.1923225090495915
2021-06-10,122.82002258300781,126.11000061035156,128.19000244140625,125.94000244140625,127.0199966430664,71186400,67.76191711425781,70.56500244140625,70.73999786376953,69.94499969482422,70.19499969482422,11275400,4.810720052772005,-0.008055789365788435,122.53564834594727,0.18448662937556232,4.216000342656936,0.007324922459613248,66.08215198516845,0.1559745315795251
2021-06-11,124.0276870727539,127.3499984741211,127.44000244140625,126.0999984741211,126.52999877929688,53522400,68.16522979736328,70.98500061035156,70.98500061035156,70.58999633789062,70.65499877929688,12100600,4.820504823525922,0.009784770753916483,122.65154457092285,0.17709617608272107,4.2219346078252995,0.005934265168363595,66.29629364013672,0.15216311840682925
2021-06-14,127.07601928710938,130.47999572753906,130.5399932861328,127.06999969482422,127.81999969482422,96906500,68.85664367675781,71.70500183105469,71.70999908447266,70.76499938964844,71.05500030517578,11426600,4.844785484446651,0.02428066092072889,122.79909286499023,0.18420342132556028,4.232026715461343,0.010092107636043401,66.4746654510498,0.13829936145900884
2021-06-15,126.2579574584961,129.63999938964844,130.60000610351562,129.38999938964844,129.94000244140625,62746300,68.4341049194336,71.26499938964844,71.6500015258789,71.13500213623047,71.6500015258789,15079600,4.838327095543428,-0.0064583889032228115,122.96319770812988,0.1823257087916508,4.225871310297117,-0.006155405164226302,66.65591850280762,0.13718252215448778
2021-06-16,126.75465393066406,130.14999389648438,130.88999938964844,128.4600067138672,130.3699951171875,91815000,68.06439971923828,70.87999725341797,71.53500366210938,70.18499755859375,71.4000015258789,19202800,4.8422533591989145,0.00392626365548665,123.22128524780274,0.17625132199048432,4.220454311697431,-0.005416998599685918,66.84461364746093,0.13475497504187156
2021-06-17,128.35182189941406,131.7899932861328,132.5500030517578,129.64999389648438,129.8000030517578,96721700,68.85182189941406,71.69999694824219,71.99500274658203,70.67500305175781,70.67500305175781,15864200,4.854775101991738,0.012521742792823254,123.5670223236084,0.1795404202276762,4.231956686689683,0.011502374992252484,67.0613956451416,0.13821461881149646
2021-06-18,127.05654907226562,130.4600067138672,131.50999450683594,130.24000549316406,130.7100067138672,108953300,68.22285461425781,71.04499816894531,71.63500213623047,70.95999908447266,71.3550033569336,20816600,4.844632255641641,-0.010142846350096768,123.72041397094726,0.1717609738827616,4.222779620358059,-0.009177066331623962,67.18503150939941,0.1317616340311728
2021-06-21,128.84854125976562,132.3000030517578,132.41000366210938,129.2100067138672,130.3000030517578,79663300,68.95402526855469,71.67500305175781,71.71499633789062,70.48500061035156,70.94499969482422,12276000,4.858637615806238,0.014005360164596858,124.0549530029297,0.16636806212801186,4.23343998206473,0.010660361706670507,67.36323013305665,0.1323046634463488
2021-06-22,130.48472595214844,133.97999572753906,134.0800018310547,131.6199951171875,132.1300048828125,74783600,69.5793228149414,72.32499694824219,72.36499786376953,71.55000305175781,71.62999725341797,9253200,4.871256177400467,0.012618561594228694,124.38997879028321,0.16586951337235287,4.242467437209367,0.009027455144637209,67.5145980834961,0.12258224820831437
2021-06-23,130.21200561523438,133.6999969482422,134.32000732421875,133.22999572753906,133.77000427246094,60214200,69.50234985351562,72.24500274658203,72.5,72.08499908447266,72.33499908447266,8271000,4.869163934549856,-0.002092242850610937,124.7211082458496,0.16605376497804572,4.241360562841124,-0.0011068743682427495,67.6611572265625,0.12297393938031323
2021-06-24,129.92958068847656,133.41000366210938,134.63999938964844,132.92999267578125,134.4499969482422,68711000,69.94010925292969,72.69999694824219,72.91999816894531,72.55500030517578,72.70999908447266,12279000,4.866992616678451,-0.0021713178714044545,125.0405502319336,0.16659917028485763,4.247639293729087,0.0062787308879626025,67.82984428405761,0.12351393872685566
2021-06-25,129.63743591308594,133.11000061035156,133.88999938964844,132.80999755859375,133.4600067138672,70783700,69.85831451416016,72.61499786376953,72.81999969482422,72.49500274658203,72.76499938964844,14385800,4.864741599560979,-0.0022510171174721094,125.4218376159668,0.1581579170045843,4.246469112465249,-0.0011701812638378328,68.01196670532227,0.12092782900962112
2021-06-28,131.26385498046875,134.77999877929688,135.25,133.35000610351562,133.41000366210938,62111300,70.5894775390625,73.375,73.45999908447266,72.9000015258789,72.91500091552734,12557400,4.877209457656435,0.01246785809545603,125.91707267761231,0.15827105414664816,4.256881090035076,0.010411977569827258,68.21888389587403,0.12399879986623116
2021-06-29,132.7733917236328,136.3300018310547,136.49000549316406,134.35000610351562,134.8000030517578,64556100,71.10417175292969,73.91000366210938,73.94499969482422,73.24500274658203,73.41500091552734,9829200,4.888643853440019,0.011434395783584073,126.50385360717773,0.158408449151778,4.264146009531373,0.00726491949629704,68.46786003112793,0.12115549349212763
2021-06-30,133.38697814941406,136.9600067138672,137.41000366210938,135.8699951171875,136.1699981689453,63261400,71.02717590332031,73.83000183105469,74.01000213623047,73.5999984741211,73.79499816894531,11013600,4.893254513645004,0.0046106602049844625,127.08333129882813,0.1582915904094792,4.2630625630093935,-0.0010834465219797806,68.6901798248291,0.12162137943961152
2021-07-01,133.68890380859375,137.27000427246094,137.3300018310547,135.75999450683594,136.60000610351562,52485800,71.14744567871094,73.95500183105469,73.95500183105469,73.45500183105469,73.7300033569336,11636600,4.8955154874595355,0.0022609738145318303,127.75192222595214,0.14578976199795385,4.264754423381387,0.0016918603719933145,68.94948196411133,0.11244533256535026
2021-07-02,136.30873107910156,139.9600067138672,140.0,137.75,137.89999389648438,78852600,72.0854263305664,74.93000030517578,75.00499725341797,74.29000091552734,74.30999755859375,12780000,4.914922394457928,0.01940690699839287,128.43706970214845,0.14649746360395496,4.277851892522113,0.013097469140726403,69.1923053741455,0.10337519862399486
2021-07-06,138.31495666503906,142.02000427246094,143.14999389648438,140.07000732421875,140.07000732421875,108181800,72.35960388183594,75.21499633789062,75.56999969482422,74.49500274658203,75.08999633789062,11870600,4.929533379352865,0.014610984894936507,129.22204208374023,0.14869706447395603,4.281648186242292,0.0037962937201792,69.44955711364746,0.10244665640044309
2021-07-07,140.79849243164062,144.57000732421875,144.88999938964844,142.66000366210938,143.5399932861328,104911600,72.75404357910156,75.625,75.77999877929688,75.0199966430664,75.69499969482422,14883800,4.947329736504977,0.01779635715211203,130.09028701782228,0.1544711948220904,4.287084486350309,0.005436300108016212,69.72629089355469,0.10170203008952558
2021-07-08,139.50315856933594,143.24000549316406,144.05999755859375,140.6699981689453,141.5800018310547,105575500,72.06619262695312,74.91000366210938,75.12000274658203,74.0999984741211,74.43499755859375,17086200,4.938087243079186,-0.00924249342579131,130.87477340698243,0.16406854778494517,4.277585038721004,-0.009499447629304214,69.96623153686524,0.11196448824261097
2021-07-09,141.32440185546875,145.11000061035156,145.64999389648438,142.64999389648438,142.75,99890800,72.7300033569336,75.5999984741211,75.66999816894531,74.70999908447266,74.81999969482422,9775800,4.951057970148144,0.012970727068958077,131.79999237060548,0.1570625104194247,4.286754000322555,0.00916896160155023,70.21463584899902,0.11299848562213616
2021-07-12,140.7303009033203,144.5,146.32000732421875,144.0,146.2100067138672,76299700,72.78773498535156,75.66000366210938,75.93499755859375,75.41500091552734,75.9000015258789,9619600,4.946845299166641,-0.004212670981502242,132.6351230621338,0.161584702901912,4.287547465533113,0.0007934652105587858,70.44576110839844,0.11302581492844148
2021-07-13,141.8405303955078,145.63999938964844,147.4600067138672,143.6300048828125,144.02999877929688,100827100,73.08594512939453,75.97000122070312,76.5199966430664,75.46499633789062,75.52999877929688,15202800,4.954703401151994,0.007858101985352306,133.37334861755372,0.14724925403745373,4.291636079177931,0.00408861364481794,70.65722618103027,0.11020087835720914
2021-07-14,145.25894165039062,149.14999389648438,149.57000732421875,147.67999267578125,148.10000610351562,127050800,73.62468719482422,76.52999877929688,76.91999816894531,76.19499969482422,76.58000183105469,12886800,4.978517954253026,0.02381455310103231,134.32339782714843,0.1537204635419035,4.29898039333555,0.007344314157618825,70.9167552947998,0.10568326165778494
2021-07-15,144.60646057128906,148.47999572753906,150.0,147.08999633789062,149.24000549316406,106820300,73.01861572265625,75.9000015258789,76.5,75.49500274658203,76.44000244140625,12506200,4.9740159876428365,-0.004501966610189534,135.2159881591797,0.15879027416230138,4.290714418538294,-0.008265974797255993,71.1644660949707,0.10934739511920795
2021-07-16,142.57093811035156,146.38999938964844,149.75999450683594,145.8800048828125,148.4600067138672,93251400,72.29707336425781,75.1500015258789,76.41000366210938,75.07499694824219,76.05000305175781,15080400,4.959839687142479,-0.014176300500357897,135.92694396972655,0.17318562520497685,4.2807836492895115,-0.009930769248782667,71.33672866821288,0.11490318390436448
2021-07-19,138.73377990722656,142.4499969482422,144.07000732421875,141.6699981689453,143.75,121434600,71.30139923095703,74.11499786376953,74.45999908447266,73.68499755859375,74.25499725341797,24254000,4.932556844223485,-0.027282842918993744,136.51080551147462,0.20172971223036304,4.266915951785293,-0.013867697504218235,71.49065589904785,0.12217033295832382
2021-07-20,142.33721923828125,146.14999389648438,147.10000610351562,142.9600067138672,143.4600067138672,96350000,72.35960388183594,75.21499633789062,75.62999725341797,74.05500030517578,74.48500061035156,14715600,4.958199025627753,0.025642181404267994,137.18523941040038,0.21299596031380408,4.281648186242292,0.014732234456999116,71.66093482971192,0.12667905349353642
2021-07-21,141.60679626464844,145.39999389648438,146.1300048828125,144.6300048828125,145.52999877929688,74993500,73.05707550048828,75.94000244140625,75.95500183105469,75.04499816894531,75.18499755859375,12234000,4.9530541763271065,-0.0051448493006462925,137.7413429260254,0.2138758626221827,4.29124099182915,0.009592805586857267,71.83482246398925,0.12708596862805963
2021-07-22,142.97027587890625,146.8000030517578,148.1999969482422,145.80999755859375,145.94000244140625,77338200,73.5958251953125,76.5,76.55999755859375,76.0999984741211,76.0999984741211,9577800,4.9626367476671485,0.009582571340041923,138.37925643920897,0.21341446578197773,4.298588301236251,0.007347309407101044,72.0394962310791,0.12750014265588847
2021-07-23,144.684326171875,148.55999755859375,148.72000122070312,146.9199981689453,147.5500030517578,71447400,74.32698059082031,77.26000213623047,77.30000305175781,76.56500244140625,76.83999633789062,12576200,4.974554308294821,0.011917560627672685,139.11699371337892,0.2132806855440293,4.308474016236085,0.00988571499983415,72.25883979797364,0.12941092712753988
2021-07-26,145.1031494140625,148.99000549316406,149.8300018310547,147.6999969482422,148.27000427246094,72434100,74.28849029541016,77.22000122070312,77.36000061035156,76.7750015258789,77.06500244140625,8993400,4.977444864782519,0.0028905564876975376,139.89027938842773,0.2116157633802041,4.307956031183233,-0.0005179850528520547,72.48034858703613,0.1291498350615967
2021-07-27,142.9410400390625,146.77000427246094,149.2100067138672,145.5500030517578,149.1199951171875,104818600,73.58621215820312,76.48999786376953,77.1500015258789,75.5250015258789,77.125,18089800,4.962432237818689,-0.015012626963829767,140.47413864135743,0.22207144839195447,4.298457673378451,-0.009498357804782032,72.63018531799317,0.13341377702951962
2021-07-28,141.19773864746094,144.97999572753906,146.97000122070312,142.5399932861328,144.80999755859375,118931200,73.49481201171875,76.3949966430664,76.80000305175781,75.66500091552734,76.51499938964844,13941200,4.950161309686285,-0.012270928132403824,140.89535598754884,0.22778400164117363,4.297214818852987,-0.0012428545254641321,72.74971733093261,0.13244189484245297
2021-07-29,141.8405303955078,145.63999938964844,146.5500030517578,144.5800018310547,144.69000244140625,56699500,73.83634185791016,76.75,77.01000213623047,76.30500030517578,76.31500244140625,12030600,4.954703401151994,0.004542091465708609,141.31803359985352,0.22777800389135858,4.301851047498122,0.004636228645135354,72.8901756286621,0.1324304149643373
2021-07-30,142.0548095703125,145.86000061035156,146.3300018310547,144.11000061035156,144.3800048828125,70440600,73.78821563720703,76.69999694824219,76.77999877929688,76.23999786376953,76.26000213623047,10148800,4.956212966018553,0.0015095648665592876,141.73632888793946,0.2278291191489486,4.301199039143622,-0.0006520083544998556,73.02221412658692,0.13274949254986576
2021-08-02,141.7236785888672,145.52000427246094,146.9499969482422,145.25,146.36000061035156,62880000,73.52367401123047,76.42500305175781,77.1500015258789,76.31999969482422,77.04499816894531,12205200,4.9538792363981035,-0.0023337296204495317,142.00707626342773,0.22004506150362257,4.297607449748098,-0.003591589395524508,73.09412651062011,0.1270444774864178
2021-08-03,143.51565551757812,147.36000061035156,148.0399932861328,145.17999267578125,145.80999755859375,64786600,73.99505615234375,76.91500091552734,76.95500183105469,75.94499969482422,76.56500244140625,10824800,4.966444126932427,0.012564890534323858,142.2671112060547,0.21859845052751203,4.303998282220254,0.00639083247215666,73.1758991241455,0.12813434300856447
2021-08-04,143.11634826660156,146.9499969482422,147.7899932861328,146.27999877929688,147.27000427246094,56368300,74.1441879272461,77.06999969482422,77.26000213623047,76.61000061035156,76.8550033569336,11322800,4.963657923689099,-0.0027862032433283446,142.38300399780275,0.21074712003798052,4.3060116828718895,0.0020134006516352443,73.24540634155274,0.12717665357185032
2021-08-05,143.22349548339844,147.05999755859375,147.83999633789062,146.1699981689453,146.97999572753906,46397700,74.55304718017578,77.49500274658203,77.5199966430664,76.9800033569336,77.20999908447266,6674600,4.964406315672517,0.0007483919834179176,142.56902084350585,0.2073794311471604,4.311510914690315,0.005499231818425265,73.36974906921387,0.12187057138051367
2021-08-06,142.5406951904297,146.13999938964844,147.11000061035156,145.6300048828125,146.35000610351562,54126800,74.49050903320312,77.43000030517578,77.5199966430664,77.20500183105469,77.2249984741211,7602800,4.959627539222135,-0.004778776450382161,142.6298355102539,0.2036869885848697,4.31067172174254,-0.0008391929477751248,73.45777435302735,0.11887241933963945
2021-08-09,142.49197387695312,146.08999633789062,146.6999969482422,145.52000427246094,146.1999969482422,48908700,74.25001525878906,77.18000030517578,77.66000366210938,77.1050033569336,77.5199966430664,7198200,4.959285674451963,-0.0003418647701716182,142.71791915893556,0.2029793878510585,4.307437983188365,-0.0032337385541749697,73.53088836669922,0.1199082687232143
2021-08-10,142.01402282714844,145.60000610351562,147.7100067138672,145.3000030517578,146.44000244140625,69023100,73.71607971191406,76.625,77.38999938964844,76.40499877929688,77.31999969482422,10421400,4.955925805029435,-0.0033598694225283054,142.7265937805176,0.20157628933111524,4.3002209533072335,-0.007217029881131154,73.5623950958252,0.12272158125054511
2021-08-11,142.26763916015625,145.86000061035156,146.72000122070312,145.52999877929688,146.0500030517578,48493500,73.72569274902344,76.63500213623047,77.02999877929688,76.24500274658203,76.88999938964844,10831600,4.957710066444815,0.0017842614153797953,142.57702865600587,0.181292900577691,4.3003513510495095,0.00013039774227596723,73.56744537353515,0.1199709946884212
2021-08-12,145.22299194335938,148.88999938964844,149.0500030517578,145.83999633789062,146.19000244140625,72282600,74.14897918701172,77.07499694824219,77.12000274658203,76.23999786376953,76.55500030517578,6947800,4.9782704365725285,0.020560370127713945,142.60785522460938,0.19616356448067318,4.306076301624871,0.005724950575361376,73.62396354675293,0.11732973537491606
2021-08-13,145.42788696289062,149.10000610351562,149.44000244140625,148.27000427246094,148.97000122070312,59375000,74.55304718017578,77.49500274658203,77.51499938964844,77.04000091552734,77.125,5630800,4.979680341502069,0.0014099049295408506,142.75070266723634,0.18865840974065068,4.311510914690315,0.005434613065443905,73.73676223754883,0.111267003240016
2021-08-16,147.39810180664062,151.1199951171875,151.19000244140625,146.47000122070312,148.5399932861328,103296000,74.8897705078125,77.84500122070312,77.8550033569336,76.65499877929688,77.30999755859375,9493800,4.993137101834058,0.013456760331988171,143.18391876220704,0.1610855469923794,4.316017305866308,0.004506391175993052,73.9161808013916,0.0955316950993499
2021-08-17,146.49099731445312,150.19000244140625,151.67999267578125,149.08999633789062,150.22999572753906,92229700,74.26925659179688,77.19999694824219,77.49500274658203,76.72000122070312,77.37000274658203,19052600,4.986963974790407,-0.006173127043650695,143.39160766601563,0.1400650724933007,4.307697092095589,-0.008320213770718787,74.01166343688965,0.091184942065256
2021-08-18,142.7553253173828,146.36000061035156,150.72000122070312,146.14999389648438,149.8000030517578,86326000,73.24468231201172,76.13500213623047,77.36499786376953,76.05000305175781,77.0199966430664,13481200,4.961132153040878,-0.025831821749529027,143.44903411865235,0.1691829596074152,4.29380564883888,-0.013891443256708769,74.02104377746582,0.10049494526433027
2021-08-19,143.0869140625,146.6999969482422,148.0,144.5,145.02999877929688,86960300,73.96139526367188,76.87999725341797,77.16500091552734,75.6050033569336,75.71499633789062,19291000,4.963452236276832,0.002320083235954229,143.45486602783203,0.16588912157208147,4.303543271452822,0.009737622613942065,74.0393222808838,0.10309684564560581
2021-08-20,144.54022216796875,148.19000244140625,148.5,146.77999877929688,147.44000244140625,60549600,74.91382598876953,77.87000274658203,77.94000244140625,76.98500061035156,77.16999816894531,14769400,4.973557822922761,0.010105586645928533,143.44766082763672,0.16428545871288402,4.316338466128497,0.01279519467567436,74.06866455078125,0.10714222470278115
2021-08-23,146.02279663085938,149.7100067138672,150.19000244140625,147.88999938964844,148.30999755859375,60131800,75.88066101074219,78.875,78.98500061035156,78.06999969482422,78.07499694824219,10802400,4.983762750826807,0.010204927904046812,143.49364318847657,0.16803069590597802,4.329161856293264,0.01282339016476719,74.14827308654785,0.11575700885897307
2021-08-24,145.93505859375,149.6199951171875,150.86000061035156,149.14999389648438,149.4499969482422,48606400,75.79409790039062,78.78500366210938,79.06500244140625,78.71499633789062,78.9749984741211,9537000,4.983161718601227,-0.000601032225580056,143.64334411621093,0.15808659972960895,4.328020425505817,-0.0011414307874471064,74.25866737365723,0.10926582933040614
2021-08-25,144.70603942871094,148.36000061035156,150.32000732421875,147.8000030517578,149.80999755859375,58991300,75.75079345703125,78.73999786376953,79.18000030517578,78.61000061035156,78.97000122070312,9430400,4.974704370352565,-0.008457348248662733,143.81875915527343,0.15436463312244617,4.3274489190149,-0.0005715064909166401,74.37146644592285,0.10906990370119082
2021-08-26,143.90628051757812,147.5399932861328,149.1199951171875,147.50999450683594,148.35000610351562,48597200,75.27458953857422,78.24500274658203,78.80500030517578,78.18000030517578,78.6449966430664,12056600,4.969162257955348,-0.005542112397217025,143.92204666137695,0.1556374419165671,4.321142621527613,-0.006306297487286727,74.44337882995606,0.11179451777927661
2021-08-27,144.94015502929688,148.60000610351562,148.75,146.8300018310547,147.47999572753906,55802400,76.00091552734375,79.0,79.05500030517578,78.18000030517578,78.31500244140625,14088800,4.976320933290725,0.007158675335377396,144.06631393432616,0.15729903230760187,4.330745386626192,0.00960276509857838,74.55401382446288,0.11568616497956907
2021-08-30,149.34884643554688,153.1199951171875,153.49000549316406,148.61000061035156,149.0,90956700,76.81864166259766,79.8499984741211,79.94499969482422,79.23500061035156,79.23500061035156,10026800,5.006284820732369,0.029963887441644133,144.44757232666015,0.1871516663878194,4.341447340681211,0.010701954055019058,74.71876220703125,0.11847208542381495
2021-08-31,148.09063720703125,151.8300018310547,152.8000030517578,151.2899932861328,152.66000366210938,86453100,76.41458892822266,79.43000030517578,79.92500305175781,79.27999877929688,79.9000015258789,21971000,4.997824499876479,-0.008460320855889769,144.67632141113282,0.1872147793116733,4.336173632500862,-0.0052737081803488906,74.8397388458252,0.12021155096773743
2021-09-01,148.75387573242188,152.50999450683594,154.97999572753906,152.33999633789062,152.8300018310547,80313700,76.43384552001953,79.44999694824219,80.06500244140625,79.38500213623047,79.70500183105469,20289800,5.002293099430317,0.0044685995538378265,144.95819778442382,0.18674690375126424,4.3364256022638275,0.0002519697629654871,74.95422172546387,0.12029548639022863
2021-09-02,149.8657684326172,153.64999389648438,154.72000122070312,152.39999389648438,153.8699951171875,71115500,76.35208129882812,79.36499786376953,79.8499984741211,79.04499816894531,79.74500274658203,21769600,5.009740016338809,0.007446916908492085,145.29031143188476,0.18769523679983277,4.335355291264649,-0.0010703109991787585,75.04417343139649,0.11967240071476405
2021-09-03,150.49978637695312,154.3000030517578,154.6300048828125,153.08999633789062,153.75999450683594,57808700,76.65509796142578,79.68000030517578,79.88999938964844,79.24500274658203,79.2699966430664,21204800,5.013961664765684,0.004221648426875113,145.68826599121093,0.18592500544741503,4.339316112713799,0.003960821449150664,75.15240287780762,0.11980457537651423
2021-09-07,152.8308868408203,156.69000244140625,157.25999450683594,154.38999938964844,154.97000122070312,82278300,76.67435455322266,79.69999694824219,79.87000274658203,79.32499694824219,79.7750015258789,19721800,5.029331995315687,0.015370330550002365,146.2052116394043,0.1907981574484426,4.33956729200887,0.0002511792950707914,75.2736198425293,0.11863738136138398
2021-09-08,151.28977966308594,155.11000061035156,157.0399932861328,153.97999572753906,156.97999572753906,74420200,76.38093566894531,79.3949966430664,79.71499633789062,78.83000183105469,79.69000244140625,11466400,5.019197068367858,-0.010134926947828582,146.66899948120118,0.19548797439174276,4.335733131904916,-0.0038341601039544315,75.40686264038087,0.11587598218919827
2021-09-09,150.27545166015625,154.07000732421875,156.11000061035156,153.9499969482422,155.49000549316406,57305700,76.0923080444336,79.09500122070312,79.7249984741211,79.02999877929688,79.44999694824219,11161000,5.012469954478228,-0.0067271138896298766,147.06939010620118,0.19859443294665027,4.331947182813339,-0.0037859490915765903,75.52519340515137,0.11743685114791999
2021-09-10,145.30104064941406,148.97000122070312,155.47999572753906,148.6999969482422,155.0,140893200,75.34193420410156,78.31500244140625,79.7300033569336,78.23500061035156,79.53500366210938,17080200,4.9788077326250155,-0.03366222185321277,147.07329254150392,0.22550054775784345,4.322036874938086,-0.009910307875252933,75.58484115600587,0.12309524434470492
2021-09-13,145.86672973632812,149.5500030517578,151.4199981689453,148.75,150.6300048828125,102404300,75.36598205566406,78.33999633789062,79.11499786376953,77.82499694824219,78.91000366210938,22637800,4.982693394818417,0.0038856621934018065,147.0952346801758,0.22587287388590863,4.322356006837238,0.0003191318991522252,75.62548789978027,0.12187287281267571
2021-09-14,144.4719696044922,148.1199951171875,151.07000732421875,146.91000366210938,150.35000610351562,109296300,75.269775390625,78.23999786376953,78.83499908447266,78.02999877929688,78.67500305175781,18431600,4.973085506759717,-0.009607888058700276,146.94892807006835,0.22266686614738235,4.321078664992898,-0.0012773418443403628,75.6444881439209,0.12110451921363166
2021-09-15,145.35958862304688,149.02999877929688,149.44000244140625,146.3699951171875,148.55999755859375,83281300,75.92877197265625,78.92500305175781,78.98999786376953,78.06500244140625,78.50499725341797,16339200,4.979210594027822,0.006125087268104679,146.89235763549806,0.22315793786366506,4.329795689943509,0.008717024950611219,75.72746391296387,0.120204440606454
2021-09-16,145.12548828125,148.7899932861328,148.97000122070312,147.22000122070312,148.44000244140625,68034100,75.97206115722656,78.97000122070312,79.05000305175781,78.16000366210938,78.6449966430664,16148600,4.977598804568812,-0.0016117894590097492,147.0108657836914,0.20209822154475707,4.3303656563465935,0.0005699664030842655,75.86383285522462,0.10644927380248513
2021-09-17,142.4626922607422,146.05999755859375,148.82000732421875,145.75999450683594,148.82000732421875,129868800,74.78876495361328,77.73999786376953,78.7699966430664,77.625,78.76499938964844,22663000,4.959080156734279,-0.018518647834532942,146.97965469360352,0.21327894725573057,4.314667672544206,-0.015697983802387405,75.90520133972169,0.11893925526007472
2021-09-20,139.4196014404297,142.94000244140625,144.83999633789062,141.27000427246094,143.8000030517578,123478900,73.42652130126953,76.19000244140625,76.8550033569336,75.17500305175781,76.46499633789062,35669400,4.9374881013569185,-0.02159205537736053,146.72362365722657,0.2224114130323048,4.296285195988459,-0.018382476555746763,75.83083610534668,0.12756314921658599
2021-09-21,139.8974609375,143.42999267578125,144.60000610351562,142.77999877929688,143.92999267578125,75834000,73.45543670654297,76.22000122070312,76.84500122070312,75.92500305175781,76.65499877929688,18455000,4.940909732382363,0.0034216310254446825,146.4173568725586,0.21882837438744013,4.2966789190302705,0.0003937230418111781,75.70957489013672,0.116877632891474
2021-09-22,142.25790405273438,145.85000610351562,146.42999267578125,143.6999969482422,144.4499969482422,76404300,74.46253204345703,77.26499938964844,77.56500244140625,76.29499816894531,76.63500213623047,27990600,4.957641635981133,0.01673190359877008,146.2334991455078,0.22886696485239666,4.31029607328484,0.013617154254569108,75.64299659729004,0.12881707768748055
2021-09-23,143.21372985839844,146.8300018310547,147.0800018310547,145.63999938964844,146.64999389648438,64838200,75.45999145507812,78.30000305175781,78.48500061035156,77.42500305175781,77.66500091552734,19534000,4.964338128829888,0.0066964928487545095,146.15888366699218,0.2288816567887232,4.323602601298392,0.013306528013552033,75.62845649719239,0.1383345694243943
2021-09-24,143.30154418945312,146.9199981689453,147.47000122070312,145.55999755859375,145.66000366210938,53477900,75.51300048828125,78.3550033569336,78.48500061035156,77.79000091552734,77.82499694824219,11652400,4.964951110696884,0.0006129818669959874,146.12864685058594,0.22813136644084334,4.32430483332942,0.0007022320310285934,75.64037704467773,0.1364503772271394
2021-09-27,141.78973388671875,145.3699951171875,145.9600067138672,143.82000732421875,145.47000122070312,74150700,74.78056335449219,77.59500122070312,77.875,77.0999984741211,77.69499969482422,15015000,4.954345212934945,-0.010605897761938543,145.97112579345702,0.22923270994801764,4.314558003012062,-0.009746830317358679,75.57935943603516,0.1359725744124028
2021-09-28,138.4149627685547,141.91000366210938,144.75,141.69000244140625,143.25,108972300,72.5639877319336,75.29499816894531,76.7750015258789,75.23500061035156,76.5999984741211,38190600,4.930256149829392,-0.02408906310555281,145.42443161010743,0.21171411910100382,4.284468762013597,-0.030089240998464994,75.36662673950195,0.16431141008369757
2021-09-29,139.312255859375,142.8300018310547,144.4499969482422,142.02999877929688,142.47000122070312,74602000,72.4724349975586,75.19999694824219,76.0,75.06999969482422,75.6050033569336,25012000,4.936717858677078,0.006461708847685266,144.98551254272462,0.21397280464207838,4.283206282633422,-0.0012624793801743195,75.16951904296874,0.16414313526231164
2021-09-30,138.01499938964844,141.5,144.3800048828125,141.27999877929688,143.66000366210938,89056700,71.95203399658203,74.66000366210938,75.96499633789062,74.62000274658203,75.63999938964844,33415600,4.927362370480077,-0.009355488197000383,144.44856872558594,0.2131507624689515,4.275999702517984,-0.007206580115438399,74.94542846679687,0.1645298785639243
2021-10-01,139.13668823242188,142.64999389648438,142.9199981689453,139.11000061035156,141.89999389648438,94639600,73.03622436523438,75.78500366210938,75.94999694824219,74.16999816894531,74.93000030517578,45483800,4.935456818519129,0.008094448039051905,143.91211471557617,0.21361366135961568,4.290955542251179,0.014955839733195475,74.77963562011719,0.1764528990232744
2021-10-04,135.713134765625,139.13999938964844,142.2100067138672,138.27000427246094,141.75999450683594,98322000,71.34486389160156,74.02999877929688,75.44000244140625,73.44000244140625,75.3499984741211,50773000,4.91054335482897,-0.0249134636901589,143.17278213500975,0.2240383876824687,4.267525356631073,-0.023430185620106236,74.51412391662598,0.18999506717537623
2021-10-05,137.6346435546875,141.11000061035156,142.24000549316406,139.36000061035156,139.49000549316406,80861100,72.36160278320312,75.08499908447266,75.51499938964844,74.11000061035156,74.18000030517578,32967000,4.924602663830022,0.0140593090010519,142.41296997070313,0.22248708195688327,4.281675810408969,0.014150453777896033,74.298486328125,0.19987089969549693
2021-10-06,138.502685546875,142.0,142.14999389648438,138.3699951171875,139.47000122070312,83221100,72.8338394165039,75.57499694824219,75.62999725341797,73.9749984741211,74.22000122070312,40004800,4.93088971566955,0.006287051839527713,141.77361526489258,0.22531011136839948,4.288180674353746,0.006504863944776673,74.12113151550292,0.20257732229216055
2021-10-07,139.76092529296875,143.2899932861328,144.22000122070312,142.72000122070312,143.05999755859375,61732700,73.4988021850586,76.26499938964844,76.8550033569336,76.125,76.2300033569336,19895600,4.939933286388951,0.009043570719400762,141.2478889465332,0.230068157775408,4.2972691092840725,0.009088434930326628,73.99145622253418,0.20650680637929206
2021-10-08,139.38052368164062,142.89999389648438,144.17999267578125,142.55999755859375,144.02999877929688,58773200,73.22415924072266,75.9800033569336,76.61499786376953,75.8550033569336,76.55999755859375,18426400,4.937207773225589,-0.0027255131633614482,140.95186309814454,0.20085421661192754,4.2935254107868035,-0.0037436984972689658,73.88556747436523,0.20441802027119146
2021-10-11,139.29273986816406,142.80999755859375,144.80999755859375,141.80999755859375,142.27000427246094,64452200,72.81936645507812,75.55999755859375,76.57499694824219,75.50499725341797,75.63999938964844,14970600,4.936577760749603,-0.0006300124759865966,140.62316360473633,0.199711679755201,4.2879819425594565,-0.00554346822734697,73.75823669433593,0.20481324512670634
2021-10-12,138.02476501464844,141.50999450683594,143.25,141.0399932861328,143.22999572753906,73035900,72.44351959228516,75.16999816894531,75.94999694824219,75.04499816894531,75.8550033569336,17853400,4.9274331256846775,-0.009144635064925133,140.30080337524413,0.19949367875692364,4.2828072181447805,-0.005174724414676035,73.61692390441894,0.20516877168216294
2021-10-13,137.43955993652344,140.91000366210938,141.39999389648438,139.1999969482422,141.24000549316406,78762700,72.88682556152344,75.62999725341797,75.79499816894531,75.00499725341797,75.49500274658203,19521600,4.9231842563719965,-0.004248869312680981,139.90480194091796,0.19707884304981088,4.288907903362242,0.006100685217461432,73.4648265838623,0.20357478148319583
2021-10-14,140.21932983398438,143.75999450683594,143.8800048828125,141.50999450683594,142.11000061035156,69907100,74.52999114990234,77.33499908447266,77.37000274658203,76.29000091552734,76.4000015258789,15197200,4.9432078383777585,0.02002358200576193,139.65949401855468,0.21312126428667463,4.311201610148156,0.02229370678591369,73.3927230834961,0.22112308681811205
2021-10-15,141.2727508544922,144.83999633789062,144.89999389648438,143.50999450683594,143.77000427246094,67940300,75.12750244140625,77.95500183105469,77.97000122070312,77.37000274658203,77.6050033569336,12779200,4.950692425052898,0.007484586675139404,139.5999969482422,0.20579814776579336,4.3191867026687305,0.007985092520574888,73.40965995788574,0.21610810703105626
2021-10-18,142.94061279296875,146.5500030517578,146.83999633789062,143.16000366210938,143.4499969482422,85589200,75.76355743408203,78.61499786376953,78.65499877929688,77.30500030517578,77.5199966430664,11630200,4.962429248846927,0.011736823794029405,139.77604751586915,0.19398593084147597,4.327617404402666,0.008430701733935564,73.52651176452636,0.20621858737393778
2021-10-19,145.0962371826172,148.75999450683594,149.1699981689453,146.5500030517578,147.00999450683594,76378900,76.51528930664062,79.3949966430664,79.3949966430664,78.66500091552734,78.82499694824219,13201400,4.977397226973716,0.01496797812678885,140.035986328125,0.19994094801795467,4.337490581080622,0.00987317667795562,73.67950439453125,0.2082388386563416
2021-10-20,145.58389282226562,149.25999450683594,149.75,148.1199951171875,148.6999969482422,58418800,76.30326080322266,79.17500305175781,79.58499908447266,78.83000183105469,79.47000122070312,12025400,4.980752503422351,0.0033552764486346476,140.20228576660156,0.19220113233013658,4.334715673985651,-0.0027749070949703025,73.77154083251953,0.20424322176584916
2021-10-21,145.7985076904297,149.47999572753906,149.63999938964844,147.8699951171875,148.80999755859375,61421000,76.59720611572266,79.4800033569336,79.5199966430664,78.7699966430664,78.93499755859375,10023200,4.982225584202764,0.001473080780413305,140.33152465820314,0.19109503366406735,4.3385606023962815,0.0038449284106301107,73.82840156555176,0.19952448888588392
2021-10-22,145.02793884277344,148.69000244140625,150.17999267578125,148.63999938964844,149.69000244140625,58883400,76.33216857910156,79.20500183105469,79.77999877929688,78.875,79.44999694824219,12490000,4.976926405534145,-0.005299178668619398,140.41784439086913,0.19235866944158475,4.335094455980651,-0.0034661464156302557,73.86935997009277,0.2000849845217725
2021-10-25,144.9791259765625,148.63999938964844,149.3699951171875,147.6199951171875,148.67999267578125,50720600,76.58273315429688,79.46499633789062,79.75,79.15499877929688,79.50499725341797,10336800,4.976589773275187,-0.00033663225895796955,140.57731399536132,0.18782548107276292,4.338371635596349,0.003277179615698067,73.959468460083,0.19651353478058375
2021-10-26,145.64244079589844,149.32000732421875,150.83999633789062,149.00999450683594,149.3300018310547,60893400,76.79959106445312,79.69000244140625,80.33499908447266,79.6500015258789,80.0,13189600,4.981154582270745,0.00456480899555789,140.9386878967285,0.16269152227293826,4.3411993154578505,0.002827679861501231,74.17124862670899,0.15797925624071849
2021-10-27,145.18397521972656,148.85000610351562,149.72999572753906,148.49000549316406,149.36000061035156,56094900,76.73211669921875,79.62000274658203,80.2300033569336,79.54000091552734,79.82499694824219,17448000,4.978001732799691,-0.0031528494710535426,141.2322738647461,0.1632003041812972,4.340320352140614,-0.0008789633172368028,74.384232711792,0.15785309110017076
2021-10-28,148.81236267089844,152.57000732421875,153.1699981689453,149.72000122070312,149.82000732421875,100077900,77.50309753417969,80.41999816894531,80.4800033569336,79.95500183105469,80.1050033569336,12756800,5.00268620141355,0.024684468613858535,141.7721420288086,0.1758486269251639,4.350317903743559,0.00999755160294491,74.66178588867187,0.15509650947101838
2021-10-29,146.110595703125,149.8000030517578,149.94000244140625,146.41000366210938,147.22000122070312,124953200,77.83558654785156,80.76499938964844,80.81500244140625,79.53500366210938,79.62999725341797,20131800,4.9843638397622945,-0.018322361651255115,142.12083740234374,0.19152711843323839,4.354598737244754,0.00428083350119568,74.90175399780273,0.1493585444677671
2021-11-01,145.29129028320312,148.9600067138672,149.6999969482422,147.8000030517578,148.99000549316406,74588300,77.71995544433594,80.6449966430664,80.80500030517578,80.23500061035156,80.76499938964844,24421200,4.978740625787176,-0.005623213975118446,142.59974517822266,0.16544420510182145,4.353112051224668,-0.0014866860200859477,75.22050857543945,0.11351022814536982
2021-11-02,146.32518005371094,150.02000427246094,151.57000732421875,148.64999389648438,148.66000366210938,69122000,78.40419006347656,81.3550033569336,81.55500030517578,80.75499725341797,80.75499725341797,26814600,4.985831405681984,0.007090779894808108,143.03427200317384,0.16129197864135814,4.361877370615447,0.008765319390778181,75.52263793945312,0.10881130625753614
2021-11-03,147.75900268554688,151.49000549316406,151.97000122070312,149.82000732421875,150.38999938964844,54511500,78.86194610595703,81.83000183105469,82.0,81.0199966430664,81.49500274658203,25978600,4.9955825863118095,0.009751180629825384,143.49708786010743,0.16267362520595943,4.367698806130744,0.005821435515297679,75.82404327392578,0.10863037299136295
2021-11-04,147.24203491210938,150.9600067138672,152.42999267578125,150.63999938964844,151.5800018310547,60394600,80.09552764892578,83.11000061035156,83.30999755859375,81.99500274658203,82.13999938964844,28691400,4.992077728790961,-0.0035048575208485033,143.87114334106445,0.1628286293673921,4.383220017920321,0.015521211789576661,76.15387954711915,0.1148666386422554
2021-11-05,147.76951599121094,151.27999877929688,152.1999969482422,150.05999755859375,151.88999938964844,65463900,80.5099105834961,83.54000091552734,84.01000213623047,83.0199966430664,83.72000122070312,24223600,4.995653735490343,0.0035760066993821837,144.29059295654298,0.16162332319550277,4.388380289685215,0.005160271764894198,76.5181671142578,0.11087841864965765
2021-11-08,146.94898986816406,150.44000244140625,151.57000732421875,150.16000366210938,151.41000366210938,55020900,80.943603515625,83.98999786376953,84.13500213623047,83.61499786376953,83.80999755859375,12781000,4.990085518858068,-0.005568216632275025,144.67340545654298,0.16399599384795055,4.393752659282309,0.005372369597093751,76.92437896728515,0.10400451373454575
2021-11-09,147.3103790283203,150.80999755859375,151.42999267578125,150.05999755859375,150.1999969482422,56787900,80.61111450195312,83.6449966430664,84.20500183105469,83.22000122070312,84.11499786376953,16823000,4.9925417828214345,0.0024562639633662897,145.13768615722657,0.15796531154295587,4.3896365370522235,-0.004116122230085395,77.33275871276855,0.10265106935197157
2021-11-10,144.48745727539062,147.9199981689453,150.1300048828125,147.85000610351562,150.02000427246094,65187100,79.28118133544922,82.26499938964844,83.41500091552734,82.01499938964844,83.0,25788800,4.973192702922725,-0.019349079898709043,145.4900810241699,0.17559019388628389,4.373000790711035,-0.016635746341188806,77.65247650146485,0.1288132659274514
2021-11-11,144.4385986328125,147.8699951171875,149.42999267578125,147.67999267578125,148.9600067138672,41000000,79.65221405029297,82.6500015258789,82.88999938964844,82.51499938964844,82.8550033569336,10103800,4.9728544942908295,-0.000338208631895931,145.70104446411133,0.16306821052941287,4.377669833211315,0.00466904250028044,77.90858764648438,0.10977171141548894
2021-11-12,146.50941467285156,149.99000549316406,150.39999389648438,147.47999572753906,148.42999267578125,63804000,80.62078094482422,83.65499877929688,83.79499816894531,82.78500366210938,82.92500305175781,12244200,4.98708969037079,0.014235196079960488,145.9628776550293,0.1680483526555798,4.389756444380186,0.012086611168871109,78.18325157165528,0.11299988498306383
2021-11-15,146.5191650390625,150.0,151.8800048828125,149.42999267578125,150.3699951171875,59222800,80.538818359375,83.56999969482422,84.11000061035156,83.09500122070312,83.98999786376953,12490200,4.98715623928028,6.654890948976089e-05,146.14180526733398,0.16397049222407614,4.388739283840327,-0.0010171605398587857,78.42201461791993,0.11253931874654902
2021-11-16,147.49598693847656,151.0,151.49000549316406,149.33999633789062,149.94000244140625,59256200,81.38693237304688,84.44999694824219,84.56500244140625,83.41999816894531,83.47000122070312,13538800,4.993800968212983,0.006644728932703181,146.26179275512695,0.15724969455002585,4.3992147241635635,0.010475440323236107,78.66559677124023,0.11304236881672312
2021-11-17,149.92822265625,153.49000549316406,155.0,150.99000549316406,151.0,88807000,81.14118194580078,84.19499969482422,84.7249984741211,83.93000030517578,84.28500366210938,15417800,5.010156663946118,0.016355695733135,146.47900924682617,0.1665269874599106,4.396190624418581,-0.0030240997449828555,78.90749282836914,0.11321705918156662
2021-11-18,154.20657348632812,157.8699951171875,158.6699981689453,153.0500030517578,153.7100067138672,137827700,81.9507064819336,85.03500366210938,85.15499877929688,84.06999969482422,84.68000030517578,19964000,5.038293089833636,0.02813642588751808,146.8994125366211,0.19154904710273507,4.406117926042656,0.009927301624075291,79.17516784667968,0.1157958005135896
2021-11-19,156.82443237304688,160.5500030517578,161.02000427246094,156.52999877929688,157.64999389648438,117305600,82.54822540283203,85.65499877929688,85.9800033569336,85.05500030517578,85.33999633789062,17714600,5.05512691448349,0.01683382464985428,147.48923721313477,0.19520842950405412,4.413382672894996,0.0072647468523401315,79.48597068786621,0.11362846491046513
2021-11-22,157.2834930419922,161.02000427246094,165.6999969482422,161.0,161.67999267578125,117467900,81.62786102294922,84.69999694824219,87.125,84.6500015258789,85.98999786376953,28451600,5.0580498652188215,0.00292295073533122,148.10445556640624,0.19460991329047275,4.402170637799472,-0.011212035095524264,79.73822708129883,0.12570423821491855
2021-11-23,157.6644287109375,161.41000366210938,161.8000030517578,159.05999755859375,161.1199951171875,96041900,81.43993377685547,84.50499725341797,84.7750015258789,83.43499755859375,84.375,29239800,5.0604689055007,0.0024190402818788925,148.7055549621582,0.1946870299850202,4.3998657396493215,-0.0023048981501503363,79.97024421691894,0.1272116516413153
2021-11-24,158.18214416503906,161.94000244140625,162.13999938964844,159.63999938964844,160.75,69463600,82.03263092041016,85.12000274658203,85.13999938964844,83.58999633789062,84.0,18241000,5.063747180221546,0.003278274720845964,149.35546340942383,0.19289837415666053,4.407117106161687,0.007251366512365465,80.23526992797852,0.12725370802624017
2021-11-26,153.17115783691406,156.80999755859375,160.4499969482422,156.36000061035156,159.57000732421875,76959800,79.98470306396484,82.99500274658203,84.55500030517578,82.66500091552734,83.90499877929688,24767800,5.031555974810352,-0.03219120541119391,149.57340316772462,0.21724526019981982,4.381835404690154,-0.02528170147153297,80.35935020446777,0.1601415338456394
2021-11-29,156.52159118652344,160.24000549316406,161.19000244140625,158.7899932861328,159.3699951171875,88748200,81.98443603515625,85.06999969482422,85.30000305175781,83.96499633789062,84.2300033569336,24979800,5.053193963317393,0.021637988507040795,150.09395294189454,0.21532240330032398,4.406529424799795,0.02469402010964128,80.56679267883301,0.17988998547454527
2021-11-30,161.46417236328125,165.3000030517578,165.52000427246094,159.9199981689453,159.99000549316406,174048100,81.30020141601562,84.36000061035156,85.5250015258789,83.63999938964844,84.75,54066800,5.084283275100105,0.03108931178271135,150.90259704589843,0.23349192191992013,4.398148493992463,-0.008380930807332376,80.745804977417,0.18359201368364678
2021-12-01,160.9464874267578,164.77000427246094,170.3000030517578,164.52999877929688,167.47999572753906,152052500,80.18706512451172,83.20500183105469,85.8949966430664,83.12999725341797,85.25,39084200,5.081071933503923,-0.0032113415961818603,151.63366241455077,0.2352873426035596,4.384362219128248,-0.013786274864214576,80.83494873046875,0.19030927762690006
2021-12-02,159.9598846435547,163.75999450683594,164.1999969482422,157.8000030517578,158.74000549316406,136739200,80.9243392944336,83.97000122070312,84.3550033569336,82.25499725341797,82.43499755859375,46872400,5.074923062820285,-0.006148870683637675,152.24370651245118,0.2375737478196549,4.3935146353604875,0.009152416232239169,80.93806838989258,0.19176146960234497
2021-12-03,158.08444213867188,161.83999633789062,164.9600067138672,159.72000122070312,164.02000427246094,118023100,79.57030487060547,82.56500244140625,84.47000122070312,81.5250015258789,84.20999908447266,48470000,5.063129334178326,-0.011793728641959156,152.78582687377929,0.2427958814627871,4.376640968858859,-0.01687366650162847,80.91180725097657,0.194336864562939
2021-12-06,161.48370361328125,165.32000732421875,167.8800048828125,164.27999877929688,164.2899932861328,107497000,80.32684326171875,83.3499984741211,83.5999984741211,81.94499969482422,82.80500030517578,37800400,5.084404231152005,0.021274896973679347,153.4715362548828,0.250814268888228,4.386103852285705,0.009462883426846425,80.9026538848877,0.19653644075257326
2021-12-07,167.2076873779297,171.17999267578125,171.5800018310547,168.33999633789062,169.0800018310547,120405400,83.13128662109375,86.26000213623047,86.36499786376953,85.0,85.01000213623047,28691000,5.119236676734412,0.03483244558240717,154.4844711303711,0.2697234277305411,4.420421124640762,0.03431727235505644,81.01203804016113,0.23107412768588373
2021-12-08,171.0172119140625,175.0800018310547,175.9600067138672,170.6999969482422,172.1300048828125,116998900,83.51195526123047,86.65499877929688,86.71499633789062,85.69499969482422,86.29000091552734,23261600,5.141764205905541,0.022527529171128435,155.6698127746582,0.2751297027520538,4.424989798389196,0.004568673748433838,81.157080078125,0.2304130498326344
2021-12-09,170.50926208496094,174.55999755859375,176.75,173.9199981689453,174.91000366210938,108923700,82.6108627319336,85.72000122070312,87.00499725341797,85.6500015258789,86.44000244140625,17201000,5.138789618327076,-0.0029745875784650266,156.9709030151367,0.2596720471493967,4.414141181952076,-0.010848616437119318,81.32356414794921,0.22513779872364897
2021-12-10,175.28579711914062,179.4499969482422,179.6300048828125,174.69000244140625,175.2100067138672,115402700,84.26846313476562,87.44000244140625,87.55000305175781,86.36499786376953,86.62000274658203,24776600,5.166417768217821,0.027628149890745135,158.5132629394531,0.26625362534697933,4.43400769222346,0.019866510271383753,81.55437660217285,0.23377372552800474
2021-12-13,171.66189575195312,175.74000549316406,182.1300048828125,175.52999877929688,181.1199951171875,153237000,83.01563262939453,86.13999938964844,87.79000091552734,86.01499938964844,87.62000274658203,20974000,5.145526819873234,-0.02089094834458738,159.7708869934082,0.2866903548906366,4.419028934994382,-0.014978757229077821,81.67411918640137,0.23921735294457483
2021-12-14,170.2845916748047,174.3300018310547,177.74000549316406,172.2100067138672,175.25,139380400,81.65194702148438,84.7249984741211,85.6449966430664,83.70500183105469,85.0999984741211,27094800,5.13747110603452,-0.008055713838713174,160.95915832519532,0.29105850139755746,4.4024656650780845,-0.016563269916297862,81.72977561950684,0.24757454979336646
2021-12-15,175.13929748535156,179.3000030517578,179.5,172.30999755859375,175.11000061035156,131063300,83.8155288696289,86.97000122070312,87.05500030517578,83.98999786376953,84.79499816894531,28270800,5.165581642925543,0.028110536891022164,162.34132385253906,0.3000415428746033,4.428618299027288,0.026152633949203974,81.85120544433593,0.26165015074149856
2021-12-16,168.2626495361328,172.25999450683594,181.13999938964844,170.75,179.27999877929688,150185800,81.43993377685547,84.50499725341797,87.43499755859375,84.00499725341797,87.29499816894531,31275600,5.12552614867724,-0.04005549424830246,163.2580451965332,0.3442369000728622,4.3998657396493215,-0.028752559377966946,81.86614303588867,0.282610470370653
2021-12-17,167.16864013671875,171.13999938964844,173.47000122070312,169.69000244140625,169.92999267578125,195432700,80.8954086303711,83.94000244140625,84.76000213623047,83.13999938964844,83.57499694824219,44821600,5.119003124068297,-0.00652302460894294,163.90614852905273,0.33625931092738004,4.393157068812007,-0.006708670837314301,81.81337814331054,0.2811690925331906
2021-12-20,165.8109130859375,169.75,170.5800018310547,167.4600067138672,168.27999877929688,107499100,79.9332504272461,82.78500366210938,83.04499816894531,82.18000030517578,82.5,32649600,5.110848061318802,-0.008155062749494846,164.35547256469727,0.3353427926019683,4.38119191673435,-0.011965152077657137,81.68262939453125,0.2822748642900307
2021-12-21,168.97572326660156,172.99000549316406,173.1999969482422,169.1199951171875,171.55999755859375,91185900,81.95609283447266,84.87999725341797,84.94999694824219,82.8949966430664,83.66999816894531,16810800,5.129755055294473,0.01890699397567097,164.94008407592773,0.3401940629810516,4.406183650619836,0.0249917338854857,81.69904098510742,0.2949106611900108
2021-12-22,171.564208984375,175.63999938964844,175.86000061035156,172.14999389648438,173.0399932861328,92135300,83.02784729003906,85.98999786376953,86.05000305175781,84.54000091552734,84.76499938964844,13376200,5.144957592947497,0.015202537653023818,165.63507308959962,0.34263041452313026,4.419176061044408,0.01299241042457222,81.7784366607666,0.2981678885771671
2021-12-23,172.1893768310547,176.27999877929688,176.85000610351562,175.27000427246094,175.85000610351562,68356600,83.4913101196289,86.47000122070312,86.81500244140625,86.09500122070312,86.1050033569336,9792600,5.148594899214101,0.003637306266603524,166.3354347229004,0.3426196347584154,4.4247425560175015,0.005566494973093583,81.85137062072754,0.2977564815649591
2021-12-27,176.14535522460938,180.3300018310547,180.4199981689453,177.07000732421875,177.08999633789062,74919600,85.28239440917969,88.32499694824219,88.34500122070312,86.79499816894531,86.81500244140625,13266600,5.171309536143312,0.022714636929211274,167.48414459228516,0.31985798355895295,4.445968037054101,0.02122548103659927,82.11625518798829,0.2891977953376642
2021-12-28,175.12950134277344,179.2899932861328,181.3300018310547,178.52999877929688,180.16000366210938,79144300,84.8382568359375,87.86499786376953,88.5199966430664,87.6449966430664,88.48999786376953,11422200,5.165525707925831,-0.005783828217480469,168.41454010009767,0.31800494211794966,4.440746582997157,-0.005221454056943742,82.25894622802734,0.2790345747075544
2021-12-29,175.2174530029297,179.3800048828125,180.6300048828125,178.13999938964844,179.3300018310547,62348900,84.91067504882812,87.94000244140625,88.29499816894531,87.48500061035156,87.8949966430664,9687800,5.166027791137418,0.0005020832115869567,169.1022041320801,0.3037230942805233,4.441599822148414,0.0008532391512572346,82.43946990966796,0.27651894322793424
2021-12-30,174.06475830078125,178.1999969482422,180.57000732421875,178.08999633789062,179.47000122070312,59773000,84.35065460205078,87.36000061035156,88.2699966430664,87.25499725341797,87.9749984741211,10526400,5.1594274041173325,-0.006600387020085918,169.75811767578125,0.3050386369374925,4.434982569507813,-0.006617252640601201,82.64764938354492,0.2721680446920494
2021-12-31,173.44944763183594,177.57000732421875,179.22999572753906,177.25999450683594,178.08999633789062,64062300,83.9402847290039,86.93499755859375,87.48500061035156,86.8949966430664,87.2750015258789,10243000,5.155886188814758,-0.00354121530257423,170.4325958251953,0.3040360563534842,4.430105649953586,-0.004876919554226866,82.79844665527344,0.27219712360531795
2022-01-03,177.78636169433594,182.00999450683594,182.8800048828125,177.7100067138672,177.8300018310547,104487900,84.73687744140625,87.76000213623047,87.83999633789062,86.66999816894531,87.05000305175781,20302800,5.1805826142566325,0.024696425441874226,171.4176918029785,0.3064001897385214,4.439550895822365,0.00944524586877904,83.05677528381348,0.26412416053419724
2022-01-04,175.52999877929688,179.6999969482422,182.94000244140625,179.1199951171875,182.6300048828125,99310400,83.83890533447266,86.83000183105469,88.0,86.17500305175781,87.91000366210938,16648000,5.1678099615138695,-0.012772652742762958,172.1200065612793,0.3075334540829342,4.428897163885307,-0.010653731937058097,83.23237838745118,0.2673750839642073
2022-01-05,170.86094665527344,174.9199981689453,180.1699981689453,174.63999938964844,179.61000061035156,94537600,81.2608871459961,84.16000366210938,86.38999938964844,84.12999725341797,86.32499694824219,23628400,5.140850048239983,-0.02695991327388647,172.30266952514648,0.3040201980245925,4.397664807876262,-0.031232356009045503,83.13885841369628,0.26396671700557023
2022-01-06,168.00868225097656,172.0,175.3000030517578,171.63999938964844,172.6999969482422,96904000,80.85054016113281,83.73500061035156,84.5999984741211,83.23500061035156,83.48999786376953,23767200,5.124015658133227,-0.016834390106756025,172.1522430419922,0.29926073196110103,4.392602267029033,-0.005062540847228902,83.0057876586914,0.26341850691985946
2022-01-07,168.17469787597656,172.1699981689453,174.13999938964844,171.02999877929688,172.88999938964844,86709100,80.10702514648438,82.96499633789062,84.08000183105469,82.41999816894531,83.68000030517578,30488600,5.125003307424113,0.0009876492908862389,172.03551483154297,0.2992247135526854,4.3833635549286605,-0.009238712100372304,82.88059577941894,0.26273148505551824
2022-01-10,168.19427490234375,172.19000244140625,172.5,168.1699981689453,169.0800018310547,106765600,80.12154388427734,82.9800033569336,83.08499908447266,80.6449966430664,81.7300033569336,32501400,5.125119709518085,0.00011640209397167922,171.68093872070312,0.2800118780906863,4.383544780260953,0.00018122533229281146,82.67324981689453,0.25046564319929254
2022-01-11,171.0172119140625,175.0800018310547,175.17999267578125,170.82000732421875,172.32000732421875,76138300,81.0822525024414,83.9749984741211,84.09500122070312,82.1500015258789,82.76499938964844,19207600,5.141764205905541,0.01664449638745591,171.6487045288086,0.27823416652819244,4.395464102431768,0.01191932217081515,82.57658081054687,0.25092241248920444
2022-01-12,171.45675659179688,175.52999877929688,177.17999267578125,174.82000732421875,176.1199951171875,74805200,81.46365356445312,84.37000274658203,85.18000030517578,83.94999694824219,84.5999984741211,18144000,5.144331086658516,0.002566880752975287,171.7073127746582,0.2768015807970654,4.400156952238957,0.004692849807188537,82.56716613769531,0.24490860977073073
2022-01-13,168.19427490234375,172.19000244140625,176.6199951171875,171.7899932861328,175.77999877929688,84505800,79.3539047241211,82.18499755859375,85.05000305175781,81.9749984741211,84.80500030517578,20942600,5.125119709518085,-0.019211377140431196,171.3600616455078,0.26453576505855086,4.373917654635313,-0.026239297603644296,82.34408493041992,0.2409558218258846
2022-01-14,169.05384826660156,173.07000732421875,173.77999877929688,171.08999633789062,171.33999633789062,80440800,80.02497863769531,82.87999725341797,82.93000030517578,81.625,81.625,22351400,5.130217292968157,0.005097583450072385,171.39962158203124,0.2238636862193788,4.382338818910503,0.00842116427519013,82.27333717346191,0.22319510480424587
2022-01-18,165.85971069335938,169.8000030517578,172.5399932861328,169.41000366210938,171.50999450683594,90956700,78.10352325439453,80.88999938964844,82.16000366210938,80.66500091552734,81.67500305175781,24694200,5.111142314739367,-0.01907497822879023,171.33417510986328,0.2331310450295564,4.35803516792024,-0.024303650990263215,82.13374290466308,0.2375687809387078
2022-01-19,162.37255859375,166.22999572753906,171.0800018310547,165.94000244140625,170.0,94815000,77.01246643066406,79.76000213623047,82.1449966430664,79.68000030517578,81.1449966430664,24961400,5.089893439273417,-0.021248875465950334,171.1622573852539,0.24332348023792028,4.343967310445954,-0.014067857474285184,81.98770370483399,0.23888086108351306
2022-01-20,160.6925048828125,164.50999450683594,169.67999267578125,164.17999267578125,166.97999572753906,91420500,76.0179443359375,78.7300033569336,81.375,78.625,80.47000122070312,37609000,5.0794926312252295,-0.010400808048187216,170.74809646606445,0.23348595089520477,4.330969422100215,-0.012997888345739561,81.69079627990723,0.21951795752227246
2022-01-21,158.6412353515625,162.41000366210938,166.3300018310547,162.3000030517578,164.4199981689453,122848900,74.50684356689453,77.16500091552734,79.44499969482422,77.1449966430664,78.54000091552734,48016600,5.066645271319159,-0.01284735990607011,170.10194778442383,0.2263797858056731,4.310890981124962,-0.020078440975252576,81.26474609375,0.21742096693945762
2022-01-24,157.86956787109375,161.6199951171875,162.3000030517578,154.6999969482422,160.02000427246094,162294600,74.89308166503906,77.56500244140625,77.62000274658203,73.12000274658203,75.87999725341797,67413400,5.061769172294648,-0.004876099024511582,169.38595733642578,0.22462270611951096,4.316061518634045,0.00517053750908314,80.8348346710205,0.21716012134189067
2022-01-25,156.07229614257812,159.77999877929688,162.75999450683594,157.02000427246094,158.97999572753906,115798400,73.15991973876953,75.7699966430664,77.20999908447266,74.9000015258789,76.04499816894531,48886200,5.050319336707263,-0.011449835587384882,168.3823043823242,0.2016000626663525,4.292647726457678,-0.023413792176367743,80.2287109375,0.2017377720501326
2022-01-26,155.9843292236328,159.69000244140625,164.38999938964844,157.82000732421875,163.5,108275300,73.58956909179688,76.21499633789062,78.73999786376953,75.30999755859375,77.83000183105469,53596200,5.049755548509065,-0.000563788198197912,167.4250457763672,0.20254063519894125,4.298503291394756,0.0058555649370779506,79.66627655029296,0.20727383987740577
2022-01-27,155.52525329589844,159.22000122070312,163.83999633789062,158.27999877929688,162.4499969482422,121954600,73.0826644897461,75.69000244140625,77.86000061035156,75.41500091552734,77.44999694824219,39446800,5.046808119050446,-0.0029474294586187,166.44043579101563,0.2014870490674022,4.291591190748637,-0.006912100646118802,79.07487602233887,0.205137686740939
2022-01-28,166.37744140625,170.3300018310547,170.35000610351562,162.8000030517578,165.7100067138672,179935700,76.27864074707031,79.0,79.0199966430664,75.48999786376953,76.62999725341797,44236000,5.114258950724817,0.06745083167437027,166.05606994628906,0.32929347494925554,4.334392961316379,0.042801770567741926,78.67127532958985,0.2720504659575275
2022-01-31,170.72418212890625,174.77999877929688,175.0,169.50999450683594,170.16000366210938,115541600,78.19527435302734,80.98500061035156,81.08999633789062,78.63500213623047,79.0199966430664,29121000,5.140049284259642,0.025790333534825294,165.91980667114257,0.34391334171278076,4.35920921545709,0.024816254140711536,78.38402481079102,0.2919603503378839
2022-02-01,170.55807495117188,174.61000061035156,174.83999633789062,172.30999755859375,174.00999450683594,86213900,78.39802551269531,81.19499969482422,81.33000183105469,80.0199966430664,81.09500122070312,23389800,5.139075854276659,-0.0009734299829826654,165.5583923339844,0.3304896449386968,4.36179874225217,0.002589526795079955,78.06708221435547,0.2889130024538463
2022-02-02,171.75955200195312,175.83999633789062,175.8800048828125,173.3300018310547,174.75,84914300,79.03528594970703,81.8550033569336,81.98999786376953,80.81999969482422,81.37000274658203,25504800,5.146095545287857,0.007019691011198148,165.3698699951172,0.329458658436483,4.369894410336441,0.008095668084270535,77.82690124511718,0.29074899509159224
2022-02-03,168.88778686523438,172.89999389648438,176.24000549316406,172.1199951171875,174.47999572753906,89418100,76.74211120605469,79.4800033569336,81.24500274658203,79.18499755859375,80.69499969482422,27865400,5.129234511342754,-0.016861033945103188,165.27121200561524,0.3207751749591501,4.340450595595642,-0.029443814740798935,77.60096244812011,0.2885021302164087
2022-02-04,168.6041717529297,172.38999938964844,174.10000610351562,170.67999267578125,171.67999267578125,82465400,77.05108642578125,79.80000305175781,80.5,78.72000122070312,79.05500030517578,29721400,5.127553788754699,-0.0016807225880555166,165.30098648071288,0.31505018018792624,4.344468661936428,0.004018066340786497,77.41098976135254,0.28938223294189813
2022-02-07,167.89019775390625,171.66000366210938,173.9499969482422,170.9499969482422,172.86000061035156,77251200,76.53932189941406,79.2699966430664,80.33499908447266,78.96499633789062,79.86000061035156,14622600,5.123310180925428,-0.004243607829271134,165.28676147460936,0.31541864999951064,4.337804620530744,-0.006664041405683996,77.23260459899902,0.2887195822880898
2022-02-08,170.99058532714844,174.8300018310547,175.35000610351562,171.42999267578125,171.72999572753906,74829200,77.48555755615234,80.25,80.46499633789062,78.83499908447266,79.0199966430664,21139800,5.141608498420608,0.018298317495180072,165.42657699584962,0.3221043757674352,4.350091564879053,0.01228694434830846,77.10080528259277,0.29324937696276876
2022-02-09,172.40875244140625,176.27999877929688,176.64999389648438,174.89999389648438,176.0500030517578,71285000,79.20426940917969,82.02999877929688,82.05500030517578,80.94999694824219,81.28500366210938,17795600,5.149868125162544,0.008259626741936366,165.49615402221679,0.3179911833044552,4.372030204049029,0.02193863916997607,77.00690612792968,0.30145063715825104
2022-02-10,168.340087890625,172.1199951171875,175.47999572753906,171.5500030517578,174.13999938964844,90865900,77.13314056396484,79.88500213623047,81.76499938964844,79.46499633789062,80.4000015258789,31692200,5.125986265885142,-0.023881859277402384,165.3403205871582,0.3292657483703752,4.34553302691762,-0.02649717713140909,76.79038047790527,0.3134930963416735
2022-02-11,164.93646240234375,168.63999938964844,173.0800018310547,168.0399932861328,172.3300018310547,98670700,74.77720642089844,77.44499969482422,80.31500244140625,77.1500015258789,79.96499633789062,34878800,5.105560323390212,-0.020425942494929572,165.17742996215821,0.33018770363890093,4.314513111548391,-0.03101991536922899,76.56154556274414,0.3186643990293067
2022-02-14,165.17127990722656,168.8800048828125,169.5800018310547,166.55999755859375,167.3699951171875,86185500,74.75305938720703,77.41999816894531,78.04499816894531,76.5199966430664,77.23999786376953,41030400,5.106982995532621,0.0014226721424090982,164.98330154418946,0.3295479117298341,4.314190139690208,-0.00032297185818297436,76.29794960021972,0.3160192464836811
2022-02-15,168.99537658691406,172.7899932861328,172.9499969482422,170.25,170.97000122070312,62527400,76.71795654296875,79.45500183105469,79.51000213623047,78.30999755859375,78.58499908447266,24437400,5.12987135707497,0.022888361542348967,165.14008483886718,0.33294083683665243,4.340135794961969,0.025945655271761403,76.22867126464844,0.32222647348317857
2022-02-16,168.76063537597656,172.5500030517578,173.33999633789062,170.0500030517578,171.85000610351562,61177400,76.6407241821289,79.375,79.6500015258789,78.05500030517578,78.91500091552734,20318200,5.128481352216913,-0.001390004858056848,165.45948867797853,0.32269471085803414,4.339128582758475,-0.001007212203494312,76.21008415222168,0.31845793452413795
2022-02-17,165.17127990722656,168.8800048828125,171.91000366210938,168.47000122070312,171.02999877929688,69589300,74.34752655029297,77.0,78.71499633789062,76.8550033569336,78.63500213623047,24906400,5.106982995532621,-0.02149835668429212,165.6834274291992,0.33062571913086075,4.308750404703732,-0.030378178054743188,76.12656326293946,0.33332046948973426
2022-02-18,163.6259307861328,167.3000030517578,170.5399932861328,166.19000244140625,169.82000732421875,82772700,73.59440612792969,76.22000122070312,77.375,75.63500213623047,77.26499938964844,25310800,5.097582912746399,-0.00940008278622173,165.93266220092772,0.3288808322636705,4.298569019149796,-0.010181385553935662,76.08094139099121,0.32765400324959626
2022-02-22,160.71136474609375,164.32000732421875,166.69000244140625,162.14999389648438,164.97999572753906,91162800,72.91368103027344,75.51499938964844,76.7249984741211,74.69000244140625,75.41999816894531,26893600,5.079609990504847,-0.01797292224155278,166.07475204467772,0.335492548515849,4.289276289860774,-0.009292729289022361,75.98197135925292,0.32828768819736764
2022-02-23,156.5547332763672,160.07000732421875,166.14999389648438,159.75,165.5399932861328,90009200,71.08877563476562,73.625,76.50499725341797,73.54499816894531,76.30000305175781,37879400,5.053405682233056,-0.02620430827179021,166.0988739013672,0.34659571004130363,4.263929457043966,-0.025346832816807385,75.87841415405273,0.3300784625761025
2022-02-24,159.16610717773438,162.74000549316406,162.85000610351562,152.0,152.5800018310547,141147500,73.51715087890625,76.13999938964844,76.19499969482422,70.86000061035156,71.09500122070312,50967800,5.0699483561327865,0.016542673899730076,166.25796279907226,0.35141127138253525,4.2975187242892545,0.03358926724528821,75.8747932434082,0.35214674316870237
2022-02-25,161.229736328125,164.85000610351562,165.1199951171875,160.8699951171875,163.83999633789062,91974200,74.51651000976562,77.17500305175781,77.19999694824219,75.31999969482422,76.25499725341797,28301600,5.082830281597055,0.012881925464268917,166.5431869506836,0.35353287362760305,4.311020711702789,0.0135019874135347,75.94648551940918,0.354318884467847
2022-02-28,161.49380493164062,165.1199951171875,165.4199981689453,162.42999267578125,163.05999755859375,95056600,74.38133239746094,77.03500366210938,77.36000061035156,75.71499633789062,76.3550033569336,34822200,5.08446678237056,0.0016365007735048565,166.29900512695312,0.2548542036961343,4.30920500171993,-0.0018157099828588485,75.85162010192872,0.3179893415663617
2022-03-01,159.615966796875,163.1999969482422,166.60000610351562,161.97000122070312,164.6999969482422,83474400,72.89439392089844,75.49500274658203,77.13999938964844,74.90499877929688,76.74500274658203,29925000,5.072770722598719,-0.011696059771841405,165.74359436035155,0.23564813204535542,4.289011735109688,-0.020193266610242233,75.58657608032226,0.3090474710954171
2022-03-02,162.9021759033203,166.55999755859375,167.36000061035156,162.9499969482422,164.38999938964844,79724800,74.47306060791016,77.12999725341797,77.44999694824219,75.45999908447266,76.05000305175781,25592400,5.093149872813576,0.0203791502148567,165.36079940795898,0.2502574368058649,4.310437457413149,0.021425722303461292,75.39032783508301,0.32098044053180397
2022-03-03,162.57945251464844,166.22999572753906,168.91000366210938,165.5500030517578,168.47000122070312,76678400,73.58475494384766,76.20999908447266,77.78500366210938,75.81999969482422,77.77999877929688,23450600,5.091166820829969,-0.0019830519836068206,164.90179443359375,0.24784119710612845,4.298437870364525,-0.01199958704862425,75.11780128479003,0.32005035653659
2022-03-04,159.586669921875,163.1699981689453,165.5500030517578,162.10000610351562,164.49000549316406,83737200,72.29573822021484,74.875,75.93000030517578,74.27999877929688,75.61499786376953,26731200,5.072587159734806,-0.018579661095162514,164.43673858642578,0.24921064096663684,4.280765181648854,-0.017672688715671292,74.89548263549804,0.31000000464630384
2022-03-07,155.80165100097656,159.3000030517578,165.02000427246094,159.0399932861328,163.36000061035156,96418800,69.65011596679688,72.13500213623047,75.15499877929688,72.09500122070312,74.80999755859375,32864200,5.048583730305896,-0.02400342942891065,163.79661254882814,0.26019729109442785,4.243484365217923,-0.03728081643093084,74.52543411254882,0.3315409830544861
2022-03-08,153.98251342773438,157.44000244140625,162.8800048828125,155.8000030517578,158.82000732421875,131148300,69.31218719482422,71.78500366210938,74.01499938964844,70.7249984741211,71.94000244140625,36898400,5.036839046795878,-0.011744683510017673,163.10122833251953,0.2616683060216107,4.238620752131229,-0.004863613086693697,74.16407737731933,0.3314862663960885
2022-03-09,159.37149047851562,162.9499969482422,163.41000366210938,159.41000366210938,161.47999572753906,91454900,72.05435180664062,74.625,74.96499633789062,73.1449966430664,73.73500061035156,35327400,5.071237895143274,0.03439884834739626,162.5202735900879,0.2853035041272934,4.277420720436117,0.038799968304887855,73.89251708984375,0.36175859306773583
2022-03-10,155.0387420654297,158.52000427246094,160.38999938964844,155.97999572753906,160.1999969482422,105342000,70.79429626464844,73.31999969482422,73.5250015258789,72.20999908447266,73.30500030517578,27448400,5.043675034496471,-0.027562860646803244,161.65177307128906,0.29389621906649116,4.259778436220665,-0.017642284215452442,73.47201843261719,0.3517952637552185
2022-03-11,151.33200073242188,154.72999572753906,159.27999877929688,154.5,158.92999267578125,96970100,69.54872131347656,72.02999877929688,74.15499877929688,71.91999816894531,73.97000122070312,21457800,5.019476103601573,-0.02419893089489822,160.8013687133789,0.29416400244575663,4.242027533059919,-0.01775090316074568,73.09279747009278,0.34623462407459094
2022-03-14,147.312255859375,150.6199951171875,154.1199951171875,150.10000610351562,151.4499969482422,108732100,68.25972747802734,70.69499969482422,72.51499938964844,70.48999786376953,71.69999694824219,27852400,4.992554523397565,-0.026921580204008144,159.92015838623047,0.29944278496590404,4.223319951059624,-0.018707582000295098,72.76692352294921,0.33667137128438884
2022-03-15,151.68409729003906,155.08999633789062,155.57000732421875,150.3800048828125,150.89999389648438,92964300,70.55292510986328,73.06999969482422,73.21499633789062,71.0199966430664,71.25499725341797,22993800,5.021800050866288,0.02924552746872333,159.24579925537108,0.3234809072038051,4.256363138954035,0.0330431878944113,72.55691680908203,0.3621118772847113
2022-03-16,156.0852813720703,159.58999633789062,160.0,154.4600067138672,157.0500030517578,102300200,72.84610748291016,75.44499969482422,75.4749984741211,72.81999969482422,73.99500274658203,27176000,5.050402533338932,0.028602482472644297,158.6002944946289,0.3304030482718907,4.288349099270096,0.031985960316061046,72.3633243560791,0.36905987893327896
2022-03-17,157.0926513671875,160.6199951171875,161.0,157.6300048828125,158.61000061035156,75615400,73.36270141601562,75.9800033569336,76.02999877929688,74.63500213623047,75.04000091552734,18518800,5.056835767383214,0.006433234044282088,158.01689529418945,0.33237546850495703,4.295415651370759,0.007066552100662982,72.19942321777344,0.3706283481846359
2022-03-18,160.37887573242188,163.97999572753906,164.47999572753906,159.75999450683594,160.50999450683594,123511700,74.8641128540039,77.53500366210938,77.67500305175781,75.33999633789062,75.70999908447266,27897800,5.077538989330755,0.020703221947540484,157.77727508544922,0.33594273165988664,4.315674641576292,0.02025899020553279,72.22525253295899,0.36304905696952566
2022-03-21,161.74813842773438,165.3800048828125,166.35000610351562,163.00999450683594,163.50999450683594,95811400,74.72189331054688,77.24500274658203,77.65499877929688,76.2300033569336,76.9749984741211,22341400,5.086040424367235,0.008501435036480487,157.6833854675293,0.3363491117080629,4.313773132338149,-0.0019015092381433618,72.28162689208985,0.3610487543393763
2022-03-22,165.112548828125,168.82000732421875,169.4199981689453,164.91000366210938,165.50999450683594,81532000,75.79563903808594,78.3550033569336,78.76000213623047,77.19499969482422,77.30000305175781,17485800,5.106627355476337,0.02058693110910159,157.90344467163087,0.337745293487523,4.3280407585141925,0.014267626176043713,72.42572479248047,0.36203254604964263
2022-03-23,166.47206115722656,170.2100067138672,172.63999938964844,167.64999389648438,167.99000549316406,98062700,74.6300048828125,77.1500015258789,78.33999633789062,77.07499694824219,77.625,12360600,5.114827494482862,0.008200139006524942,158.39931106567383,0.32223994242654225,4.3125426365702335,-0.015498121943958942,72.60278625488282,0.35378172166723615
2022-03-24,170.24728393554688,174.07000732421875,174.13999938964844,170.2100067138672,171.05999755859375,90131400,76.56951904296875,79.15499877929688,79.17500305175781,77.31999969482422,77.58000183105469,14263400,5.137251991513507,0.022424497030645085,158.95336990356446,0.3261538996820036,4.338199073832858,0.025656437262624898,72.75540466308594,0.34553980214863006
2022-03-25,170.8830108642578,174.72000122070312,175.27999877929688,172.75,173.8800048828125,80546200,76.5259780883789,79.11000061035156,79.38999938964844,78.12000274658203,79.27999877929688,14874600,5.1409791753746665,0.0037271838611596664,159.4360336303711,0.32422415460717885,4.337630266041908,-0.0005688077909500322,72.8558780670166,0.3429460840522876
2022-03-28,171.74368286132812,175.60000610351562,175.72999572753906,172.0,172.1699981689453,90371900,77.43528747558594,80.05000305175781,80.08499908447266,78.54499816894531,78.74500274658203,18593000,5.146003149414831,0.005023974040164525,159.94852752685546,0.3242710034432872,4.349442587237335,0.011812321195426634,73.00857582092286,0.34469519560046735
2022-03-29,175.02989196777344,178.9600067138672,179.00999450683594,176.33999633789062,176.69000244140625,100589400,79.07975006103516,81.75,81.82499694824219,80.40499877929688,80.98500061035156,18829800,5.164956770581354,0.018953621166523327,160.7192237854004,0.3240022674958749,4.370456837713648,0.021014250476312668,73.31784362792969,0.3404970573601663
2022-03-30,173.8660125732422,177.77000427246094,179.61000061035156,176.6999969482422,178.5500030517578,92633200,78.0253677368164,80.66000366210938,81.55999755859375,80.23500061035156,81.33000183105469,18680200,5.158284959896855,-0.006671810684498958,161.26741561889648,0.3207518154259487,4.357034001209708,-0.013422836503939273,73.495458984375,0.3394088266391517
2022-03-31,170.775390625,174.61000061035156,178.02999877929688,174.39999389648438,177.83999633789062,103049300,76.86939239501953,79.46499633789062,80.80000305175781,79.34500122070312,80.6500015258789,19424000,5.140349187981715,-0.017935771915140286,161.67721252441407,0.3290981684481162,4.342107779011076,-0.014926222198632821,73.6596908569336,0.34120185561685146
2022-04-01,170.4820098876953,174.30999755859375,174.8800048828125,171.94000244140625,174.02999877929688,78751300,76.6420669555664,79.2300033569336,79.7300033569336,78.34500122070312,79.54499816894531,28209600,5.138629777301434,-0.0017194106802813636,162.22197952270508,0.3201218381072366,4.339146102969682,-0.002961676041393524,73.87700729370117,0.33376198569552173
2022-04-04,174.52133178710938,178.44000244140625,178.49000549316406,174.44000244140625,174.57000732421875,76468400,78.09790802001953,80.73500061035156,80.7750015258789,79.40499877929688,79.43499755859375,23048200,5.162046979369481,0.023417202068046983,163.15796356201173,0.310587022249418,4.3579632705716485,0.01881716760196639,74.29939689636231,0.3020409501968777
2022-04-05,171.21554565429688,175.05999755859375,178.3000030517578,174.4199981689453,177.5,73401800,76.45341491699219,79.03500366210938,80.56999969482422,78.76000213623047,80.38500213623047,23588200,5.142923263640675,-0.019123715728805557,164.01961517333984,0.31711151599451987,4.336681600010449,-0.02128167056119956,74.65645828247071,0.3150176060915626
2022-04-06,168.05645751953125,171.8300018310547,173.6300048828125,170.1300048828125,172.36000061035156,89058800,74.64452362060547,77.16500091552734,77.9000015258789,76.4800033569336,77.72000122070312,34225400,5.124299979612743,-0.018623284027932563,164.45386352539063,0.3083206136934529,4.312737160552111,-0.023944439458337463,74.78596687316895,0.3040119079137198
2022-04-07,168.35964965820312,172.13999938964844,173.36000061035156,169.85000610351562,171.16000366210938,77594700,74.7605972290039,77.28500366210938,77.80500030517578,76.2300033569336,76.75499725341797,23200200,5.126102462991456,0.0018024833787135819,165.1199089050293,0.2870366136798993,4.314290971172413,0.0015538106203019098,74.98428192138672,0.2952686483573261
2022-04-08,166.35472106933594,170.08999633789062,171.77999877929688,169.1999969482422,171.77999877929688,76575500,73.71588897705078,76.20500183105469,77.12000274658203,76.04000091552734,76.94000244140625,26354600,5.1141223824004305,-0.011980080591025732,165.871044921875,0.2740291852782646,4.3002183658784014,-0.014072605294011886,75.19264030456543,0.29215769968590405
2022-04-11,162.11000061035156,165.75,169.02999877929688,165.5,168.7100067138672,72246700,71.85859680175781,74.28500366210938,75.34500122070312,74.18499755859375,75.25,21595400,5.088275120918528,-0.025847261481902528,166.61093215942384,0.27240497989294754,4.274700254661404,-0.02551811121699732,75.37258377075196,0.2997429946939297
2022-04-12,163.97804260253906,167.66000366210938,169.8699951171875,166.63999938964844,168.02000427246094,79265200,71.53937530517578,73.95500183105469,75.7750015258789,73.67500305175781,75.20500183105469,22172200,5.099732532290708,0.011457411372179926,167.22562942504882,0.25816668330095655,4.270248001687292,-0.004452252974112447,75.42190628051758,0.27793921614800865
2022-04-13,166.65786743164062,170.39999389648438,171.0399932861328,166.77000427246094,167.38999938964844,70618900,72.69049835205078,75.1449966430664,75.375,73.7249984741211,74.0,14446800,5.115943012950199,0.016210480659490933,167.75425872802734,0.24589377497566525,4.286210679327366,0.01596267764007475,75.41412582397462,0.25920071924393584
2022-04-14,161.6600799560547,165.2899932861328,171.27000427246094,165.0399932861328,170.6199951171875,75329400,70.92510223388672,73.31999969482422,75.36000061035156,73.28500366210938,75.2249984741211,17407000,5.085495858899506,-0.03044715405069276,167.9826301574707,0.27297267226429023,4.261624422130418,-0.024586257196948402,75.29224586486816,0.2716355583390817
2022-04-18,161.4449462890625,165.07000732421875,166.60000610351562,163.57000732421875,163.9199981689453,69023900,71.15725708007812,73.55999755859375,74.03500366210938,72.94000244140625,72.95999908447266,14060600,5.084164194695552,-0.0013316642039544746,168.03593368530272,0.26337864410596046,4.26489231624357,0.003267894113151648,75.10690307617188,0.25986728436937206
2022-04-19,163.7237548828125,167.39999389648438,167.82000732421875,163.91000366210938,165.02000427246094,67723800,72.49217987060547,74.94000244140625,75.06999969482422,73.1050033569336,73.375,13562200,5.098180586145058,0.014016391449506393,168.13471450805665,0.26635833546075177,4.283478692189187,0.01858637594561774,74.9954174041748,0.2704929165594866
2022-04-20,163.55747985839844,167.22999572753906,168.8800048828125,166.10000610351562,168.75999450683594,67929800,72.42448425292969,74.87000274658203,75.86499786376953,74.6500015258789,75.66500091552734,15652600,5.097164487321967,-0.0010160988230909496,168.0569610595703,0.25569043284219123,4.282544422510689,-0.0009342696784981896,74.826859664917,0.26403411078840244
2022-04-21,162.76527404785156,166.4199981689453,171.52999877929688,165.91000366210938,168.91000366210938,87227800,71.19596862792969,73.5999984741211,76.30999755859375,73.375,75.5999984741211,18509200,5.09230912644145,-0.004855360880516635,167.87162170410156,0.25401089776240854,4.265436196420689,-0.0171082260900004,74.65515785217285,0.26516305444148364
2022-04-22,158.2369384765625,161.7899932861328,167.8699951171875,161.5,166.4600067138672,84882400,69.20325469970703,71.54000091552734,73.94999694824219,71.44000244140625,73.5199966430664,22094800,5.064093520344991,-0.028215606096459567,167.27110443115234,0.2553391172540912,4.237047894750357,-0.028388301670331906,74.28684463500977,0.2587587186773957
2022-04-25,159.30300903320312,162.8800048828125,163.1699981689453,158.4600067138672,161.1199951171875,96046400,70.24313354492188,72.61499786376953,72.66500091552734,70.77999877929688,71.2249984741211,28707600,5.070808105834926,0.00671458548993531,166.6921043395996,0.25670166618218365,4.251962560303899,0.01491466555354215,73.97270240783692,0.26799326534492607
2022-04-26,153.35655212402344,156.8000030517578,162.33999633789062,156.72000122070312,162.25,95623200,67.62651062011719,69.91000366210938,72.06500244140625,69.875,71.95500183105469,25953200,5.032765616246941,-0.03804248958798517,165.7727478027344,0.2819888430186987,4.214000075107425,-0.03796248519647438,73.48226356506348,0.28598154531947867
2022-04-27,153.131591796875,156.57000732421875,159.7899932861328,155.3800048828125,155.91000366210938,88063200,68.62769317626953,70.94499969482422,72.30999755859375,70.53500366210938,70.69000244140625,40048600,5.031297628841821,-0.001467987405120219,164.67783279418944,0.26727883519871726,4.2286961438868795,0.01469606877945484,72.9596607208252,0.2786242731571617
2022-04-28,160.0463409423828,163.63999938964844,164.52000427246094,158.92999267578125,159.25,130216800,71.37493133544922,73.78500366210938,74.20500183105469,71.67500305175781,72.05999755859375,27762400,5.07546340418879,0.044165775346969305,163.9868492126465,0.3225169840187343,4.267946705950481,0.03925056206360189,72.62713890075683,0.32208514088328905
2022-04-29,154.18789672851562,157.64999389648438,166.1999969482422,157.25,161.83999633789062,131747600,68.40036010742188,70.70999908447266,73.83000183105469,70.57499694824219,72.9800033569336,29589800,5.0381719673127145,-0.0372914368760755,163.15747451782227,0.34032390873277707,4.225378089343036,-0.042568616607445264,72.20368728637695,0.34791525045183425
2022-05-02,154.4910888671875,157.9600067138672,158.22999572753906,153.27000427246094,156.7100067138672,123055300,69.44024658203125,71.78500366210938,71.87999725341797,69.83000183105469,70.62999725341797,37004400,5.040136417439372,0.001964450126657802,162.35792846679686,0.3410609474601794,4.2404666213543045,0.015088532011268363,71.84359626770019,0.35570592036128834
2022-05-03,155.9777069091797,159.47999572753906,160.7100067138672,156.32000732421875,158.14999389648438,88966500,69.56117248535156,71.91000366210938,72.3499984741211,71.24500274658203,71.7750015258789,27469800,5.049713092609391,0.00957667517001859,161.43074722290038,0.32913651486166834,4.242206545085135,0.0017399237308302062,71.4167594909668,0.34560394589309806
2022-05-04,162.3740692138672,166.02000427246094,166.47999572753906,159.25999450683594,159.6699981689453,108256500,72.00370025634766,74.43499755859375,74.56999969482422,70.99500274658203,72.19000244140625,28650400,5.089902742650191,0.04018965004079966,160.9886734008789,0.3625011989896358,4.276717510144782,0.03451096505964735,71.19427375793457,0.3684197865079225
2022-05-05,153.3271942138672,156.77000427246094,164.0800018310547,154.9499969482422,163.85000610351562,130525300,68.54064178466797,70.8550033569336,73.43000030517578,70.01000213623047,73.33999633789062,36442200,5.032574162277851,-0.057328580372339566,160.2522102355957,0.4082671165613894,4.227426880054039,-0.04929063009074319,70.88907966613769,0.39737987244581097
2022-05-06,154.052001953125,157.27999877929688,159.44000244140625,154.17999267578125,156.00999450683594,116124600,67.98925018310547,70.28500366210938,71.41000366210938,69.2300033569336,70.20999908447266,34862200,5.037290220434543,0.004716058156692071,159.5368278503418,0.4090021567467023,4.219349607136704,-0.008077272917335065,70.55051231384277,0.3969796044832283
2022-05-09,148.9391326904297,152.05999755859375,155.8300018310547,151.49000549316406,154.92999267578125,131577900,65.35809326171875,67.56500244140625,69.45999908447266,67.25499725341797,69.01499938964844,41124600,5.003537717051026,-0.033752503383516874,158.6660484313965,0.4214380249946117,4.179881277263891,-0.0394683298728129,70.13262252807617,0.4147303711767147
2022-05-10,151.33883666992188,154.50999450683594,156.74000549316406,152.92999267578125,155.52000427246094,115366700,66.35445404052734,68.59500122070312,69.56500244140625,67.57499694824219,69.17500305175781,36370400,5.0195212743723,0.015983557321273878,158.127490234375,0.4208473218544252,4.19501088799804,0.015129610734149423,69.85741539001465,0.4144786443549593
2022-05-11,143.49325561523438,146.5,155.4499969482422,145.80999755859375,153.5,142689800,64.26016998291016,66.43000030517578,69.26499938964844,66.2249984741211,67.9749984741211,34781800,4.966288034898206,-0.05323323947409442,157.10325088500977,0.4519755449382165,4.162939998920911,-0.032070889077129294,69.49345512390137,0.42631724980170926
2022-05-12,139.63412475585938,142.55999755859375,146.1999969482422,138.8000030517578,142.77000427246094,182602000,63.5975456237793,65.74500274658203,66.69999694824219,64.21499633789062,65.44499969482422,36506600,4.939025607131262,-0.027262427766943986,155.7520637512207,0.44911776365612266,4.152574878780351,-0.010365120140559902,69.03880748748779,0.4190286775947756
2022-05-13,144.09072875976562,147.11000061035156,148.10000610351562,143.11000061035156,144.58999633789062,113990900,65.7111587524414,67.93000030517578,68.26499938964844,66.20999908447266,66.63999938964844,24495400,4.970443162002714,0.03141755487145215,154.87359619140625,0.46312135146530864,4.185268755093685,0.03269387631333398,68.77811031341552,0.43556997642109446
2022-05-16,142.552978515625,145.5399932861328,147.52000427246094,144.17999267578125,145.5500030517578,86643800,65.1307601928711,67.33000183105469,68.23500061035156,66.75499725341797,67.36499786376953,17423400,4.9597137096730135,-0.01072945232970035,153.9289978027344,0.4631329186009248,4.176396944421271,-0.008871810672413716,68.47678546905517,0.435082010095865
2022-05-17,146.17701721191406,149.24000549316406,149.77000427246094,146.67999267578125,148.86000061035156,78336300,67.01705932617188,69.27999877929688,69.38500213623047,68.0,68.77999877929688,18602200,4.984818333945404,0.025104624272390907,153.05166091918946,0.47116252832394134,4.204947203790143,0.028550259368871345,68.2030294418335,0.44342895016379436
2022-05-18,137.9298553466797,140.82000732421875,147.36000061035156,139.89999389648438,146.85000610351562,109742900,63.95060348510742,66.11000061035156,68.56500244140625,65.86000061035156,68.36499786376953,23670200,4.9267452613424405,-0.058073072602963904,151.77027969360353,0.5059372793921422,4.1581109648076495,-0.04683623898249323,67.77933540344239,0.46854440256202784
2022-05-19,134.5310516357422,137.35000610351562,141.66000366210938,136.60000610351562,139.8800048828125,136095600,63.24930953979492,65.38500213623047,66.51000213623047,65.07499694824219,65.61499786376953,20874800,4.901795039576407,-0.024950221766033565,150.35856857299805,0.5090250805960251,4.147084211181167,-0.01102675362648231,67.38200244903564,0.4671655498058326
2022-05-20,134.76611328125,137.58999633789062,140.6999969482422,132.61000061035156,139.08999633789062,137426100,63.389549255371094,65.52999877929688,66.4749984741211,63.52000045776367,66.29499816894531,20252600,4.9035407817217305,0.0017457421453235256,149.1850273132324,0.5055326559550418,4.1492990096125055,0.0022147984313383162,67.09131717681885,0.460220319328929
2022-05-23,140.1728515625,143.11000061035156,143.25999450683594,137.64999389648438,137.7899932861328,117726300,64.84538269042969,67.03500366210938,67.12000274658203,65.52999877929688,65.73500061035156,17219600,4.942876315068666,0.03933553334693585,148.22851943969727,0.5307804648600127,4.172005708388452,0.022706698775946776,66.82142963409424,0.46535727154780104
2022-05-24,137.47927856445312,140.36000061035156,141.97000122070312,137.3300018310547,140.80999755859375,104132700,63.88288497924805,66.04000091552734,66.43499755859375,64.88500213623047,66.0999984741211,17122000,4.923473204400604,-0.019403110668061885,147.43465576171874,0.520056405145641,4.157051484807419,-0.014954223581033155,66.63424835205078,0.44999792099948643
2022-05-25,137.635986328125,140.52000427246094,141.7899932861328,138.33999633789062,138.42999267578125,92482700,64.62774658203125,66.80999755859375,67.30500030517578,65.55500030517578,65.6050033569336,13656600,4.924612419854034,0.0011392154534295429,146.65987548828124,0.5204043795130575,4.168643832227706,0.011592347420286586,66.43425102233887,0.44852552261597056
2022-05-26,140.8290557861328,143.77999877929688,144.33999633789062,137.13999938964844,137.38999938964844,90601500,66.1803207397461,68.41500091552734,68.70999908447266,66.27999877929688,66.41999816894531,15556600,4.94754678455163,0.02293436469759591,145.69901123046876,0.4986205728685208,4.192383148957184,0.023739316729478155,66.17452049255371,0.4322283619610865
2022-05-27,146.56881713867188,149.63999938964844,149.67999267578125,145.25999450683594,145.38999938964844,90978500,68.41971588134766,70.7300033569336,70.74500274658203,69.05000305175781,69.18000030517578,16281800,4.987495059723994,0.03994827517236388,145.31805725097655,0.5103843587835839,4.225661026973571,0.03327787801638671,66.17548828125,0.4257483855385754
2022-05-31,145.7852325439453,148.83999633789062,150.66000366210938,146.83999633789062,149.07000732421875,103718400,67.93119812011719,70.2249984741211,70.91500091552734,69.54000091552734,70.45500183105469,19420800,4.982134528737992,-0.005360530986001422,144.88276443481445,0.510190367256326,4.21849540061748,-0.007165626356090193,66.1000358581543,0.42261458034978494
2022-06-01,145.6578826904297,148.7100067138672,151.74000549316406,147.67999267578125,149.89999389648438,74286600,67.72806549072266,70.01499938964844,71.45999908447266,69.49500274658203,70.9800033569336,13304800,4.981260602712885,-0.0008739260251076075,144.36677322387695,0.5081452166031997,4.21550065074483,-0.0029947498726503596,66.00838050842285,0.42252697467449535
2022-06-02,148.10659790039062,151.2100067138672,151.27000427246094,146.86000061035156,147.8300018310547,72348100,69.3676986694336,71.70999908447266,71.71499633789062,69.19499969482422,69.5199966430664,13868400,4.997932270587904,0.016671667875018947,143.6533996582031,0.4878250162428561,4.239421322123457,0.023920671378626857,65.87658042907715,0.4121555587535683
2022-06-03,142.39625549316406,145.3800048828125,147.97000122070312,144.4600067138672,146.89999389648438,88570300,67.7087173461914,69.99500274658203,70.83499908447266,69.66999816894531,70.3499984741211,11263800,4.958613702938065,-0.039318567649838876,143.10685272216796,0.46569192595048764,4.215214935974328,-0.024206386149129067,65.83498420715333,0.3824180679745223
2022-06-06,143.140625,146.13999938964844,148.57000732421875,144.89999389648438,147.02999877929688,71598400,67.71356201171875,70.0,71.31500244140625,69.65499877929688,70.875,12589600,4.963827538655536,0.005213835717471582,142.56128387451173,0.4658145480822647,4.215286484991999,7.154901767147948e-05,65.82119979858399,0.3814004154674987
2022-06-07,145.6578826904297,148.7100067138672,149.0,144.10000610351562,144.35000610351562,67808200,68.52127838134766,70.83499908447266,70.97000122070312,69.11499786376953,69.25499725341797,11016600,4.981260602712885,0.017433064057348346,142.39722137451173,0.4573335957241244,4.227144330335989,0.011857845343989482,65.97935905456544,0.35383627046332117
2022-06-08,144.92327880859375,147.9600067138672,149.8699951171875,147.4600067138672,148.5800018310547,53950200,67.7474136352539,70.03500366210938,70.96499633789062,69.83999633789062,70.625,8814200,4.97620449072673,-0.005056111986154299,142.07644348144532,0.45297845467719206,4.215786283905718,-0.011358046430270718,66.04900703430175,0.3536527214981209
2022-06-09,139.71249389648438,142.63999938964844,147.9499969482422,142.52999877929688,147.0800018310547,69473000,65.93846893310547,68.16500091552734,70.20500183105469,68.1500015258789,69.5250015258789,9765200,4.939586696025476,-0.0366177947012547,141.8874053955078,0.43146288430556584,4.188722018282502,-0.027064265623216066,66.13292198181152,0.34783455689064813
2022-06-10,134.3155975341797,137.1300048828125,140.75999450683594,137.05999755859375,140.27999877929688,91437900,63.40406036376953,65.54499816894531,67.19999694824219,65.5250015258789,66.98999786376953,20886400,4.900192236280532,-0.039394459744944044,141.62147903442383,0.4431237535343584,4.1495279029850565,-0.03919411529744554,66.12324771881103,0.37466408284502656
2022-06-13,129.1732940673828,131.8800048828125,135.1999969482422,131.44000244140625,132.8699951171875,122207100,60.593955993652344,62.63999938964844,64.08499908447266,62.40999984741211,63.47999954223633,36332600,4.861154867717805,-0.03903736856272655,140.8756072998047,0.4433490525209598,4.104195152022951,-0.045332750962105095,65.86738758087158,0.38613489085036556
2022-06-14,130.03526306152344,132.75999450683594,133.88999938964844,131.47999572753906,133.1300048828125,84784300,60.97605514526367,63.03499984741211,63.45500183105469,62.45000076293945,63.11000061035156,18250400,4.867805667992192,0.006650800274386803,140.2497215270996,0.4449012730155631,4.110481248507631,0.006286096484680037,65.6596523284912,0.38737303282444113
2022-06-15,132.65045166015625,135.42999267578125,137.33999633789062,132.16000366210938,134.2899932861328,91533000,62.26260757446289,64.36499786376953,65.31500244140625,62.95500183105469,63.81999969482422,25069600,4.887717485479243,0.019911817487050953,139.57339324951172,0.44066522892624066,4.131361046154792,0.020879797647160636,65.42192974090577,0.37989408303267075
2022-06-16,127.39068603515625,130.05999755859375,132.38999938964844,129.0399932861328,132.0800018310547,108123900,59.72818374633789,61.744998931884766,62.78499984741211,61.23500061035156,62.72999954223633,32690800,4.84725863242124,-0.04045885305800301,139.04643478393555,0.41620850319948716,4.089803998552741,-0.041557047602051256,65.21080875396729,0.3723265850584635
2022-06-17,128.85987854003906,131.55999755859375,133.0800018310547,129.80999755859375,130.07000732421875,134520300,60.27473831176758,62.310001373291016,62.900001525878906,61.29999923706055,61.73500061035156,27684200,4.85872560113702,0.011466968715780013,138.76287612915038,0.4119184201240287,4.09891308248614,0.009109083933399376,65.06208019256592,0.3737249039027517
2022-06-21,133.08145141601562,135.8699951171875,137.05999755859375,133.32000732421875,133.4199981689453,81000500,61.80855941772461,63.72999954223633,64.18000030517578,63.05500030517578,63.05500030517578,17245000,4.890961357432969,0.032235756295949436,138.67864303588868,0.4295857277867878,4.124041856778071,0.02512877429193061,64.9830307006836,0.3861296680332889
2022-06-22,132.5720977783203,135.35000610351562,137.75999450683594,133.91000366210938,134.7899932861328,73409200,61.546695709228516,63.459999084472656,64.33999633789062,62.86000061035156,63.03499984741211,15163400,4.88712663161496,-0.003834725818009588,138.2986053466797,0.4028161938594444,4.119796166530227,-0.004245690247843825,64.81809635162354,0.37564900928127115
2022-06-23,135.43215942382812,138.27000427246094,138.58999633789062,135.6300048828125,136.82000732421875,72433800,62.46805191040039,64.41000366210938,64.53500366210938,63.41999816894531,64.00499725341797,16042200,4.90847084648462,0.021344214869659872,138.19624938964844,0.4064748310267814,4.134655256617128,0.014859090086901006,64.74735469818116,0.37755739483257467
2022-06-24,138.7525634765625,141.66000366210938,141.91000366210938,139.77000427246094,139.89999389648438,89116800,64.7132568359375,66.7249984741211,66.73999786376953,65.1500015258789,65.1500015258789,25492200,4.93269222796263,0.024221381478010784,138.2520782470703,0.41604291472293525,4.169966077518911,0.03531082090178295,64.75163021087647,0.3970339367146193
2022-06-27,138.7525634765625,141.66000366210938,143.49000549316406,140.97000122070312,142.6999969482422,70207900,64.27681732177734,66.2750015258789,67.13999938964844,65.9749984741211,66.94000244140625,13917200,4.93269222796263,0.0,138.14825363159179,0.40744624898217,4.1631990269144765,-0.006767050604434388,64.65645503997803,0.3875630587750771
2022-06-28,134.6191864013672,137.44000244140625,143.4199981689453,137.32000732421875,142.1300048828125,67083400,62.35166931152344,64.29000091552734,66.99500274658203,64.26000213623047,66.33499908447266,15260800,4.902449950895957,-0.03024227706667304,137.55077209472657,0.3902903932405761,4.1327904450078,-0.03040858190667617,64.35305271148681,0.3776593664356201
2022-06-29,136.37242126464844,139.22999572753906,140.6699981689453,136.6699981689453,137.4600067138672,66242400,62.47774887084961,64.41999816894531,64.80500030517578,63.689998626708984,64.20999908447266,13607200,4.915389534824306,0.012939583928348597,137.08013153076172,0.39497881300662463,4.134810475286472,0.002020030278671925,64.08038024902343,0.378252825445613
2022-06-30,133.9140167236328,136.72000122070312,138.3699951171875,133.77000427246094,137.25,98964500,61.643672943115234,63.560001373291016,64.36000061035156,62.55500030517578,63.564998626708984,15720400,4.897197927753474,-0.018191607070831672,136.49293823242186,0.3983157558567079,4.12137059568374,-0.013439879602731963,63.776160621643065,0.37963178804020514
2022-07-01,136.07861328125,138.92999267578125,139.0399932861328,135.66000366210938,136.0399932861328,71051600,61.7843017578125,63.70500183105469,63.8650016784668,62.6150016784668,63.15999984741211,13930600,4.913232757568679,0.016034829815204432,135.89153900146485,0.3978792707705499,4.123649315332021,0.002278719648280969,63.39699077606201,0.3654962161769976
2022-07-05,138.65463256835938,141.55999755859375,141.61000061035156,136.92999267578125,137.77000427246094,73353800,62.5601921081543,64.50499725341797,64.5199966430664,62.47999954223633,62.84000015258789,14341000,4.93198618346438,0.01875342589570117,135.7044578552246,0.3830869035586072,4.136129167014858,0.012479851682837051,63.139564514160156,0.36417343521964374
2022-07-06,139.9867401123047,142.9199981689453,144.1199951171875,141.0800018310547,141.35000610351562,74064300,63.098445892333984,65.05999755859375,65.58000183105469,64.32499694824219,64.6449966430664,16167000,4.941547704640161,0.009561521175781351,135.54676361083983,0.3843807906311289,4.144696139962308,0.008566972947449791,62.90880870819092,0.3666590960459682
2022-07-07,143.3463134765625,146.35000610351562,146.5500030517578,143.27999877929688,143.2899932861328,66253700,64.40288543701172,66.40499877929688,66.55500030517578,65.34500122070312,65.34500122070312,13082200,4.965263475058075,0.023715770417913618,135.4311851501465,0.38902049057797256,4.16515843702914,0.02046229706683178,62.70288906097412,0.3726712131877585
2022-07-08,144.0221710205078,147.0399932861328,147.5500030517578,145.0,145.25999450683594,64547800,64.4320068359375,66.43499755859375,66.6500015258789,65.48999786376953,65.69499969482422,12627000,4.969967253144735,0.004703778086660115,135.3861297607422,0.3891468130269548,4.1656105102044725,0.00045207317533257907,62.5371187210083,0.37155615243640494
2022-07-11,141.89671325683594,144.8699951171875,146.63999938964844,143.77999877929688,145.6699981689453,63141600,63.544578552246094,65.5199966430664,66.13999938964844,65.06999969482422,65.8550033569336,11416600,4.955099421507582,-0.014867831637152662,135.49534072875977,0.36939035249483276,4.151741684039573,-0.013868826164899595,62.41742420196533,0.3628399324907988
2022-07-12,142.86639404296875,145.86000061035156,148.4499969482422,145.0500030517578,145.75999450683594,77588800,62.67658233642578,64.625,66.12999725341797,64.24500274658203,65.76000213623047,16553400,4.961909886130877,0.006810464623294266,135.92288055419922,0.33780848982748857,4.137987890417739,-0.013753793621833488,62.38105030059815,0.3385347401815279
2022-07-13,142.50396728515625,145.49000549316406,146.4499969482422,142.1199951171875,142.99000549316406,71185600,62.51170349121094,64.45500183105469,64.87000274658203,63.130001068115234,63.40999984741211,15162600,4.959369839918751,-0.0025400462121254463,136.58941421508788,0.30019540278159945,4.13535379507154,-0.0026340953461989614,62.47693767547607,0.2947638260728519
2022-07-14,145.42283630371094,148.47000122070312,148.9499969482422,143.25,144.0800018310547,78140700,63.08391571044922,65.04499816894531,65.2750015258789,63.1150016784668,63.939998626708984,13728800,4.979645611251971,0.020275771333220227,137.35879287719726,0.30509872460825627,4.144465835476572,0.00911204040503133,62.58233070373535,0.29553471595780967
2022-07-15,147.08792114257812,150.1699981689453,150.86000061035156,148.1999969482422,149.77999877929688,76259900,64.19439697265625,66.19000244140625,66.22000122070312,65.3949966430664,65.66999816894531,13529200,4.991030510997153,0.011384899745181976,138.08066635131837,0.3012679691928458,4.161915932318052,0.017450096841479912,62.67892017364502,0.2928207359274201
2022-07-18,144.05157470703125,147.07000732421875,151.57000732421875,146.6999969482422,150.74000549316406,81420900,63.57367706298828,65.55000305175781,67.08000183105469,65.30000305175781,66.83999633789062,9897600,4.970171393140563,-0.020859117856590004,138.9137107849121,0.26810836382987946,4.152199502015592,-0.0097164303024595,62.87119483947754,0.24925518492686452
2022-07-19,147.90087890625,151.0,151.22999572753906,146.91000366210938,147.9199981689453,82982400,65.51337432861328,67.55000305175781,67.62000274658203,65.87999725341797,66.27999877929688,12330600,4.996542312270091,0.026370919129528048,139.86576080322266,0.2771004796387816,4.182254310020732,0.030054808005139932,63.13312664031982,0.26642784889366605
2022-07-20,149.8990478515625,153.0399932861328,153.72000122070312,150.3699951171875,151.1199951171875,64823400,66.53657531738281,68.6050033569336,68.88999938964844,67.37999725341797,67.55999755859375,12537200,5.009962053197535,0.01341974092744369,140.706640625,0.2619073589270828,4.1977518012372945,0.015497491216562409,63.369527435302736,0.25845163008636907
2022-07-21,152.16160583496094,155.35000610351562,155.57000732421875,151.94000244140625,154.5,65086600,67.47248077392578,69.56999969482422,69.58499908447266,67.9749984741211,68.69000244140625,12957600,5.024943152336035,0.014981099138499765,141.68611602783204,0.26109881846947136,4.211719822511272,0.013968021273977449,63.665816688537596,0.25912403415347735
2022-07-22,150.92745971679688,154.08999633789062,156.27999877929688,153.41000366210938,155.38999938964844,66675400,66.54141998291016,68.61000061035156,69.82499694824219,68.21499633789062,69.54000091552734,10583600,5.016799322159736,-0.008143830176298827,142.46088104248048,0.26042903803332607,4.197824610652834,-0.013895211858438117,63.86948509216309,0.26407400710752477
2022-07-25,149.8108673095703,152.9499969482422,155.0399932861328,152.27999877929688,154.00999450683594,53623900,66.11954498291016,68.17500305175781,68.65499877929688,67.66000366210938,68.58000183105469,13951200,5.00937361390957,-0.007425708250165641,143.01379623413087,0.25427596683651726,4.19146439124297,-0.006360219409863532,63.93979949951172,0.23679977229079852
2022-07-26,148.48858642578125,151.60000610351562,153.08999633789062,150.8000030517578,152.25999450683594,55138700,65.0478515625,67.06999969482422,68.13999938964844,66.81999969482422,68.12000274658203,10167800,5.000508096203295,-0.008865517706275305,143.5005973815918,0.2579694765834601,4.175123176934233,-0.016341214308737584,63.97835121154785,0.24335305458705692
2022-07-27,153.57205200195312,156.7899932861328,157.3300018310547,152.16000366210938,152.5800018310547,78620700,67.84587860107422,69.95500183105469,70.31999969482422,68.07499694824219,68.17500305175781,17076200,5.034169851045812,0.03366175484251688,144.4482406616211,0.2469624989426357,4.217238641636759,0.04211546470252614,64.2530616760254,0.25660576207918273
2022-07-28,154.12060546875,157.35000610351562,157.63999938964844,154.41000366210938,156.97999572753906,81378700,68.87876892089844,71.0199966430664,71.18000030517578,69.41000366210938,70.03500366210938,12408000,5.037735448304289,0.003565597258477382,145.33564987182618,0.24600364207024433,4.232347987150499,0.015109345513740102,64.57311267852783,0.25930789850640334
2022-07-29,159.1746368408203,162.50999450683594,163.6300048828125,159.5,161.24000549316406,101786900,69.93590545654297,72.11000061035156,72.33499908447266,70.94000244140625,71.23999786376953,10177400,5.070001944391583,0.03226649608729382,146.59868087768555,0.24507339291545174,4.247579186263247,0.015231199112747618,64.98772430419922,0.2523243622036608
2022-08-01,158.1951904296875,161.50999450683594,163.58999633789062,160.88999938964844,161.00999450683594,67829400,69.78558349609375,71.95500183105469,72.67500305175781,71.28500366210938,71.45999908447266,12515800,5.0638296530363105,-0.006172291355272641,147.70450973510742,0.24883480330731322,4.245427448265391,-0.0021517379978552853,65.38778839111328,0.2537493450857684
2022-08-02,156.72596740722656,160.00999450683594,162.41000366210938,159.6300048828125,160.10000610351562,59907000,69.29095458984375,71.44499969482422,72.2699966430664,70.83000183105469,71.33499908447266,15921800,5.0544988497824015,-0.009330803253909004,148.6080764770508,0.2519830091341383,4.238314372277596,-0.007113075987795092,65.72432651519776,0.2567179372818548
2022-08-03,162.7203826904297,166.1300048828125,166.58999633789062,160.75,160.83999633789062,82507500,71.13365936279297,73.34500122070312,73.55000305175781,71.77999877929688,71.79499816894531,14243200,5.0920332841314915,0.037534434349089985,149.74475860595703,0.27550721485700924,4.264560633546017,0.026246261268420668,66.1260871887207,0.2673272741560634
2022-08-04,162.40695190429688,165.80999755859375,167.19000244140625,164.42999267578125,166.00999450683594,55474100,71.45856475830078,73.68000030517578,73.71499633789062,72.8499984741211,73.31999969482422,11679800,5.09010523410384,-0.0019280500276517287,150.69779052734376,0.2705106623100153,4.269117767846978,0.004557134300960719,66.47887115478515,0.26181437530867263
2022-08-05,162.1813507080078,165.35000610351562,165.85000610351562,163.0,163.2100067138672,56697000,71.293701171875,73.51000213623047,73.71499633789062,72.44000244140625,72.5,7921000,5.088715157931649,-0.0013900761721910015,151.60574951171876,0.2718319041682621,4.266807980907363,-0.0023097869396142556,66.82195587158203,0.2626605638669823
2022-08-08,161.7105255126953,164.8699951171875,167.80999755859375,164.1999969482422,166.3699951171875,60276900,70.68753051757812,72.88500213623047,74.01499938964844,72.48999786376953,73.44499969482422,11102200,5.085807857307504,-0.002907300624144682,152.59644012451173,0.26285779138931803,4.258269185601489,-0.008538795305874203,67.17910346984863,0.25820974693625015
2022-08-09,161.75958251953125,164.9199981689453,165.82000732421875,163.25,164.02000427246094,63135500,69.97954559326172,72.15499877929688,72.44000244140625,71.76499938964844,72.29499816894531,8565600,5.086111174405399,0.0003033170978952171,153.54109954833984,0.2637807130556636,4.248202993538376,-0.0100661920631131,67.54425163269043,0.2549062968089723
2022-08-10,165.99681091308594,169.24000549316406,169.33999633789062,166.89999389648438,167.67999267578125,70170500,71.89014434814453,74.125,74.18499755859375,73.27999877929688,73.87000274658203,19273200,5.11196857680505,0.02585740239965073,154.71574172973632,0.2704622229986931,4.275139180896734,0.026936187358358232,68.0131736755371,0.26382936894606035
2022-08-11,165.26121520996094,168.49000549316406,170.99000549316406,168.19000244140625,170.05999755859375,57149200,71.60888671875,73.83499908447266,75.0250015258789,73.69999694824219,74.58999633789062,11025800,5.107527344567805,-0.004441232237245352,155.70766067504883,0.26936273100432195,4.271219182448483,-0.003919998448250972,68.43942222595214,0.26648080575417615
2022-08-12,168.80198669433594,172.10000610351562,172.1699981689453,169.39999389648438,169.82000732421875,68039400,73.03456115722656,75.30500030517578,75.30999755859375,74.08999633789062,74.31999969482422,8093600,5.128726351608805,0.021199007040999973,156.79336395263672,0.2739874818229178,4.290932769620746,0.019713587172263125,68.88143043518066,0.2678503083455375
2022-08-15,169.87110900878906,173.19000244140625,173.38999938964844,171.35000610351562,171.52000427246094,54091700,73.49524688720703,75.77999877929688,75.88999938964844,74.91999816894531,75.00499725341797,7162600,5.1350399671834595,0.006313615574654818,158.0843406677246,0.2537219769373894,4.297220735926448,0.006287966305701609,69.3775089263916,0.26097422179959023
2022-08-16,169.71420288085938,173.02999877929688,173.7100067138672,171.66000366210938,172.77999877929688,56377100,73.29643249511719,75.57499694824219,75.93000030517578,74.87000274658203,75.43499755859375,10990600,5.134115862791413,-0.0009241043920464875,159.17500686645508,0.24624603371773607,4.294511937791641,-0.0027087981348072887,69.7666618347168,0.24862497565826114
2022-08-17,171.20504760742188,174.5500030517578,176.14999389648438,172.57000732421875,172.77000427246094,79542000,72.77271270751953,75.03500366210938,75.61000061035156,74.49500274658203,74.88500213623047,12632800,5.142861946961218,0.008746084169804824,160.24030685424805,0.24515587719530865,4.2873410594918635,-0.00717087829977725,70.07846870422364,0.24969031421847296
2022-08-18,170.8126983642578,174.14999389648438,174.89999389648438,173.1199951171875,173.75,62290100,73.15094757080078,75.42500305175781,75.7249984741211,74.81999969482422,75.11000061035156,9976800,5.140567624985866,-0.002294321975352176,161.1728614807129,0.2450340856938937,4.2925250811867555,0.00518402169489196,70.36239204406738,0.2471973909179003
2022-08-19,168.2331085205078,171.52000427246094,173.74000549316406,171.30999755859375,173.02999877929688,70346300,71.822265625,74.05500030517578,74.8949966430664,73.88999938964844,74.80500030517578,10146200,5.125350568361627,-0.015217056624238445,162.03814392089845,0.2515647012115961,4.274194534178961,-0.01833054700779435,70.62643432617188,0.2519217814991196
2022-08-22,164.35879516601562,167.57000732421875,169.86000061035156,167.13999938964844,169.69000244140625,69026800,69.81951904296875,71.98999786376953,73.06999969482422,71.80999755859375,73.04499816894531,10744200,5.102051813530904,-0.023298754830722856,162.7655403137207,0.2680882843707247,4.245913613125074,-0.02828092105388702,70.81143302917481,0.2746593772016839
2022-08-23,164.02532958984375,167.22999572753906,168.7100067138672,166.64999389648438,167.0800018310547,54147100,69.63524627685547,71.80000305175781,72.55999755859375,71.70500183105469,71.8499984741211,14777200,5.100020864616782,-0.0020309489141219217,163.54237747192383,0.2645987522346813,4.243270851180864,-0.0026427619442097594,71.04080276489258,0.2662235442631132
2022-08-24,164.31956481933594,167.52999877929688,168.11000061035156,166.25,167.32000732421875,53841500,69.67889404296875,71.84500122070312,72.1500015258789,71.44999694824219,71.75,8983200,5.101813097803664,0.0017922331868813757,164.07975311279296,0.24199007996105532,4.2438974604746695,0.0006266092938052026,71.1324535369873,0.22352545666628354
2022-08-25,166.77166748046875,170.02999877929688,170.13999938964844,168.35000610351562,168.77999877929688,51218200,70.85724639892578,73.05999755859375,73.06500244140625,71.93499755859375,72.02999877929688,7126600,5.11662561626713,0.014812518463465985,164.7123062133789,0.24537265422563873,4.260667238943709,0.016769778469039487,71.23137741088867,0.22495589016091377
2022-08-26,160.48451232910156,163.6199951171875,171.0500030517578,163.55999755859375,170.57000732421875,78961000,67.8313217163086,69.94000244140625,73.20500183105469,69.88999938964844,73.02999877929688,14321800,5.078197441522104,-0.038428174745026134,164.77779998779297,0.2647033603663301,4.217024060486979,-0.043643178456729714,71.12614822387695,0.2696361254892823
2022-08-29,158.2874755859375,161.3800048828125,162.89999389648438,159.82000732421875,161.14999389648438,73314000,66.93419647216797,69.01499938964844,69.69000244140625,68.75,69.18499755859375,13231600,5.064412845537988,-0.013784595984115633,164.78241424560548,0.2685648830188155,4.203709994566836,-0.013314065920143392,70.98357887268067,0.27287053270593953
2022-08-30,155.86473083496094,158.91000366210938,162.55999755859375,157.72000122070312,162.1300048828125,77906200,66.23591613769531,68.29499816894531,69.5250015258789,67.67500305175781,69.40499877929688,13268800,5.048988521059869,-0.015424324478119367,164.73935241699218,0.2722276233910307,4.193222855665772,-0.010487138901064341,70.83082695007325,0.27395567494212253
2022-08-31,154.20709228515625,157.22000122070312,160.5800018310547,157.13999938964844,160.30999755859375,87991100,65.59097290039062,67.62999725341797,68.92500305175781,67.59500122070312,68.70500183105469,14171400,5.038296454138695,-0.010692066921173193,164.3136878967285,0.23461396491743913,4.18343807825541,-0.009784777410361656,70.55369262695312,0.25331643639002854
2022-09-01,154.93296813964844,157.9600067138672,158.4199981689453,154.6699981689453,156.63999938964844,74229900,65.27094268798828,67.30000305175781,67.38500213623047,65.88999938964844,66.97000122070312,15988600,5.042992559764717,0.00469610562602174,163.9399887084961,0.2360718621030352,4.178546955441377,-0.004891122814032478,70.2443115234375,0.25126737454159526
2022-09-02,152.82415771484375,155.80999755859375,160.36000061035156,154.97000122070312,159.75,76957800,64.42233276367188,66.42500305175781,68.37999725341797,66.07499694824219,67.99500274658203,16606600,5.029287964463931,-0.01370459530078616,163.47212905883788,0.23942696838646343,4.165460355039906,-0.013086600401471138,69.90074310302734,0.2529118039757561
2022-09-06,151.56866455078125,154.52999877929688,157.08999633789062,153.69000244140625,156.47000122070312,73714800,63.99555969238281,65.98500061035156,66.80000305175781,65.55000305175781,66.51499938964844,14990000,5.021038753629408,-0.008249210834523346,162.96503601074218,0.24015775982868554,4.158813701146263,-0.006646653893643162,69.56614456176757,0.25265639806230455
2022-09-07,152.9712677001953,155.9600067138672,156.6699981689453,153.61000061035156,154.82000732421875,87449600,65.01874542236328,67.04000091552734,67.30999755859375,65.88999938964844,66.11499786376953,11657000,5.030250110947977,0.009211357318569036,162.5256202697754,0.2439518632317985,4.174675619432195,0.015861918285931864,69.31810455322265,0.2623026527152438
2022-09-08,151.5000457763672,154.4600067138672,156.36000061035156,152.67999267578125,154.63999938964844,84923800,65.24181365966797,67.2699966430664,67.62000274658203,66.24500274658203,66.54499816894531,11210600,5.020585927103617,-0.009664183844360075,161.80078201293946,0.2200338417390288,4.17810057717738,0.003424957745185253,68.98568801879883,0.23806651123829903
2022-09-09,154.35427856445312,157.3699951171875,157.82000732421875,154.75,155.47000122070312,68028800,66.53174591064453,68.5999984741211,68.78500366210938,67.69999694824219,67.83000183105469,11418600,5.039250470450297,0.018664543346680773,161.25543518066405,0.2349896412508454,4.197679215866173,0.019578638688792616,68.73183097839356,0.2534050311932605
2022-09-12,160.29811096191406,163.42999267578125,164.25999450683594,159.3000030517578,159.58999633789062,104956000,67.59855651855469,69.69999694824219,69.7300033569336,69.01499938964844,69.0250015258789,10181000,5.0770352751537695,0.03778480470347212,160.83024139404296,0.26365682496123616,4.213586629545116,0.015907413678942994,68.46003074645996,0.24906835211722256
2022-09-13,150.89190673828125,153.83999633789062,160.5399932861328,153.3699951171875,159.89999389648438,122656600,64.0101318359375,66.0,68.08999633789062,65.81999969482422,67.70999908447266,20148800,5.016563731057033,-0.060471544096736274,159.88128128051758,0.33158782824800415,4.159041380766499,-0.05454524877861644,67.98577499389648,0.3037700452840717
2022-09-14,152.333740234375,155.30999755859375,157.10000610351562,153.61000061035156,154.7899932861328,87965400,64.24286651611328,66.23999786376953,66.7249984741211,65.6050033569336,66.30999755859375,13229200,5.026073773345339,0.009510042288305876,159.01225814819335,0.3357172680444412,4.162670690624814,0.0036293098583142225,67.5330966949463,0.30575899528938716
2022-09-15,149.45008850097656,152.3699951171875,155.24000549316406,151.3800048828125,154.64999389648438,90481100,62.76385498046875,64.71499633789062,66.11000061035156,64.32499694824219,65.70999908447266,14885200,5.0069624809076005,-0.01911129243773857,157.92451019287108,0.3347077095140966,4.139379350141427,-0.02329134048338677,67.03265380859375,0.31146497013808666
2022-09-16,147.81207275390625,150.6999969482422,151.35000610351562,148.3699951171875,151.2100067138672,162278800,62.41471481323242,64.3550033569336,64.48999786376953,63.439998626708984,64.1500015258789,20762200,4.995941688222244,-0.011020792685356717,156.77447891235352,0.33458472959093916,4.133801061890179,-0.005578288251247621,66.49584217071533,0.30802249281022825
2022-09-19,151.51966857910156,154.47999572753906,154.55999755859375,149.10000610351562,149.30999755859375,81474200,62.92367935180664,64.72000122070312,64.77999877929688,63.51499938964844,63.55500030517578,15683000,5.0207154421274405,0.02477375390519665,155.9388069152832,0.35160533919173353,4.141922553146096,0.00812149125591688,66.05091285705566,0.31048470526575445
2022-09-20,153.89328002929688,156.89999389648438,158.0800018310547,153.0800018310547,153.39999389648438,107689800,62.55421829223633,64.33999633789062,64.74500274658203,63.779998779296875,64.11499786376953,12109400,5.036259375364525,0.01554393323708414,155.41553115844727,0.3521664757824573,4.136033673363833,-0.005888879782262713,65.68764781951904,0.2997474205313132
2022-09-21,150.77423095703125,153.72000122070312,158.74000549316406,153.60000610351562,157.33999633789062,101696800,61.577125549316406,63.334999084472656,65.625,63.32500076293945,64.67500305175781,16808800,5.015783558724017,-0.02047581664050746,154.75297622680665,0.3573402801829254,4.120290463091143,-0.015743210272690433,65.2847417831421,0.3016954209800792
2022-09-22,149.81300354003906,152.74000549316406,154.47000122070312,150.91000366210938,152.3800048828125,86652500,60.95001983642578,62.689998626708984,63.380001068115234,62.334999084472656,62.97999954223633,16033800,5.009387873323967,-0.006395685400049977,154.02764816284179,0.35669699062588733,4.110054181381301,-0.010236281709842032,64.84829807281494,0.3009228191725411
2022-09-23,147.54725646972656,150.42999267578125,151.47000122070312,148.55999755859375,151.19000244140625,96029900,60.15277862548828,61.869998931884766,62.21500015258789,61.05500030517578,62.119998931884766,19396200,4.994148507313854,-0.015239366010113109,153.0664276123047,0.3508846785002564,4.0968876362911955,-0.013166545090105508,64.31307468414306,0.2884706529005404
2022-09-26,147.8807373046875,150.77000427246094,153.77000427246094,149.63999938964844,149.66000366210938,93339400,59.73471450805664,61.439998626708984,62.71500015258789,61.26499938964844,61.68000030517578,17193600,4.996406119886997,0.002257612573142609,152.43623886108398,0.33032258915533724,4.0899133339501015,-0.006974302341093974,63.90824432373047,0.25626433298860624
2022-09-27,148.85174560546875,151.75999450683594,154.72000122070312,149.9499969482422,152.74000549316406,84442700,59.81250762939453,61.52000045776367,62.84000015258789,60.95000076293945,62.255001068115234,18714800,5.0029508146719515,0.006544694784954785,151.96445236206054,0.33029106613996234,4.091214796768351,0.0013014628182492771,63.5521598815918,0.25625211362038636
2022-09-28,146.96856689453125,149.83999633789062,150.63999938964844,144.83999633789062,147.63999938964844,146691400,60.4444580078125,62.16999816894531,62.470001220703125,60.63999938964844,61.11000061035156,18933400,4.990218733264256,-0.01273208140769544,151.51964416503907,0.3290918552356024,4.101724893913655,0.010510097145304265,63.262586975097655,0.26174804415797887
2022-09-29,139.74960327148438,142.47999572753906,146.72000122070312,140.67999267578125,146.10000610351562,128138200,58.86941909790039,60.54999923706055,61.41999816894531,59.834999084472656,61.279998779296875,31096600,4.939852273186702,-0.05036646007755419,150.79676971435546,0.36918092903849364,4.075321755451149,-0.026403138462505638,62.92650928497314,0.272559019204452
2022-09-30,135.55165100097656,138.1999969482422,143.10000610351562,138.0,141.27999877929688,124925300,57.741615295410156,59.38999938964844,61.20000076293945,59.279998779296875,60.30500030517578,19513000,4.909352755885081,-0.030499517301620926,149.82770385742188,0.3780513499566226,4.0559781491709925,-0.019343606280156855,62.550042915344235,0.2769890183551748
2022-10-03,139.72018432617188,142.4499969482422,143.07000732421875,137.69000244140625,138.2100067138672,114311700,59.53055191040039,61.22999954223633,61.595001220703125,59.630001068115234,59.86000061035156,17332200,4.939641739191782,0.03028898330670149,149.1725051879883,0.39889097619925307,4.086489658252851,0.03051150908185818,62.305453872680665,0.30434493981013705
2022-10-04,143.3002471923828,146.10000610351562,146.22000122070312,144.25999450683594,145.02999877929688,87830100,61.52851104736328,63.28499984741211,63.35499954223633,62.42499923706055,62.470001220703125,17779000,4.964942059831821,0.02530032064003862,148.75908432006835,0.4122424906297364,4.11950066165192,0.033011003399069594,62.18210144042969,0.3310647869854306
2022-10-05,143.594482421875,146.39999389648438,147.3800048828125,143.00999450683594,144.07000732421875,79471000,61.732688903808594,63.494998931884766,63.95500183105469,62.064998626708984,62.43000030517578,14600400,4.966993232629936,0.002051172798115175,148.29024505615234,0.41025306305276243,4.1228135945662965,0.0033129329143761765,62.017798614501956,0.32504413801320453
2022-10-06,142.64308166503906,145.42999267578125,147.5399932861328,145.22000122070312,145.80999755859375,68402200,61.22711181640625,62.974998474121094,64.0250015258789,62.900001525878906,63.33000183105469,14348200,4.960345577815616,-0.00664765481432017,147.84739685058594,0.40975847575496155,4.114590094957234,-0.008223499609062657,61.81706352233887,0.3248135130942378
2022-10-07,137.4053955078125,140.08999633789062,143.10000610351562,139.4499969482422,142.5399932861328,85925600,58.70899963378906,60.3849983215332,61.69499969482422,60.060001373291016,61.689998626708984,15749000,4.922935647633069,-0.037409930182547235,146.9999526977539,0.41866214601384133,4.072593030819857,-0.04199706413737658,61.425926208496094,0.34075130091651307
2022-10-10,137.72909545898438,140.4199981689453,141.88999938964844,138.57000732421875,140.4199981689453,74899000,57.7221794128418,59.369998931884766,60.470001220703125,58.775001525878906,60.3849983215332,16706200,4.925288679413188,0.0023530317801192524,145.87150192260742,0.38744951730026,4.055641491558084,-0.016951539261773618,60.93210735321045,0.33226352459090236
2022-10-11,136.316650390625,138.97999572753906,141.35000610351562,138.22000122070312,139.89999389648438,77033700,56.837425231933594,58.459999084472656,59.439998626708984,58.025001525878906,59.029998779296875,21044800,4.914980491114101,-0.010308188299086751,145.14273910522462,0.3338457206711264,4.040195003679555,-0.015446487878528536,60.573472023010254,0.2850965679033079
2022-10-12,135.68893432617188,138.33999633789062,140.36000061035156,138.16000366210938,139.1300048828125,70433700,56.66242218017578,58.279998779296875,58.904998779296875,58.18000030517578,58.505001068115234,14111600,4.910365018388144,-0.004615472725957304,144.31049880981445,0.3293941432520977,4.037111242874024,-0.003083760805530744,60.19444980621338,0.28309614459470445
2022-10-13,140.24984741210938,142.99000549316406,143.58999633789062,134.3699951171875,134.99000549316406,113224000,58.42219543457031,60.09000015258789,60.404998779296875,56.48500061035156,56.70500183105469,38114600,4.943425456431514,0.03306043804337033,143.8504867553711,0.35263910927177666,4.0676958764412605,0.030584633567236175,59.977366828918456,0.3039771585339612
2022-10-14,135.7281951904297,138.3800048828125,144.52000427246094,138.19000244140625,144.30999755859375,88598000,56.77909851074219,58.400001525878906,60.709999084472656,58.30500030517578,60.58000183105469,22484000,4.910654321164293,-0.03277113526722175,143.24629287719728,0.3672066575161575,4.039168274038585,-0.02852760240267571,59.69558601379394,0.3166261303970572
2022-10-17,139.6809539794922,142.41000366210938,142.89999389648438,140.27000427246094,141.07000732421875,85250900,58.50969696044922,60.18000030517578,60.47999954223633,59.66999816894531,59.83000183105469,14599600,4.939360921818056,0.028706600653763736,142.65435714721679,0.37157097339563083,4.069192500508818,0.03002422647023284,59.474886894226074,0.33728972182603256
2022-10-18,140.99526977539062,143.75,146.6999969482422,140.61000061035156,145.49000549316406,99136600,59.00553512573242,60.689998626708984,61.959999084472656,59.92499923706055,61.7400016784668,13998000,4.948726342123167,0.009365420305110561,142.00945663452148,0.36787465752233595,4.077631255195683,0.008438754686864947,59.297452735900876,0.339845349267416
2022-10-19,141.1031494140625,143.86000061035156,144.9499969482422,141.5,141.69000244140625,61758300,58.835391998291016,60.51499938964844,61.1150016784668,59.904998779296875,60.15999984741211,10984000,4.949491179049518,0.000764836926351542,141.52590255737306,0.36324316034926163,4.074743578565423,-0.0028876766302596835,59.16036605834961,0.3364586099496295
2022-10-20,140.64219665527344,143.38999938964844,145.88999938964844,142.64999389648438,143.02000427246094,64522000,58.86941909790039,60.54999923706055,61.8650016784668,60.25,60.53499984741211,12429600,4.946219052808588,-0.0032721262409305396,141.06736221313477,0.36306093227536734,4.075321755451149,0.000578176885726478,59.05633602142334,0.33525338992426357
2022-10-21,144.44784545898438,147.27000427246094,147.85000610351562,142.64999389648438,142.8699951171875,86548600,60.4444580078125,62.16999816894531,62.29999923706055,60.19499969482422,60.400001525878906,17126000,4.972918511321494,0.02669945851290656,140.91239166259766,0.3748801433895389,4.101724893913655,0.026403138462505638,59.07091999053955,0.34659216406635585
2022-10-24,146.58599853515625,149.4499969482422,150.22999572753906,146.0,147.19000244140625,75981900,61.28059005737305,63.029998779296875,63.2599983215332,61.67499923706055,62.435001373291016,13385200,4.987612276945649,0.014693765624154587,140.8476547241211,0.3789178511751195,4.11546315425956,0.013738260345904862,59.14821376800537,0.3486644437122655
2022-10-25,149.42066955566406,152.33999633789062,152.49000549316406,149.36000061035156,150.08999633789062,74732300,62.45214080810547,64.23500061035156,64.27999877929688,63.185001373291016,63.185001373291016,10265000,5.006765613568696,0.019153336623046968,140.87610092163087,0.38460091339290886,4.134400516337999,0.018937362078439435,59.28019542694092,0.35425558988771877
2022-10-26,146.48793029785156,149.35000610351562,151.99000549316406,148.0399932861328,150.9600067138672,88194300,61.06183624267578,62.80500030517578,64.12999725341797,62.51499938964844,62.6150016784668,15169400,4.986943038017741,-0.019822575550954902,140.85206909179686,0.38856391203933166,4.111887059613739,-0.022513456724260195,59.31106433868408,0.3632117335719598
2022-10-27,142.02516174316406,144.8000030517578,149.0500030517578,144.1300048828125,148.07000732421875,109180200,60.366676330566406,62.09000015258789,63.42499923706055,61.94499969482422,63.040000915527344,11694800,4.956004237278409,-0.03093880073933164,140.96584701538086,0.36036914766622563,4.1004372363079336,-0.011449823305805573,59.38592720031738,0.3522295087275922
2022-10-28,152.7554931640625,155.74000549316406,157.5,147.82000732421875,148.1999969482422,164762400,62.99174118041992,64.79000091552734,64.92500305175781,62.435001373291016,62.435001373291016,14935400,5.028838559199285,0.07283432192087513,141.82603912353517,0.4226019030493223,4.14300362542389,0.04256638911595623,59.64843349456787,0.37219658130566147
2022-10-31,150.4014892578125,153.33999633789062,154.24000549316406,151.9199981689453,153.16000366210938,97943200,62.16047286987305,63.935001373291016,64.31999969482422,63.55500030517578,64.1449966430664,13292200,5.013308313446852,-0.01553024575243267,142.3601043701172,0.4189181059800918,4.129719313332147,-0.013284312091743189,59.7799295425415,0.36373972642048435
2022-11-01,147.76304626464844,150.64999389648438,155.4499969482422,149.1300048828125,155.0800018310547,80379300,61.64031219482422,63.400001525878906,64.84500122070312,63.125,64.7300033569336,9413200,4.995609951979557,-0.017698361467294532,142.58324432373047,0.4172913652858451,4.121316075248048,-0.008403238084098597,59.78551959991455,0.34644923437151054
2022-11-02,142.25074768066406,145.02999877929688,152.1699981689453,145.0,148.9499969482422,93604600,59.511104583740234,61.209999084472656,64.16999816894531,61.189998626708984,63.35499954223633,18092400,4.957591329095713,-0.038018622883844166,142.51605758666992,0.44024101402721794,4.086162926797562,-0.035153148450485894,59.67444038391113,0.3679439524582171
2022-11-03,136.2185821533203,138.8800048828125,142.8000030517578,138.75,142.05999755859375,97918500,57.76106262207031,59.40999984741211,60.46500015258789,59.3650016784668,60.35499954223633,16010600,4.9142608172530595,-0.043330511842653685,142.194832611084,0.4655945191833804,4.056314891611852,-0.029848035185709776,59.50113792419434,0.38071085123988124
2022-11-04,135.95333862304688,138.3800048828125,142.6699981689453,134.3800048828125,142.08999633789062,140814800,58.815940856933594,60.494998931884766,60.810001373291016,59.11000061035156,60.64500045776367,17896200,4.9123117285043945,-0.001949088748665062,142.1222297668457,0.44676658758544696,4.074412921171875,0.018098029560023043,59.50648498535156,0.35796912856248336
2022-11-07,136.48388671875,138.9199981689453,139.14999389648438,135.6699981689453,137.11000061035156,83374600,59.797916412353516,61.505001068115234,61.60499954223633,60.16999816894531,60.599998474121094,10427600,4.916206561640552,0.0038948331361572386,142.059969329834,0.44693209319732263,4.0909708177467845,0.016557896574909137,59.61027183532715,0.35656894767419517
2022-11-08,137.05368041992188,139.5,141.42999267578125,137.49000549316406,140.41000366210938,89908500,60.37153625488281,62.095001220703125,62.845001220703125,61.18000030517578,62.01499938964844,12722000,4.920372676966268,0.004166115325716646,142.09682083129883,0.4456507493062926,4.100517739807446,0.009546922060661878,59.78697738647461,0.351568436851197
2022-11-09,132.50486755371094,134.8699951171875,138.5500030517578,134.58999633789062,138.5,74917800,58.80136489868164,60.47999954223633,61.54499816894531,60.38999938964844,61.52000045776367,11962600,4.886619381005939,-0.033753295960329055,141.93761749267577,0.46160364395965425,4.074165067197787,-0.026352672609659678,59.8939245223999,0.3663162976042193
2022-11-10,144.29441833496094,146.8699951171875,146.8699951171875,139.5,141.24000549316406,118854000,63.6334228515625,65.44999694824219,65.5199966430664,63.14500045776367,63.46500015258789,27932200,4.971855784054295,0.08523640304835567,142.13984603881835,0.5429358897116822,4.153138848844622,0.07897378164683566,60.154485893249515,0.447851052656677
2022-11-11,147.07481384277344,149.6999969482422,150.00999450683594,144.3699951171875,145.82000732421875,93979700,64.72233581542969,66.56999969482422,66.79000091552734,65.06999969482422,65.38999938964844,15977800,4.990941395019808,0.01908561096551331,142.70717697143556,0.5306863359379461,4.17010636319028,0.016967514345657797,60.55164775848389,0.43251218717282613
2022-11-14,145.67971801757812,148.27999877929688,150.27999877929688,147.42999267578125,148.97000122070312,73374100,64.16817474365234,66.0,66.82499694824219,65.68499755859375,66.04499816894531,14526600,4.981410499788554,-0.009530895231254277,143.00711517333986,0.5244093634820204,4.161507367282028,-0.008598995908251972,60.83457164764404,0.4263913940137064
2022-11-15,147.40887451171875,150.0399932861328,153.58999633789062,148.55999755859375,152.22000122070312,89868300,64.94595336914062,66.80000305175781,67.7750015258789,66.12999725341797,67.5,12716200,4.993210184942316,0.011799685153762063,143.32779541015626,0.5249274491382057,4.1735554373902835,0.01204807010825526,61.13159255981445,0.4270126288772741
2022-11-16,146.1807403564453,148.7899932861328,149.8699951171875,147.2899932861328,149.1300048828125,64218300,64.05635070800781,65.88500213623047,66.4800033569336,65.61000061035156,66.28500366210938,10095800,4.984843803729838,-0.008366381212478124,143.5816749572754,0.5262631333889906,4.159763175777322,-0.013792261612961099,61.39264049530029,0.43134751637338553
2022-11-17,148.07693481445312,150.72000122070312,151.47999572753906,146.14999389648438,146.42999267578125,80389400,64.13899230957031,65.97000122070312,66.2750015258789,64.80999755859375,64.83499908447266,8149600,4.997731968526781,0.012888164796943435,143.9534118652344,0.5273357855990851,4.161052483345994,0.0012893075686717381,61.656119155883786,0.43127458679887504
2022-11-18,148.63694763183594,151.2899932861328,152.6999969482422,149.97000122070312,152.30999755859375,74829600,64.2118911743164,66.04499816894531,66.73500061035156,65.48999786376953,66.71499633789062,11912400,5.001506739546791,0.0037747710200095597,144.16286697387696,0.5196489003816129,4.1621884143284085,0.0011359309824143793,61.84449081420898,0.4233419978741113
2022-11-21,145.41445922851562,148.00999450683594,150.3699951171875,147.72000122070312,150.16000366210938,58724100,63.52162551879883,65.33499908447266,65.94000244140625,65.20500183105469,65.66999816894531,8363800,4.9795880046428715,-0.02191873490391938,144.10429000854492,0.5234908747426413,4.151380407272636,-0.010808007055772784,61.956542587280275,0.4240676385434842
2022-11-22,147.54641723632812,150.17999267578125,150.4199981689453,146.92999267578125,148.1300048828125,51804100,64.75151062011719,66.5999984741211,66.63500213623047,65.1500015258789,65.62000274658203,9019200,4.994142819402026,0.014554814759154766,144.0105773925781,0.5214631727564719,4.170557030347926,0.01917662307528989,62.07151107788086,0.42419674153670306
2022-11-23,148.42079162597656,151.07000732421875,151.8300018310547,149.33999633789062,149.4499969482422,58301400,65.32512664794922,67.19000244140625,67.38999938964844,66.41000366210938,66.45500183105469,9480600,5.000051426215788,0.005908606813761708,144.1072204589844,0.5168820374409581,4.179376750141103,0.00881971979317786,62.28467559814453,0.41484747435868463
2022-11-25,145.51271057128906,148.11000061035156,148.8800048828125,147.1199951171875,148.30999755859375,35195900,64.94595336914062,66.80000305175781,67.00499725341797,66.6050033569336,66.73500061035156,3263000,4.980263440674345,-0.01978798554144312,144.28159790039064,0.5093019510901515,4.1735554373902835,-0.005821312750819985,62.51363945007324,0.4126551506873444
2022-11-28,141.69091796875,144.22000122070312,146.63999938964844,143.3800048828125,145.13999938964844,69246000,63.55564498901367,65.37000274658203,66.47000122070312,65.1050033569336,66.04499816894531,13030200,4.9536480512674785,-0.026615389406866363,143.728369140625,0.4416627060674248,4.151915821212384,-0.021639616177899335,62.54183464050293,0.3949130522222496
2022-11-29,138.69439697265625,141.1699981689453,144.80999755859375,140.35000610351562,144.2899932861328,83763800,62.933414459228516,64.7300033569336,65.4800033569336,64.46499633789062,65.28500366210938,11570200,4.932272929768379,-0.021375121499099592,143.14301452636718,0.4442086923659758,4.142077254119184,-0.00983856709320019,62.580481719970706,0.3935110743842034
2022-11-30,145.43409729003906,148.02999877929688,148.72000122070312,140.5500030517578,141.39999389648438,111380900,66.09320068359375,67.9800033569336,67.98999786376953,64.63500213623047,64.69999694824219,23334400,4.979723044416067,0.047450114647688224,143.0265670776367,0.4766723177613505,4.191065877475901,0.04898862335671694,62.80312614440918,0.4273399612403568
2022-12-01,145.7091827392578,148.30999755859375,149.1300048828125,146.61000061035156,148.2100067138672,71250400,66.18556213378906,68.07499694824219,68.4000015258789,67.23500061035156,68.04499816894531,15165800,4.981612736192917,0.0018896917768493893,143.1994888305664,0.4559361799828854,4.19246234450111,0.001396467025209347,63.13684902191162,0.40247774006971226
2022-12-02,145.2179412841797,147.80999755859375,148.0,145.64999389648438,145.9600067138672,65447400,65.801513671875,67.68000030517578,67.90499877929688,66.67500305175781,66.93499755859375,8934400,4.978235657320692,-0.0033770788722247147,143.6494567871094,0.42520059173231683,4.18664284219852,-0.005819502302590429,63.53887157440185,0.3832110439662642
2022-12-05,144.05862426757812,146.6300048828125,150.9199981689453,145.77000427246094,147.77000427246094,68826400,64.707763671875,66.55500030517578,67.53500366210938,66.11499786376953,67.16000366210938,11526200,4.970220329697293,-0.00801532762339896,144.05472106933593,0.42671720943964425,4.1698811892365555,-0.016761652961964302,63.833462715148926,0.38916920399909405
2022-12-06,140.40390014648438,142.91000366210938,147.3000030517578,141.9199981689453,147.07000732421875,64727200,63.322288513183594,65.12999725341797,66.58499908447266,64.70999908447266,66.48500061035156,11799200,4.944523270027,-0.025697059670292788,144.25072174072267,0.4385620264139295,4.14823737638724,-0.021643812849315047,64.00968132019042,0.3973649780146946
2022-12-07,138.4684600830078,140.94000244140625,143.3699951171875,140.0,142.19000244140625,69721100,63.00146484375,64.80000305175781,65.30000305175781,64.33499908447266,64.8949966430664,10413800,4.930642574661676,-0.01388069536532388,144.32146072387695,0.4417280957869632,4.143157977609317,-0.005079398777923849,64.14117774963378,0.3974937955715766
2022-12-08,140.14845275878906,142.64999389648438,143.52000427246094,141.10000610351562,142.36000061035156,62128300,64.03204345703125,65.86000061035156,66.05000305175781,64.7699966430664,65.16000366210938,8965800,4.94270223765538,0.012059662993704201,144.70363998413086,0.42417714407782886,4.159383637077868,0.016225659468551257,64.40271167755127,0.3855802348018833
2022-12-09,139.6670684814453,142.16000366210938,145.57000732421875,140.89999389648438,142.33999633789062,76097000,63.63827896118164,65.45500183105469,66.375,65.20999908447266,65.56500244140625,10402800,4.9392615082053455,-0.0034407294500349295,144.47227249145507,0.2917267127368194,4.153215159753525,-0.006168477324342447,64.40295448303223,0.26696878412517316
2022-12-12,141.9561767578125,144.49000549316406,144.5,141.05999755859375,142.6999969482422,70462700,65.0285873413086,66.88500213623047,66.88500213623047,65.54000091552734,65.55999755859375,14806200,4.95551839558844,0.016256887383094387,144.21634063720703,0.2892246685918005,4.1748269784605565,0.021611818707031105,64.41826705932617,0.27135580489105426
2022-12-13,142.9189910888672,145.47000122070312,149.97000122070312,144.24000549316406,149.5,93886200,65.79666900634766,67.67500305175781,69.66500091552734,66.98999786376953,69.31999969482422,18607600,4.962277973858442,0.006759578270002287,144.07830429077148,0.2892084047601744,4.186569214046049,0.011742235585492367,64.49969177246093,0.2721768455381468
2022-12-14,140.69862365722656,143.2100067138672,146.66000366210938,141.16000366210938,145.35000610351562,82291200,65.24250030517578,67.1050033569336,68.4000015258789,66.31999969482422,67.61000061035156,19541000,4.946620181963234,-0.015657791895208106,143.74279174804687,0.28956830123557237,4.1781111017452295,-0.008458112300819387,64.5145191192627,0.27112103190689313
2022-12-15,134.10629272460938,136.5,141.8000030517578,136.02999877929688,141.11000061035156,98931900,62.802154541015625,64.59500122070312,66.25,64.3499984741211,66.00499725341797,19223800,4.898632714798961,-0.04798746716427349,143.1390693664551,0.3316239367924443,4.139989380863604,-0.0381217208816258,64.45180931091309,0.30002161218719575
2022-12-16,132.1511993408203,134.50999450683594,137.64999389648438,133.72999572753906,136.69000244140625,160156900,61.970890045166016,63.7400016784668,64.75499725341797,63.415000915527344,64.375,23999200,4.883946716611236,-0.014685998187724536,142.34278259277343,0.32707002625796766,4.126664759387675,-0.013324621475928389,64.34340419769288,0.30301953223843353
2022-12-19,130.0487518310547,132.3699951171875,135.1999969482422,131.32000732421875,135.11000061035156,79592600,61.14454650878906,62.709999084472656,63.665000915527344,62.29499816894531,63.564998626708984,14276600,4.867909394240412,-0.016037322370824114,141.4133728027344,0.32702721040134114,4.113240675961431,-0.013424083426244238,64.1900369644165,0.305596418263052
2022-12-20,129.97998046875,132.3000030517578,133.25,129.88999938964844,131.38999938964844,77432800,61.23716354370117,62.80500030517578,63.125,62.08000183105469,62.380001068115234,12622000,4.867380442202689,-0.0005289520377225188,140.6416488647461,0.32259133608666535,4.114754252664254,0.0015135767028233715,64.07581386566162,0.3042523356080595
2022-12-21,133.07469177246094,135.4499969482422,136.80999755859375,132.75,132.97999572753906,85928000,62.25121307373047,63.845001220703125,64.1449966430664,62.939998626708984,63.095001220703125,14670600,4.890910562861969,0.02353012065927995,139.91806259155274,0.3314832462890589,4.131178022283145,0.016423769618890915,63.950798988342285,0.3018789586508794
2022-12-22,129.91114807128906,132.22999572753906,134.55999755859375,130.3000030517578,134.35000610351562,77852100,60.681400299072266,62.23500061035156,63.1150016784668,61.18000030517578,63.04499816894531,15323600,4.866850740404424,-0.02405982245754501,138.99258041381836,0.33525660949280695,4.105637230995086,-0.025540791288059417,63.71861267089844,0.3101187061714533
2022-12-23,129.5476531982422,131.86000061035156,132.4199981689453,129.63999938964844,130.9199981689453,63814900,60.74477767944336,62.29999923706055,62.36000061035156,61.334999084472656,61.790000915527344,8231600,4.864048791816963,-0.0028019485874617445,138.194327545166,0.3318392114635496,4.106681114401142,0.0010438834060559898,63.50855388641357,0.3104493210041564
2022-12-27,127.74979400634766,130.02999877929688,131.41000366210938,128.72000122070312,131.3800048828125,69007800,60.169498443603516,61.709999084472656,62.19499969482422,61.345001220703125,62.084999084472656,9530200,4.85007361660774,-0.013975175209222535,137.4972713470459,0.3242755943040936,4.0971655535419345,-0.009515560859207461,63.339246559143064,0.3038861767369482
2022-12-28,123.8297348022461,126.04000091552734,131.02999877929688,125.87000274658203,129.6699981689453,85438400,59.19933319091797,60.71500015258789,62.1349983215332,60.64500045776367,61.560001373291016,10362600,4.818907515597048,-0.03116610101069206,136.7540382385254,0.3325192398831052,4.080910278159598,-0.01625527538233662,63.15254249572754,0.30671531518935224
2022-12-29,127.33714294433594,129.61000061035156,130.47999572753906,127.7300033569336,127.98999786376953,75703700,60.74964904785156,62.30500030517578,62.51499938964844,61.30500030517578,61.310001373291016,10954200,4.846838237901934,0.02793072230488569,135.84919052124025,0.2964223689019659,4.106761305213873,0.025851027054275555,62.88536491394043,0.2624415646557407
2022-12-30,127.65150451660156,129.92999267578125,129.9499969482422,127.43000030517578,128.41000366210938,77034200,60.666770935058594,62.220001220703125,62.255001068115234,61.275001525878906,61.65999984741211,8905800,4.84930392988205,0.002465691980116702,134.94630661010743,0.2966492752529086,4.105396117116966,-0.0013651880969076657,62.6094253540039,0.26184075005181906
2023-01-03,122.8767318725586,125.06999969482422,130.89999389648438,124.16999816894531,130.27999877929688,112117500,60.09149932861328,61.630001068115234,63.29999923706055,61.189998626708984,62.8849983215332,15196200,4.811181672956476,-0.03812225692557458,133.82924613952636,0.3165867723797249,4.095868389417703,-0.009527727699262911,62.32392463684082,0.2624463047278462
2023-01-04,124.14411926269531,126.36000061035156,128.66000366210938,125.08000183105469,126.88999938964844,89113600,60.247501373291016,61.790000915527344,62.185001373291016,61.11000061035156,61.95000076293945,11813000,4.821443142831433,0.010261469874957463,132.83352088928223,0.32341871984315224,4.098461100528097,0.0025927111103944966,62.10091152191162,0.2594661105288044
2023-01-05,122.82760620117188,125.0199966430664,127.7699966430664,124.76000213623047,127.12999725341797,80962700,59.07746124267578,60.59000015258789,61.63999938964844,60.48500061035156,61.47999954223633,11341000,4.810781796646383,-0.010661346185050213,131.9547061920166,0.3164901980220918,4.078849485221187,-0.01961161530691058,61.88867015838623,0.25768285278871517
2023-01-06,127.34693145751953,129.6199951171875,130.2899932861328,124.88999938964844,126.01000213623047,87754700,60.80815505981445,62.3650016784668,62.64500045776367,60.404998779296875,61.125,13825400,4.846915105787854,0.03613330914147106,131.39862976074218,0.34948534620295874,4.107723909250859,0.028874424029671886,61.779004669189455,0.28191564811099634
2023-01-09,127.86766052246094,130.14999389648438,133.41000366210938,129.88999938964844,130.47000122070312,70790800,61.51504898071289,63.09000015258789,64.23999786376953,62.904998779296875,62.92499923706055,21427200,4.850995826905812,0.004080721117958319,130.7845901489258,0.3456930176950076,4.119281843751966,0.011557934501107425,61.65315494537354,0.27842874816363034
2023-01-10,128.4374542236328,130.72999572753906,131.25999450683594,128.1199951171875,130.25999450683594,63896200,61.89531707763672,63.47999954223633,63.58000183105469,62.599998474121094,62.935001373291016,17209000,4.8554420482808185,0.004446221375006054,130.22310943603514,0.34716983552902403,4.125444523801845,0.006162680049879299,61.56600685119629,0.2794219868690216
2023-01-11,131.14910888671875,133.49000549316406,133.50999450683594,130.4600067138672,131.25,69458900,62.967857360839844,64.58000183105469,64.58000183105469,63.48500061035156,63.68000030517578,13758000,4.876334911678429,0.020892863397610206,129.68275604248046,0.3511584833331342,4.1426243955733195,0.017179871771474176,61.46297035217285,0.2749911680833008
2023-01-12,131.0704803466797,133.41000366210938,134.25999450683594,131.44000244140625,133.8800048828125,71379600,63.43586349487305,65.05999755859375,65.3550033569336,63.88999938964844,64.68000030517578,15358600,4.875735196434991,-0.0005997152434380482,129.0903305053711,0.34914499236031743,4.150029371778201,0.007404976204881564,61.34493007659912,0.2726187111912371
2023-01-13,132.39682006835938,134.75999450683594,134.9199981689453,131.66000366210938,132.02999877929688,57809700,63.61625671386719,65.24500274658203,65.33999633789062,64.29499816894531,64.44499969482422,10153200,4.885803625603901,0.010068429168910598,128.67524032592775,0.3500130066242125,4.15286904639234,0.0028396746141385876,61.26361789703369,0.2719226985913154
2023-01-17,133.5561065673828,135.94000244140625,137.2899932861328,134.1300048828125,134.8300018310547,63646600,63.90388107299805,65.54000091552734,65.92500305175781,65.07499694824219,65.15499877929688,10425800,4.89452166346294,0.008718037859038574,128.6477310180664,0.3088954247820711,4.157380096205729,0.004511049813388901,61.318704223632814,0.23485939950003998
2023-01-18,132.8389434814453,135.2100067138672,138.61000061035156,135.02999877929688,136.82000732421875,69672800,63.07999801635742,64.69499969482422,66.26000213623047,64.65499877929688,65.91000366210938,13936000,4.889137443160487,-0.005384220302453002,128.68211822509767,0.3048501952203495,4.144403730648379,-0.012976365557349823,61.37415962219238,0.2345833344980524
2023-01-19,132.89784240722656,135.27000427246094,136.25,133.77000427246094,134.0800018310547,58280400,62.34383773803711,63.939998626708984,64.55000305175781,63.70500183105469,64.19000244140625,14645000,4.889580730878811,0.0004432877183244699,128.82457275390624,0.2987163175627955,4.132664833850158,-0.011738896798220821,61.43412418365479,0.2332925078084162
2023-01-20,135.45225524902344,137.8699951171875,138.02000427246094,134.22000122070312,135.27999877929688,80223600,64.03064727783203,65.66999816894531,65.72000122070312,64.02999877929688,64.26000213623047,14127800,4.908619218440655,0.019038487561843453,129.09818649291992,0.3053175465429244,4.159361832457158,0.026696998607000033,61.57379837036133,0.25055675797118987
2023-01-23,138.6354522705078,141.11000061035156,143.32000732421875,137.89999389648438,138.1199951171875,81760300,65.48832702636719,67.16500091552734,67.55000305175781,65.78500366210938,65.93499755859375,23472600,4.931847842435033,0.023228623994378417,129.37622451782227,0.30503812176555317,4.181871913421417,0.022510080964258883,61.73565406799317,0.2560017956146005
2023-01-24,140.03053283691406,142.52999877929688,143.16000366210938,140.3000030517578,140.30999755859375,66435100,65.4590835571289,67.13500213623047,67.38999938964844,66.68499755859375,66.78500366210938,12575600,4.941860490523012,0.010012648087978526,129.8821937561035,0.2899661095592596,4.181425268931172,-0.0004466444902444522,61.974538230895995,0.2340571482015649
2023-01-25,139.372314453125,141.86000061035156,142.42999267578125,138.80999755859375,140.88999938964844,65799300,65.32257080078125,66.99500274658203,67.16500091552734,65.38500213623047,66.0,14342200,4.937148873530986,-0.004711616992025824,130.37342681884766,0.29061696106335766,4.179337624351392,-0.002087644579780168,62.20342788696289,0.23480710076830724
2023-01-26,141.43548583984375,143.9600067138672,144.25,141.89999389648438,143.1699981689453,54105100,66.3658676147461,68.06500244140625,68.09500122070312,66.94999694824219,67.6500015258789,11161800,4.951843682654929,0.014694809123943386,131.05771141052247,0.28531930153590424,4.195182882370938,0.015845258019545838,62.51324634552002,0.23322313107845866
2023-01-27,143.37091064453125,145.92999267578125,147.22999572753906,143.0800018310547,143.16000366210938,70555800,66.64374542236328,68.3499984741211,68.83000183105469,67.6050033569336,67.63500213623047,13549400,4.965435052947088,0.013591370292158622,132.0347702026367,0.2521993433849395,4.199361200096188,0.004178317725250125,62.885466957092284,0.21951471155486343
2023-01-30,140.49232482910156,143.0,145.5500030517578,142.85000610351562,144.9600067138672,64015300,65.37133026123047,67.04499816894531,67.86000061035156,66.98999786376953,67.56500244140625,9705600,4.945152859730783,-0.02028219321630509,132.692529296875,0.2579571633590115,4.1800837871381065,-0.01927741295808172,63.11655101776123,0.22358747108503205
2023-01-31,141.75967407226562,144.2899932861328,144.33999633789062,142.27999877929688,142.6999969482422,65874500,66.2829818725586,67.9800033569336,68.01000213623047,67.0,67.04499816894531,8871600,4.954133187702503,0.008980327971720214,133.3979377746582,0.2581729239862068,4.193933180571109,0.013849393433002177,63.39736156463623,0.22556036454896852
2023-02-01,142.8797149658203,145.42999267578125,146.61000061035156,141.32000732421875,143.97000122070312,77663600,67.84304809570312,69.58000183105469,70.13500213623047,67.6050033569336,67.93000030517578,18852800,4.962003122206128,0.007869934503625053,134.3980869293213,0.2010022945462142,4.217196921130297,0.02326374055918823,63.784939002990725,0.2286652628102798
2023-02-02,148.1752166748047,150.82000732421875,151.17999267578125,148.1699981689453,148.89999389648438,118339000,69.69560241699219,71.4800033569336,71.87999725341797,70.44499969482422,70.7699966430664,18824000,4.998395469962724,0.036392347756596166,135.59964179992676,0.22559066690311824,4.244137222763006,0.026940301632708774,64.25734405517578,0.23982001966677133
2023-02-03,151.79063415527344,154.5,157.3800048828125,147.8300018310547,148.02999877929688,154357300,69.11546325683594,70.88500213623047,72.04499816894531,70.1449966430664,70.25,16145400,5.022502164476232,0.024106694513507776,137.04779319763185,0.21938492756632635,4.235778486589885,-0.008358736173120995,64.75924415588379,0.2260109104051281
2023-02-06,149.0692138671875,151.72999572753906,153.10000610351562,150.77999877929688,152.57000732421875,69858300,68.27204895019531,70.0199966430664,70.6500015258789,69.75499725341797,70.0999984741211,12977400,5.004410720686811,-0.01809144378942129,138.13390731811523,0.22007053424593262,4.223500443433249,-0.012278043156635832,65.13243885040283,0.22240666907853324
2023-02-07,151.93800354003906,154.64999389648438,155.22999572753906,150.63999938964844,150.63999938964844,83322600,69.97836303710938,71.7699966430664,72.04000091552734,70.09500122070312,70.125,15708200,5.023472566196982,0.019061845510170983,139.33742446899413,0.22304970944355998,4.248186094798405,0.024685651365156325,65.55560455322265,0.23161422282558028
2023-02-08,149.25588989257812,151.9199981689453,154.5800018310547,151.1699981689453,153.8800048828125,64120100,69.13495635986328,70.90499877929688,72.29499816894531,70.76000213623047,71.91000366210938,12577000,5.005662214760912,-0.01781035143606946,140.37834625244142,0.24178305849622472,4.236060483609649,-0.01212561118875577,65.91758651733399,0.24082447296114706
2023-02-09,148.2242889404297,150.8699951171875,154.3300018310547,150.4199981689453,153.77999877929688,56007100,68.75469970703125,70.51499938964844,72.12000274658203,70.23500061035156,72.0,12624000,4.998726592418354,-0.00693562234255829,141.23210525512695,0.24153360725425793,4.230545093585285,-0.005515390024364741,66.20692863464356,0.23973605409712648
2023-02-10,148.58834838867188,151.00999450683594,151.33999633789062,149.22000122070312,149.4600067138672,57450700,68.43782043457031,70.19000244140625,70.43000030517578,69.5250015258789,69.98999786376953,9861600,5.0011797199811765,0.0024531275628225657,142.10799865722657,0.24064866540212634,4.225925602148831,-0.004619491436453238,66.45702648162842,0.24152729815252408
2023-02-13,151.38284301757812,153.85000610351562,154.25999450683594,150.9199981689453,150.9499969482422,62199000,69.62248229980469,71.40499877929688,71.55999755859375,70.41999816894531,70.46499633789062,8411800,5.0198120123730385,0.018632292391862038,143.0572998046875,0.24433222445366964,4.243087536729064,0.01716193458023252,66.7573377609253,0.24608365457754408
2023-02-14,150.7432403564453,153.1999969482422,153.77000427246094,150.86000061035156,152.1199951171875,61707600,69.91986083984375,71.70999908447266,72.11499786376953,70.625,71.06999969482422,12622000,5.015577994512033,-0.0042340178610054124,143.91665649414062,0.24722209545738946,4.247349741068465,0.0042622043394011655,67.05813674926758,0.2460852382131938
2023-02-15,152.8390655517578,155.3300018310547,155.5,152.8800048828125,153.11000061035156,65573800,70.24649810791016,72.04499816894531,72.05000305175781,71.1050033569336,71.2750015258789,10491000,5.029385508661539,0.013807514149505984,144.91666259765626,0.2448207399251383,4.252010457973633,0.004660716905167561,67.41646175384521,0.23728007217321667
2023-02-16,151.24508666992188,153.7100067138672,156.3300018310547,153.35000610351562,153.50999450683594,68167900,69.0277099609375,70.79499816894531,71.80500030517578,70.73999786376953,71.0,13001200,5.018901611556345,-0.010483897105194373,145.83402481079102,0.25168589062544916,4.234508017616893,-0.017502440356739868,67.75065536499024,0.24359324447720848
2023-02-17,150.10369873046875,152.5500030517578,153.0,150.85000610351562,152.35000610351562,59144100,68.16481018066406,69.91000366210938,70.37000274658203,69.30000305175781,70.29000091552734,10606600,5.011326380111088,-0.007575231445256847,146.56659698486328,0.251782744813248,4.2219284519303955,-0.012579565686497318,67.95736351013184,0.23720406162689103
2023-02-21,146.09893798828125,148.47999572753906,151.3000030517578,148.41000366210938,150.1999969482422,58867200,66.5462417602539,68.25,69.38999938964844,68.19000244140625,68.9749984741211,12277800,4.984284049656184,-0.027042330454904118,146.93977127075195,0.26666355209494497,4.1978970708235614,-0.024031381106834004,68.01025924682617,0.24419362902079073
2023-02-22,146.5220489501953,148.91000366210938,149.9499969482422,147.16000366210938,148.8699951171875,51011300,66.44873809814453,68.1500015258789,68.69999694824219,67.82499694824219,68.38999938964844,14338400,4.987175921911904,0.0028918722557200738,147.26434707641602,0.26524007708350633,4.196430794732805,-0.0014662760907562244,68.05974197387695,0.24428954158741067
2023-02-23,147.00418090820312,149.39999389648438,150.33999633789062,147.24000549316406,150.08999633789062,48394200,67.5505142211914,69.27999877929688,69.54000091552734,68.30500030517578,69.41999816894531,13120000,4.990461027926686,0.0032851060147818245,147.64594039916992,0.26396584856030936,4.2128756768301034,0.01644488209729822,68.17113914489747,0.25021947661177446
2023-02-24,144.3573455810547,146.7100067138672,147.19000244140625,145.72000122070312,147.11000061035156,55469600,66.34635925292969,68.04499816894531,68.33999633789062,67.6500015258789,68.05000305175781,14347400,4.972291792109378,-0.01816923581730734,147.79203338623046,0.2698146415386805,4.194888887425372,-0.017986789404731418,68.17016372680663,0.2536071712377871
2023-02-27,145.54791259765625,147.9199981689453,149.1699981689453,147.4499969482422,147.7100067138672,44998500,66.7022476196289,68.41000366210938,69.08000183105469,68.28500366210938,68.7300033569336,9389000,4.980505328609275,0.008213536499896534,147.90088348388673,0.26715413532000565,4.200238649799543,0.00534976237417073,68.17308883666992,0.2538979762672635
2023-02-28,145.04612731933594,147.41000366210938,149.0800018310547,146.8300018310547,147.0500030517578,50547000,66.55599212646484,68.26000213623047,68.91999816894531,68.06999969482422,68.19000244140625,10485800,4.977051811275009,-0.0034535173342655767,148.12857360839843,0.25602599225763156,4.19804358025385,-0.0021950695456931513,68.23232192993164,0.2436921378003326
2023-03-01,142.97979736328125,145.30999755859375,147.22999572753906,145.00999450683594,146.8300018310547,55479000,66.06848907470703,67.76000213623047,68.4000015258789,67.55000305175781,68.29000091552734,15069400,4.962703343099495,-0.014348468175514384,148.18957977294923,0.2604541576011112,4.190691917227362,-0.00735166302648782,68.22159729003906,0.24034491742240063
2023-03-02,143.57017517089844,145.91000366210938,146.7100067138672,143.89999389648438,144.3800048828125,52238100,66.88262176513672,68.59500122070312,68.80999755859375,67.45999908447266,67.57499694824219,10969400,4.966823941246808,0.004120598147313359,148.22410278320314,0.25937115851415354,4.202939169041849,0.012247251814486937,68.17357597351074,0.22901791280633568
2023-03-03,148.60801696777344,151.02999877929688,151.11000061035156,147.3300018310547,148.0399932861328,70732300,68.32079315185547,70.06999969482422,70.07499694824219,68.97000122070312,69.03500366210938,14439600,5.0013120808134275,0.034488139566619225,148.24574279785156,0.2559160491788383,4.2242141587784925,0.021274989736643768,68.1048355102539,0.2206759926930993
2023-03-06,151.3632049560547,153.8300018310547,156.3000030517578,153.4600067138672,153.7899932861328,87558000,68.64743041992188,70.40499877929688,71.36000061035156,70.3499984741211,70.5199966430664,15999200,5.019682279471933,0.018370198658505643,148.22437133789063,0.24952270060229362,4.2289837013593665,0.004769542580874031,68.0814338684082,0.21978522123548952
2023-03-07,149.1688995361328,151.60000610351562,154.02999877929688,151.1300048828125,153.6999969482422,56182000,67.79429626464844,69.52999877929688,70.62000274658203,69.3550033569336,70.3499984741211,14120000,5.0050792178920815,-0.014603061579851584,148.2293556213379,0.24648302075527304,4.216478065517427,-0.012505635841939089,68.05754623413085,0.2199506081092155
2023-03-08,150.41854858398438,152.8699951171875,153.47000122070312,151.8300018310547,152.80999755859375,47204800,68.35493469238281,70.1050033569336,70.19000244140625,69.36499786376953,69.7750015258789,13247000,5.013421732262383,0.008342514370301757,148.15338287353515,0.23830872105662812,4.224713757965209,0.008235692447781773,67.97637481689453,0.20214568855037446
2023-03-09,148.1751251220703,150.58999633789062,154.5399932861328,150.22999572753906,153.55999755859375,53833600,67.37500762939453,69.0999984741211,71.00499725341797,68.96499633789062,70.21499633789062,15624600,4.998394852094469,-0.015026880167914314,148.09934463500977,0.23581929831518683,4.210274142466922,-0.014439615498287317,67.8883773803711,0.2039671615151962
2023-03-10,146.11863708496094,148.5,150.94000244140625,147.61000061035156,150.2100067138672,68572400,66.19035339355469,67.88500213623047,69.17500305175781,67.61499786376953,69.0,30556800,4.984418874515398,-0.01397597757907132,147.99406204223632,0.2397137457765284,4.192534733194305,-0.0177394092726173,67.76016006469726,0.21179168424403144
2023-03-13,148.05706787109375,150.47000122070312,153.13999938964844,147.6999969482422,147.80999755859375,84457100,66.55111694335938,68.25499725341797,69.19999694824219,67.04000091552734,67.45999908447266,34439400,4.997597793165567,0.01317891865016918,147.9674980163574,0.24456841271262703,4.197970328221833,0.005435595027527995,67.66582489013672,0.21308313163812512
2023-03-14,150.14303588867188,152.58999633789062,153.39999389648438,150.10000610351562,151.27999877929688,73695900,68.08679962158203,69.83000183105469,70.07499694824219,68.8499984741211,69.13500213623047,21202200,5.01158841232588,0.013990619160312967,147.9055076599121,0.2403518189535483,4.220783356210506,0.022813027988673795,67.58904075622559,0.22042901090626812
2023-03-15,150.53660583496094,152.99000549316406,153.25,149.9199981689453,151.19000244140625,77167900,68.12580871582031,69.87000274658203,69.95500183105469,68.7300033569336,69.06500244140625,23060000,5.014206282753038,0.0026178704271577757,147.8951759338379,0.24013688832208516,4.22135612397086,0.000572767760353976,67.49933815002441,0.2196228292976268
2023-03-16,153.3507843017578,155.85000610351562,156.4600067138672,151.63999938964844,152.16000366210938,76161100,70.03688049316406,71.83000183105469,71.93000030517578,69.3949966430664,69.625,26086800,5.032728005002727,0.018521722249689176,147.9207618713379,0.24429686593127764,4.249021967493212,0.027665843522351352,67.48885726928711,0.24195007639421948
2023-03-17,152.51438903808594,155.0,156.74000549316406,154.27999877929688,156.0800018310547,98944600,69.93936920166016,71.7300033569336,72.58999633789062,71.30999755859375,71.97000122070312,23078600,5.027258945944479,-0.005469059058247794,147.9842269897461,0.2420350738804934,4.247628712459014,-0.0013932550341975158,67.53444023132325,0.2332260034497414
2023-03-20,154.87591552734375,157.39999389648438,157.82000732421875,154.14999389648438,155.07000732421875,73641400,70.12796783447266,71.76499938964844,71.8550033569336,70.91000366210938,71.44499969482422,11981600,5.042624251327113,0.01536530538263392,148.22283782958985,0.24565816341218188,4.250321685007523,0.002692972548508976,67.63259811401367,0.2279720648742662
2023-03-21,156.7257843017578,159.27999877929688,159.39999389648438,156.5399932861328,157.32000732421875,73938300,70.69471740722656,72.34500122070312,72.4749984741211,71.40499877929688,72.15499877929688,13066400,5.054497681465634,0.011873430138520824,148.75418014526366,0.22338046176739756,4.258370851684185,0.008049166676661557,67.8400218963623,0.20803942297778713
2023-03-22,155.29901123046875,157.8300018310547,162.13999938964844,157.80999755859375,159.3000030517578,75701800,69.99114990234375,71.625,73.78500366210938,71.58499908447266,72.34500122070312,14224400,5.045352363299014,-0.009145318166619454,149.19302825927736,0.2278641739354227,4.248368804089899,-0.010002047594285912,68.01714248657227,0.21263832989043474
2023-03-23,156.38134765625,158.92999267578125,161.5500030517578,157.67999267578125,158.8300018310547,67622100,71.12958526611328,72.79000091552734,73.7750015258789,72.1050033569336,72.54000091552734,17595800,5.0522975604892,0.006945197190185937,149.6618865966797,0.22831427389604875,4.264503358081909,0.01613455399201058,68.19609603881835,0.212372969322331
2023-03-24,157.68020629882812,160.25,160.33999633789062,157.85000610351562,158.86000061035156,59196500,71.31524658203125,72.9800033569336,73.01499938964844,72.08000183105469,72.55999755859375,11872600,5.060568971182194,0.008271410692993975,150.32802963256836,0.21453258945477605,4.267110141615503,0.0026067835335936707,68.44454040527344,0.19801532461711446
2023-03-27,155.7417755126953,158.27999877929688,160.77000427246094,157.8699951171875,159.94000244140625,52390300,70.76313018798828,72.41500091552734,73.33999633789062,72.24500274658203,73.08999633789062,10810600,5.048199350576312,-0.01236962060588187,150.8377227783203,0.22200860760633717,4.259338105000399,-0.00777203661510395,68.6475845336914,0.201926626953863
2023-03-28,155.12191772460938,157.64999389648438,158.49000549316406,155.97999572753906,157.97000122070312,45992200,70.43089294433594,72.07499694824219,72.31500244140625,71.42500305175781,72.29000091552734,9968000,5.044211373703576,-0.003987976872735999,151.34151229858398,0.22223493893722016,4.254631987142601,-0.004706117857797842,68.84132957458496,0.2029700684931316
2023-03-29,158.1918487548828,160.77000427246094,161.0500030517578,159.35000610351562,159.3699951171875,51305700,71.90644836425781,73.58499908447266,73.75,72.875,72.9800033569336,14256600,5.063808529068568,0.01959715536499207,152.10211486816405,0.21900594688434885,4.275365945882964,0.020733958740362546,69.1332275390625,0.2086882040272324
2023-03-30,159.7563934326172,162.36000061035156,162.47000122070312,161.27000427246094,161.52999877929688,49501700,72.74195098876953,74.44000244140625,74.54499816894531,73.94000244140625,74.26499938964844,11202400,5.073650113944237,0.009841584875668552,152.91142578125,0.21962276239381287,4.2869182606009915,0.011552314718027645,69.42619400024414,0.20834857512615426
2023-03-31,162.255615234375,164.89999389648438,165.0,161.91000366210938,162.44000244140625,68749800,73.78264617919922,75.50499725341797,75.57499694824219,74.25499725341797,74.3499984741211,15069800,5.089172963517695,0.015522849573458508,153.59380569458008,0.19519986506606407,4.301123557331808,0.014205296730816386,69.69928665161133,0.20208059098276449
2023-04-03,163.50527954101562,166.1699981689453,166.2899932861328,164.22000122070312,164.27000427246094,56976200,73.66539764404297,75.38500213623047,75.48999786376953,74.68499755859375,75.04499816894531,21142200,5.09684528058671,0.0076723170690149445,154.20090942382814,0.18862295130657578,4.299533186149811,-0.0015903711819964528,69.95018501281739,0.20295398650667765
2023-04-04,162.97393798828125,165.6300048828125,166.83999633789062,165.11000061035156,166.60000610351562,46278300,73.25984954833984,74.97000122070312,75.75499725341797,74.69000244140625,75.49500274658203,15824800,5.0935902983806045,-0.003254982206105872,154.89116134643555,0.17788756986464743,4.294012703681345,-0.005520482468466703,70.22346267700195,0.1970642619656762
2023-04-05,161.1339111328125,163.75999450683594,165.0500030517578,161.8000030517578,164.74000549316406,51511700,72.42435455322266,74.11499786376953,74.68499755859375,73.58000183105469,74.61499786376953,15737600,5.082235765441839,-0.011354532938765871,155.42692947387695,0.1857037500889374,4.282542631682291,-0.011470071999053921,70.42693367004395,0.20358928707450866
2023-04-06,162.0194854736328,164.66000366210938,164.9600067138672,162.0,162.42999267578125,45390100,72.83477020263672,74.53500366210938,74.62999725341797,73.25499725341797,73.57499694824219,15696000,5.087716608700678,0.00548084325883913,156.11914749145507,0.1724493065822139,4.288193453855592,0.005650822173301151,70.69992179870606,0.19312721621139192
2023-04-10,159.43165588378906,162.02999877929688,162.02999877929688,160.0800018310547,161.4199981689453,47716900,72.7956771850586,74.49500274658203,74.51000213623047,73.38999938964844,73.79499816894531,9517200,5.071615340640123,-0.016101268060555007,156.7847984313965,0.17560002273253225,4.2876565741135,-0.0005368797420919336,71.03018798828126,0.17650539283625108
2023-04-11,158.22140502929688,160.8000030517578,162.36000061035156,160.50999450683594,162.35000610351562,47644200,72.11165618896484,73.79499816894531,74.375,73.66999816894531,74.36499786376953,12791600,5.063995349779437,-0.007619990860685988,157.29301528930665,0.17725801213755402,4.27821569820014,-0.00944087591336018,71.30821495056152,0.18350615221362102
2023-04-12,157.53260803222656,160.10000610351562,162.05999755859375,159.77999877929688,161.22000122070312,50133100,71.70125579833984,73.375,74.49500274658203,73.25499725341797,74.29499816894531,13235800,5.0596324719621215,-0.004362877817315258,157.66249389648436,0.17455562485911963,4.2725082620733925,-0.0057074361267472895,71.48893775939942,0.17233682302799
2023-04-13,162.90505981445312,165.55999755859375,165.8000030517578,161.4199981689453,161.6300048828125,68445600,73.03508758544922,74.73999786376953,74.8550033569336,73.54000091552734,73.66000366210938,13641800,5.093167575987826,0.03353510402570414,158.280916595459,0.20661696111644434,4.290939977527758,0.018431715454365616,71.73440170288086,0.18101049975001138
2023-04-14,162.56068420410156,165.2100067138672,166.32000732421875,163.82000732421875,164.58999633789062,49386500,72.62957000732422,74.32499694824219,74.93499755859375,73.67500305175781,74.31999969482422,13003600,5.091051373313971,-0.0021162026738545947,158.74141159057618,0.20019712528594139,4.285372139282835,-0.005567838244923351,71.86403617858886,0.15924528966131288
2023-04-17,162.58033752441406,165.22999572753906,165.38999938964844,164.02999877929688,165.08999633789062,41516200,72.89341735839844,74.59500122070312,74.76000213623047,74.01499938964844,74.41999816894531,8306000,5.091172264367533,0.00012089105356150043,159.24470901489258,0.1980637269133335,4.288998338070643,0.0036261987878081214,72.01173858642578,0.15889937917932198
2023-04-18,163.80044555664062,166.47000122070312,167.41000366210938,165.64999389648438,166.10000610351562,49923000,73.11815643310547,74.82499694824219,75.36499786376953,74.5,75.16500091552734,9212800,5.098648891541281,0.007476627173748085,159.69093551635743,0.19356333438539525,4.292076713932878,0.0030783758622350277,72.16124801635742,0.1589253555411825
2023-04-19,164.94187927246094,167.6300048828125,168.16000366210938,165.5399932861328,165.8000030517578,47720200,72.9080581665039,74.61000061035156,74.75,74.05000305175781,74.1500015258789,8623200,5.105593165013522,0.006944273472241136,160.10174026489258,0.1912764753495356,4.289199170169248,-0.0028775437636303636,72.27191505432128,0.15822051647584268
2023-04-20,163.9775390625,166.64999389648438,167.8699951171875,165.55999755859375,166.08999633789062,52456400,72.42925262451172,74.12000274658203,74.8550033569336,73.79000091552734,73.92500305175781,11416200,5.099729461508765,-0.005863703504756401,160.53566665649413,0.1889547466993654,4.282610259563796,-0.006588910605451304,72.3938201904297,0.15535570175363836
2023-04-21,162.3737030029297,165.02000427246094,166.4499969482422,164.49000549316406,165.0500030517578,58337300,72.19470977783203,73.87999725341797,74.01499938964844,73.4000015258789,73.79499816894531,12237600,5.089900487294072,-0.009828974214693531,160.8352844238281,0.1933097345356115,4.2793667714390935,-0.0032434881247027647,72.44707641601562,0.1464692502387925
2023-04-24,162.67872619628906,165.3300018310547,165.60000610351562,163.88999938964844,165.0,41949600,71.87712860107422,73.55500030517578,73.94499969482422,73.00499725341797,73.58499908447266,9079800,5.091777250889663,0.001876763595591413,161.08521041870117,0.19183263321671667,4.2749581139982835,-0.004408657440809982,72.47517051696778,0.14739932582142914
2023-04-25,161.14378356933594,163.77000427246094,166.30999755859375,163.72999572753906,165.19000244140625,48714100,70.34294128417969,71.98500061035156,73.33499908447266,71.95999908447266,73.19499969482422,11022600,5.082297032086654,-0.009480218803009421,161.3553108215332,0.189307374373588,4.25338244141442,-0.021575672583863614,72.45416107177735,0.1646719656116105
2023-04-26,161.1339111328125,163.75999450683594,165.27999877929688,162.8000030517578,163.05999755859375,45498800,71.38853454589844,73.05500030517578,73.80999755859375,72.87999725341797,73.25,13603400,5.082235765441839,-6.12666448152055e-05,161.65591049194336,0.1882513933232277,4.268137275861438,0.014754834447018084,72.50204315185547,0.17208467227264568
2023-04-27,165.70936584472656,168.41000366210938,168.55999755859375,165.19000244140625,165.19000244140625,64902300,72.9031753540039,74.6050033569336,74.66000366210938,73.22000122070312,73.4000015258789,12084800,5.110235445736344,0.027999680294505502,162.03178634643555,0.20067981937649063,4.289132195734097,0.02099491987265889,72.55187950134277,0.17249013174678304
2023-04-28,166.958984375,169.67999267578125,169.85000610351562,167.8800048828125,168.49000549316406,55275900,73.69470977783203,75.41500091552734,75.43000030517578,74.5250015258789,74.6050033569336,11792000,5.1177481797066005,0.007512733970256313,162.39191589355468,0.19969015385986463,4.299931016128203,0.010798820394105846,72.59951744079589,0.1718803530953197
2023-05-01,166.8704376220703,169.58999633789062,170.4499969482422,168.63999938964844,169.27999877929688,52472900,73.7386703491211,75.45999908447266,75.82499694824219,75.23500061035156,75.3550033569336,8194400,5.117217688688305,-0.0005304910182957201,162.62265701293944,0.19352529444523636,4.300527361034003,0.0005963449058006276,72.59731864929199,0.16426579636719485
2023-05-02,165.8372802734375,168.5399932861328,170.35000610351562,167.5399932861328,170.08999633789062,48425700,73.04976654052734,74.75499725341797,75.63500213623047,74.36499786376953,75.55000305175781,12058800,5.111007068291151,-0.006210620397153477,162.73925704956054,0.19383362111642108,4.291140942305597,-0.009386418728406731,72.56653709411621,0.16754636344455848
2023-05-03,164.76475524902344,167.4499969482422,170.9199981689453,167.16000366210938,169.5,65136000,72.43412780761719,74.125,75.33000183105469,74.08999633789062,74.84500122070312,11630200,5.104518730823054,-0.006488337468097072,162.82879791259765,0.1950464282165387,4.282677566885948,-0.008463375419649033,72.52525100708007,0.16905354947122042
2023-05-04,163.13134765625,165.7899932861328,167.0399932861328,164.30999755859375,164.88999938964844,81235400,72.08723449707031,73.7699966430664,74.2699966430664,73.46499633789062,73.83000183105469,10861000,5.094555690155122,-0.009963040667932077,162.92866973876954,0.19397996762810404,4.277876975870005,-0.004800591015942324,72.50839500427246,0.1649563466999822
2023-05-05,170.78663635253906,173.57000732421875,174.3000030517578,170.75999450683594,170.97999572753906,113453200,73.89502716064453,75.62000274658203,75.875,74.37999725341797,74.48500061035156,12230000,5.140415036797771,0.0458593466426489,163.36702728271484,0.25175835169788235,4.302645534223739,0.024768558353733816,72.56140785217285,0.18654680016123057
2023-05-08,170.7177276611328,173.5,173.85000610351562,172.11000061035156,172.47999572753906,55962800,73.85592651367188,75.58000183105469,75.6449966430664,75.11499786376953,75.4749984741211,6795600,5.140011477138787,-0.00040355965898442037,163.93133087158202,0.24225057557269858,4.3021162564503905,-0.0005292777733485465,72.61442031860352,0.18654612137711793
2023-05-09,169.01547241210938,171.77000427246094,173.5399932861328,171.60000610351562,173.0500030517578,45326900,73.2891616821289,75.0,75.30500030517578,74.91999816894531,75.16500091552734,12473200,5.129990263466753,-0.010021213672033902,164.47103424072264,0.2438466276521871,4.294412735505972,-0.007703520944418507,72.67329559326171,0.18538899485156443
2023-05-10,170.7768096923828,173.55999755859375,174.02999877929688,171.89999389648438,173.02000427246094,53724500,74.18330383300781,75.91500091552734,76.08999633789062,75.18000030517578,75.65499877929688,10551800,5.1403574975014985,0.01036723403474582,165.13324432373048,0.24331259337680872,4.30653910912584,0.012126373619867792,72.79739799499512,0.18786522008480921
2023-05-11,170.9637451171875,173.75,174.58999633789062,172.1699981689453,173.85000610351562,49514700,73.85104370117188,75.57499694824219,75.79000091552734,75.05000305175781,75.79000091552734,8956800,5.141451517165356,0.0010940196638573596,165.5361785888672,0.21697129984373964,4.302050141594813,-0.0044889675310271215,72.83819580078125,0.17815970775771556
2023-05-12,170.0375213623047,172.57000732421875,174.05999755859375,171.0,173.6199951171875,45533100,73.75333404541016,75.4749984741211,75.81500244140625,74.88999938964844,75.70500183105469,7908000,5.136019126592443,-0.00543239057291256,165.91002044677734,0.21820547817873168,4.3007262015934975,-0.0013239400013151936,72.89438400268554,0.17685723141796597
2023-05-15,169.54483032226562,172.07000732421875,173.2100067138672,171.47000122070312,173.16000366210938,37266700,74.36408233642578,76.0999984741211,76.11499786376953,75.27999877929688,75.55000305175781,6796600,5.133117377527418,-0.002901749065025605,166.25824508666992,0.21885915650595955,4.308973060975493,0.008246859381995542,72.96791725158691,0.17859971978473807
2023-05-16,169.54483032226562,172.07000732421875,173.13999938964844,171.8000030517578,171.99000549316406,42110300,74.44225311279297,76.18000030517578,76.59500122070312,75.97000122070312,75.99500274658203,9398200,5.133117377527418,0.0,166.54546432495118,0.21802934018623135,4.310023698817248,0.0010506378417547424,73.03412208557128,0.17843151925940623
2023-05-17,170.15574645996094,172.69000244140625,172.92999267578125,170.4199981689453,171.7100067138672,57951600,75.4341049194336,77.19499969482422,77.32499694824219,76.1449966430664,76.5,11916600,5.136714173282653,0.0035967957552349716,166.80615768432617,0.21728872956823636,4.323259492634494,0.013235793817246488,73.16042442321778,0.18301850622333576
2023-05-18,172.48110961914062,175.0500030517578,175.24000549316406,172.5800018310547,173.0,65496700,76.97806549072266,78.7750015258789,78.88999938964844,77.29000091552734,77.29000091552734,15491200,5.150287721020559,0.013573547737906644,167.2313362121582,0.21942912673089407,4.343520517515448,0.020261024880953826,73.38786506652832,0.19150351326442533
2023-05-19,172.58949279785156,175.16000366210938,176.38999938964844,174.94000244140625,176.38999938964844,55809500,76.94384765625,78.73999786376953,78.93000030517578,78.47000122070312,78.79499816894531,9805000,5.150915900769955,0.0006281797493956631,167.74212570190429,0.2147074839238059,4.343075904603138,-0.00044461291231012723,73.62532196044921,0.1905397087465356
2023-05-22,171.64356994628906,174.1999969482422,174.7100067138672,173.4499969482422,173.97999572753906,43570900,77.09043884277344,78.88999938964844,79.09500122070312,78.375,78.50499725341797,10794200,5.14542005894157,-0.0054958418283845845,168.19036788940429,0.21682661011625337,4.344979263058074,0.001903358454936388,73.88598747253418,0.18850959437253662
2023-05-23,169.04232788085938,171.55999755859375,173.3800048828125,171.27999877929688,173.1300048828125,50747300,75.95199584960938,77.7249984741211,78.81999969482422,77.69499969482422,78.49500274658203,11691000,5.130149144396483,-0.015270914545087777,168.58529510498047,0.22204615115156912,4.330101507164045,-0.014877755894029399,74.16644020080567,0.1778924406529958
2023-05-24,169.31825256347656,171.83999633789062,172.4199981689453,170.52000427246094,171.08999633789062,45143500,75.39501953125,77.15499877929688,77.46499633789062,76.73500061035156,77.11000061035156,10925600,5.131780095279816,0.0016309508833334263,168.99451217651367,0.22187930155287452,4.32274121887005,-0.007360288293995154,74.36676445007325,0.17720817820215756
2023-05-25,170.45135498046875,172.99000549316406,173.89999389648438,171.69000244140625,172.41000366210938,56058300,78.28748321533203,80.11499786376953,80.43000030517578,78.79000091552734,79.20500183105469,18078000,5.138449947983051,0.006669852703234724,169.2316116333008,0.20130147896903727,4.360387733453706,0.0376465145836562,74.63597984313965,0.20727768526536294
2023-05-26,172.8555145263672,175.42999267578125,175.77000427246094,173.11000061035156,173.32000732421875,54835000,80.51058959960938,82.38999938964844,82.53500366210938,80.30999755859375,80.31999969482422,15160000,5.152456069395708,0.014006121412657002,169.52643814086915,0.2051940479297359,4.388388723594097,0.02800099014039059,74.97677383422851,0.22359437311595148
2023-05-30,174.69810485839844,177.3000030517578,178.99000549316406,176.57000732421875,176.9600067138672,55964400,80.94055938720703,82.83000183105469,84.0199966430664,82.65499877929688,83.5999984741211,18123600,5.163059369104059,0.010603299708351166,169.91782150268554,0.20735791888729396,4.393715050558098,0.005326326964001815,75.33686828613281,0.22315068427680348
2023-05-31,174.64883422851562,177.25,179.35000610351562,176.75999450683594,177.3300018310547,99625300,80.26631164550781,82.13999938964844,83.12999725341797,82.09500122070312,82.3550033569336,19301000,5.1627772963294225,-0.00028207277463643265,170.35839920043946,0.20519018123755853,4.385350001735692,-0.008365048822406074,75.69769554138183,0.22232594694528007
2023-06-01,177.44712829589844,180.08999633789062,180.1199951171875,176.92999267578125,177.6999969482422,68901800,81.0822525024414,82.9749984741211,83.32499694824219,81.61499786376953,81.87999725341797,17419400,5.17867269578826,0.01589539945883711,170.9925178527832,0.2074284390430643,4.395464102431768,0.0101141006960761,76.13010177612304,0.21745209695003231
2023-06-02,178.29452514648438,180.9499969482422,181.77999877929688,179.25999450683594,181.02999877929688,61996900,81.5464096069336,83.44999694824219,83.83499908447266,82.86000061035156,83.46499633789062,14270600,5.1834368185450765,0.004764122756816924,171.75067672729492,0.2010442436059076,4.401172301205519,0.005708198773750617,76.60306053161621,0.21393144977019554
2023-06-05,176.9446258544922,179.5800018310547,184.9499969482422,178.0399932861328,182.6300048828125,121946500,81.0773696899414,82.97000122070312,83.95500183105469,82.82499694824219,83.4000015258789,10909000,5.1758368353468915,-0.007599983198185001,172.05857620239257,0.1330344736257988,4.395403880134313,-0.00576842107120612,76.96217765808106,0.20602562678689865
2023-06-06,176.58006286621094,179.2100067138672,180.1199951171875,177.42999267578125,179.97000122070312,64848400,81.05781555175781,82.94999694824219,83.12999725341797,82.3550033569336,82.7699966430664,9975600,5.173774387494502,-0.002062447852389404,172.3516929626465,0.1335235519954375,4.395162672302105,-0.0002412078322082678,77.32227210998535,0.20593231828379463
2023-06-07,175.21046447753906,177.82000732421875,181.2100067138672,177.32000732421875,178.44000244140625,61944600,79.8460922241211,81.70999908447266,83.43499755859375,81.54000091552734,82.79000091552734,13703800,5.165987905471677,-0.007786482022825503,172.66144256591798,0.13113863749529023,4.380100934504437,-0.015061737797667618,77.65011863708496,0.21331202042700964
2023-06-08,177.92010498046875,180.57000732421875,180.83999633789062,177.4600067138672,177.89999389648438,50214900,80.71092224121094,82.59500122070312,82.7249984741211,81.7699966430664,81.83000183105469,10665200,5.181334601105146,0.015346695633469132,173.01860733032225,0.13653348883022473,4.390873909875024,0.01077297537058719,77.97649955749512,0.21270534917541528
2023-06-09,178.3043975830078,180.9600067138672,182.22999572753906,180.6300048828125,181.5,48900000,81.11155700683594,83.00499725341797,83.8550033569336,82.7249984741211,82.99500274658203,14413600,5.183492188518998,0.002157587413852191,173.3856399536133,0.13648702526176526,4.39582545413566,0.004951544260635821,78.33952522277832,0.21020565645489483
2023-06-12,181.09283447265625,183.7899932861328,183.88999938964844,180.97000122070312,181.27000427246094,54274900,82.87539672851562,84.80999755859375,84.84500122070312,83.40499877929688,83.57499694824219,13787200,5.199009797417774,0.015517608898775848,173.93840560913085,0.1413216247508838,4.417338235565647,0.021512781429986916,78.79562835693359,0.21706030594229156
2023-06-13,180.61984252929688,183.30999755859375,184.14999389648438,182.44000244140625,182.8000030517578,54929100,83.37864685058594,85.32499694824219,85.7300033569336,84.63500213623047,85.56500244140625,16595800,5.196394504988017,-0.002615292429756444,174.4921562194824,0.14116250930220464,4.42339224361607,0.006054008050423221,79.2463565826416,0.21687603651777462
2023-06-14,181.25050354003906,183.9499969482422,184.38999938964844,182.02000427246094,183.3699951171875,57462900,84.23858642578125,86.20500183105469,86.23500061035156,84.93000030517578,85.2249984741211,16769000,5.199880071882864,0.0034855668948470253,175.0774398803711,0.14066771440473871,4.433653087364194,0.010260843748123527,79.73617324829101,0.2167095458264454
2023-06-15,183.28025817871094,186.00999450683594,186.52000427246094,183.77999877929688,183.9600067138672,65433200,85.32325744628906,87.31500244140625,87.70500183105469,85.83499908447266,85.8550033569336,17732600,5.211016446801553,0.011136374918688574,175.7336654663086,0.14337150195896262,4.446447072038539,0.012793984674345005,80.23063087463379,0.21652439371348028
2023-06-16,182.2062530517578,184.9199981689453,186.99000549316406,184.27000427246094,186.72999572753906,101256200,84.61968231201172,86.59500122070312,88.1500015258789,86.51000213623047,88.1449966430664,17366600,5.2051393039502205,-0.005877142851332451,176.21992263793945,0.14225268936927063,4.438166890995246,-0.008280181043292423,80.61271171569824,0.21557022190214756
2023-06-20,182.29493713378906,185.00999450683594,186.10000610351562,184.41000366210938,184.41000366210938,49799100,84.04782104492188,85.83000183105469,86.44999694824219,85.37000274658203,85.91999816894531,14137800,5.205625909131048,0.00048660518082765947,176.70519485473633,0.14228148405167088,4.431385935008429,-0.006780955986817716,80.96791038513183,0.21873851709001965
2023-06-21,181.2603759765625,183.9600067138672,185.41000366210938,182.58999633789062,184.89999389648438,49515700,82.8041763305664,84.55999755859375,85.66500091552734,84.30999755859375,85.5,12058000,5.199934538863492,-0.00569137026755584,177.18603515625,0.14243312642521191,4.416478498894178,-0.014907436114250494,81.25359725952148,0.22918894032548343
2023-06-22,184.25575256347656,187.0,187.0500030517578,183.6699981689453,183.74000549316406,51245300,83.47984313964844,85.25,85.28500366210938,84.16500091552734,84.18000030517578,15224200,5.21632475209347,0.016390213229978023,177.94670639038085,0.13342879622038112,4.424605203190086,0.008126704295907672,81.62998962402344,0.2189412532601521
2023-06-23,183.94046020507812,186.67999267578125,187.55999755859375,185.00999450683594,185.5500030517578,53117000,82.57405853271484,84.32499694824219,84.82499694824219,83.97000122070312,84.19999694824219,14729000,5.214612119401823,-0.0017126326916470092,178.67781677246094,0.1348392028053145,4.413695569852061,-0.010909633338024527,81.98894157409669,0.22188254830749657
2023-06-26,182.55113220214844,185.27000427246094,188.0500030517578,185.22999572753906,186.8300018310547,48088700,81.98162841796875,83.72000122070312,85.13999938964844,83.66000366210938,84.4000015258789,10890200,5.207030310230583,-0.007581809171240295,179.2828056335449,0.14065917818343343,4.4064951784794095,-0.0072003913726517155,82.17364883422852,0.1876125140137246
2023-06-27,185.3001708984375,188.05999755859375,188.38999938964844,185.6699981689453,185.88999938964844,50730800,83.59735870361328,85.37000274658203,85.56500244140625,83.9749984741211,84.05500030517578,13833000,5.221977055570638,0.01494674534005469,179.90503845214843,0.1416335585070767,4.426011925137154,0.019516746657744832,82.3279872894287,0.1741335340023661
2023-06-28,186.4727325439453,189.25,189.89999389648438,187.60000610351562,187.92999267578125,51216800,83.64630126953125,85.41999816894531,85.87999725341797,84.83000183105469,84.8949966430664,11371600,5.228285022196017,0.006307966625379358,180.49376983642577,0.13957241525782024,4.426597209713239,0.0005852845760845327,82.46327438354493,0.1737021345170712
2023-06-29,186.80772399902344,189.58999633789062,190.07000732421875,188.94000244140625,189.0800018310547,46347300,83.79319763183594,85.56999969482422,85.7249984741211,85.05500030517578,85.51000213623047,9128200,5.23007987397107,0.0017948517750525639,181.10171432495116,0.13906687607824134,4.428351830348823,0.0017546206355838478,82.63961868286133,0.1696347110120107
2023-06-30,191.12344360351562,193.97000122070312,194.47999572753906,191.25999450683594,191.6300048828125,85213200,85.12496948242188,86.93000030517578,87.1500015258789,86.3550033569336,86.41999816894531,11398400,5.25291952087279,0.022839646901720023,181.78553009033203,0.14918224657891657,4.444120405966491,0.015768575617668645,82.84175453186035,0.1742794790981588
2023-07-03,189.63560485839844,192.4600067138672,193.8800048828125,191.75999450683594,193.77999877929688,31458200,84.94380187988281,86.74500274658203,86.95500183105469,86.30500030517578,86.91500091552734,6182200,5.245104361528256,-0.007815159344533917,182.35258407592772,0.15459037871163758,4.441989883477073,-0.0021305224894181407,83.01162414550781,0.17454653368077344
2023-07-05,188.52220153808594,191.3300018310547,192.97999572753906,190.6199951171875,191.57000732421875,46920300,84.41991424560547,86.20999908447266,86.8550033569336,86.06500244140625,86.13999938964844,9395600,5.239215779995437,-0.005888581532818904,182.93146286010742,0.1531342379481348,4.435803324547221,-0.006186558929852204,83.17875137329102,0.17480078224338325
2023-07-06,188.99513244628906,191.80999755859375,192.02000427246094,189.1999969482422,189.83999633789062,45094300,84.19469451904297,85.9800033569336,86.05999755859375,85.0999984741211,85.36000061035156,12116400,5.241721260475557,0.0025054804801198927,183.55221633911134,0.15191812361672266,4.433131908800366,-0.0026714157468550326,83.33559532165528,0.1754294550587329
2023-07-07,187.8817596435547,190.67999267578125,192.6699981689453,190.24000549316406,191.41000366210938,46815000,83.82748413085938,85.6050033569336,86.63999938964844,85.55500030517578,85.83999633789062,11622200,5.235812826899238,-0.00590843357631865,184.1857810974121,0.15022118616676355,4.428760926638625,-0.004370982161741033,83.53466491699218,0.16554725866759554
2023-07-10,185.8421173095703,188.61000061035156,189.99000549316406,187.0399932861328,189.25999450683594,59922200,84.04782104492188,85.83000183105469,85.83499908447266,84.97000122070312,85.29499816894531,16877200,5.224897481582628,-0.01091534531660976,184.58188171386718,0.15164971418506915,4.431385935008429,0.0026250083698036164,83.70150985717774,0.16260330763598085
2023-07-11,185.31991577148438,188.0800018310547,189.3000030517578,186.60000610351562,189.16000366210938,46638100,84.22896575927734,86.01499938964844,86.11000061035156,85.17500305175781,86.01000213623047,9996000,5.2220836060452385,-0.002813875537389876,184.93265762329102,0.15268189578299995,4.433538873482772,0.00215293847434328,83.85738029479981,0.16223843239942623
2023-07-12,186.98509216308594,189.77000427246094,191.6999969482422,188.47000122070312,189.67999267578125,60750200,85.1837158203125,86.98999786376953,87.4000015258789,86.4000015258789,86.875,16104400,5.231028892623678,0.008945286578439848,185.2272705078125,0.14658476005991689,4.444810286698249,0.011271413215476755,83.97279624938965,0.14936818192257714
2023-07-13,187.74380493164062,190.5399932861328,191.19000244140625,189.77999877929688,190.5,41342300,86.29515075683594,88.125,88.31500244140625,87.41000366210938,87.58499908447266,9349200,5.235078293730428,0.004049401106749784,185.58346862792968,0.14594989240646336,4.4577734059757095,0.012963119277460855,84.11862144470214,0.15417560857391777
2023-07-14,187.89157104492188,190.69000244140625,191.17999267578125,189.6300048828125,190.22999572753906,41616200,86.1678466796875,87.99500274658203,89.03500366210938,87.73999786376953,88.34500122070312,11543800,5.235865046684774,0.0007867529543457152,185.91552200317383,0.1458837959961746,4.456297099728433,-0.001476306247276682,84.21508445739747,0.15115050394812243
2023-07-17,191.1431884765625,193.99000549316406,194.32000732421875,191.80999755859375,191.89999389648438,50520200,87.26949310302734,89.12000274658203,89.37999725341797,88.05999755859375,88.16000366210938,11858800,5.253022825066289,0.017157778381514888,186.3086685180664,0.15241490234119837,4.469000952782361,0.012703853053928071,84.31239624023438,0.1510585830448169
2023-07-18,190.88697814941406,193.72999572753906,194.3300018310547,192.4199981689453,193.35000610351562,48288200,88.2585220336914,90.12999725341797,90.56500244140625,88.44999694824219,88.91500091552734,16406000,5.2516815154633125,-0.0013413096029761817,186.74270477294922,0.15009894183674757,4.480270258105128,0.011269305322767487,84.49433822631836,0.15084925310397831
2023-07-19,192.23687744140625,195.10000610351562,198.22999572753906,192.64999389648438,193.10000610351562,80507300,88.0381851196289,89.90499877929688,90.7300033569336,89.55999755859375,90.3550033569336,20990000,5.2587283482740625,0.0070468328107500255,187.23980178833008,0.15083657060084626,4.477770642175326,-0.0024996159298025233,84.69385643005371,0.14824733590744898
2023-07-20,190.2957763671875,193.1300048828125,196.47000122070312,192.5,195.08999633789062,59581200,86.28046417236328,88.11000061035156,89.70999908447266,87.83499908447266,89.33000183105469,24356000,5.248579579453527,-0.010148768820535281,187.69157180786132,0.15488346735513875,4.4576032013437965,-0.020167440831529326,84.86767082214355,0.15725615223295086
2023-07-21,189.12322998046875,191.94000244140625,194.97000122070312,191.22999572753906,194.10000610351562,71951700,86.23640441894531,88.06500244140625,89.11499786376953,87.95999908447266,88.66999816894531,14871400,5.242398813071829,-0.006180766381698177,187.93494567871093,0.14849568342992364,4.457092413561295,-0.0005107877825016871,85.0054988861084,0.15581612688749236
2023-07-24,189.92135620117188,192.75,194.91000366210938,192.25,193.41000366210938,45377800,86.38817596435547,88.22000122070312,88.66999816894531,87.87999725341797,88.45500183105469,11308200,5.246610071743464,0.004211258671634965,188.23399047851564,0.14838850809983276,4.45885081418048,0.0017584006191855295,85.19620475769042,0.14862309822976727
2023-07-25,190.77859497070312,193.6199951171875,194.44000244140625,192.9199981689453,193.3300018310547,37283200,87.3772201538086,89.2300033569336,89.5250015258789,88.48999786376953,88.50499725341797,10802200,5.251113567032762,0.004503495289298165,188.64536361694337,0.14462357471111967,4.470234609716808,0.011383795536327845,85.46598434448242,0.1475734613358635
2023-07-26,191.6457061767578,194.5,195.63999938964844,193.32000732421875,193.6699981689453,47471900,86.2021255493164,88.02999877929688,88.51000213623047,87.41000366210938,88.29499816894531,15501600,5.255648387071315,0.0045348200385531,188.96264038085937,0.13697644848811671,4.4566948357103735,-0.01353977400643469,85.59622268676758,0.14569597420072736
2023-07-27,190.38446044921875,193.22000122070312,197.1999969482422,192.5500030517578,196.02000427246094,47460200,85.95242309570312,87.7750015258789,89.48999786376953,87.375,89.22000122070312,13857000,5.24904550373884,-0.0066028833324756064,189.15822677612306,0.13884916298931615,4.453793923353557,-0.002900912356816221,85.71152877807617,0.14652030131212485
2023-07-28,192.9561767578125,195.8300018310547,196.6300048828125,194.13999938964844,194.6699981689453,48291400,87.12261199951172,88.97000122070312,89.23500061035156,88.40499877929688,88.58999633789062,11287400,5.262463099691058,0.013417595952218697,189.4656494140625,0.145652111667852,4.467316459804187,0.01352253645062973,85.87799949645996,0.15276233491322336
2023-07-31,193.56707763671875,196.4499969482422,196.49000549316406,195.25999450683594,196.05999755859375,38824100,87.32334899902344,89.17500305175781,89.28500366210938,88.66500091552734,89.05000305175781,10138400,5.265624106852391,0.0031610071613323854,189.58783111572265,0.12254281435763868,4.4696178841187875,0.002301424314600453,85.98791847229003,0.14382080477131357
2023-08-01,192.73936462402344,195.61000061035156,196.72999572753906,195.27999877929688,196.24000549316406,35175100,87.47022247314453,89.32499694824219,89.51499938964844,88.6500015258789,88.88500213623047,8845800,5.261338833873261,-0.004285272979129395,189.7430191040039,0.119927008851862,4.471298420850783,0.001680536731995197,86.11423950195312,0.14325908519846994
2023-08-02,189.75384521484375,192.5800018310547,195.17999267578125,191.85000610351562,195.0399932861328,50389300,85.30612182617188,87.11499786376953,88.59500122070312,86.80000305175781,88.54000091552734,15818600,5.245727680707272,-0.015611153165989045,189.8046012878418,0.131535473608396,4.446246220107319,-0.02505220074346326,86.15854988098144,0.16981457888609494
2023-08-03,188.36451721191406,191.1699981689453,192.3699951171875,190.69000244140625,191.57000732421875,61235200,84.95849609375,86.76000213623047,87.2699966430664,86.3499984741211,86.40499877929688,11321000,5.238379006888146,-0.0073486738191261836,189.77307052612304,0.1339973352272973,4.4421628559922075,-0.004083364115111898,86.1967399597168,0.17024018761537707
2023-08-04,179.31927490234375,181.99000549316406,187.3800048828125,181.9199981689453,185.52000427246094,115956800,83.8030014038086,85.58000183105469,86.98500061035156,85.44499969482422,86.46499633789062,14431800,5.189167875682943,-0.04921113120520282,189.3449462890625,0.21949185650054298,4.428468823121215,-0.013694032870992245,86.19551582336426,0.1768319703195972
2023-08-07,176.22537231445312,178.85000610351562,183.1300048828125,177.35000610351562,182.1300048828125,97576100,84.03800201416016,85.81999969482422,86.23500061035156,85.19999694824219,85.94000244140625,9536000,5.171763700379813,-0.01740417530313021,188.86410903930664,0.2240191076179299,4.431269101469535,0.0028002783483200844,86.19502487182618,0.17686776150913833
2023-08-08,177.1614227294922,179.8000030517578,180.27000427246094,177.5800018310547,179.69000244140625,67823000,83.39171600341797,85.16000366210938,85.2699966430664,84.30500030517578,85.22000122070312,11461800,5.177061309783037,0.0052976094032235466,188.45618438720703,0.2257870037795864,4.423548975935112,-0.007720125534423694,86.15316238403321,0.17873176633147847
2023-08-09,175.57504272460938,178.19000244140625,180.92999267578125,177.00999450683594,180.8699951171875,60378500,82.31454467773438,84.05999755859375,85.2750015258789,83.7699966430664,85.2750015258789,14301800,5.1680665453861305,-0.008994764396906163,187.88568191528321,0.22295031122632414,4.410547819623038,-0.013001156312073547,86.0097038269043,0.17829635963367266
2023-08-10,175.35824584960938,177.97000122070312,180.75,177.60000610351562,179.47999572753906,54686900,82.32434844970703,84.06999969482422,85.43499755859375,83.65499877929688,84.69999694824219,12731400,5.166831000570986,-0.0012355448151444293,187.26640396118165,0.22147177326894482,4.410666913863748,0.00011909424071010477,85.81116371154785,0.1699056699449485
2023-08-11,175.41744995117188,177.7899932861328,178.6199951171875,176.5500030517578,177.32000732421875,52036700,81.71721649169922,83.44999694824219,83.94000244140625,83.16000366210938,83.4000015258789,10772000,5.167168561598352,0.0003375610273659291,186.64269790649413,0.22136452855996844,4.403264707838468,-0.0074022060252803,85.58863220214843,0.17079879098756065
2023-08-14,177.06515502929688,179.4600067138672,179.69000244140625,177.30999755859375,177.97000122070312,43675600,83.01961517333984,84.77999877929688,84.79000091552734,83.16500091552734,83.36499786376953,10328000,5.176517772349033,0.00934921075068118,185.93879623413085,0.21331930428928889,4.419076907265316,0.01581219942684786,85.37613830566406,0.17481438825092377
2023-08-15,175.08197021484375,177.4499969482422,179.47999572753906,177.0500030517578,178.8800048828125,43622600,82.20194244384766,83.94499969482422,84.83000183105469,83.75,84.52999877929688,9366400,5.165254265485581,-0.011263506863452122,185.14854583740234,0.21469006358406859,4.409178932486676,-0.009897974778639629,85.07330932617188,0.16874938011548193
2023-08-16,174.2137451171875,176.57000732421875,178.5399932861328,176.5,177.1300048828125,46964900,81.41854858398438,83.1449966430664,84.24500274658203,83.13999938964844,83.76499938964844,9779400,5.160282965537473,-0.00497129994810841,184.2473892211914,0.210446113714654,4.399603116632282,-0.00957581585439371,84.74232749938965,0.17002719817540207
2023-08-17,171.6780242919922,174.0,177.50999450683594,173.47999572753906,177.13999938964844,66062900,80.64496612548828,82.3550033569336,83.66999816894531,82.2300033569336,83.51499938964844,12614800,5.145620770731315,-0.01466219480615738,183.31650161743164,0.21253230800561473,4.3900563863242725,-0.009546730308009899,84.4605525970459,0.1604677000420831
2023-08-18,172.16151428222656,174.49000549316406,175.10000610351562,171.9600067138672,172.3000030517578,61172200,80.7673568725586,82.4800033569336,82.81500244140625,81.47000122070312,81.5199966430664,13658600,5.148433072719046,0.0028123019877304145,182.46841583251953,0.21434231210713608,4.391572884795429,0.0015164984711564244,84.18710021972656,0.16110810148963806
2023-08-21,173.4934539794922,175.83999633789062,176.1300048828125,173.74000549316406,175.07000732421875,46311900,82.30965423583984,84.05500030517578,84.2249984741211,82.82499694824219,82.90499877929688,13132800,5.15613986945032,0.007706796731274501,181.64702072143555,0.2166165042705468,4.410488406220534,0.018915521425104664,83.98317413330078,0.1787625898185001
2023-08-22,174.86492919921875,177.22999572753906,177.67999267578125,176.25,177.05999755859375,42038900,82.21664428710938,83.95999908447266,84.86000061035156,83.7750015258789,84.80999755859375,11361800,5.164013842759633,0.007873973309313165,180.85133743286133,0.2187988098562489,4.4093577668094035,-0.0011306394111301188,83.72514533996582,0.17131156866731304
2023-08-23,178.7030029296875,181.1199951171875,181.5500030517578,178.3300018310547,178.52000427246094,52722800,83.70018005371094,85.4749984741211,85.7249984741211,84.16000366210938,84.16500091552734,10113200,5.18572522633134,0.021711383571706655,180.2042022705078,0.23588306990414362,4.427241128672458,0.017883361863054503,83.60004806518555,0.18176986534295866
2023-08-24,174.02627563476562,176.3800048828125,181.10000610351562,176.00999450683594,180.6699981689453,54945800,81.77108001708984,83.50499725341797,86.55500030517578,83.44000244140625,86.55000305175781,13929000,5.1592062972089625,-0.02651892912237752,179.38629302978515,0.2495593705211854,4.403923636073574,-0.023317492598883938,83.39098091125489,0.19765100906677763
2023-08-25,176.22650146484375,178.61000061035156,179.14999389648438,175.82000732421875,177.3800048828125,51449600,82.60343170166016,84.3550033569336,84.81999969482422,83.09500122070312,83.83999633789062,15686600,5.1717701077816445,0.012563810572681966,178.54980926513673,0.2487638488148347,4.414051225688862,0.010127589615287924,83.1650218963623,0.19434199849537157
2023-08-28,177.78543090820312,180.19000244140625,180.58999633789062,178.5500030517578,180.08999633789062,43820700,83.27909088134766,85.04499816894531,85.2249984741211,84.38999938964844,84.99500274658203,8963800,5.18057737882372,0.008807271042075904,177.76072692871094,0.2518685330746961,4.422197507836798,0.008146282147936112,82.96280899047852,0.19740566280638405
2023-08-29,181.66297912597656,184.1199951171875,184.89999389648438,179.5,179.6999969482422,53003900,84.94869232177734,86.75,86.83499908447266,84.70999908447266,84.80000305175781,13713800,5.202153207399999,0.021575828576279044,177.2069076538086,0.2680335805404873,4.442047454494778,0.019849946657980233,82.83673248291015,0.21232362041592556
2023-08-30,185.14585876464844,187.64999389648438,187.85000610351562,184.74000549316406,184.94000244140625,60813900,85.59010314941406,87.40499877929688,87.49500274658203,86.46499633789062,86.76499938964844,12266600,5.221143940188865,0.01899073278886565,176.97650833129882,0.2744361613358517,4.449569659050101,0.007522204555322709,82.85093154907227,0.195109597685499
2023-08-31,185.36293029785156,187.8699951171875,189.1199951171875,187.47999572753906,187.83999633789062,60794500,86.00628662109375,87.83000183105469,88.16500091552734,87.51000213623047,87.6050033569336,11963400,5.222315688684165,0.0011717484952997737,176.8264289855957,0.2735815016203715,4.454420393827091,0.004850734776989718,82.90332107543945,0.1951060514459697
2023-09-01,186.93170166015625,189.4600067138672,189.9199981689453,188.27999877929688,189.49000549316406,45766500,86.27068328857422,88.0999984741211,88.49500274658203,87.6500015258789,88.37999725341797,9244600,5.2307433183773515,0.008427629693186667,177.20705032348633,0.20662484937848694,4.457489833406886,0.003069439579795663,83.02670516967774,0.1877371806239999
2023-09-05,187.1685028076172,189.6999969482422,189.97999572753906,187.61000061035156,188.27999877929688,45280000,86.5791244506836,88.41500091552734,88.69000244140625,87.59500122070312,87.87999725341797,10060400,5.232009295654346,0.0012659772769945121,177.75420684814452,0.19348625665175515,4.461058729357985,0.0035688959510986606,83.15376129150391,0.18783024672880796
2023-09-06,180.46913146972656,182.91000366210938,188.85000610351562,181.47000122070312,188.39999389648438,81755800,85.6635513305664,87.4800033569336,88.29000091552734,86.94000244140625,88.06999969482422,18143200,5.195559746359678,-0.036449549294667705,177.91959228515626,0.23846542640188637,4.450427429774805,-0.010631299583179654,83.26735305786133,0.18999520171772424
2023-09-07,175.19053649902344,177.55999755859375,178.2100067138672,173.5399932861328,175.17999267578125,112488800,84.42481231689453,86.21499633789062,86.40499877929688,85.54000091552734,85.8550033569336,12513600,5.165874161626873,-0.029685584732805026,177.90036697387694,0.2602006498808464,4.435861343194177,-0.014566086580628301,83.37286643981933,0.19163643887879228
2023-09-08,175.80224609375,178.17999267578125,180.24000549316406,177.7899932861328,178.35000610351562,65551300,84.60107421875,86.3949966430664,86.94999694824219,86.16999816894531,86.20999908447266,8584800,5.169359761584419,0.003485599957545382,177.92256698608398,0.2604692254355053,4.437946964152722,0.0020856209585451424,83.48670272827148,0.1916075172265165
2023-09-11,176.96652221679688,179.36000061035156,180.3000030517578,177.33999633789062,180.07000732421875,58953100,85.04174041748047,86.84500122070312,87.23500061035156,86.08499908447266,87.15499877929688,8272800,5.175960574666504,0.006600813082084933,178.00002059936523,0.261483403858123,4.4431421996930425,0.005195235540320198,83.65292892456054,0.18916568290938462
2023-09-12,173.9473419189453,176.3000030517578,180.1300048828125,174.82000732421875,179.49000549316406,90370200,83.49942016601562,85.2699966430664,86.42500305175781,85.11499786376953,86.12000274658203,12243000,5.158752620762288,-0.017207953904216033,177.84412994384766,0.2664275492655067,4.424839687713126,-0.018302511979916503,83.67691917419434,0.19478958982403585
2023-09-13,171.88523864746094,174.2100067138672,177.3000030517578,173.97999572753906,176.50999450683594,84267900,83.70996856689453,85.48500061035156,85.94499969482422,84.99500274658203,85.23500061035156,10008800,5.146827036959095,-0.011925583803192197,177.6842933654785,0.2667796414397627,4.427358069171889,0.0025183814587625974,83.75232048034668,0.19112973167567412
2023-09-14,173.39480590820312,175.74000549316406,176.10000610351562,173.5800018310547,174.0,60895800,84.3171157836914,86.1050033569336,86.31999969482422,85.47000122070312,86.01000213623047,9473200,5.155571109504508,0.008744072545412429,177.6433464050293,0.26845509775009324,4.434584878606644,0.007226809434755843,83.89724884033203,0.1881880005042744
2023-09-15,172.67453002929688,175.00999450683594,176.5,173.82000732421875,176.47999572753906,109259500,82.69644927978516,84.44999694824219,85.81999969482422,84.2249984741211,85.79499816894531,13116800,5.151408493264641,-0.004162616239867134,177.69317169189452,0.26351309449324195,4.41517666615973,-0.019408212446914597,83.99982299804688,0.19898471864301495
2023-09-18,175.5950469970703,177.97000122070312,179.3800048828125,176.1699981689453,176.47999572753906,67257600,83.09390258789062,84.67500305175781,84.95500183105469,84.0,84.0250015258789,9943800,5.1681804746361895,0.016771981371548783,177.8648483276367,0.26986807743217955,4.419971324775755,0.004794658616025238,84.11615028381348,0.19938147642913648
2023-09-19,176.68040466308594,179.07000732421875,179.6300048828125,177.1300048828125,177.52000427246094,51826900,83.04973602294922,84.62999725341797,84.84500122070312,83.8550033569336,84.31500244140625,8236600,5.174342477098614,0.006162002462424709,178.0241958618164,0.2694132533295871,4.419439657522635,-0.0005316672531199274,84.15315437316895,0.18839556045658204
2023-09-20,173.14816284179688,175.49000549316406,179.6999969482422,175.39999389648438,179.25999450683594,58436200,81.74456787109375,83.30000305175781,84.97000122070312,83.26499938964844,84.86000061035156,10760400,5.154147660580169,-0.020194816518444902,177.9383575439453,0.2780746102825445,4.4035993595095775,-0.01584029801305764,84.12955055236816,0.19706598831125605
2023-09-21,171.60894775390625,173.92999267578125,176.3000030517578,173.86000061035156,174.5500030517578,63149100,80.49828338623047,82.02999877929688,83.01000213623047,81.98999786376953,82.42500305175781,14741200,5.14521832878249,-0.008929331797679296,177.58365478515626,0.2666596980889159,4.388235859802497,-0.015363499707080841,83.96945571899414,0.1916687338476534
2023-09-22,172.45748901367188,174.7899932861328,177.0800018310547,174.0500030517578,174.6699981689453,56725400,80.6700210571289,82.20500183105469,82.95999908447266,82.0199966430664,82.38999938964844,12537800,5.150150765599512,0.004932436817021824,177.50521545410157,0.25126966405137796,4.390367019976851,0.0021311601743541075,83.91440277099609,0.1745650328198285
2023-09-25,173.7302703857422,176.0800018310547,176.97000122070312,174.14999389648438,174.1999969482422,46172700,80.9300765991211,82.47000122070312,82.59500122070312,81.78500366210938,81.99500274658203,10577400,5.157503926260679,0.007353160661167202,177.3804039001465,0.24835337910984048,4.393585529993275,0.0032185100164241476,83.83073501586914,0.1705698708883672
2023-09-26,169.66526794433594,171.9600067138672,175.1999969482422,171.66000366210938,174.82000732421875,64588900,79.4728012084961,80.98500061035156,81.9749984741211,80.70500183105469,81.93000030517578,14926000,5.133827483905422,-0.023676442355257343,176.97439575195312,0.25840121210377864,4.375414839959234,-0.018170690034041037,83.64042053222656,0.17725524748970628
2023-09-27,168.1556396484375,170.42999267578125,173.0399932861328,169.0500030517578,172.6199951171875,66921800,79.59547424316406,81.11000061035156,81.53500366210938,80.30500030517578,81.375,11665200,5.1248899770139,-0.008937506891522062,176.29902877807618,0.24320154607960387,4.376957234992302,0.001542395033068189,83.3727596282959,0.15769208914315697
2023-09-28,168.4122314453125,170.69000244140625,172.02999877929688,167.6199951171875,169.33999633789062,56294400,80.15972900390625,81.68499755859375,82.20500183105469,80.34500122070312,80.7249984741211,12829400,5.126414732456261,0.00152475544236097,175.46234741210938,0.22891561730337576,4.384021256641048,0.007064021648745644,83.1012409210205,0.1572846494262572
2023-09-29,168.92529296875,171.2100067138672,173.07000732421875,170.33999633789062,172.02000427246094,51861100,80.43450164794922,81.96499633789062,83.25499725341797,81.68499755859375,82.48999786376953,15883800,5.129456563749299,0.003041831293038477,174.6404655456543,0.22965084302208977,4.387443209111624,0.003421952470576528,82.82265167236328,0.15638453588764736
2023-10-02,171.431396484375,173.75,174.3000030517578,170.92999267578125,171.22000122070312,52164500,81.2980728149414,82.84500122070312,83.08499908447266,81.87999725341797,82.00499725341797,13656200,5.14418316607718,0.014726602327881366,173.86545028686524,0.23542171882674004,4.398122311659539,0.01067910254791471,82.57402114868164,0.1627308363261661
2023-10-03,170.09939575195312,172.39999389648438,173.6300048828125,170.82000732421875,172.25999450683594,49594600,79.91930389404297,81.44000244140625,82.94000244140625,81.0199966430664,82.375,14838800,5.136382947084825,-0.00780021899235539,173.01199493408203,0.23476315983224633,4.381017424267868,-0.017104887391671042,82.24103012084962,0.16817133123286418
2023-10-04,171.3425750732422,173.66000366210938,174.2100067138672,170.97000122070312,171.08999633789062,53020300,80.91535186767578,82.45500183105469,82.67500305175781,81.50499725341797,81.50499725341797,15194200,5.143664915448539,0.0072819683637144195,172.5556671142578,0.20609285702322977,4.393403569568129,0.012386145300260942,82.00362014770508,0.17581101533968502
2023-10-05,172.57589721679688,174.91000366210938,175.4499969482422,172.67999267578125,173.7899932861328,48527900,81.02330017089844,82.56500244140625,82.69999694824219,81.57499694824219,82.44999694824219,12023000,5.150837123572384,0.007172208123845003,172.4249351501465,0.18194661262823145,4.394736769738105,0.0013332001699764007,81.83354454040527,0.17074508138402036
2023-10-06,175.12149047851562,177.49000549316406,177.99000549316406,173.17999267578125,173.8000030517578,57266700,82.53944396972656,84.11000061035156,84.47000122070312,81.76000213623047,82.0,16625600,5.165479964362237,0.01464284078985223,172.39089736938476,0.18954468307229316,4.413276287807035,0.018539518068929617,81.7304630279541,0.1853991557951551
2023-10-09,176.60145568847656,178.99000549316406,179.0500030517578,175.8000030517578,176.80999755859375,42390800,82.9663314819336,84.54499816894531,84.67500305175781,83.20999908447266,83.59500122070312,13139200,5.173895530992493,0.008415566630256777,172.37264404296874,0.19051450338383155,4.418434880704511,0.005158592897475778,81.62669258117675,0.18538234856667046
2023-10-10,176.0094451904297,178.38999938964844,179.72000122070312,177.9499969482422,178.10000610351562,43698000,83.09390258789062,84.67500305175781,85.3550033569336,84.37000274658203,84.6050033569336,20402800,5.170537659452905,-0.0033578715395883307,172.47574920654296,0.1800795477367783,4.419971324775755,0.001536444071244425,81.60641670227051,0.17419562243193898
2023-10-11,177.40065002441406,179.8000030517578,179.85000610351562,177.60000610351562,178.1999969482422,47551100,83.86424255371094,85.45999908447266,85.5,84.66500091552734,84.93499755859375,10389200,5.1784107340424645,0.007873074589559437,172.75151977539062,0.17548523671358376,4.42919933137292,0.009228006597164828,81.61413040161133,0.1772086475321327
2023-10-12,178.29849243164062,180.7100067138672,182.33999633789062,179.0399932861328,180.07000732421875,56743100,83.9427490234375,85.54000091552734,86.41500091552734,84.88999938964844,85.53500366210938,15405800,5.183459069598579,0.005048335556114836,172.9967041015625,0.17396769929490102,4.430135007231432,0.000935675858512397,81.59541206359863,0.1752453748287729
2023-10-13,176.46334838867188,178.85000610351562,181.92999267578125,178.13999938964844,181.4199981689453,51427100,82.74061584472656,84.31500244140625,85.8550033569336,84.0199966430664,85.70999908447266,15183200,5.173113196954923,-0.010345872643656051,173.18614501953124,0.17792680488559068,4.415710604137383,-0.014424403094049687,81.59762039184571,0.16878244085385227
2023-10-16,176.33505249023438,178.72000122070312,179.0800018310547,176.50999450683594,176.75,52517000,83.53548431396484,85.125,85.51000213623047,84.44000244140625,84.45500183105469,14544200,5.172385892614693,-0.0007273043402307167,173.22314529418946,0.1680319238182289,4.42527150342999,0.009560899292607061,81.61969947814941,0.17139592880974197
2023-10-17,174.78598022460938,177.14999389648438,178.4199981689453,174.8000030517578,176.64999389648438,57549400,83.14787292480469,84.7300033569336,85.16999816894531,83.44999694824219,84.05500030517578,15317800,5.163562255340163,-0.008823637274529617,173.12842407226563,0.1694060398549375,4.420620624130791,-0.004650879299198607,81.62460632324219,0.17227132925286812
2023-10-18,173.4934539794922,175.83999633789062,177.5800018310547,175.11000061035156,175.5800018310547,54764400,82.29411315917969,83.86000061035156,84.81999969482422,83.51499938964844,84.13500213623047,12862800,5.15613986945032,-0.007422385889842786,173.14568862915038,0.15522374688701632,4.410299576074635,-0.010321048056155746,81.65208358764649,0.1665337321828553
2023-10-19,173.11856079101562,175.4600067138672,177.83999633789062,175.19000244140625,176.0399932861328,59302900,81.82306671142578,83.37999725341797,84.76000213623047,83.23500061035156,84.19499969482422,19991800,5.153976682262976,-0.0021631871873442066,173.22116928100587,0.15182465545281942,4.404559192994472,-0.005740383080163447,81.71832275390625,0.1577751746394308
2023-10-20,170.572998046875,172.8800048828125,175.4199981689453,172.63999938964844,175.30999755859375,64244000,80.43940734863281,81.97000122070312,83.4000015258789,81.88500213623047,83.33999633789062,15350400,5.1391633461347395,-0.014813336128236543,173.126944732666,0.16002893164049517,4.387504197257131,-0.017054995737340484,81.70679206848145,0.16988797371856074
2023-10-23,170.69139099121094,173.0,174.00999450683594,169.92999267578125,170.91000366210938,55980100,80.53263854980469,82.06500244140625,82.9000015258789,81.00499725341797,81.45999908447266,15159000,5.139857194968012,0.0006938488332721704,172.97500076293946,0.15739144023094287,4.38866255007642,0.001158352819288666,81.68692016601562,0.16950425464873015
2023-10-24,171.12551879882812,173.44000244140625,173.6699981689453,171.4499969482422,173.0500030517578,43816600,81.08708953857422,82.62999725341797,82.75499725341797,81.73999786376953,82.38999938964844,11180400,5.142397315299141,0.002540120331129714,173.04801330566406,0.1325913653027368,4.395523756569515,0.006861206493095295,81.76763458251953,0.15724132144413736
2023-10-25,168.81675720214844,171.10000610351562,173.05999755859375,170.64999389648438,171.8800048828125,57157000,80.13029479980469,81.65499877929688,83.125,81.41000366210938,83.0250015258789,15529600,5.128813849759242,-0.013583465539899642,173.0810691833496,0.13786481603557493,4.383653994802364,-0.011869761767151488,81.79437561035157,0.16370816406059718
2023-10-26,164.66293334960938,166.88999938964844,171.3800048828125,165.6699981689453,170.3699951171875,70625300,78.59941864013672,80.09500122070312,82.16000366210938,79.75,81.80000305175781,20646400,5.103900556296865,-0.024913293462376807,172.89360427856445,0.1639573394626131,4.364364302971888,-0.01928969183047613,81.71636009216309,0.17563354675012272
2023-10-27,165.9751434326172,168.22000122070312,168.9600067138672,166.8300018310547,166.91000366210938,58499100,79.05572509765625,80.55999755859375,81.375,80.20500183105469,80.58499908447266,16231600,5.1118380387869085,0.007937482490043557,172.7460968017578,0.16650888903980846,4.370152984785775,0.005788681813887031,81.64742126464844,0.17661895855905513
2023-10-30,168.01754760742188,170.2899932861328,171.1699981689453,168.8699951171875,169.02000427246094,51131000,79.90457916259766,81.42500305175781,81.71499633789062,80.73999786376953,80.98500061035156,14180800,5.12406842399291,0.012230385206001948,172.57540435791014,0.16361620506311214,4.380833162301442,0.010680177515666855,81.57774658203125,0.17661989044960508
2023-10-31,168.49114990234375,170.77000427246094,170.89999389648438,167.89999389648438,169.35000610351562,44846000,80.47374725341797,82.00499725341797,82.07499694824219,80.83000183105469,81.46499633789062,10893600,5.126883225578289,0.0028148015853783903,172.4949920654297,0.16210133014932365,4.387931010159922,0.007097847858480222,81.60546875,0.1677760686735397
2023-11-01,171.64845275878906,173.97000122070312,174.22999572753906,170.1199951171875,171.0,56934900,82.0291519165039,83.58999633789062,83.69999694824219,82.1500015258789,82.1500015258789,20945800,5.145448505932339,0.018565280354049918,172.51028594970703,0.17378918138247418,4.407074695262005,0.019143685102083197,81.66115875244141,0.1757340752705048
2023-11-02,175.20040893554688,177.57000732421875,177.77999877929688,175.4600067138672,175.52000427246094,77334800,83.41773986816406,85.00499725341797,85.08000183105469,84.2300033569336,84.34500122070312,16192600,5.16593051260657,0.02048200667423128,172.64151153564453,0.18691043942028054,4.423860994996876,0.016786299734871335,81.78088073730468,0.1848178065280262
2023-11-03,174.2926483154297,176.64999389648438,176.82000732421875,173.35000610351562,174.24000549316406,79829200,84.27638244628906,85.87999725341797,86.2249984741211,84.73500061035156,84.91999816894531,15661800,5.16073577329697,-0.005194739309599683,172.60006942749024,0.18051531949223382,4.434101664975958,0.010240669979081574,81.86772766113282,0.17681830223016662
2023-11-06,176.83822631835938,179.22999572753906,179.42999267578125,176.2100067138672,176.3800048828125,63841300,84.83084869384766,86.44499969482422,86.4749984741211,85.7249984741211,85.99500274658203,11099200,5.1752353390409676,0.014499565743997245,172.61190795898438,0.18560336146109274,4.440659258412385,0.006557593436427034,81.96095352172851,0.1773193954685105
2023-11-07,179.3936767578125,181.82000732421875,182.44000244140625,178.97000122070312,179.17999267578125,70530000,85.75819396972656,87.38999938964844,87.6449966430664,86.54499816894531,86.67500305175781,13029800,5.189582702391549,0.01434736335058151,172.7811195373535,0.19180692051758896,4.451531637979087,0.010872379566701618,82.09416809082032,0.18068117300530348
2023-11-08,180.4493865966797,182.88999938964844,183.4499969482422,181.58999633789062,182.35000610351562,49340300,86.24395751953125,87.88500213623047,88.02999877929688,87.29000091552734,87.69000244140625,10722400,5.195450331785041,0.00586762939349228,172.9335563659668,0.19097749101973874,4.457179995712745,0.005648357733658571,82.21315383911133,0.17911096322358694
2023-11-09,179.9757843017578,182.41000366210938,184.1199951171875,181.80999755859375,182.9600067138672,53763500,85.84162139892578,87.4749984741211,88.66000366210938,87.36000061035156,88.01499938964844,14374600,5.192822310183114,-0.0026280216019269886,173.01742095947264,0.19068400706352895,4.452503986761551,-0.004676008951194355,82.30809745788574,0.18040647982739869
2023-11-10,184.1548614501953,186.39999389648438,186.57000732421875,183.52999877929688,183.97000122070312,66133400,88.0839614868164,89.76000213623047,89.81999969482422,87.90499877929688,88.00499725341797,13346400,5.215777041946338,0.022954731763223712,173.40199661254883,0.20194161771171773,4.478290467411395,0.025786480649844457,82.57526473999023,0.19063289014004928
2023-11-13,182.57412719726562,184.8000030517578,186.02999877929688,184.2100067138672,185.82000732421875,43627500,87.56874084472656,89.23500061035156,89.45999908447266,88.86000061035156,89.38500213623047,11725000,5.207156266978606,-0.008620774967732281,173.71395034790038,0.2053397863016543,4.472424094587849,-0.005866372823546406,82.77692756652831,0.19159224255110224
2023-11-14,185.18234252929688,187.44000244140625,188.11000061035156,186.3000030517578,187.6999969482422,60108400,89.3204116821289,91.0199966430664,91.25,90.31999969482422,90.5999984741211,16508400,5.221340974952294,0.014184707973687871,174.23376846313477,0.2058841920344843,4.492230036031296,0.019805941443447495,83.08555450439454,0.19924190437060935
2023-11-15,185.74546813964844,188.00999450683594,189.5,187.77999877929688,187.85000610351562,53790500,89.43328094482422,91.13500213623047,91.56500244140625,90.78500366210938,91.42500305175781,13147800,5.224377285667124,0.00303631071483057,174.84636917114258,0.20225198643453537,4.493492882980489,0.0012628469491930971,83.44251289367676,0.19265631646276685
2023-11-16,187.4249725341797,189.7100067138672,190.9600067138672,188.64999389648438,189.57000732421875,54412900,89.8797836303711,91.58999633789062,91.69000244140625,90.79000091552734,90.95500183105469,11553600,5.233378618846123,0.00900133317899865,175.5616897583008,0.20205281153499274,4.498473039997488,0.004980157016998277,83.84534873962403,0.1890746772371205
2023-11-17,187.40524291992188,189.69000244140625,190.3800048828125,188.57000732421875,190.25,50922700,89.6933364868164,91.4000015258789,91.75,91.00499725341797,91.38500213623047,13277800,5.2332733465737045,-0.00010527227241841075,176.40330200195314,0.19032259522525197,4.496396479647795,-0.0020765603496926133,84.3080451965332,0.1730145824360154
2023-11-20,189.14402770996094,191.4499969482422,191.91000366210938,189.8800048828125,189.88999938964844,46505100,90.99359130859375,92.7249984741211,92.96499633789062,91.50499725341797,91.51499938964844,11116200,5.242508776221377,0.009235429647672433,177.32593383789063,0.19034973622529455,4.510789078856592,0.014392599208797208,84.83109283447266,0.1750318809436194
2023-11-21,188.3437957763672,190.63999938964844,191.52000427246094,189.74000549316406,191.41000366210938,38134500,90.2575912475586,91.9749984741211,92.44999694824219,91.63999938964844,92.30500030517578,13350800,5.238268993730202,-0.00423978249117507,178.18684768676758,0.19307628089572437,4.502667707222,-0.008121371634592478,85.28961791992188,0.18211140480940663
2023-11-22,189.00572204589844,191.30999755859375,192.92999267578125,190.8300018310547,191.49000549316406,39617700,90.65992736816406,92.38500213623047,93.17500305175781,92.13500213623047,92.55500030517578,11213400,5.2417772899764765,0.003508296246274689,179.19629592895507,0.1806307099569984,4.507115444367049,0.004447737145048869,85.81609954833985,0.17047838134482515
2023-11-24,187.681884765625,189.97000122070312,190.89999389648438,189.25,190.8699951171875,24048300,90.48328399658203,92.20500183105469,92.30999755859375,91.8550033569336,92.2300033569336,4193800,5.234748427297329,-0.007028862679147707,180.34724349975585,0.1488589734151666,4.505165126425313,-0.0019503179417359462,86.41029281616211,0.14539438258689386
2023-11-27,187.50401306152344,189.7899932861328,190.6699981689453,188.89999389648438,189.9199981689453,40552600,90.47838592529297,92.19999694824219,92.73500061035156,91.91000366210938,92.07499694824219,8420000,5.233800248176216,-0.0009481791211127799,181.42368698120117,0.15107944561177847,4.505110992626787,-5.413379852559075e-05,86.98142585754394,0.14752497302358142
2023-11-28,188.10665893554688,190.39999389648438,191.0800018310547,189.39999389648438,189.77999877929688,38415400,90.65010833740234,92.375,92.62000274658203,91.88999938964844,91.88999938964844,11012400,5.237009136719973,0.0032088885437566717,182.42814254760742,0.1496094363875903,4.507007132317657,0.0018961396908698802,87.51870231628418,0.14771449638378095
2023-11-29,187.0890655517578,189.3699951171875,192.08999633789062,188.97000122070312,190.89999389648438,43014200,90.71880340576172,92.44499969482422,93.44999694824219,92.38999938964844,93.05000305175781,10765400,5.23158478983927,-0.00542434688070248,183.35803833007813,0.15445812767974573,4.507764649920691,0.00075751760303433,88.03095512390136,0.1489743810435424
2023-11-30,187.66209411621094,189.9499969482422,190.32000732421875,188.19000244140625,189.83999633789062,48794400,90.8512954711914,92.58000183105469,92.95500183105469,91.80500030517578,92.83000183105469,13744000,5.234642973897003,0.003058184057732838,184.15872039794922,0.14630074691168815,4.509224054192265,0.0014594042715732058,88.47206230163575,0.1412948082186632
2023-12-01,188.9365692138672,191.24000549316406,191.55999755859375,189.22999572753906,190.3300018310547,45704800,91.05736541748047,92.79000091552734,92.95500183105469,91.8949966430664,92.33999633789062,13992200,5.24141134610408,0.006768372207076823,184.84552841186525,0.13395913869694692,4.511489697108122,0.002265642915857846,88.85404357910156,0.13461975816691163
2023-12-04,187.1483612060547,189.42999267578125,190.0500030517578,187.4499969482422,189.97999572753906,43389500,89.9484634399414,91.66000366210938,91.86499786376953,90.66000366210938,91.86499786376953,18221800,5.231901677732108,-0.009509668371971536,185.4883140563965,0.13858645170975586,4.499236877870886,-0.012252819237236423,89.13764762878418,0.14491898448109528
2023-12-05,191.09027099609375,193.4199981689453,194.39999389648438,190.17999267578125,190.2100067138672,66628400,90.48818969726562,92.20999908447266,92.31500244140625,91.16999816894531,91.16999816894531,10841400,5.2527459394117475,0.020844261679639153,186.2009162902832,0.14681570396095084,4.505219341607238,0.005982463736351917,89.42051467895507,0.1447595318959086
2023-12-06,190.00355529785156,192.32000732421875,194.75999450683594,192.11000061035156,194.4499969482422,41089700,89.72276306152344,91.43000030517578,92.91999816894531,91.36000061035156,92.78500366210938,14731400,5.2470427840793725,-0.005703155332374976,186.73141021728514,0.1450886911798165,4.4967245056727165,-0.008494835934521383,89.61874313354492,0.14749310433480478
2023-12-07,191.93006896972656,194.27000427246094,195.0,193.58999633789062,193.6300048828125,47477700,90.81204223632812,92.54000091552734,92.69499969482422,91.66999816894531,91.86499786376953,13928800,5.257131081566061,0.010088297486688269,187.3054443359375,0.14700496516049946,4.508791900561603,0.012067394888886085,89.84714736938477,0.15116346993061355
2023-12-08,193.35272216796875,195.7100067138672,195.99000549316406,193.6699981689453,194.1999969482422,53406400,91.5872802734375,93.33000183105469,93.40499877929688,92.2249984741211,92.33999633789062,12808800,5.264516096919643,0.007385015353582602,187.97429122924805,0.14613888273016507,4.5172924003942185,0.008500499832615915,90.13443031311036,0.15000550810379698
2023-12-11,190.85317993164062,193.17999267578125,193.49000549316406,191.4199981689453,193.11000061035156,60943700,92.3870620727539,94.1449966430664,94.16500091552734,92.83999633789062,93.05500030517578,37795400,5.251504440994482,-0.013011655925160959,188.3092071533203,0.13847596791295172,4.525986947986161,0.008694547591942658,90.34958534240722,0.12633297841043728
2023-12-12,192.36476135253906,194.7100067138672,194.72000122070312,191.72000122070312,193.0800018310547,52696900,93.00040435791016,94.7699966430664,94.80000305175781,93.72000122070312,93.80000305175781,15055400,5.259393368403706,0.007888927409223534,188.798738861084,0.13435869025234462,4.532603841078322,0.006616893092160403,90.62116851806641,0.1232527614805185
2023-12-13,195.5756072998047,197.9600067138672,198.0,194.85000610351562,195.08999633789062,70404200,93.81980895996094,95.6050033569336,95.83499908447266,94.7699966430664,94.99500274658203,29395000,5.275947042767932,0.016553674364225834,189.3184020996094,0.13729605374095286,4.541376016658215,0.008772175579893293,90.84613838195801,0.10866921510437677
2023-12-14,195.72381591796875,198.11000061035156,199.6199951171875,196.16000366210938,198.02000427246094,66831600,93.58919525146484,95.37000274658203,96.04000091552734,94.66500091552734,95.68000030517578,15427400,5.276704563052693,0.0007575202847611706,189.81731948852538,0.13746686593373164,4.538914941472776,-0.002461075185438588,91.05393409729004,0.11000781930927764
2023-12-15,195.1903076171875,197.57000732421875,198.39999389648438,197.0,197.52999877929688,128538400,94.06023406982422,95.8499984741211,96.4000015258789,95.2699966430664,95.2699966430664,18131200,5.2739750191457375,-0.002729543906955456,190.2055862426758,0.1365438162874795,4.543935365029904,0.005020423557128062,91.2629566192627,0.11002106317257689
2023-12-18,193.5305633544922,195.88999938964844,196.6300048828125,194.38999938964844,196.08999633789062,55751900,94.34151458740234,95.92500305175781,96.13999938964844,95.21499633789062,95.62000274658203,10138000,5.265435450149439,-0.008539568996298819,190.5118522644043,0.1414857959744928,4.5469213322894895,0.0029859672595851094,91.495365524292,0.10882758435050957
2023-12-19,194.5679168701172,196.94000244140625,196.9499969482422,195.88999938964844,196.16000366210938,40714100,94.70049285888672,96.29000091552734,96.30000305175781,95.8499984741211,95.90499877929688,9003600,5.270781289099802,0.005345838950363557,190.7830467224121,0.13936245575325124,4.5507192046017915,0.0037978723123019975,91.68071060180664,0.0996135587245431
2023-12-20,192.48333740234375,194.8300018310547,197.67999267578125,194.8300018310547,196.89999389648438,52242800,93.26949310302734,94.83499908447266,96.5199966430664,94.81999969482422,96.18000030517578,13734800,5.260009591032533,-0.010771698067268964,190.99002380371093,0.14470327380978568,4.5354930779971605,-0.015226126604630963,91.83130569458008,0.11165000442913187
2023-12-21,192.33511352539062,194.67999267578125,197.0800018310547,193.5,196.10000610351562,46482500,94.3169174194336,95.9000015258789,96.11499786376953,95.09500122070312,95.80000305175781,11336000,5.259239233561751,-0.0007703574707820238,191.15649337768554,0.1445506756590726,4.546660573543151,0.011167495545990391,92.01415519714355,0.11633972950684943
2023-12-22,191.26812744140625,193.60000610351562,195.41000366210938,192.97000122070312,195.17999267578125,37149600,94.43987274169922,96.0250015258789,96.30500030517578,95.55000305175781,96.17500305175781,10215000,5.253676252222278,-0.005562981339473083,191.3358055114746,0.14357823511982465,4.54796336471216,0.001302791169009332,92.21198463439941,0.11545281609229652
2023-12-26,190.7247772216797,193.0500030517578,193.88999938964844,192.8300018310547,193.61000061035156,28919300,94.83326721191406,96.42500305175781,96.625,96.08499908447266,96.08499908447266,6207600,5.250831431915208,-0.002844820307069895,191.49684371948243,0.1440671803996552,4.552120267659868,0.0041569029477077635,92.42972869873047,0.11535902340936234
2023-12-27,190.8235626220703,193.14999389648438,193.5,191.08999633789062,192.49000549316406,48087700,94.82833862304688,96.41999816894531,96.62000274658203,96.01000213623047,96.4749984741211,11764600,5.251349245215816,0.000517813300607628,191.6326889038086,0.14379959630624944,4.552068295212977,-5.197244689103542e-05,92.63864021301269,0.11566763080267119
2023-12-28,191.2483673095703,193.5800018310547,194.66000366210938,193.1699981689453,194.13999938964844,34049900,94.94143676757812,96.53500366210938,96.86000061035156,96.48999786376953,96.76000213623047,9615400,5.253572935726782,0.0022236905109664917,191.8406539916992,0.14201903682584216,4.55326024643586,0.0011919512228830698,92.84977188110352,0.11560339247295763
2023-12-29,190.21099853515625,192.52999877929688,194.39999389648438,191.72999572753906,193.89999389648438,42672100,94.65130615234375,96.23999786376953,96.77999877929688,95.76000213623047,96.58499908447266,12190600,5.248133974596921,-0.005438961129861752,191.96809921264648,0.14365807023277066,4.5501996773735724,-0.003060569062287577,93.03977241516114,0.11712952850491185
2024-01-02,183.40402221679688,185.63999938964844,188.44000244140625,183.88999938964844,187.14999389648438,82488700,92.17290496826172,93.72000122070312,95.08000183105469,93.125,94.93000030517578,23545400,5.211691490971171,-0.03644248362574931,191.69147186279298,0.1928190721285147,4.5236662150120175,-0.02653346236155496,93.09554939270019,0.15493209157488064
2024-01-03,182.03076171875,184.25,185.8800048828125,183.42999267578125,184.22000122070312,58414500,91.23367309570312,92.76499938964844,93.375,92.5999984741211,92.86499786376953,18190000,5.2041756932271435,-0.007515797744027886,191.43559188842772,0.19184606743395355,4.513424051475021,-0.010242163536996252,93.15980987548828,0.15286893709906388
2024-01-04,179.7189178466797,181.91000366210938,183.08999633789062,180.8800048828125,182.14999389648438,71983600,90.56489562988281,92.08499908447266,92.83499908447266,91.99500274658203,92.19499969482422,12127200,5.191394062854428,-0.012781630372715291,190.86702423095704,0.17669953316044418,4.506066672510967,-0.007357378964054639,93.16364517211915,0.15409469526126116
2024-01-05,178.99774169921875,181.17999267578125,182.75999450683594,180.1699981689453,181.99000549316406,62379700,90.54029846191406,92.05999755859375,92.8550033569336,91.70999908447266,92.19000244140625,16350600,5.1873731895556885,-0.00402087329873968,190.31673355102538,0.17646748334533158,4.50579503846708,-0.0002716340438864151,93.20452194213867,0.15078119803070705
2024-01-08,183.324951171875,185.55999755859375,185.60000610351562,181.5,182.08999633789062,59144500,92.81218719482422,94.37000274658203,94.43499755859375,92.43000030517578,92.5250015258789,16434600,5.211260267632494,0.02388707807680568,189.8864776611328,0.19576661067511267,4.530577958699883,0.02478292023280293,93.30452919006348,0.16937977218480513
2024-01-09,182.9100341796875,185.13999938964844,185.14999389648438,182.72999572753906,183.9199981689453,42841800,92.95970153808594,94.5199966430664,94.79000091552734,93.44499969482422,93.6449966430664,10633800,5.208994415453967,-0.002265852178527261,189.36434326171874,0.19240683723368576,4.5321660824496295,0.001588123749746373,93.3731502532959,0.1671305806774586
2024-01-10,183.94740295410156,186.19000244140625,186.39999389648438,183.9199981689453,184.35000610351562,46792900,93.75141143798828,95.32499694824219,95.52999877929688,94.36499786376953,94.56500244140625,9785400,5.214649863234766,0.005655447780799072,189.0190544128418,0.1906374929780068,4.540646720075731,0.008480637626101739,93.44136772155761,0.16699728263607372
2024-01-11,183.35459899902344,185.58999633789062,187.0500030517578,183.6199951171875,186.5399932861328,49128400,94.2284164428711,95.80999755859375,96.2750015258789,94.46499633789062,95.79499816894531,13296600,5.211421977371688,-0.003227885863077873,188.56854629516602,0.18716318192819617,4.545721796844208,0.005075076768476627,93.50276832580566,0.16636526384269068
2024-01-12,183.68063354492188,185.9199981689453,186.74000549316406,185.19000244140625,186.05999755859375,40477800,94.53329467773438,96.12000274658203,96.33999633789062,95.63999938964844,95.96499633789062,8834600,5.213198562302746,0.001776584931057812,187.9737976074219,0.17421965732039496,4.5489520970800585,0.0032303002358506916,93.53844261169434,0.16392449258192784
2024-01-16,181.418212890625,183.6300048828125,184.25999450683594,180.92999267578125,182.16000366210938,65603000,94.76934051513672,96.36000061035156,96.76499938964844,95.44499969482422,96.0,11775600,5.20080493446374,-0.012393627839005994,187.25851745605468,0.17655859022653758,4.551445944664357,0.002493847584298159,93.59744987487792,0.1637294207329409
2024-01-17,180.4796600341797,182.67999267578125,182.92999267578125,180.3000030517578,181.27000427246094,47317400,94.30217742919922,95.88500213623047,96.0,94.84500122070312,95.6449966430664,14109000,5.195618084632054,-0.005186849831686047,186.5229850769043,0.17657737770812848,4.546504279820331,-0.004941664844025695,93.60954704284669,0.16400205361091674
2024-01-18,186.35800170898438,188.6300048828125,189.13999938964844,185.8300018310547,186.08999633789062,78005800,96.21507263183594,97.83000183105469,97.91999816894531,96.80000305175781,97.16500091552734,18918800,5.227669564144725,0.0320514795126714,186.16435699462892,0.2167103997744219,4.566586025563221,0.0200817457428899,93.70322494506836,0.17853591361331242
2024-01-19,189.25270080566406,191.55999755859375,191.9499969482422,188.82000732421875,189.3300018310547,68903000,98.43284606933594,100.08499908447266,100.1050033569336,98.25499725341797,98.47000122070312,18333200,5.243083163315669,0.015413599170943648,185.89859619140626,0.2239921486790547,4.589374549876517,0.022788524313296143,93.88984260559081,0.19451754975779478
2024-01-22,191.5546417236328,193.88999938964844,195.3300018310547,192.25999450683594,192.3000030517578,60133900,98.86559295654297,100.5250015258789,101.13999938964844,100.1449966430664,100.57499694824219,14969000,5.255173103291757,0.01208993997608765,185.8521614074707,0.22597665795197638,4.593761280793435,0.004386730916918324,94.16964759826661,0.1837302743792028
2024-01-23,192.82911682128906,195.17999267578125,195.75,193.8300018310547,195.02000427246094,42355600,99.26390075683594,100.93000030517578,100.99500274658203,100.03500366210938,100.62000274658203,13263800,5.261804391631252,0.006631288339495001,185.87686157226562,0.22727067903068865,4.597781967763478,0.00402068697004232,94.41699676513672,0.18120591927735674
2024-01-24,192.15725708007812,194.5,196.3800048828125,194.33999633789062,195.4199981689453,53631300,99.94742584228516,101.625,102.6449966430664,101.33499908447266,101.625,17651200,5.258314084083659,-0.0034903075475929413,185.92131805419922,0.226700648974413,4.604644306160382,0.0068623383969041996,94.69237442016602,0.1817696529194504
2024-01-25,191.8312530517578,194.1699981689453,196.27000427246094,193.11000061035156,195.22000122070312,54822100,100.36540985107422,102.05000305175781,103.07499694824219,101.58000183105469,102.55999755859375,17071400,5.256616095221776,-0.0016979888618822159,185.9766418457031,0.2265307015371778,4.6088176245001335,0.004173318339751653,94.96898155212402,0.18177124674137063
2024-01-26,190.10231018066406,192.4199981689453,194.75999450683594,191.94000244140625,194.27000427246094,44594000,99.20980834960938,100.875,101.78500366210938,100.6449966430664,101.33499908447266,10553000,5.247562401870117,-0.009053693351659398,185.94057922363282,0.22893766857178993,4.597236883895096,-0.01158074060503722,95.18805503845215,0.18867518330489833
2024-01-29,189.420654296875,191.72999572753906,192.1999969482422,189.5800018310547,192.00999450683594,47145600,100.11953735351562,101.80000305175781,101.81999969482422,100.80000305175781,101.0,7639600,5.24397022600419,-0.003592175865927416,185.84919357299805,0.22905539783257886,4.6063648456331565,0.009127961738060186,95.44696006774902,0.19017720276331684
2024-01-30,185.7751007080078,188.0399932861328,191.8000030517578,187.47000122070312,190.94000244140625,55859400,99.29338073730469,100.95999908447266,101.91999816894531,100.6500015258789,101.76499938964844,12251600,5.22453680614005,-0.019433419864139267,185.6273986816406,0.2382747218224027,4.598078909587656,-0.008285936045500542,95.67906379699707,0.19314158028344744
2024-01-31,182.17892456054688,184.39999389648438,187.10000610351562,184.35000610351562,187.0399932861328,55467800,97.20838165283203,98.83999633789062,100.41000366210938,98.79000091552734,100.0,16295200,5.204989306129556,-0.019547500010494545,185.56614379882814,0.21111143023702528,4.576856938744929,-0.02122197084272681,95.93083763122559,0.18325782743269922
2024-02-01,184.60931396484375,186.86000061035156,186.9499969482422,183.82000732421875,183.99000549316406,64885400,98.43284606933594,100.08499908447266,100.2249984741211,99.16999816894531,99.23500061035156,14303400,5.218241775643423,0.013252469513867382,185.6950714111328,0.2145851765854532,4.589374549876517,0.012517611131587891,96.29079627990723,0.17978081750423686
2024-02-02,183.61151123046875,185.85000610351562,187.3300018310547,179.25,179.86000061035156,102551700,99.45075225830078,101.12000274658203,101.44000244140625,99.375,99.40499877929688,12872200,5.212822173554702,-0.005419602088720943,185.88970108032225,0.2099911241953331,4.599662569457404,0.010288019580887209,96.73508911132812,0.17613356426090576
2024-02-05,185.4194793701172,187.67999267578125,189.25,185.83999633789062,188.14999389648438,69668800,99.67695617675781,101.3499984741211,101.63999938964844,100.4000015258789,101.52999877929688,10086200,5.222620714333869,0.009798540779167197,186.21078796386718,0.21127199132133764,4.601934518625458,0.002271949168053844,97.19192199707031,0.1754151357843918
2024-02-06,187.01992797851562,189.3000030517578,189.30999755859375,186.77000427246094,186.86000061035156,43490800,99.21963500976562,100.88500213623047,101.63500213623047,100.23500061035156,101.45999908447266,12677200,5.231215177906786,0.008594463572916489,186.39553680419922,0.1964879320438036,4.597335928270749,-0.004598590354708776,97.51229438781738,0.1614893008168853
2024-02-07,187.1286163330078,189.41000366210938,191.0500030517578,188.61000061035156,190.63999938964844,53439000,100.53260803222656,102.22000122070312,102.24500274658203,101.19000244140625,101.59500122070312,11365800,5.231796168313949,0.0005809904071627514,186.60646591186523,0.19612029383684956,4.610482132906111,0.013146204635361869,97.89093971252441,0.16500166486800613
2024-02-08,186.05177307128906,188.32000732421875,189.5399932861328,187.35000610351562,189.38999938964844,40962000,100.8473129272461,102.54000091552734,102.81500244140625,102.2699966430664,102.3949966430664,9948200,5.226024984826711,-0.005771183487238041,186.7116844177246,0.19682400903503,4.6136076197938545,0.0031254868877432784,98.2457347869873,0.1641293447090046
2024-02-09,186.8134307861328,188.85000610351562,189.99000549316406,188.0,188.64999389648438,45155200,102.20452880859375,103.91999816894531,104.05500030517578,102.8499984741211,102.97000122070312,11612200,5.230110422493479,0.004085437666768499,186.88462600708007,0.19666485756784155,4.626975989983437,0.013368370189582812,98.64454040527343,0.16768717028298147
2024-02-12,185.13172912597656,187.14999389648438,188.6699981689453,186.7899932861328,188.4199981689453,41781900,101.4275894165039,103.12999725341797,104.23500061035156,102.9800033569336,103.91500091552734,10753200,5.22106762102108,-0.009042801472399553,186.95718078613282,0.19977565354698454,4.6193451391240625,-0.00763085085937476,98.98925514221192,0.1727575280413131
2024-02-13,183.0445098876953,185.0399932861328,186.2100067138672,183.50999450683594,185.77000427246094,56529500,99.70646667480469,101.37999725341797,102.05999755859375,100.58999633789062,100.8949966430664,19459400,5.209729346697427,-0.011338274323652975,187.03849563598632,0.1989129848310916,4.60223053619643,-0.01711460292763256,99.23611145019531,0.18767875794202812
2024-02-14,182.16412353515625,184.14999389648438,185.52999877929688,182.44000244140625,185.32000732421875,54630500,100.74897003173828,102.44000244140625,102.5199966430664,101.41500091552734,102.13500213623047,11791600,5.204908058385287,-0.004821288312139238,187.12271881103516,0.1987798668185978,4.6126319777644955,0.01040144156806555,99.55845108032227,0.18746946139489404
2024-02-15,181.87722778320312,183.86000061035156,184.49000549316406,181.35000610351562,183.5500030517578,65434500,100.53750610351562,102.2249984741211,102.67500305175781,101.65499877929688,102.57499694824219,10796400,5.20333188683055,-0.0015761715547375488,186.8986801147461,0.15995501893294123,4.610530852939032,-0.0021011248254634296,99.77457275390626,0.17740879638854443
2024-02-16,180.3439483642578,182.30999755859375,184.85000610351562,181.6699981689453,183.4199981689453,49752500,99.61304473876953,101.28500366210938,102.70500183105469,101.1500015258789,102.5,11090400,5.194865851833742,-0.008466034996807537,186.45324249267577,0.14911807918148823,4.6012931272873505,-0.009237725651681572,99.83358268737793,0.16402552151711233
2024-02-20,179.60205078125,181.55999755859375,182.42999267578125,180.0,181.7899932861328,53665600,98.60002899169922,100.25499725341797,101.05000305175781,99.25,100.69000244140625,17447600,5.190743574406749,-0.004122277426993115,185.85561294555663,0.13896711066646641,4.591071555642007,-0.010221571645343097,99.82030448913574,0.16770298329449457
2024-02-21,180.35385131835938,182.32000732421875,182.88999938964844,180.66000366210938,181.94000244140625,41371400,97.98043823242188,99.625,99.625,98.53500366210938,99.28500366210938,15954400,5.194920761811639,0.004177187404890148,185.23184967041016,0.1369172923437351,4.584767848872623,-0.0063037067693842985,99.75613136291504,0.16831338100826307
2024-02-22,182.38172912597656,184.3699951171875,184.9600067138672,182.4600067138672,183.47999572753906,52292200,101.18663024902344,102.88500213623047,103.16500091552734,101.96499633789062,102.19999694824219,18551600,5.206101903357475,0.011181141545836049,184.7430732727051,0.1462930058184971,4.616966635961985,0.03219878708936186,99.81809158325196,0.20363489352738556
2024-02-23,180.5516815185547,182.52000427246094,185.0399932861328,182.22999572753906,185.00999450683594,45119700,100.95057678222656,102.6449966430664,103.83000183105469,102.31999969482422,103.69999694824219,12324000,5.196017060992503,-0.010084842364972424,184.17909469604493,0.14860984539058858,4.614631058286125,-0.002335577675859568,99.84734992980957,0.20343746487766312
2024-02-26,179.20635986328125,181.16000366210938,182.75999450683594,180.64999389648438,182.24000549316406,40867400,101.04893493652344,102.74500274658203,103.3499984741211,102.63999938964844,103.09500122070312,18248800,5.188537990219553,-0.00747907077295018,183.6342971801758,0.1478665674393016,4.615604903828952,0.0009738455428269788,99.93930625915527,0.19854290332813374
2024-02-27,180.66050720214844,182.6300048828125,183.9199981689453,179.55999755859375,181.10000610351562,54318900,101.13744354248047,102.83499908447266,103.0250015258789,102.06999969482422,103.0250015258789,9984400,5.19661961921332,0.008081628993767076,183.19628982543946,0.15291546971847877,4.616480418908421,0.0008755150794685918,99.99020156860351,0.19616383543968885
2024-02-28,179.46353149414062,181.4199981689453,183.1199951171875,180.1300048828125,182.50999450683594,48953900,100.66045379638672,102.3499984741211,102.62999725341797,101.9800033569336,102.49500274658203,8329000,5.189972020123528,-0.006647599089792067,182.8807113647461,0.14019584298961316,4.611753009547735,-0.004727409360685719,100.05855522155761,0.19444771824753157
2024-02-29,178.80078125,180.75,182.57000732421875,179.52999877929688,181.27000427246094,136682600,101.78163146972656,103.48999786376953,103.73500061035156,102.31999969482422,102.8949966430664,11986800,5.186272232137027,-0.0036997879865010574,182.71180419921876,0.12380823109198265,4.622829650406619,0.01107664085888338,100.28721771240234,0.17940530311100236
2024-03-01,177.7225341796875,179.66000366210938,180.52999877929688,177.3800048828125,179.5500030517578,73563100,103.64043426513672,105.37999725341797,105.52999877929688,103.70500183105469,103.75499725341797,13136800,5.180223537361089,-0.006048694775937946,182.36746520996093,0.11295200789834885,4.640927545815743,0.018097895409124654,100.54759712219239,0.18463823804725588
2024-03-04,173.2117156982422,175.10000610351562,176.89999389648438,173.7899932861328,176.14999389648438,81510100,103.64043426513672,105.37999725341797,105.98500061035156,104.99500274658203,105.2300033569336,20443800,5.154514636440228,-0.025708900920860422,181.84747543334962,0.14085019530725398,4.640927545815743,0.0,100.75708122253418,0.18253963980232302
2024-03-05,168.285400390625,170.1199951171875,172.0399932861328,169.6199951171875,170.75999450683594,95132400,101.09320068359375,102.79000091552734,104.38999938964844,102.125,104.33999633789062,18042800,5.125661349903524,-0.02885328653670438,180.990771484375,0.16008516757857033,4.6160428703879,-0.02488467542784356,100.82789344787598,0.20606468911172335
2024-03-06,167.29620361328125,169.1199951171875,171.24000549316406,168.67999267578125,171.05999755859375,68587700,101.89474487304688,103.6050033569336,104.38500213623047,102.91000366210938,103.86499786376953,14303200,5.1197659156449395,-0.005895434258584409,180.00458526611328,0.15200637907386694,4.623940367486138,0.007897497098237949,100.96164894104004,0.20657208656459394
2024-03-07,167.1774444580078,169.0,170.72999572753906,168.49000549316406,169.14999389648438,71765100,103.50273132324219,105.23999786376953,105.55999755859375,103.97000122070312,104.48999786376953,12120800,5.119055789983627,-0.0007101256613122331,179.00702667236328,0.15138096432419917,4.639598001953767,0.015657634467629578,101.11015510559082,0.2086592135426943
2024-03-08,168.88880920410156,170.72999572753906,173.6999969482422,168.94000244140625,169.0,76267000,101.96358489990234,103.67500305175781,106.17500305175781,103.61000061035156,105.43000030517578,14912200,5.129240564686172,0.01018477470254453,178.1488784790039,0.1614536392080719,4.624615738755478,-0.014982263198289658,101.16596870422363,0.21649037416720063
2024-03-11,170.88705444335938,172.75,174.3800048828125,172.0500030517578,172.94000244140625,60139500,101.68328857421875,103.38999938964844,103.62000274658203,102.6449966430664,103.19999694824219,15648400,5.141002837944987,0.011762273258814737,177.35255966186523,0.1691958766342086,4.621862968748229,-0.002752770007248273,101.13990669250488,0.21133222086692538
2024-03-12,171.36187744140625,173.22999572753906,174.02999877929688,171.00999450683594,173.14999389648438,59825400,103.7682876586914,105.51000213623047,105.5199966430664,103.3949966430664,104.38500213623047,17382800,5.143777562763407,0.0027747248184200046,176.66406707763673,0.17014358635552645,4.642160410167475,0.020297441419245388,101.25694160461425,0.2214167370925954
2024-03-13,169.28453063964844,171.1300048828125,173.19000244140625,170.75999450683594,172.77000427246094,52488700,102.6471176147461,104.37000274658203,105.25,103.93499755859375,105.19000244140625,12815400,5.131580912487397,-0.012196650276009358,175.97606811523437,0.1706701444260675,4.631297063331256,-0.010863346836218923,101.40397415161132,0.21561679192293307
2024-03-14,171.13433837890625,173.0,174.30999755859375,172.0500030517578,172.91000366210938,72913500,102.6667709350586,104.38999938964844,105.18000030517578,103.75499725341797,104.80999755859375,16023200,5.142448852631932,0.010867940144534849,175.42457885742186,0.1784642299023789,4.631488509906169,0.00019144657491310113,101.49986419677734,0.21302728818139868
2024-03-15,170.75843811035156,172.6199951171875,172.6199951171875,170.2899932861328,171.1699981689453,121752700,101.11778259277344,102.81500244140625,103.36000061035156,102.3949966430664,102.88999938964844,19633400,5.14024991515287,-0.0021989374790623017,174.8686393737793,0.17840632175551238,4.616286001684751,-0.01520250822141822,101.52887802124023,0.22045688246179387
2024-03-18,171.84658813476562,173.72000122070312,177.7100067138672,173.52000427246094,175.57000732421875,75604200,101.61477661132812,103.1500015258789,104.20999908447266,103.06999969482422,103.54499816894531,14176600,5.146602149358666,0.0063522342057957815,174.4437713623047,0.1802985107171578,4.621188963657018,0.004902961972267583,101.62896461486817,0.21805437169130268
2024-03-19,174.18112182617188,176.0800018310547,176.61000061035156,173.02999877929688,174.33999633789062,55215200,102.14180755615234,103.68499755859375,103.69999694824219,102.12999725341797,102.6449966430664,13390200,5.160095687857998,0.013493538499332658,174.17272491455077,0.18872974736074066,4.626362117911866,0.0051731542548481,101.80605354309083,0.21436768478396276
2024-03-20,176.7432098388672,178.6699981689453,178.6699981689453,175.08999633789062,175.72000122070312,53423100,103.2845458984375,104.84500122070312,104.87999725341797,103.4000015258789,103.76499938964844,13357400,5.174697887285513,0.014602199427514506,173.99219284057617,0.19638535611188232,4.637487760852832,0.011125642940966074,102.07125892639161,0.21459478429475412
2024-03-21,169.5219268798828,171.3699951171875,177.49000549316406,170.83999633789062,177.0500030517578,106181300,103.35840606689453,104.91999816894531,105.96499633789062,104.83000183105469,105.96499633789062,12312000,5.132982280577149,-0.041715606708363495,173.34920272827148,0.2381494551869276,4.638202618735958,0.0007148578831257524,102.17984771728516,0.18398661390664225
2024-03-22,170.42213439941406,172.27999877929688,173.0500030517578,170.05999755859375,171.75999450683594,71160100,103.39289855957031,104.95500183105469,105.33999633789062,104.55000305175781,104.92500305175781,11507000,5.138278502669545,0.005296222092395553,172.84272537231445,0.2388996453015493,4.638536280407966,0.00033366167200821195,102.30196380615234,0.18357640237065626
2024-03-25,169.007568359375,170.85000610351562,171.94000244140625,169.4499969482422,170.57000732421875,54288300,102.70825958251953,104.26000213623047,104.70500183105469,103.66000366210938,103.95999908447266,8777800,5.1299434971119044,-0.00833500555764033,172.33278579711913,0.23913706375353552,4.631892538067925,-0.006643742340041392,102.38493003845215,0.18567763600778361
2024-03-26,167.87985229492188,169.7100067138672,171.4199981689453,169.5800018310547,170.0,57388400,102.2846450805664,103.83000183105469,104.80500030517578,103.74500274658203,104.63500213623047,8538400,5.123248558639663,-0.006694938472241674,171.69375305175782,0.2358423407098835,4.627759564727744,-0.004132973340181145,102.44229011535644,0.18650504814063099
2024-03-27,171.44102478027344,173.30999755859375,173.60000610351562,170.11000061035156,170.41000366210938,60273300,102.80675506591797,104.36000061035156,104.54000091552734,103.55999755859375,104.48500061035156,12495000,5.144239328633886,0.020990769994223335,171.29262771606446,0.2511223220354905,4.632851061620165,0.0050914968924207216,102.549605178833,0.18606645143214762
2024-03-28,169.63072204589844,171.47999572753906,172.22999572753906,170.50999450683594,171.75,65672700,102.5851058959961,104.13500213623047,104.43499755859375,103.92500305175781,104.11499786376953,8854400,5.133623851091737,-0.01061547754214942,170.83412475585936,0.2528325091067025,4.630692755493272,-0.002158306126892384,102.58977890014648,0.18250866534387566
2024-04-01,168.1963653564453,170.02999877929688,171.25,169.47999572753906,171.19000244140625,46240500,102.87079620361328,104.42500305175781,105.03500366210938,104.04499816894531,104.3550033569336,11654800,5.125132138247374,-0.008491712844362453,170.35781631469726,0.25341836547716035,4.633473795013961,0.002781039520688644,102.55129699707031,0.1705051842420707
2024-04-02,167.0192108154297,168.83999633789062,169.33999633789062,168.22999572753906,169.0800018310547,49329500,101.88075256347656,103.41999816894531,103.56999969482422,102.58000183105469,103.26499938964844,11418200,5.118108840623689,-0.007023297623685032,170.04819107055664,0.2392543242599672,4.623803036847584,-0.009670758166376636,102.4633129119873,0.17365140187648934
2024-04-03,167.8204803466797,169.64999389648438,170.67999267578125,168.5800018310547,168.7899932861328,47691700,102.15164947509766,103.69499969482422,104.2300033569336,102.875,102.9000015258789,10670000,5.122894838710975,0.004785998087285748,170.0249450683594,0.21766615857800564,4.626458468711309,0.0026554318637250773,102.5162353515625,0.14885458752218728
2024-04-04,166.99945068359375,168.82000732421875,171.9199981689453,168.82000732421875,170.2899932861328,53704400,100.53605651855469,102.05500030517578,105.05000305175781,102.0,104.68499755859375,16464800,5.117990523091548,-0.00490431561942728,170.010107421875,0.2173466705663668,4.610516434484989,-0.015942034226320345,102.44830093383788,0.1570149998142582
2024-04-05,167.75123596191406,169.5800018310547,170.38999938964844,168.9499969482422,169.58999633789062,42104800,101.68864440917969,103.2249984741211,103.75,102.21499633789062,102.5,12808800,5.122482143704911,0.0044916206133631675,170.0387969970703,0.21793295162695941,4.62191563909348,0.011399204608490976,102.35759658813477,0.15178171564407322
2024-04-08,166.63343811035156,168.4499969482422,169.1999969482422,168.24000549316406,169.02999877929688,37425500,101.5704345703125,103.1050033569336,103.62999725341797,102.7249984741211,103.29000091552734,8125800,5.115796418539084,-0.0066857251658269945,169.9260284423828,0.21586977695948165,4.620752494472458,-0.00116314462102185,102.33793907165527,0.142393557356999
2024-04-09,167.8402557373047,169.6699981689453,170.0800018310547,168.35000610351562,168.6999969482422,42373800,102.08270263671875,103.625,103.8499984741211,102.33000183105469,103.63500213623047,9400800,5.1230126683438275,0.0072162498047436685,169.77368850708007,0.2129804958700216,4.625783294919191,0.005030800446732542,102.35790977478027,0.143215929207006
2024-04-10,165.9706573486328,167.77999877929688,169.08999633789062,167.11000061035156,168.8000030517578,49709300,100.83161163330078,102.3550033569336,102.73500061035156,101.91500091552734,102.44499969482422,13836800,5.111811009772087,-0.011201658571740936,169.5041275024414,0.21554529513837306,4.613451913945945,-0.012331380973245487,102.21107597351075,0.12855750610256192
2024-04-11,173.15234375,175.0399932861328,175.4600067138672,168.16000366210938,168.33999633789062,91070300,102.8461685180664,104.4000015258789,104.56999969482422,102.31500244140625,102.80999755859375,10563600,5.154171806708308,0.04236079693622141,169.697518157959,0.26196542857822247,4.633234362299232,0.01978244835328713,102.22102851867676,0.1438623009306538
2024-04-12,174.64608764648438,176.5500030517578,178.36000061035156,174.2100067138672,174.25999450683594,101670900,101.18131256103516,102.70999908447266,103.63999938964844,102.33000183105469,103.15499877929688,16186800,5.162761569893913,0.008589763185605115,169.87310562133788,0.26096508135456126,4.616914081314093,-0.01632028098513949,102.14675559997559,0.15521006208893187
2024-04-15,170.8276824951172,172.69000244140625,176.6300048828125,172.5,175.36000061035156,73531800,99.26034545898438,100.76000213623047,103.40499877929688,100.6050033569336,103.33999633789062,17189000,5.140655343719999,-0.022106226173914223,169.87656784057617,0.27348430608812874,4.59774615049763,-0.01916793081646251,102.05388374328614,0.16065728266521814
2024-04-16,167.5534210205078,169.3800048828125,173.75999450683594,168.27000427246094,171.75,73711200,99.3785629272461,100.87999725341797,101.50499725341797,100.4800033569336,100.9800033569336,14914000,5.121302231883011,-0.01935311183698829,169.6619094848633,0.2807164739571875,4.598936425687715,0.0011902751900851882,101.94207305908203,0.15940603735788708
2024-04-17,166.18826293945312,168.0,170.64999389648438,168.0,169.61000061035156,50901200,97.9452133178711,99.42500305175781,101.41999816894531,99.3499984741211,101.25,13090400,5.1131212598280715,-0.008180972054939062,169.26226654052735,0.27610809124170993,4.584408274568273,-0.014528151119442612,101.73224334716797,0.16436513748041495
2024-04-18,165.23863220214844,167.0399932861328,168.63999938964844,166.5500030517578,168.02999877929688,43122900,96.82710266113281,98.29000091552734,99.6500015258789,98.18499755859375,99.3949966430664,15280600,5.107390684850564,-0.005730574977507175,168.6870376586914,0.26889078001089284,4.5729269412624465,-0.011481333305826347,101.40937118530273,0.15976758529407434
2024-04-19,163.2206268310547,165.0,166.39999389648438,164.0800018310547,166.2100067138672,68149400,94.83222961425781,96.26499938964844,98.23500061035156,96.0199966430664,97.91500091552734,21880000,5.095102824439645,-0.012287860410919116,168.37197265625,0.23081849970106116,4.552109326316571,-0.02081761494587564,100.98306236267089,0.17063277688141618
2024-04-22,164.0515899658203,165.83999633789062,167.25999450683594,164.77000427246094,165.52000427246094,48116400,95.67942810058594,97.125,97.70999908447266,96.04000091552734,97.00499725341797,13293400,5.1001809513188165,0.0050781268791713075,168.0534454345703,0.23072967291816016,4.561003312974863,0.008893986658292441,100.59738883972167,0.17632953461326306
2024-04-23,165.10012817382812,166.89999389648438,167.0500030517578,164.9199981689453,165.35000610351562,49537800,97.0979995727539,98.56500244140625,98.70999908447266,97.38500213623047,97.52999877929688,12151600,5.106552127266351,0.0063711759475344465,167.85807342529296,0.23119863355094927,4.57572077336265,0.014717460387786652,100.3168758392334,0.18781258637462628
2024-04-24,167.19729614257812,169.02000427246094,169.3000030517578,166.2100067138672,166.5399932861328,48251800,97.54131317138672,99.01499938964844,99.70500183105469,98.47000122070312,99.29499816894531,9160200,5.119174529123779,0.01262240185742769,167.82394561767578,0.23520910116796986,4.58027601309252,0.004555239729870486,100.07970924377442,0.18952428095533028
2024-04-25,168.05789184570312,169.88999938964844,170.61000061035156,168.14999389648438,169.52999877929688,50558300,97.32952880859375,98.80000305175781,98.98500061035156,97.34500122070312,97.77999877929688,11568000,5.124308514363934,0.00513398524015507,167.65478897094727,0.2226579723452878,4.578102425253292,-0.00217358783922883,99.8058479309082,0.1874719845902376
2024-04-26,167.47425842285156,169.3000030517578,171.33999633789062,169.17999267578125,169.8800048828125,44838400,98.42792510986328,99.91500091552734,100.6449966430664,99.19000244140625,99.58000183105469,10104200,5.1208296583973745,-0.00347885596655928,167.5469657897949,0.2199940079101222,4.589324555563844,0.011222130310552636,99.59798889160156,0.19392563218677186
2024-04-29,171.62896728515625,173.5,176.02999877929688,173.10000610351562,173.3699951171875,68169400,98.85151672363281,100.34500122070312,100.58000183105469,99.76000213623047,100.43000030517578,7494800,5.145334979830615,0.024505321433240468,167.71859588623047,0.23503939966601275,4.593618893187662,0.00429433762381759,99.39702491760254,0.19450108843202277
2024-04-30,168.49314880371094,170.3300018310547,174.99000549316406,170.0,173.3300018310547,65934800,96.6744155883789,98.13500213623047,100.40499877929688,98.1050033569336,100.0,14929000,5.12689508904715,-0.01843989078346464,167.79229278564452,0.24355417031016538,4.57134879235876,-0.022270100828901462,99.13670806884765,0.20590517536627967
2024-05-01,167.47425842285156,169.3000030517578,172.7100067138672,169.11000061035156,169.5800018310547,50383100,95.68436431884766,97.12999725341797,99.25,97.11000061035156,97.61000061035156,20453600,5.1208296583973745,-0.006065430649775827,167.7749816894531,0.24403102553073097,4.561054902862379,-0.010293889496381325,98.81334381103515,0.20663189604670312
2024-05-02,171.1640625,173.02999877929688,173.4199981689453,170.88999938964844,172.50999450683594,94214900,97.06352233886719,98.52999877929688,98.66500091552734,97.12999725341797,98.37000274658203,13340000,5.142622526368602,0.021792867971227814,167.98321228027345,0.25520904810892153,4.575365633642796,0.01431073078041667,98.63971710205078,0.20990365033675318
2024-05-03,181.4023895263672,183.3800048828125,187.0,182.66000366210938,186.64999389648438,163224100,99.76766967773438,101.2750015258789,101.61499786376953,100.83499908447266,101.19499969482422,13316400,5.200717710286488,0.05809518391788604,168.6657699584961,0.3255321903528962,4.602844179709011,0.027478546066215692,98.54366836547851,0.23006282141611584
2024-05-06,179.75045776367188,181.7100067138672,184.1999969482422,180.4199981689453,182.35000610351562,78569700,100.93997192382812,102.46499633789062,102.46499633789062,101.50499725341797,101.66000366210938,8021000,5.191569543266463,-0.009148167020025078,169.3216209411621,0.3267106247193966,4.614526002764942,0.011681823055930352,98.5121452331543,0.23438517182332824
2024-05-07,180.4329833984375,182.39999389648438,184.89999389648438,181.32000732421875,183.4499969482422,77305800,100.60995483398438,102.12999725341797,102.81500244140625,102.12000274658203,102.76499938964844,10020800,5.195359425719146,0.003789882452682747,169.95125732421874,0.32646014458426403,4.611251207382125,-0.0032747953828167198,98.43850784301758,0.23372769067418736
2024-05-08,180.76931762695312,182.74000549316406,183.07000732421875,181.4499969482422,182.85000610351562,45057100,100.89563751220703,102.41999816894531,102.52999877929688,101.73999786376953,101.76499938964844,7176000,5.19722173016608,0.0018623044469343597,170.69119033813476,0.32185598404764787,4.6140866906687465,0.002835483286621532,98.44170913696288,0.22990914123834788
2024-05-09,182.57958984375,184.57000732421875,184.66000366210938,182.11000061035156,182.55999755859375,48983000,100.86607360839844,102.38999938964844,102.47000122070312,101.87999725341797,102.25499725341797,9589600,5.2071861866876485,0.009964456521568188,171.16255264282228,0.28996928337271416,4.6137936330429365,-0.0002930576258100004,98.34270439147949,0.2177579167618205
2024-05-10,181.3215789794922,183.0500030517578,185.08999633789062,182.1300048828125,184.89999389648438,50759500,101.24040985107422,102.7699966430664,103.38500213623047,102.44499969482422,102.92500305175781,8753800,5.200272134282538,-0.00691405240511056,171.49632720947267,0.2909782463286585,4.617497983980407,0.0037043509374701244,98.34565925598145,0.21051901665335512
2024-05-13,184.52108764648438,186.27999877929688,187.10000610351562,184.6199951171875,185.44000244140625,72044800,101.71820068359375,103.25499725341797,103.61000061035156,102.93000030517578,103.5250015258789,6582000,5.217763753136177,0.017491618853639146,172.180997467041,0.2814870009655683,4.622206251482739,0.00470826750233222,98.46855201721192,0.19834999631729366
2024-05-14,185.66021728515625,187.42999267578125,188.3000030517578,186.2899932861328,187.50999450683594,52393600,102.61958312988281,104.16999816894531,104.31500244140625,103.16000366210938,103.22000122070312,9825200,5.223918214310196,0.006154461174018522,173.08633728027343,0.26782372332134907,4.6310287832358625,0.008822531753123641,98.63060302734375,0.20017507732309078
2024-05-15,187.92860412597656,189.72000122070312,190.64999389648438,187.3699951171875,187.91000366210938,70400000,104.9296875,106.51499938964844,106.55000305175781,104.75,104.82499694824219,14308600,5.236062125413492,0.012143911103295935,174.1733543395996,0.2641167405963366,4.653290482989458,0.02226169975359582,98.97982673645019,0.20342103773455297
2024-05-16,188.04745483398438,189.83999633789062,191.10000610351562,189.66000366210938,190.47000122070312,52845200,104.56519317626953,106.1449966430664,106.91000366210938,106.0999984741211,106.58000183105469,12066600,5.236694350307254,0.0006322248937626895,175.3137954711914,0.26127197054000273,4.649810735032389,-0.003479747957069179,99.36673126220703,0.19753195765653614
2024-05-17,188.0771942138672,189.8699951171875,190.80999755859375,189.17999267578125,189.50999450683594,41282900,104.33369445800781,105.91000366210938,106.45500183105469,105.33000183105469,106.38999938964844,7616000,5.23685248607432,0.00015813576706591448,176.55662384033204,0.2530287884884666,4.647594363124914,-0.0022163719074752564,99.84180450439453,0.17666313980018591
2024-05-20,189.2361297607422,191.0399932861328,191.9199981689453,189.00999450683594,189.3300018310547,44361300,105.5601577758789,107.15499877929688,107.3550033569336,105.91999816894531,106.01499938964844,6276800,5.242995599067563,0.006143112993242994,177.81585083007812,0.2529448438615148,4.659281006289926,0.011686643165012,100.33584098815918,0.17780134100286685
2024-05-21,190.5337371826172,192.35000610351562,192.72999572753906,190.9199981689453,191.08999633789062,42309400,105.73255920410156,107.33000183105469,107.50499725341797,106.55500030517578,106.74500274658203,6140400,5.249829276958224,0.006833677890661249,179.08753128051757,0.2529315085066089,4.6609128795408905,0.0016318732509645884,100.76756896972657,0.17426389369123804
2024-05-22,189.09747314453125,190.89999389648438,192.82000732421875,190.27000427246094,192.27000427246094,34648500,105.96897888183594,107.56999969482422,107.96499633789062,106.93499755859375,107.63500213623047,11783000,5.242262613039602,-0.007566663918622041,180.18254013061522,0.25726797374757393,4.663146399222946,0.002233519682055096,101.18895225524902,0.17440646874571875
2024-05-23,185.1154327392578,186.8800048828125,191.0,186.6300048828125,190.97999572753906,51005900,105.10700988769531,106.69499969482422,108.80999755859375,106.3550033569336,108.80000305175781,9400400,5.220979591248496,-0.021283021791106194,181.03541717529296,0.2751270229692518,4.654978972972681,-0.008167426250264676,101.5778263092041,0.17853478699048275
2024-05-24,188.18614196777344,189.97999572753906,190.5800018310547,188.0399932861328,188.82000732421875,36327000,105.99360656738281,107.59500122070312,107.82499694824219,106.61000061035156,106.96499633789062,5906400,5.237431589837427,0.01645199858893065,182.07101135253907,0.2762342917859729,4.663378776890971,0.008399803918289983,101.95611038208008,0.17726435725140777
2024-05-28,188.19606018066406,189.99000549316406,193.0,189.10000610351562,191.50999450683594,52280100,106.44183349609375,108.05000305175781,108.29000091552734,107.375,108.20500183105469,8786400,5.2374842927167675,5.2702879340671416e-05,182.89936599731445,0.2678168229360218,4.667598671591472,0.004219894700501214,102.33562622070312,0.177261258866404
2024-05-29,188.49322509765625,190.2899932861328,192.25,189.50999450683594,189.61000061035156,53068000,105.76704406738281,107.36499786376953,107.87999725341797,106.91000366210938,106.91000366210938,8569000,5.239062065115676,0.0015777723989085501,183.8993698120117,0.25404080211518393,4.661238978153402,-0.006359693438070302,102.79025764465332,0.15378888137190336
2024-05-30,189.4837646484375,191.2899932861328,192.17999267578125,190.6300048828125,190.75999450683594,49889100,103.3534927368164,104.91500091552734,106.33000183105469,104.58999633789062,106.16999816894531,10450600,5.2443033461737665,0.005241281058090408,184.999845123291,0.2502923728341045,4.638155080784757,-0.023083897368644912,103.17371406555176,0.17529822795832523
2024-05-31,190.4346923828125,192.25,192.57000732421875,189.91000366210938,191.44000244140625,75158300,103.51603698730469,105.08000183105469,105.24500274658203,102.76499938964844,105.2249984741211,12081000,5.249309313652346,0.00500596747857962,185.96337661743163,0.24339641283189872,4.639726547439661,0.0015714666549042633,103.49633979797363,0.17100014810965547
2024-06-03,192.1978759765625,194.02999877929688,194.99000549316406,192.52000427246094,192.89999389648438,50080500,103.77709197998047,105.34500122070312,105.9800033569336,104.08499908447266,105.88500213623047,9628000,5.258525445364631,0.00921613171228497,186.5031509399414,0.14469462316230236,4.642245252540835,0.0025187051011741346,103.69681091308594,0.1450105942359491
2024-06-04,192.51487731933594,194.35000610351562,195.32000732421875,193.02999877929688,194.63999938964844,47471400,103.99384307861328,105.56500244140625,105.73500061035156,104.75,105.29000091552734,6405400,5.260173435517296,0.0016479901526649243,187.1413719177246,0.13768632424134622,4.644331696221735,0.002086443680899386,103.8495044708252,0.14041450638417818
2024-06-05,194.02052307128906,195.8699951171875,196.89999389648438,194.8699951171875,195.39999389648438,54156800,106.30391693115234,107.91000366210938,107.91000366210938,106.2300033569336,106.4000015258789,8788800,5.267963942495327,0.007790506978031075,187.82074890136718,0.13855452923601067,4.666302132563224,0.021970436341489652,104.13420257568359,0.15670191314518683
2024-06-06,192.64364624023438,194.47999572753906,196.5,194.1699981689453,195.69000244140625,41181800,105.94928741455078,107.55000305175781,108.04499816894531,107.26499938964844,107.97000122070312,7057600,5.260842089683409,-0.007121852811917684,188.41446533203126,0.143651288203879,4.662960559014964,-0.003341573548260257,104.38688507080079,0.15818554284624847
2024-06-07,195.0308837890625,196.88999938964844,196.94000244140625,194.13999938964844,194.64999389648438,53103900,106.19556427001953,107.80000305175781,108.26000213623047,107.2699966430664,107.66500091552734,6398600,5.27315792442866,0.012315834745250775,189.0370300292969,0.14535633415710478,4.665282340233279,0.0023217812183151665,104.65335960388184,0.15785750011705113
2024-06-10,191.29649353027344,193.1199951171875,197.3000030517578,192.14999389648438,196.89999389648438,97010200,106.46647644042969,108.07499694824219,108.36499786376953,107.36499786376953,107.43499755859375,6734800,5.253824546588062,-0.01933337784059841,189.53577575683593,0.162592510732084,4.667830160390133,0.0025478201568533976,104.9146629333496,0.1578010758099384
2024-06-11,205.19400024414062,207.14999389648438,207.16000366210938,193.6300048828125,193.64999389648438,172373300,108.44654083251953,110.08499908447266,110.11499786376953,107.75,107.80000305175781,12719200,5.323955874292846,0.07013132770478414,190.56942138671874,0.28641839526923624,4.686257340337437,0.01842717994730414,105.2510799407959,0.16754157307052725
2024-06-12,211.05813598632812,213.07000732421875,220.1999969482422,206.89999389648438,207.3699951171875,198134300,110.84530639648438,112.5199966430664,113.65499877929688,110.9749984741211,111.18000030517578,17821200,5.352133621527304,0.028177747234457762,191.83931732177734,0.29772533532359796,4.708135593230687,0.021878252893250405,105.66236610412598,0.17934375828970517
2024-06-13,212.21707153320312,214.24000549316406,216.75,211.60000610351562,214.74000549316406,97862700,111.72206115722656,113.41000366210938,113.87999725341797,112.72000122070312,113.56500244140625,12693600,5.357609673147535,0.005476051620231459,193.05374069213866,0.29696217540879094,4.716014190219594,0.007878596988907027,106.00198478698731,0.1665779095728884
2024-06-14,210.48358154296875,212.49000549316406,215.1699981689453,211.3000030517578,213.85000610351562,70122700,112.1407470703125,113.83499908447266,113.9000015258789,113.17500305175781,113.25,7864600,5.349407652659903,-0.008202020487631856,194.1755470275879,0.30074225442587843,4.719754752616554,0.0037405623969597457,106.38076248168946,0.16473595919158543
2024-06-17,214.62413024902344,216.6699981689453,218.9499969482422,212.72000122070312,213.3699951171875,93728300,113.8400650024414,115.55999755859375,115.96499633789062,113.7249984741211,114.11499786376953,11602600,5.368888266787872,0.019480614127968643,195.5028938293457,0.3038793939518812,4.734794524779689,0.015039772163135012,106.85608100891113,0.16815038875038157
2024-06-18,212.26658630371094,214.2899932861328,218.6300048828125,213.0,217.58999633789062,79943300,113.98289489746094,115.70500183105469,116.08499908447266,115.24500274658203,115.67500305175781,8677800,5.357842967267665,-0.011045299520207053,196.65441665649413,0.31028113130967866,4.73604839237754,0.001253867597850622,107.27721786499023,0.16618777600401913
2024-06-20,207.70010375976562,209.67999267578125,214.24000549316406,208.85000610351562,213.92999267578125,86172500,112.7022476196289,114.40499877929688,116.29499816894531,114.0199966430664,116.2249984741211,13243000,5.336095230447496,-0.02174773682016884,197.51273498535156,0.3251767199766845,4.724749364233101,-0.01129902814443895,107.62570228576661,0.17459109009016885
2024-06-21,205.5308074951172,207.49000549316406,211.88999938964844,207.11000061035156,210.38999938964844,241805100,112.50524139404297,114.20500183105469,114.87999725341797,113.68499755859375,114.43000030517578,13560200,5.325595937518274,-0.010499292929221582,198.33440170288085,0.32676050444831833,4.722999810728457,-0.001749553504643231,107.95251541137695,0.17545140922332933
2024-06-24,206.1746826171875,208.13999938964844,212.6999969482422,206.58999633789062,207.72000122070312,80727000,109.74700164794922,111.20999908447266,113.33000183105469,111.18000030517578,112.81999969482422,13748600,5.3287237833327,0.0031278458144257115,199.38736419677736,0.3127318352937972,4.698177731745633,-0.02482207898282418,108.18451499938965,0.19801144903422596
2024-06-25,207.09588623046875,209.07000732421875,211.3800048828125,208.61000061035156,209.14999389648438,55549700,111.76016998291016,113.25,113.30999755859375,111.3949966430664,112.0250015258789,9126200,5.3331819045174775,0.004458121184777397,200.3328514099121,0.3099894349746946,4.716355235911313,0.018177504165679537,108.47284317016602,0.2050159711370881
2024-06-26,211.23643493652344,213.25,214.86000061035156,210.63999938964844,211.5,66213200,111.63186645507812,113.12000274658203,113.65499877929688,112.23999786376953,113.08000183105469,9459600,5.3529780508572875,0.019796146339809972,201.48487014770507,0.31388732786779966,4.715206550900104,-0.0011486850112083502,108.73234481811524,0.2053557084553668
2024-06-27,212.0784149169922,214.10000610351562,215.74000549316406,212.35000610351562,214.69000244140625,49772700,111.6861572265625,113.17500305175781,113.73500061035156,112.76499938964844,112.9000015258789,7923600,5.356956087966571,0.003978037109283683,202.66412963867188,0.31357714878802356,4.715692770253642,0.00048621935353754253,109.02830047607422,0.20291454575257256
2024-06-28,208.63124084472656,210.6199951171875,216.07000732421875,210.3000030517578,215.77000427246094,82542700,111.6269302368164,113.11499786376953,115.19499969482422,112.95999908447266,113.56999969482422,12488200,5.340568295709422,-0.01638779225714959,203.62150344848632,0.3234192527912587,4.7151623312022855,-0.0005304390513565238,109.44197235107421,0.17928847415673438
2024-07-01,214.703369140625,216.75,217.50999450683594,211.9199981689453,212.08999633789062,60402900,112.47069549560547,113.97000122070312,114.16000366210938,111.63999938964844,113.28500366210938,9281600,5.369257397079381,0.028689101369959502,204.83493728637694,0.33434758757475236,4.722692703228992,0.007530372026706367,109.88970527648925,0.17953145871213072
2024-07-02,218.1901397705078,220.27000427246094,220.3800048828125,215.10000610351562,216.14999389648438,58046200,113.03319549560547,114.54000091552734,114.55000305175781,112.9800033569336,112.9800033569336,7076600,5.385366883425159,0.016109486345778024,206.13455047607422,0.3361184341467277,4.727681541019556,0.004988837790564027,110.35251045227051,0.1794481734727255
2024-07-03,219.45806884765625,221.5500030517578,221.5500030517578,219.02999877929688,220.0,37369800,114.55786895751953,116.08499908447266,116.13999938964844,114.27999877929688,114.375,6249200,5.391161183959808,0.005794300534648578,207.48171005249023,0.33567236216276347,4.741080101062357,0.013398560042801044,110.88071174621582,0.1820940184490633
2024-07-05,224.20281982421875,226.33999633789062,226.4499969482422,221.64999389648438,221.64999389648438,60412400,114.90821075439453,116.44000244140625,116.95500183105469,115.73500061035156,116.21499633789062,6671800,5.412551087830236,0.021389903870428384,208.9908248901367,0.33978514954287375,4.744133642304999,0.0030535412426422326,111.31092643737793,0.17049884750677463
2024-07-08,225.66885375976562,227.82000732421875,227.85000610351562,223.25,227.08999633789062,59085900,115.69273376464844,117.23500061035156,117.57499694824219,116.61499786376953,116.81500244140625,7671000,5.419068675894833,0.00651758806459668,210.64208526611327,0.33556765897962076,4.7509378298476035,0.006804187542604367,111.79809875488282,0.16858292185091378
2024-07-09,226.52072143554688,228.67999267578125,229.39999389648438,226.3699951171875,227.92999267578125,48076100,115.59898376464844,117.13999938964844,118.11499786376953,116.47000122070312,117.83499908447266,8678600,5.422836426105211,0.003767750210378118,212.2165771484375,0.3354513594465487,4.750127165236387,-0.0008106646112162608,112.26826972961426,0.1694592131175517
2024-07-10,230.78013610839844,232.97999572753906,233.0800018310547,229.25,229.3000030517578,62627700,117.27661895751953,118.83999633789062,118.92500305175781,117.28500366210938,117.94499969482422,8749400,5.441465465541885,0.018629039436674155,214.19075927734374,0.32199524343327984,4.764535408915822,0.014408243679434385,112.80877685546875,0.17307736701429924
2024-07-11,225.42120361328125,227.57000732421875,232.38999938964844,225.77000427246094,231.38999938964844,64710600,114.34076690673828,115.86499786376953,119.06999969482422,115.52999877929688,119.0199966430664,14106000,5.417970668225111,-0.02349479731677384,215.20211944580078,0.2515082705876033,4.739183173061349,-0.02535223585447266,113.10348815917969,0.1957575558069315
2024-07-12,228.36314392089844,230.5399932861328,232.63999938964844,228.67999267578125,228.9199981689453,53046500,115.36214447021484,116.9000015258789,118.13999938964844,115.77999877929688,116.18499755859375,9767600,5.4309370983900545,0.012966430164943255,216.0673698425293,0.23811525242487094,4.74807626273812,0.008893089676771382,113.3293300628662,0.18390525256613593
2024-07-15,232.18673706054688,234.39999389648438,237.22999572753906,233.08999633789062,236.47999572753906,62631300,115.56938934326172,117.11000061035156,118.26499938964844,116.44499969482422,117.49500274658203,8628000,5.447541949030166,0.0166048506401113,217.06585311889648,0.24230721396931174,4.749871123104408,0.0017948603662878426,113.52169647216797,0.18258786846487018
2024-07-16,232.60275268554688,234.82000732421875,236.27000427246094,232.3300018310547,235.0,43234300,115.18450164794922,116.72000122070312,117.44499969482422,115.88500213623047,117.38500213623047,7652200,5.449332074432195,0.0017901254020289414,218.17181167602538,0.23791799699416744,4.746535204905243,-0.003335918199165455,113.6738842010498,0.1832618667524015
2024-07-17,226.71884155273438,228.8800048828125,231.4600067138672,226.63999938964844,229.4499969482422,57345900,110.70423889160156,112.18000030517578,114.16500091552734,112.125,114.05000305175781,12440400,5.423710666334814,-0.025621408097380893,218.77654724121095,0.2547681448724454,4.7068621306852005,-0.03967307422004218,113.51709289550782,0.22675679418780967
2024-07-18,222.06320190429688,224.17999267578125,230.44000244140625,222.27000427246094,230.27999877929688,66034600,110.714111328125,112.19000244140625,113.43000030517578,110.7750015258789,113.41000366210938,10837200,5.402962034617441,-0.020748631717372845,219.26637802124023,0.2638971261589914,4.706951305195987,8.917451078627181e-05,113.35365371704101,0.22661387620110868
2024-07-19,222.19198608398438,224.30999755859375,226.8000030517578,223.27999877929688,224.82000732421875,49151500,108.9822006225586,110.43499755859375,112.27999877929688,110.19000244140625,111.59500122070312,8472800,5.403541810326434,0.0005797757089931466,219.99097213745117,0.2484077948511573,4.6911845718539835,-0.015766733342003292,113.1676513671875,0.2297215709244218
2024-07-22,221.84530639648438,223.9600067138672,227.77999877929688,223.08999633789062,227.00999450683594,48201800,111.56279754638672,113.05000305175781,113.18000030517578,111.41999816894531,111.8949966430664,10601600,5.4019803209478985,-0.0015614893785356188,220.80669708251952,0.2437707814949592,4.714587639052859,0.02340306719887586,113.12052917480469,0.24636530519927477
2024-07-23,222.88536071777344,225.00999450683594,226.94000244140625,222.67999267578125,224.3699951171875,39960300,111.11872100830078,112.5999984741211,113.61499786376953,112.44999694824219,112.58000183105469,5530800,5.4066575617782044,0.004677240830305962,221.64223098754883,0.24377454034077922,4.7105991883753555,-0.003988450677503863,113.18911514282226,0.22952027017730903
2024-07-24,216.47647094726562,218.5399932861328,224.8000030517578,217.1300048828125,224.0,61777600,106.52002716064453,107.94000244140625,111.4800033569336,107.68000030517578,111.12999725341797,14300800,5.377481862309119,-0.029175699469085714,222.11126022338868,0.27051557101586826,4.668333015927341,-0.04226617244801467,112.92710800170899,0.26563848319784783
2024-07-25,215.4364013671875,217.49000549316406,220.85000610351562,214.6199951171875,218.92999267578125,51391200,105.38020324707031,106.78500366210938,109.43499755859375,105.2300033569336,107.82499694824219,21158000,5.372665744721001,-0.004816117588117841,222.32125854492188,0.2633116843456087,4.657574793485583,-0.010758222441757503,112.6145248413086,0.2672228990345041
2024-07-26,215.90194702148438,217.9600067138672,219.49000549316406,216.00999450683594,218.6999969482422,41601300,106.7173843383789,108.13999938964844,109.0,107.2249984741211,108.2249984741211,11697800,5.374824355643527,0.0021586109225264494,222.51243515014647,0.26311645970997866,4.670184072294038,0.01260927880845486,112.36608619689942,0.27265894731850077
2024-07-29,216.17929077148438,218.24000549316406,219.3000030517578,215.75,216.9600067138672,36311800,106.24370574951172,107.66000366210938,109.47000122070312,107.34500122070312,109.0,7343800,5.376108113251268,0.0012837576077409096,222.88983764648438,0.2550770246299944,4.665735566045172,-0.004448506248865947,112.09692497253418,0.27268107121224844
2024-07-30,216.73402404785156,218.8000030517578,220.3300018310547,216.1199951171875,219.19000244140625,41643800,103.57429504394531,104.95500183105469,108.16500091552734,104.1500015258789,108.05999755859375,10694600,5.378670906129184,0.0025627928779154985,222.9913703918457,0.23455025081987668,4.640289181702749,-0.0254463843424233,111.65210494995117,0.28161681305489045
2024-07-31,219.9830322265625,222.0800018310547,223.82000732421875,220.6300048828125,221.44000244140625,50036300,107.9608154296875,109.4000015258789,109.79499816894531,107.43499755859375,108.19499969482422,14614000,5.393550417135082,0.014879511005898571,223.08101501464844,0.23350083280500836,4.681768341193598,0.041479159490848794,111.39848594665527,0.32388668239341883
2024-08-01,216.29818725585938,218.36000061035156,224.47999572753906,217.02000427246094,224.3699951171875,62501000,103.93448638916016,105.31999969482422,110.36499786376953,104.19999694824219,109.0999984741211,16991400,5.376657952229763,-0.016892464905319038,222.9230209350586,0.24034761658734322,4.643760762080943,-0.038007579112655066,110.8673168182373,0.34175773588187036
2024-08-02,217.7840118408203,219.86000061035156,225.60000610351562,217.7100067138672,219.14999389648438,105568600,101.01342010498047,102.36000061035156,103.36499786376953,100.625,102.5199966430664,18621600,5.383503800278318,0.006845848048555148,222.60208053588866,0.22781626848569494,4.615253380341053,-0.02850738173988976,110.17257728576661,0.3503126242772295
2024-08-05,207.29400634765625,209.27000427246094,213.5,196.0,199.08999633789062,119548600,97.64827728271484,98.94999694824219,100.86000061035156,95.375,95.95500183105469,31430000,5.334138106084318,-0.04936569419400083,221.6833381652832,0.28184185786771504,4.581372015412998,-0.033881364928054936,109.27035446166992,0.3595524082932846
2024-08-06,205.27328491210938,207.22999572753906,209.99000549316406,201.07000732421875,205.3000030517578,69660500,98.97557830810547,100.29499816894531,102.32499694824219,99.1500015258789,100.21499633789062,24575800,5.3243421884855815,-0.009795917598736104,220.62096633911133,0.2808369691348087,4.594873135946637,0.013501120533638833,108.43918418884277,0.3671099104408675
2024-08-07,207.8388214111328,209.82000732421875,213.63999938964844,206.38999938964844,206.89999389648438,63516400,97.3719711303711,98.66999816894531,103.2249984741211,98.53500366210938,102.7249984741211,17653600,5.336762882251539,0.012420693765957225,219.47390060424806,0.2747291637030978,4.578538398499136,-0.016334737447500913,107.44395179748535,0.35860559609061465
2024-08-08,211.2958526611328,213.30999755859375,214.1999969482422,208.8300018310547,213.11000061035156,47161100,101.00849151611328,102.3550033569336,102.61000061035156,99.0,100.45500183105469,14477200,5.353259296701665,0.01649641445012584,218.76763305664062,0.27614677901832685,4.6152045877241665,0.03666618922503062,106.7773380279541,0.38814051545431133
2024-08-09,214.1981964111328,216.24000549316406,216.77999877929688,211.97000122070312,212.10000610351562,42201600,101.46244812011719,102.81500244140625,103.40499877929688,101.67500305175781,102.29499816894531,9535600,5.366901737862106,0.013642441160441443,218.05938568115235,0.27668273745072197,4.619688760766401,0.004484173042234474,106.08235321044921,0.38617734120844366
2024-08-12,215.72540283203125,217.52999877929688,219.50999450683594,215.60000610351562,216.07000732421875,38028100,102.29137420654297,103.65499877929688,104.45500183105469,102.65499877929688,103.13500213623047,8580200,5.374006315733136,0.007104577871030138,217.23631896972657,0.2696277828584562,4.627825350795949,0.008136590029548252,105.41845245361328,0.38861484900652643
2024-08-13,219.43438720703125,221.27000427246094,221.88999938964844,219.00999450683594,219.00999450683594,44155300,105.43447875976562,106.83999633789062,106.875,104.80999755859375,104.94000244140625,9999600,5.3910532684997845,0.01704695276664836,216.5779006958008,0.27900636370971127,4.658089705572141,0.030264354776191382,104.9309513092041,0.40952688593894343
2024-08-14,219.8806610107422,221.72000122070312,223.02999877929688,219.6999969482422,220.57000732421875,41960600,106.01179504394531,107.42500305175781,107.97000122070312,105.9800033569336,107.5,8922400,5.393084949221987,0.0020316807222027222,216.23599166870116,0.26612586174030384,4.663550361921059,0.005460656348918569,104.69632911682129,0.38881329153703653
2024-08-15,222.85577392578125,224.72000122070312,225.35000610351562,222.75999450683594,224.60000610351562,46414000,109.06114196777344,110.51499938964844,110.625,108.58000183105469,108.81500244140625,9518800,5.406524808528678,0.013439859306690671,216.2756202697754,0.2610027045299271,4.691908660447803,0.028358298526743653,104.61368064880371,0.403653036827325
2024-08-16,224.1747283935547,226.0500030517578,226.8300018310547,223.64999389648438,223.9199981689453,44340200,109.24370574951172,110.69999694824219,110.91500091552734,109.62999725341797,109.93000030517578,6706400,5.412425785255152,0.005900976726474383,216.3747573852539,0.2617935729811462,4.693581219039211,0.0016725585914079133,104.62675590515137,0.3997774898259263
2024-08-19,224.01605224609375,225.88999938964844,225.99000549316406,223.0399932861328,225.72000122070312,40687800,111.04469299316406,112.5250015258789,112.52999877929688,109.98999786376953,110.44000244140625,13004200,5.411717711100374,-0.0007080741547786928,216.48329467773436,0.2617243721251149,4.709932759852825,0.016351540813614562,104.60085067749023,0.39508658715920236
2024-08-20,224.6309051513672,226.50999450683594,227.1699981689453,225.4499969482422,225.77000427246094,30299000,110.65489959716797,112.12999725341797,112.90499877929688,111.47000122070312,112.2300033569336,7221600,5.414458633690249,0.002740922589875794,216.57057189941406,0.2614032456348616,4.706416345653803,-0.0035164141990220443,104.5776596069336,0.3950306218532787
2024-08-21,224.52182006835938,226.39999389648438,227.97999572753906,225.0500030517578,226.52000427246094,34765500,111.30621337890625,112.79000091552734,113.18000030517578,111.84500122070312,112.19999694824219,7538800,5.413972896527688,-0.0004857371625615059,216.97283935546875,0.23707003455953277,4.712285082230109,0.005868736576305267,104.81696891784668,0.3626883418468207
2024-08-22,222.6673583984375,224.52999877929688,228.33999633789062,223.89999389648438,227.7899932861328,43695300,108.74534606933594,110.19499969482422,113.68499755859375,109.96499633789062,113.41999816894531,9083600,5.40567899144352,-0.008293905084167719,217.33438720703126,0.2386780662108926,4.689008874288344,-0.023276207941764326,104.98522605895997,0.37124023619392715
2024-08-23,224.9581756591797,226.83999633789062,228.22000122070312,224.3300018310547,225.66000366210938,38677300,110.50688171386719,111.9800033569336,112.47000122070312,110.55000305175781,111.29000091552734,10681000,5.415914498966282,0.010235507522762255,217.787198638916,0.24062008289351883,4.705077796972166,0.01606892268382154,105.17470092773438,0.3728043187009262
2024-08-26,225.2953643798828,227.17999267578125,227.27999877929688,223.88999938964844,226.75999450683594,30602200,109.12035369873047,110.57499694824219,112.30000305175781,110.01000213623047,111.87999725341797,6268800,5.417412271904211,0.00149777293792841,218.24300231933594,0.24061218969380765,4.692451435463895,-0.012626361508270456,105.31853332519532,0.37572489056345154
2024-08-27,226.13829040527344,228.02999877929688,228.85000610351562,224.88999938964844,226.0,35934600,109.78154754638672,111.24500274658203,111.4800033569336,109.3499984741211,109.88999938964844,7656000,5.421146716583208,0.0037344446789973063,218.71321563720704,0.24068025978300978,4.698492459819494,0.006041024355599056,105.62889595031739,0.36234220253197463
2024-08-28,224.61106872558594,226.49000549316406,229.86000061035156,225.67999267578125,227.9199981689453,38052200,108.2667236328125,109.70999908447266,111.31500244140625,108.79000091552734,111.0999984741211,9002200,5.414370323038318,-0.006776393544890347,218.9446174621582,0.2377153166667723,4.684597845784415,-0.0138946140350793,105.64419136047363,0.3365622413815867
2024-08-29,227.88368225097656,229.7899932861328,232.9199981689453,228.8800048828125,230.10000610351562,51906300,107.2897720336914,108.72000122070312,111.28500366210938,108.44000244140625,109.73999786376953,13314800,5.428835333209819,0.014465010171501369,219.52389221191407,0.2323381586846186,4.675533323878865,-0.009064521905550293,105.8119556427002,0.30747378888493526
2024-08-30,227.10028076171875,229.0,230.39999389648438,227.47999572753906,230.19000244140625,52990800,108.71575164794922,110.16500091552734,110.58999633789062,108.72000122070312,109.90499877929688,10048400,5.425391685401892,-0.0034436478079271637,219.98970565795898,0.23271995537410478,4.688736692993574,0.013203369114709318,106.19707221984864,0.28837863801844166
2024-09-03,220.92193603515625,222.77000427246094,229.0,221.1699981689453,228.5500030517578,50190600,103.72230529785156,105.1050033569336,109.08000183105469,104.50499725341797,109.0,14765800,5.397809408506973,-0.02758227689491921,220.67110214233398,0.1743620269510479,4.641717186588638,-0.04701950640493635,106.50077362060547,0.31372835476645927
2024-09-04,219.0178680419922,220.85000610351562,221.77999877929688,217.47999572753906,221.66000366210938,43840200,103.45586395263672,104.83499908447266,106.02999877929688,103.70999908447266,104.04000091552734,12330000,5.3891533157211216,-0.008656092785851222,221.35833129882812,0.1732802560281718,4.639145086515835,-0.002572100072803174,106.72478790283203,0.31178636344220034
2024-09-05,220.53517150878906,222.3800048828125,225.47999572753906,221.52000427246094,221.6300048828125,36615400,103.29796600341797,104.67500305175781,105.9749984741211,103.98500061035156,104.08000183105469,8874800,5.396057190143224,0.006903874422102163,221.99314880371094,0.17048783639200002,4.637617685742174,-0.0015274007736607587,107.02108764648438,0.3044468533977878
2024-09-06,218.98812866210938,220.82000732421875,225.24000549316406,219.77000427246094,223.9499969482422,48423000,100.61869049072266,101.95999908447266,104.83999633789062,101.48999786376953,104.58999633789062,12441000,5.389017521324916,-0.007039668818308087,222.37776260375978,0.1661254088052856,4.611338030575013,-0.02627965516716113,107.00159759521485,0.29380490904749784
2024-09-09,219.07737731933594,220.91000366210938,221.27000427246094,216.7100067138672,220.82000732421875,67180000,102.26671600341797,103.62999725341797,103.74500274658203,102.2699966430664,103.2249984741211,10922000,5.3894249885061605,0.00040746718124484715,222.62172164916993,0.16013398869660458,4.627584263257254,0.016246232682241235,107.04181098937988,0.2992054215247242
2024-09-10,218.2840118408203,220.11000061035156,221.47999572753906,216.72999572753906,218.9199981689453,51591000,103.79632568359375,105.18000030517578,105.40499877929688,103.3499984741211,104.34500122070312,10123000,5.385797021482193,-0.0036279670239673933,222.74965209960936,0.15934940501513079,4.642430572066667,0.014846308809413067,107.11705856323242,0.3024385234815312
2024-09-11,220.8128662109375,222.66000366210938,223.08999633789062,217.88999938964844,221.4600067138672,44587100,107.33909606933594,108.7699966430664,108.93499755859375,103.87000274658203,105.54000091552734,12768800,5.397315583588127,0.011518562105933938,222.81857604980468,0.15285248873654653,4.675992945522018,0.03356237345535096,107.21228942871093,0.30690369635928405
2024-09-12,220.92193603515625,222.77000427246094,223.5500030517578,219.82000732421875,222.5,37455600,108.22726440429688,109.66999816894531,110.13500213623047,107.92500305175781,108.69000244140625,10604200,5.397809408506973,0.0004938249188457533,222.8706398010254,0.15272058074593353,4.684233316225785,0.008240370703767042,107.32306289672852,0.3076099413972486
2024-09-13,220.65419006347656,222.5,224.0399932861328,221.91000366210938,223.5800018310547,36766600,108.77001953125,110.22000122070312,110.49500274658203,109.36000061035156,109.80500030517578,8047400,5.396596725172584,-0.0012126833343888421,222.76056060791015,0.14455723933586634,4.68923574067042,0.005002424444635167,107.30850677490234,0.29080678711246677
2024-09-16,214.52545166015625,216.32000732421875,217.22000122070312,213.9199981689453,216.5399932861328,59357400,108.35553741455078,109.80000305175781,110.1500015258789,108.78500366210938,109.42500305175781,6897800,5.368428387087338,-0.028168338085245992,222.27809677124023,0.17245381440759328,4.685417833409742,-0.0038179072606778774,107.2640983581543,0.2910074882212472
2024-09-17,214.99154663085938,216.7899932861328,216.89999389648438,214.5,215.75,45519300,108.14337921142578,109.58499908447266,111.06999969482422,109.02999877929688,110.9000015258789,6990000,5.3705987093586876,0.0021703222713496118,221.8268714904785,0.1730855703203047,4.683457931953019,-0.001959901456722868,107.11903266906738,0.28419970285898005
2024-09-18,218.8592071533203,220.69000244140625,222.7100067138672,217.5399932861328,217.5500030517578,59894900,107.15652465820312,108.58499908447266,110.62999725341797,108.4800033569336,109.86000061035156,12741600,5.388428633363431,0.017829924004743702,221.53828659057618,0.18640636315905243,4.674290612816077,-0.009167319136942353,106.94411392211914,0.2854829242639661
2024-09-19,226.9713134765625,228.8699951171875,229.82000732421875,224.6300048828125,224.99000549316406,66781300,110.33910369873047,111.80999755859375,112.50499725341797,111.0250015258789,111.63500213623047,13934000,5.424823637145799,0.03639500378236793,221.66076126098633,0.229529482625985,4.703558384725652,0.029267771909575302,106.89575843811035,0.3050227218959142
2024-09-20,226.30690002441406,228.1999969482422,233.08999633789062,227.6199951171875,229.97000122070312,318679900,109.80126953125,111.26499938964844,111.76499938964844,110.2699966430664,111.37000274658203,14492800,5.4218920427818835,-0.002931594363915657,221.84273834228514,0.2275723451239261,4.69867209122398,-0.004886293501672689,106.94855461120605,0.2935274615462864
2024-09-23,224.59124755859375,226.47000122070312,229.4499969482422,225.80999755859375,227.33999633789062,54146000,109.78101348876953,111.04499816894531,111.30999755859375,110.70500183105469,111.16500091552734,7490600,5.414282072527194,-0.007609970254689458,221.82439193725585,0.2265839650228602,4.698487595077394,-0.00018449614658599955,106.91226119995117,0.2876929982261434
2024-09-24,225.48377990722656,227.3699951171875,229.35000610351562,225.72999572753906,228.64999389648438,43556100,110.53236389160156,111.80500030517578,112.02999877929688,110.30999755859375,111.51000213623047,7025800,5.418248226897711,0.003966154370516506,221.83381271362305,0.22698122815241487,4.705308363971953,0.0068207688945589595,106.98286170959473,0.2849368415561284
2024-09-25,224.4920654296875,226.3699951171875,227.2899932861328,224.02000427246094,224.92999267578125,42308700,110.84872436523438,112.125,112.61499786376953,111.53500366210938,111.58499908447266,6111600,5.413840363260114,-0.0044078636375965985,221.75150146484376,0.22706445006463064,4.708166428239989,0.0028580642680360313,107.03622055053711,0.2843604704831896
2024-09-26,225.63255310058594,227.52000427246094,228.5,225.41000366210938,227.3000030517578,36636700,112.31681823730469,113.61000061035156,114.44000244140625,112.41500091552734,114.31500244140625,9244800,5.418907804872912,0.0050674416127982624,221.80257568359374,0.22652054780390118,4.721323612216941,0.013157183976952425,107.23872528076171,0.2824250337064987
2024-09-27,225.90028381347656,227.7899932861328,229.52000427246094,227.3000030517578,228.4600067138672,34026000,111.26888275146484,112.55000305175781,113.80500030517578,112.12999725341797,113.7699966430664,6093800,5.420093679840926,0.0011858749680140335,221.70340576171876,0.22026813418041358,4.711949639240839,-0.00937397297610243,107.43768081665038,0.28258553854688057
2024-09-30,231.0670623779297,233.0,233.0,229.64999389648438,230.0399932861328,54541900,111.5951156616211,112.87999725341797,112.94999694824219,111.5,112.05999755859375,5500400,5.442707981713405,0.022614301872478926,221.9017448425293,0.23451110785577678,4.714877282516501,0.002927643275662639,107.58164901733399,0.2794322878342415
2024-10-01,224.3334197998047,226.2100067138672,229.64999389648438,223.74000549316406,229.52000427246094,63285000,108.87641906738281,110.12999725341797,112.61000061035156,109.4749984741211,112.54499816894531,11295400,5.413133426414009,-0.02957455529939601,222.07231903076172,0.23780010623451267,4.69021346900169,-0.024663813514811395,107.83935470581055,0.23605353886721747
2024-10-02,224.898681640625,226.77999877929688,227.3699951171875,223.02000427246094,225.88999938964844,32880600,109.6821517944336,110.94499969482422,111.44999694824219,109.52999877929688,110.15499877929688,4532400,5.415649996967764,0.002516570553754427,222.36635971069336,0.23522169770395773,4.697586653902181,0.00737318490049077,108.15066909790039,0.23590099187806207
2024-10-03,223.79788208007812,225.6699981689453,226.80999755859375,223.32000732421875,225.13999938964844,34044200,110.13690185546875,111.40499877929688,112.22000122070312,110.6050033569336,110.62000274658203,5784800,5.410743332383887,-0.004906664583876896,222.5294952392578,0.23524231827540204,4.701724154289155,0.00413750038697458,108.49261589050293,0.23534019483207486
2024-10-04,224.91851806640625,226.8000030517578,228.0,224.1300048828125,227.89999389648438,37245100,111.36280059814453,112.6449966430664,112.92500305175781,111.45999908447266,112.84500122070312,5009200,5.415738194688114,0.004994862304227077,222.82601470947264,0.23384205230083496,4.712793345319308,0.011069191030152581,109.02982139587402,0.20916412680182217
2024-10-07,219.85089111328125,221.69000244140625,225.69000244140625,221.3300018310547,224.5,39505400,110.59663391113281,111.87000274658203,112.88500213623047,111.58999633789062,112.13999938964844,4430400,5.392949548897119,-0.022788645790995155,222.86469039916992,0.2490642707215148,4.705889653825202,-0.006903691494105857,109.44631729125976,0.2089037674444905
2024-10-08,223.89706420898438,225.77000427246094,225.97999572753906,223.25,224.3000030517578,31855700,112.66282653808594,113.95999908447266,114.1500015258789,112.41999816894531,112.67500305175781,7864800,5.411186411455255,0.018236862558135947,223.1453430175781,0.25661312274738884,4.724399522252551,0.018509868427349474,109.88964233398437,0.211830553891332
2024-10-09,227.63577270507812,229.5399932861328,229.75,224.8300018310547,225.22999572753906,33591100,113.92332458496094,115.23500061035156,115.3949966430664,113.69499969482422,114.05000305175781,7579800,5.427746863474104,0.016560452018849148,223.48648834228516,0.2598871620128223,4.735525630743462,0.011126108490910447,110.21885375976562,0.18351934160380162
2024-10-10,227.13995361328125,229.0399932861328,229.5,227.1699981689453,227.77999877929688,28183500,113.89366149902344,115.20500183105469,115.50499725341797,114.1449966430664,114.46499633789062,5692200,5.425566363242652,-0.0021805002314518873,223.7973892211914,0.2602006152404152,4.735265219203348,-0.000260411540113914,110.50217361450196,0.18276466572018119
2024-10-11,225.6623077392578,227.5500030517578,229.41000366210938,227.33999633789062,229.3000030517578,31759200,114.09137725830078,115.40499877929688,115.66500091552734,114.76000213623047,114.93000030517578,8849000,5.419039668278844,-0.006526694963807422,224.04779510498048,0.2615850567030926,4.736999682218305,0.001734463014956944,110.76824150085449,0.18255144660984277
2024-10-14,229.3811798095703,231.3000030517578,231.72999572753906,228.60000610351562,228.6999969482422,39882100,115.57925415039062,116.91000366210938,117.1500015258789,116.08499908447266,116.13999938964844,9810200,5.435385160394987,0.01634549211614278,224.79058151245118,0.24250268541904735,4.7499564777661165,0.012956795547811595,111.12942733764649,0.1846862638456233
2024-10-15,231.9100341796875,233.85000610351562,237.49000549316406,232.3699951171875,233.61000061035156,64751400,113.03850555419922,114.33999633789062,117.28500366210938,113.91500091552734,117.0,14179400,5.446349512750521,0.010964352355533613,225.6365058898926,0.24394116084874012,4.7277285177846275,-0.022227959981488965,111.37418365478516,0.20511863936089678
2024-10-16,229.85719299316406,231.77999877929688,232.1199951171875,229.83999633789062,231.60000610351562,34082200,113.38947296142578,114.69499969482422,114.87000274658203,113.45999908447266,114.69999694824219,5758800,5.437458216055224,-0.00889129669529698,226.18640518188477,0.24197216349229414,4.7308285559565935,0.003100038171965913,111.68583106994629,0.20066486720653226
2024-10-17,230.22412109375,232.14999389648438,233.85000610351562,230.52000427246094,233.42999267578125,32993800,113.7354736328125,115.04499816894531,116.36000061035156,115.04499816894531,116.29499816894531,6051200,5.439053274003228,0.001595057948003742,226.34904556274415,0.2060966511661129,4.733875345349245,0.003046789392651128,111.85564956665038,0.17475281299800735
2024-10-18,233.05047607421875,235.0,236.17999267578125,234.00999450683594,236.17999267578125,46431500,114.14083099365234,115.45500183105469,115.87999725341797,115.20999908447266,115.6449966430664,4537000,5.451255065615285,0.01220179161205781,226.68622436523438,0.20952093636807545,4.737433045559126,0.0035577002098809984,112.0726276397705,0.1732135545177199
2024-10-21,234.51820373535156,236.47999572753906,236.85000610351562,234.4499969482422,234.4499969482422,36254500,114.67466735839844,115.99500274658203,116.01000213623047,114.88500213623047,115.09500122070312,6322400,5.45753321274275,0.006278147127464884,227.18257217407228,0.20732805660918943,4.742099139745638,0.004666094186512204,112.31731033325195,0.1732809482667423
2024-10-22,233.90335083007812,235.86000061035156,236.22000122070312,232.60000610351562,233.88999938964844,38846600,114.55602264404297,115.875,116.2699966430664,115.05000305175781,115.37999725341797,6169200,5.454907999396361,-0.0026252133463895433,227.60355072021486,0.20788697610205648,4.7410639840695055,-0.0010351556761323266,112.51849327087402,0.1727337236850089
2024-10-23,228.84567260742188,230.75999450683594,235.13999938964844,227.75999450683594,234.0800018310547,52287000,112.9149169921875,114.21499633789062,115.62000274658203,113.23999786376953,115.44499969482422,6083600,5.433047857624044,-0.021860141772316766,227.82123107910155,0.22348131307945507,4.726634588133607,-0.014429395935898093,112.62180290222167,0.18196627660257128
2024-10-24,228.65724182128906,230.57000732421875,230.82000732421875,228.41000366210938,229.97999572753906,31109500,113.24612426757812,114.55000305175781,114.83499908447266,113.87000274658203,114.68000030517578,4832800,5.432224121683376,-0.0008237359406679801,227.97246551513672,0.22302326366212058,4.729563540974688,0.0029289528410805232,112.66826820373535,0.1763821460897752
2024-10-25,229.49026489257812,231.41000366210938,233.22000122070312,229.57000732421875,229.74000549316406,38802300,113.83433532714844,115.1449966430664,116.44000244140625,114.9800033569336,115.19999694824219,8314800,5.435860609832176,0.003636488148799799,228.1519645690918,0.22326856546542126,4.734744192592268,0.005180651617580523,112.79654083251953,0.17320980414165016
2024-10-28,231.46377563476562,233.39999389648438,234.72999572753906,232.5500030517578,233.32000732421875,36087100,113.79973602294922,115.11000061035156,115.97000122070312,115.08499908447266,115.97000122070312,5899200,5.444423384542853,0.008562774710677346,228.1718002319336,0.2102411988605255,4.7344402020318,-0.0003039905604680371,112.90677185058594,0.17314721399781638
2024-10-29,231.7315216064453,233.6699981689453,234.3300018310547,232.32000732421875,233.10000610351562,35417200,115.33210754394531,116.66000366210938,116.99500274658203,114.9000015258789,115.33000183105469,7451600,5.445579467098506,0.0011560825556529153,228.5417053222656,0.17866791762028747,4.747815858101447,0.013375656069646524,113.22955627441407,0.14945979915909285
2024-10-30,228.19113159179688,230.10000610351562,233.47000122070312,229.5500030517578,232.61000061035156,47070900,113.49821472167969,114.80500030517578,115.90499877929688,114.7300033569336,115.59500122070312,8341200,5.430183574235461,-0.015395892863044658,228.70632781982422,0.18852082529387537,4.731787107473342,-0.016028750628104937,113.42035942077636,0.16263296592100884
2024-10-31,224.035888671875,225.91000366210938,229.8300018310547,225.3699951171875,229.33999633789062,64370100,109.85517120361328,111.12000274658203,113.54499816894531,111.08000183105469,113.54499816894531,12110200,5.411806256306778,-0.018377317928683468,228.71822814941407,0.1995981545545491,4.699162872857925,-0.03262423461541708,113.4062728881836,0.20275669040658026
2024-11-01,221.060791015625,222.91000366210938,225.35000610351562,220.27000427246094,220.97000122070312,65276700,110.68064880371094,111.95500183105469,112.79000091552734,111.08999633789062,111.23999786376953,11565800,5.398437736161149,-0.013368520145628615,228.525341796875,0.20415960373196948,4.706649016879417,0.007486144021491725,113.37216529846191,0.2005188111658642
2024-11-04,220.1682586669922,222.00999450683594,222.7899932861328,219.7100067138672,220.99000549316406,44944500,110.59663391113281,111.87000274658203,112.67500305175781,111.3949966430664,112.05999755859375,6311800,5.394392066155299,-0.0040456700058504325,228.54121017456055,0.18763656424331482,4.705889653825202,-0.0007593630542146457,113.37216529846191,0.19901844853331613
2024-11-05,221.59629821777344,223.4499969482422,223.9499969482422,221.13999938964844,221.8000030517578,28111300,112.15370178222656,113.44499969482422,113.53500366210938,112.21499633789062,112.21499633789062,7273000,5.400857249940161,0.006465183784862383,228.426171875,0.17686544420617478,4.719870267842141,0.01398061401693873,113.34670906066894,0.1940179461983473
2024-11-06,220.87234497070312,222.72000122070312,226.07000732421875,221.19000244140625,222.61000061035156,54561100,115.346923828125,116.67500305175781,116.88999938964844,115.29000091552734,115.63500213623047,10967800,5.397584910061459,-0.003272339878702013,228.08800048828124,0.16508621303046117,4.747944316107464,0.028074048265323448,113.41788902282715,0.2153272616128348
2024-11-07,225.59288024902344,227.47999572753906,227.8800048828125,224.57000732421875,224.6300048828125,42137700,117.3587646484375,118.70999908447266,118.84500122070312,117.43000030517578,117.48500061035156,10463000,5.418731959946042,0.021147049884582714,228.01064682006836,0.18355919747700997,4.765235607607185,0.01729129149972053,113.59114418029785,0.22324219036081272
2024-11-08,225.3248291015625,226.9600067138672,228.66000366210938,226.41000366210938,227.1699981689453,38328800,117.23023986816406,118.58000183105469,118.97000122070312,118.1500015258789,118.55999755859375,7236400,5.417543045989118,-0.0011889139569243312,227.9937728881836,0.1821461943540436,4.764139863214579,-0.0010957443926056243,113.74808731079102,0.22342848750669697
2024-11-11,222.61448669433594,224.22999572753906,225.6999969482422,221.5,225.0,42005600,116.58270263671875,117.92500305175781,118.63999938964844,117.22000122070312,118.56500244140625,7267200,5.405441516213246,-0.012101529775871533,227.6554382324219,0.17601955559768015,4.7586009150276976,-0.005538948186881498,113.79825973510742,0.22031686735906475
2024-11-12,222.61448669433594,224.22999572753906,225.58999633789062,223.36000061035156,224.5500030517578,40398300,116.73098754882812,118.07499694824219,118.2249984741211,117.1449966430664,117.84500122070312,7530800,5.405441516213246,0.0,227.1906608581543,0.1699213272689587,4.759872035740394,0.0012711207126967494,113.98288383483887,0.20340166776607954
2024-11-13,223.49807739257812,225.1199951171875,226.64999389648438,222.75999450683594,224.00999450683594,48566200,116.3256607055664,117.66500091552734,118.53500366210938,117.30000305175781,117.82499694824219,6329600,5.40940281174628,0.003961295533033926,226.872705078125,0.1691764040766442,4.756393677538923,-0.0034783582014714653,114.1296932220459,0.2041004699251723
2024-11-14,226.5757598876953,228.22000122070312,228.8699951171875,225.0,225.02000427246094,44923900,115.93020629882812,117.26499938964844,118.05999755859375,117.07499694824219,117.8550033569336,6602000,5.423079369737253,0.013676557990972782,226.69028701782227,0.17725834827346462,4.7529883401927435,-0.0034053373461793157,114.23942985534669,0.20464323235307916
2024-11-15,223.37893676757812,225.0,226.9199981689453,224.27000427246094,226.39999389648438,47923700,113.05333709716797,114.3550033569336,115.96499633789062,113.9749984741211,115.81500244140625,11229800,5.40886959735374,-0.014209772383512842,226.20671005249022,0.17635688988656983,4.72785971706025,-0.025128623132493644,114.18505516052247,0.22420402914355503
2024-11-18,226.37718200683594,228.02000427246094,229.74000549316406,225.1699981689453,225.25,44633700,113.41912078857422,114.7249984741211,115.20999908447266,113.86000061035156,114.3550033569336,6166800,5.4222025550608715,0.013332957707131499,225.79965896606444,0.1824837983325707,4.731089990735824,0.003230273675574047,114.12227783203124,0.22382465001882354
2024-11-19,226.63528442382812,228.27999877929688,230.16000366210938,226.66000366210938,226.97999572753906,36211800,114.34844207763672,115.66500091552734,115.76000213623047,114.00499725341797,114.00499725341797,6906800,5.423342048845462,0.0011394937845903286,225.43625564575194,0.18273796978301302,4.7392502962188905,0.008160305483066566,114.11189880371094,0.22593064757225007
2024-11-20,227.35012817382812,229.0,229.92999267578125,225.88999938964844,228.05999755859375,35169600,114.24957275390625,115.56500244140625,115.80500030517578,114.0250015258789,115.76499938964844,8874400,5.426491244044022,0.003149195198560051,225.36147842407226,0.1667901692100748,4.738385290195385,-0.0008650060235053658,114.17863159179687,0.21955342452757792
2024-11-21,226.87359619140625,228.52000427246094,230.16000366210938,225.7100067138672,228.8800048828125,42108300,115.41118621826172,116.73999786376953,117.28500366210938,114.9000015258789,116.68499755859375,10591800,5.424393017413884,-0.0020982266301379227,225.2722961425781,0.16690174474059893,4.748501283676535,0.010115993481149665,114.28688468933106,0.22203810987706946
2024-11-22,228.21385192871094,229.8699951171875,230.72000122070312,228.05999755859375,228.05999755859375,38168300,115.47050476074219,116.80000305175781,117.06999969482422,116.11000061035156,116.52999877929688,7090800,5.430283136412709,0.005890118998824967,225.20847549438477,0.16781234899149147,4.749015127312504,0.000513843635968847,114.36869316101074,0.221475117133144
2024-11-25,231.19219970703125,232.8699951171875,233.25,229.74000549316406,231.4600067138672,90152800,115.46556091308594,116.79499816894531,117.88500213623047,116.26499938964844,117.68000030517578,11137200,5.443249397937686,0.012966261524977263,225.19489669799805,0.17157530417002817,4.748972311586493,-4.2815726010836386e-05,114.45198440551758,0.22146114214329682
2024-11-26,233.366455078125,235.05999755859375,235.57000732421875,233.3300018310547,233.3300018310547,45986200,116.04390716552734,117.37999725341797,117.74500274658203,116.87999725341797,117.32499694824219,6229400,5.452609986636121,0.009360588698434924,225.27664337158203,0.17478735609797488,4.753968629537157,0.004996317950664242,114.48757438659668,0.21706723179883308
2024-11-27,233.23739624023438,234.92999267578125,235.69000244140625,233.80999755859375,234.47000122070312,33498400,114.47199249267578,115.79000091552734,116.65499877929688,114.76499938964844,116.58499908447266,6369400,5.452056802855846,-0.000553183780275468,225.5289566040039,0.16470083260029228,4.740330186022244,-0.013638443514913057,114.53626327514648,0.21483563091398294
2024-11-29,235.62010192871094,237.3300018310547,237.80999755859375,233.97000122070312,234.80999755859375,28481400,115.53475952148438,116.86499786376953,117.11000061035156,115.94499969482422,116.05999755859375,4168400,5.462220770415753,0.010163967559907228,226.1081672668457,0.15049585674562538,4.749571432923971,0.009241246901726896,114.82024269104004,0.17757762420449352
2024-12-02,237.86380004882812,239.58999633789062,240.7899932861328,237.16000366210938,237.27000427246094,48137100,116.63212585449219,117.9749984741211,118.41500091552734,116.91999816894531,116.94999694824219,9398200,5.47169824116084,0.009477470745086869,226.94831771850585,0.13998656292104084,4.759024757875368,0.009453324951397057,115.1178165435791,0.17844240923125732
2024-12-03,240.90174865722656,242.64999389648438,242.75999450683594,238.89999389648438,239.80999755859375,38861000,117.05229187011719,118.4000015258789,118.43000030517578,117.24500274658203,117.4749984741211,5576000,5.484389168445566,0.012690927284726428,227.98499221801757,0.14036850034750722,4.762620774011074,0.003596016135706037,115.44059944152832,0.17801803827863022
2024-12-04,241.25917053222656,243.00999450683594,244.11000061035156,241.25,242.8699951171875,44383900,119.1926498413086,120.56500244140625,120.625,119.52999877929688,119.87999725341797,10840000,5.48587175206545,0.0014825836198841813,228.96813583374023,0.14055735407641565,4.7807410903249155,0.018120316313841478,115.79254684448242,0.1820167315674049
2024-12-05,241.28897094726562,243.0399932861328,244.5399932861328,242.1300048828125,243.99000549316406,40033900,118.58959197998047,119.95500183105469,120.51499938964844,119.79000091552734,120.375,5638000,5.4859952647785475,0.0001235127130971847,229.98896713256835,0.13865062940256268,4.7756687253769785,-0.005072364947936947,115.95468025207519,0.15800439495897053
2024-12-06,241.09039306640625,242.83999633789062,244.6300048828125,242.0800018310547,242.91000366210938,36870600,119.04930114746094,120.41999816894531,120.94000244140625,120.03500366210938,120.16500091552734,6654200,5.485171938131965,-0.0008233266465822453,230.7638427734375,0.12473121721976596,4.7795377026717185,0.003868977294740006,116.03920707702636,0.14687570383500057
2024-12-09,244.97222900390625,246.75,247.24000549316406,241.75,241.8300018310547,44649200,118.27323913574219,119.63500213623047,120.4000015258789,119.33000183105469,119.97000122070312,8032400,5.5011448531155525,0.015972914983587216,231.7462127685547,0.1312074146015642,4.772997533524266,-0.006540169147452701,116.09135704040527,0.14902175129326936
2024-12-10,245.98489379882812,247.77000427246094,248.2100067138672,245.33999633789062,246.88999938964844,36914800,116.63212585449219,117.9749984741211,119.55500030517578,117.5999984741211,119.2300033569336,11234400,5.505270126725019,0.004125273609466795,232.91473312377929,0.11629644932900313,4.759024757875368,-0.013972775648897873,116.09382820129395,0.15633924336295965
2024-12-11,244.71412658691406,246.49000549316406,250.8000030517578,246.25999450683594,247.9600067138672,45205800,118.32266235351562,119.68499755859375,120.06500244140625,118.5,118.91000366210938,8689600,5.5000906990108005,-0.005179427714218754,234.01971511840821,0.12061780951719699,4.773415319446856,0.014390561571487659,116.17341194152831,0.16445563466924684
2024-12-12,246.1735382080078,247.9600067138672,248.74000549316406,245.67999267578125,246.88999938964844,32777500,117.66029357910156,119.01499938964844,119.45500183105469,118.62999725341797,118.91999816894531,7218200,5.506036727096566,0.005946028085765498,235.1534881591797,0.12065525054690392,4.767801604581094,-0.005613714865761565,116.24014358520508,0.1653435528173303
2024-12-13,246.34228515625,248.1300048828125,249.2899932861328,246.24000549316406,247.82000732421875,33155300,118.16448974609375,119.5250015258789,120.55999755859375,118.57499694824219,120.08999633789062,8677000,5.506721971902277,0.0006852448057106386,236.1418144226074,0.1167741488488768,4.772077634675368,0.004276030094273686,116.35185775756835,0.1651418914732989
2024-12-16,249.23130798339844,251.0399932861328,251.3800048828125,247.64999389648438,247.99000549316406,51694800,119.34588623046875,120.72000122070312,120.82499694824219,119.42500305175781,119.68000030517578,9442600,5.518381412984286,0.011659441082009003,237.43443298339844,0.09719839518339346,4.7820258840757495,0.009948249400381748,116.6664852142334,0.13603472081630943
2024-12-17,251.6537322998047,253.47999572753906,253.8300018310547,249.77999877929688,250.0800018310547,51356400,118.62420654296875,119.98999786376953,120.45999908447266,119.40499877929688,119.86499786376953,8145000,5.528054064424942,0.00967265144065621,238.69826049804686,0.09409268937682695,4.775960568123475,-0.0060653159522745526,116.92673950195312,0.13951874735893072
2024-12-18,246.26287841796875,248.0500030517578,254.27999877929688,247.74000549316406,252.16000366210938,56774100,114.7982406616211,116.12000274658203,120.7249984741211,115.8499984741211,120.3949966430664,16927200,5.506399576828733,-0.021654487596208583,239.6796401977539,0.13383228813722492,4.74317615852083,-0.032784409602644615,116.94922943115235,0.1848315836208744
2024-12-19,247.99032592773438,249.7899932861328,252.0,247.08999633789062,247.5,60882300,114.92182922363281,116.24500274658203,117.68000030517578,116.09500122070312,117.30000305175781,13383400,5.513389737048227,0.006990160219493724,240.7116500854492,0.1341443535399153,4.744252151349818,0.0010759928289880705,116.98284225463867,0.18481217713503495
2024-12-20,252.65647888183594,254.49000549316406,255.0,245.69000244140625,248.0399932861328,147495300,116.63707733154297,117.9800033569336,118.93000030517578,115.09500122070312,115.45500183105469,14924800,5.532030775113204,0.018641038064976634,242.00079421997071,0.14095946843578916,4.759067210775141,0.014815059425322907,117.04413681030273,0.1888336485889527
2024-12-23,253.4308319091797,255.27000427246094,255.64999389648438,253.4499969482422,254.77000427246094,40858800,117.87288665771484,119.03500366210938,119.08499908447266,117.49500274658203,118.125,7973400,5.53509093337097,0.00306015825776651,243.26164321899415,0.14118190028814256,4.76960681212028,0.01053960134513865,117.16425590515136,0.19214786622006103
2024-12-24,256.3397521972656,258.20001220703125,258.2099914550781,255.2899932861328,255.49000549316406,23234700,119.09088134765625,120.26499938964844,120.2699966430664,119.27999877929688,119.45999908447266,4653400,5.5465037216056725,0.011412788234702376,244.51902084350587,0.14015837171567028,4.779886910438188,0.010280098317908326,117.34552192687988,0.1948585040445676
2024-12-26,257.1538391113281,259.0199890136719,260.1000061035156,257.6300048828125,258.19000244140625,27237100,119.17009735107422,120.34500122070312,120.78500366210938,119.49500274658203,119.87999725341797,7150800,5.549674501572162,0.003170779966489512,245.70839004516603,0.139419731946614,4.780551862011622,0.0006649515734338252,117.50183143615723,0.19444733447084142
2024-12-27,253.74853515625,255.58999633789062,258.70001220703125,253.05999755859375,257.8299865722656,42355300,117.58572387695312,118.74500274658203,119.69000244140625,117.57499694824219,119.53500366210938,8726400,5.536343757556083,-0.01333074401607881,246.73394699096679,0.15273333268812259,4.7671676324913435,-0.013384229520278623,117.65751800537109,0.19418972216486505
2024-12-30,250.38294982910156,252.1999969482422,253.5,250.75,252.22999572753906,35557500,116.0904541015625,117.23500061035156,118.16999816894531,116.29000091552734,117.01499938964844,7950400,5.522991545170781,-0.013352212385302487,247.47208938598632,0.1630461508803463,4.754369663976048,-0.012797968515295466,117.685302734375,0.19801939967503449
2024-12-31,248.61578369140625,250.4199981689453,253.27999877929688,249.42999267578125,252.44000244140625,39480700,115.12498474121094,116.26000213623047,117.63500213623047,115.87999725341797,117.55500030517578,9381200,5.515908667372555,-0.007082877798225695,248.00968856811522,0.1649575995740969,4.746018362034406,-0.008351301941641687,117.60994567871094,0.1971155211963987
2025-01-02,242.0931396484375,243.85000610351562,249.10000610351562,241.82000732421875,248.92999267578125,55740700,114.8526611328125,115.98500061035156,117.51000213623047,114.88999938964844,117.18000030517578,12766600,5.489322526691783,-0.02658614068077192,248.0692581176758,0.18902274154626925,4.743650099374403,-0.0023682626600036727,117.49996414184571,0.19654752469913592
2025-01-03,241.60665893554688,243.36000061035156,244.17999267578125,241.88999938964844,243.36000061035156,40244100,116.72420501708984,117.875,118.0,116.46499633789062,116.69499969482422,9117600,5.487311027500157,-0.0020114991916262426,248.0866325378418,0.18912660928968927,4.759813930099945,0.016163830725542283,117.37654190063476,0.19413788465050877
2025-01-06,243.23484802246094,245.0,247.3300018310547,243.1999969482422,244.30999755859375,45045600,118.2095718383789,119.375,120.52999877929688,118.90499877929688,119.22000122070312,8975400,5.494027429393083,0.006716401892925994,248.18392639160157,0.19059266367472893,4.772459081713419,0.012645151613473793,117.35754089355468,0.1993806527747867
2025-01-07,240.46495056152344,242.2100067138672,245.5500030517578,241.35000610351562,242.97999572753906,40856000,115.83795928955078,116.9800033569336,120.0,116.56999969482422,120.0,10006800,5.482574343214414,-0.011453086178669025,248.15265426635742,0.19517851533385017,4.752192311851973,-0.020266769861446043,117.19697380065918,0.21098053475984932
2025-01-08,240.95140075683594,242.6999969482422,243.7100067138672,240.0500030517578,241.9199981689453,37628900,115.79833984375,116.94000244140625,117.2699966430664,115.81500244140625,117.25,10023800,5.484595256544588,0.002020913330174068,247.9516128540039,0.18597790458936403,4.7518502286263695,-0.0003420832256031403,117.07322883605957,0.21011030978823467
2025-01-10,235.14356994628906,236.85000610351562,240.16000366210938,233.0,240.00999450683594,61710900,113.27323150634766,114.38999938964844,115.7300033569336,113.71499633789062,115.70999908447266,11665800,5.460196263540427,-0.024398993004161262,247.40954666137696,0.2027118570569453,4.729802878039782,-0.02204735058658791,116.90528411865235,0.2184815368482812
2025-01-13,232.71121215820312,234.39999389648438,234.6699981689453,229.72000122070312,233.52999877929688,49630700,112.47115325927734,113.58000183105469,113.66000366210938,112.2249984741211,112.55000305175781,10656000,5.449798252036199,-0.010398011504227256,246.8094009399414,0.2045488924848155,4.722696773291316,-0.007106104748465292,116.61270866394042,0.21099212830007688
2025-01-14,231.59927368164062,233.27999877929688,236.1199951171875,232.47000122070312,234.75,39435300,112.76821899414062,113.87999725341797,114.7750015258789,112.9749984741211,114.45999908447266,7220200,5.4450086096042885,-0.004789642431910934,246.08068771362304,0.20219557944050176,4.72533455286011,0.002637779568793519,116.36810493469238,0.21142825002295
2025-01-15,236.1562042236328,237.8699951171875,238.9600067138672,234.42999267578125,234.63999938964844,39832000,115.01110076904297,116.1449966430664,116.48500061035156,115.05500030517578,115.43499755859375,10465400,5.4644934683816535,0.019484858777365055,245.57138366699218,0.21725474270334877,4.7450286521311416,0.019694099271031718,116.21043548583984,0.22430868483702723
2025-01-16,226.6154327392578,228.25999450683594,238.00999450683594,228.02999877929688,237.35000610351562,71759100,114.12483215332031,115.25,117.16500091552734,115.2249984741211,117.08999633789062,5368400,5.423254451920267,-0.041239016461386946,244.44058990478516,0.2512652724200157,4.737292868187394,-0.007735783943747521,115.94938278198242,0.22125472064217439
2025-01-17,228.3230438232422,229.97999572753906,232.2899932861328,228.47999572753906,232.1199951171875,68488300,115.91221618652344,117.05500030517578,117.47000122070312,116.54000091552734,117.33000183105469,6742600,5.430761485030879,0.007507033110612404,243.27405548095703,0.24972873961068473,4.752833147608506,0.015540279421111691,115.81378326416015,0.22943644212740502
2025-01-21,221.03594970703125,222.63999938964844,224.4199981689453,219.3800048828125,224.0,98070400,116.87769317626953,118.02999877929688,118.31999969482422,116.62999725341797,117.44499969482422,6744200,5.398325356646297,-0.032436128384581764,242.01270904541016,0.26197512799134803,4.761128030562778,0.008294882954272609,115.91775588989258,0.19859298039803422
2025-01-22,222.21734619140625,223.8300018310547,224.1199951171875,219.7899932861328,219.7899932861328,64126500,119.51667785644531,120.69499969482422,120.9749984741211,119.45500183105469,119.625,10243800,5.403655939826459,0.005330583180161774,240.72406005859375,0.26099820267073065,4.783455925285727,0.022327894722948827,116.1474983215332,0.2126745111686374
2025-01-23,222.04859924316406,223.66000366210938,227.02999877929688,222.3000030517578,224.74000549316406,60234800,119.7295913696289,120.91000366210938,120.93499755859375,119.6500015258789,119.76499938964844,7604400,5.402896273423524,-0.0007596664029350109,239.19366607666015,0.24585708971611586,4.785235794790738,0.001779869505011078,116.3021240234375,0.20718709260660384
2025-01-24,221.17495727539062,222.77999877929688,225.6300048828125,221.41000366210938,224.77999877929688,54697900,118.48188781738281,119.6500015258789,121.29000091552734,119.26499938964844,121.29000091552734,6607600,5.398954050198371,-0.003942223225153363,237.58087234497071,0.24350727413857504,4.774760103470204,-0.010475691320534608,116.3325740814209,0.20819508575618936
2025-01-27,228.20391845703125,229.86000061035156,232.14999389648438,223.97999572753906,224.02000427246094,94863400,112.67414093017578,113.78500366210938,115.48999786376953,112.73500061035156,114.29000091552734,20705600,5.430239608433188,0.031285558234817046,236.174080657959,0.271802091282717,4.724499944231479,-0.050260159238725066,116.01173706054688,0.27098083759039426
2025-01-28,236.5433807373047,238.25999450683594,240.19000244140625,230.80999755859375,230.85000610351562,75707600,115.67951965332031,116.81999969482422,117.08000183105469,113.34500122070312,114.55500030517578,11260600,5.4661316191758305,0.03589201074264281,235.1435577392578,0.30848791672106274,4.750823606027355,0.02632366179587642,115.83720817565919,0.2899371656876658
2025-01-29,237.63548278808594,239.36000061035156,239.86000061035156,234.00999450683594,234.1199951171875,45486100,114.73877716064453,115.87000274658203,116.6449966430664,114.74500274658203,116.58999633789062,9050000,5.470737914672326,0.004606295496495605,234.3379051208496,0.30799897773023577,4.7426580416360595,-0.008165564391295455,115.69486083984376,0.28767981548267524
2025-01-30,235.87823486328125,237.58999633789062,240.7899932861328,237.2100067138672,238.6699981689453,55658300,114.9516830444336,116.08499908447266,116.48500061035156,114.87000274658203,115.66500091552734,8840200,5.463315717906412,-0.007422196765913824,233.6126693725586,0.3061406907419805,4.744511892636877,0.0018538510008170306,115.6379222869873,0.2845467306604605
2025-01-31,234.29969787597656,236.0,247.19000244140625,233.44000244140625,247.19000244140625,100959800,114.2783203125,115.40499877929688,117.86499786376953,115.09500122070312,117.16500091552734,10741800,5.456601056037787,-0.006714661868625349,232.8968650817871,0.3060780838401583,4.738636879254031,-0.005875013382845573,115.59558906555176,0.2837744017148104
2025-02-03,226.36724853515625,228.00999450683594,231.8300018310547,225.6999969482422,229.99000549316406,73063300,112.73851013183594,113.8499984741211,114.54499816894531,112.25,112.8499984741211,13752800,5.42215867391729,-0.03444238212049733,232.11057052612304,0.31525223387622975,4.725071067485711,-0.013565811768319946,115.48988151550293,0.2875788271390287
2025-02-04,231.12274169921875,232.8000030517578,233.1300048828125,226.64999389648438,227.25,45067300,114.36248779296875,115.48999786376953,115.66999816894531,114.19999694824219,114.23999786376953,8371200,5.4429489187529825,0.020790244835692917,231.58637466430665,0.3267254191962811,4.7393731212658405,0.014302053780129498,115.37179565429688,0.2861837006853054
2025-02-05,230.7951202392578,232.47000122070312,232.6699981689453,228.27000427246094,228.52999877929688,39620300,115.95182800292969,117.09500122070312,117.12000274658203,115.2300033569336,115.59500122070312,5398000,5.441530391599591,-0.0014185271533913024,230.9643882751465,0.32504669819962023,4.753174829018662,0.013801707752821635,115.25890846252442,0.2869447032637592
2025-02-06,231.5397186279297,233.22000122070312,233.8000030517578,230.42999267578125,231.2899932861328,29925300,116.2686996459961,117.41500091552734,117.65499877929688,116.57499694824219,117.09500122070312,6808000,5.444751429556708,0.0032210379571164793,230.51812667846679,0.3239322750443242,4.755903888701197,0.0027290596825348956,115.28044548034669,0.2778952849156074
2025-02-07,225.989990234375,227.6300048828125,234.0,227.25999450683594,232.60000610351562,39707200,115.27351379394531,116.41000366210938,118.45500183105469,116.0199966430664,117.88999938964844,8552800,5.42049070729307,-0.02426072226363729,229.77005615234376,0.33302842897522306,4.747307685309118,-0.008596203392079005,115.25420417785645,0.27964221073070994
2025-02-10,226.25833129882812,227.64999389648438,230.58999633789062,227.1999969482422,229.57000732421875,33115600,116.95691680908203,118.11000061035156,118.40499877929688,117.29499816894531,117.33000183105469,6054200,5.4216774053223045,0.0011866980292341012,229.3257942199707,0.32368527620254145,4.761805634582549,0.014497949273430955,115.43838844299316,0.2717995928420123
2025-02-11,231.19793701171875,232.6199951171875,235.22999572753906,228.1300048828125,228.1999969482422,53718400,117.01138305664062,118.16500091552734,118.63999938964844,117.375,117.45500183105469,6456200,5.443274213798719,0.02159680847641443,229.2501304626465,0.33238546415297726,4.762271221147684,0.00046558656513528973,115.66539993286133,0.26990506167945083
2025-02-12,235.42198181152344,236.8699951171875,236.9600067138672,230.67999267578125,231.1999969482422,45243300,116.75887298583984,117.91000366210938,118.05000305175781,116.37000274658203,116.5,8555600,5.461379571144142,0.018105357345422846,229.44126586914064,0.3381923134792636,4.760110893539876,-0.0021603276078083766,115.86493263244628,0.27028676471170243
2025-02-13,240.05348205566406,241.52999877929688,242.33999633789062,235.57000732421875,236.91000366210938,53614100,118.41255950927734,119.58000183105469,119.65499877929688,117.95500183105469,118.12000274658203,7829600,5.4808617404150235,0.019482169270881755,229.6361297607422,0.33819034475074145,4.774174793760609,0.014063900220732783,116.03500556945801,0.26603148498615853
2025-02-14,243.10472106933594,244.60000610351562,245.5500030517578,240.99000549316406,241.25,40896200,118.81361389160156,119.98500061035156,120.08499908447266,119.26000213623047,119.4800033569336,4557000,5.4934923014104955,0.012630560995471996,230.4605941772461,0.30139442512928305,4.777555995410185,0.0033812016495762265,116.26944465637207,0.2638540821874544
2025-02-18,242.9755401611328,244.47000122070312,245.17999267578125,241.83999633789062,244.14999389648438,48822500,119.89791870117188,121.08000183105469,121.09500122070312,120.04499816894531,120.6050033569336,6024000,5.4929607805010985,-0.0005315209093970097,231.19321899414064,0.30133186689489544,4.786640703260386,0.009084707850201212,116.46872978210449,0.260437430880442
2025-02-19,243.373046875,244.8699951171875,246.00999450683594,243.16000366210938,244.66000366210938,32204200,119.90782928466797,121.08999633789062,121.56999969482422,120.0999984741211,120.94499969482422,5604200,5.4945954384932385,0.0016346579921400206,232.31007385253906,0.27074273325766485,4.7867233583558955,8.265509550930972e-05,116.62023658752442,0.25930422607087694
2025-02-20,244.3271942138672,245.8300018310547,246.77999877929688,244.2899932861328,244.94000244140625,32316900,119.52658081054688,120.70500183105469,121.13500213623047,119.43000030517578,120.9749984741211,5987400,5.498508286902335,0.003912848409096448,233.41556625366212,0.2707535915170277,4.783538780197951,-0.0031845781579447063,116.6207317352295,0.24737721720829442
2025-02-21,244.04891967773438,245.5500030517578,248.69000244140625,245.22000122070312,245.9499969482422,53197400,116.28851318359375,117.43499755859375,120.79000091552734,117.375,120.73999786376953,9057600,5.497368695680189,-0.0011395912221461302,234.5155822753906,0.2708593326557929,4.756074285803954,-0.027464494393997008,116.44867782592773,0.26569514402272637
2025-02-24,245.5894317626953,247.10000610351562,248.86000061035156,244.4199981689453,244.92999267578125,51326400,114.6249008178711,115.75499725341797,118.22000122070312,115.61000061035156,117.88999938964844,7447600,5.503661165064973,0.00629246938478456,235.73630599975587,0.2689459721375011,4.741665065301412,-0.01440922050254212,116.25582847595214,0.26782416130997405
2025-02-25,245.52980041503906,247.0399932861328,250.0,244.91000366210938,248.0,48013300,113.1395492553711,114.25499725341797,115.61499786376953,113.4749984741211,115.51000213623047,10433600,5.503418326487119,-0.00024283857785434293,236.60260009765625,0.2511378387533213,4.728622005952426,-0.013043059348985864,116.27909889221192,0.20297132613734095
2025-02-26,238.890625,240.36000061035156,244.97999572753906,239.1300048828125,244.3300018310547,44433600,114.37239074707031,115.5,116.58999633789062,114.61499786376953,115.375,7630600,5.476005811200942,-0.027412515286177275,236.719962310791,0.24379768923916692,4.739459710195093,0.010837704242667279,116.21374244689942,0.18300359266369712
2025-02-27,235.84933471679688,237.3000030517578,242.4600067138672,237.05999755859375,239.41000366210938,41153600,110.20845031738281,111.29499816894531,116.25,111.24500274658203,116.12999725341797,10100000,5.463193188936794,-0.012812622264148033,236.63065490722656,0.247709766840079,4.702373575424869,-0.03708613477022382,115.98722610473632,0.22328751939031846
2025-02-28,240.36158752441406,241.83999633789062,242.08999633789062,230.1999969482422,236.9499969482422,56833400,111.66410064697266,112.76499938964844,112.87999725341797,109.8499984741211,110.79499816894531,14172200,5.482144404221808,0.0189512152850142,236.8548225402832,0.25533422213182033,4.7154952636120875,0.013121688187218261,115.82284698486328,0.22937569547021672
2025-03-03,236.5748748779297,238.02999877929688,244.02999877929688,236.11000061035156,241.7899932861328,47184000,108.26758575439453,109.33499908447266,113.57499694824219,108.5250015258789,113.34500122070312,12516200,5.4662647535045,-0.01587965071730757,236.96858139038085,0.260988940257124,4.684605808694168,-0.0308894549179195,115.52231025695801,0.2518589614484027
2025-03-04,234.48773193359375,235.92999267578125,240.07000732421875,234.67999267578125,237.7100067138672,53798100,108.18341827392578,109.25,111.18000030517578,107.12999725341797,108.5250015258789,17721000,5.457403270669598,-0.00886148283490229,237.37460556030274,0.22948008109910262,4.683828103965204,-0.0007777047289643235,115.2945556640625,0.2486123438876735
2025-03-05,234.29888916015625,235.74000549316406,236.5500030517578,229.22999572753906,235.4199981689453,47227600,109.70343780517578,110.78500366210938,111.1449966430664,108.12000274658203,109.58999633789062,11931000,5.456597604402026,-0.0008056662675723913,237.5334129333496,0.2182593647406257,4.697780705032411,0.013952601067207304,115.06160316467285,0.24831017917401585
2025-03-06,233.8914031982422,235.3300018310547,237.86000061035156,233.16000366210938,234.44000244140625,45170400,106.65845489501953,107.70999908447266,110.2249984741211,107.19000244140625,108.51000213623047,16432000,5.454856918738718,-0.0017406856633073176,237.68822708129883,0.21830348632719052,4.669631718802946,-0.028148986229465045,114.59693450927735,0.2572148708473741
2025-03-07,237.60853576660156,239.07000732421875,241.3699951171875,234.75999450683594,235.11000061035156,46273600,108.20321655273438,109.2699966430664,109.54499816894531,106.31500244140625,107.58499908447266,11263400,5.470624511786814,0.015767593048095385,237.9916679382324,0.22470001733712378,4.684011093814643,0.01437937501169717,114.19366035461425,0.26458265667564723
2025-03-10,226.08935546875,227.47999572753906,236.16000366210938,224.22000122070312,235.5399932861328,72071200,103.60356140136719,104.625,107.30999755859375,103.54000091552734,107.11000061035156,21561800,5.420930299311239,-0.049694212475574595,237.99663619995118,0.27546505758511447,4.640571705695599,-0.0434393881190438,113.61016273498535,0.29987286108404543
2025-03-11,219.48995971679688,220.83999633789062,225.83999633789062,217.4499969482422,223.80999755859375,76137400,103.1827163696289,104.19999694824219,105.95500183105469,103.1449966430664,104.30500030517578,14832800,5.391306489859921,-0.029623809451318373,237.6582176208496,0.2947712790887546,4.636501361983138,-0.0040703437124616215,112.9214527130127,0.2906860956179237
2025-03-12,215.653564453125,216.97999572753906,221.75,214.91000366210938,220.13999938964844,62547500,104.80670166015625,105.83999633789062,106.76000213623047,104.57499694824219,106.05999755859375,10981600,5.373673251837961,-0.017633238021959485,236.88099899291993,0.2867524449935127,4.652117716981306,0.01561635499816827,112.31121864318848,0.30015954380309484
2025-03-13,208.39817810058594,209.67999267578125,216.83999633789062,208.4199981689453,215.9499969482422,61368300,102.81633758544922,103.83000183105469,105.7699966430664,103.42500305175781,105.53500366210938,12383000,5.339450567521352,-0.03422268431660935,235.52980880737306,0.29456158824088935,4.632944266322172,-0.01917345065913434,111.61409187316895,0.30369743659943266
2025-03-14,212.18490600585938,213.49000549316406,213.9499969482422,209.5800018310547,211.25,60107600,105.92567443847656,106.97000122070312,107.08000183105469,105.15499877929688,105.19000244140625,10040800,5.357458092669084,0.018007525147732295,234.13638000488282,0.2929050584033663,4.662737663624537,0.029793397302364966,110.9897476196289,0.3222897370284145
2025-03-17,212.69180297851562,214.0,215.22000122070312,209.97000122070312,213.30999755859375,48073400,106.66339874267578,107.71499633789062,108.4800033569336,106.57499694824219,106.88500213623047,10148800,5.359844183515845,0.00238609084676078,232.6157341003418,0.28636806282348193,4.669678069868932,0.006940406244395625,110.38223686218262,0.32384498138615275
2025-03-18,211.38980102539062,212.69000244140625,215.14999389648438,211.49000549316406,214.16000366210938,42432400,105.03941345214844,106.07499694824219,107.05999755859375,105.68499755859375,106.94999694824219,11486600,5.3537038273593085,-0.0061403561565365194,231.03644714355468,0.28546087626707345,4.6543356459361895,-0.015342423932742655,109.63931159973144,0.3209551642778252
2025-03-19,213.92420959472656,215.24000549316406,218.75999450683594,213.75,214.22000122070312,54385400,106.40593719482422,107.45500183105469,108.71499633789062,106.17500305175781,106.62000274658203,8838600,5.365621791519808,0.011917964160499395,229.56400527954102,0.2918313360237146,4.667261376053978,0.012925730117788525,108.96421699523925,0.3276772174369086
2025-03-20,212.79116821289062,214.10000610351562,217.49000549316406,212.22000122070312,213.99000549316406,48862900,105.64840698242188,106.69000244140625,107.86499786376953,106.07499694824219,106.23500061035156,7145200,5.360311253847254,-0.005310537672554183,227.9872039794922,0.2893135736281508,4.66011666569398,-0.007144710359997752,108.270308303833,0.32753172734677793
2025-03-21,216.9356689453125,218.27000427246094,218.83999633789062,211.27999877929688,211.55999755859375,94127800,105.93558502197266,106.9800033569336,107.125,104.97000122070312,105.36000061035156,10425400,5.379600853115338,0.0192895992680846,226.63154144287108,0.3034599568022619,4.662831220922634,0.0027145552286533814,107.75266189575196,0.3189147374948746
2025-03-24,219.38064575195312,220.72999572753906,221.47999572753906,218.5800018310547,221.0,44299500,107.94184875488281,108.81500244140625,109.07499694824219,108.28500366210938,108.56999969482422,8200200,5.390808329510413,0.011207476395075133,225.32110214233398,0.3065622804733494,4.68159264465993,0.01876142373729639,107.41850929260254,0.327099203387188
2025-03-25,222.38217163085938,223.75,224.10000610351562,220.0800018310547,220.77000427246094,34493600,108.29896545410156,109.17500305175781,109.31999969482422,108.69000244140625,108.74500274658203,7481800,5.404397395632851,0.01358906612243782,224.163720703125,0.3136436238065388,4.684895601367612,0.003302956707681659,107.17648010253906,0.32558779893631873
2025-03-26,220.1757354736328,221.52999877929688,225.02000427246094,220.47000122070312,223.50999450683594,34466100,105.88349151611328,106.73999786376953,109.0999984741211,106.31999969482422,108.83999633789062,7873000,5.394426025090771,-0.00997137054207986,223.22797622680665,0.3030072245746132,4.662339352977961,-0.022556248389650868,106.75203514099121,0.32942595386111967
2025-03-27,222.4815673828125,223.85000610351562,224.99000549316406,220.55999755859375,221.38999938964844,37094800,104.90640258789062,105.75499725341797,106.61000061035156,105.19499969482422,106.01000213623047,6577800,5.404844254951291,0.010418229860519546,222.55958786010743,0.3053380656295023,4.6530685486959324,-0.009270804282028422,106.4869327545166,0.3061887244485591
2025-03-28,216.56793212890625,217.89999389648438,223.80999755859375,217.67999267578125,221.6699981689453,39818600,102.36199951171875,103.19000244140625,105.62999725341797,102.83999633789062,105.20500183105469,10667600,5.37790427249316,-0.02693998245813134,221.36990509033203,0.3051978112689145,4.628515545212941,-0.02455300348299172,106.0218276977539,0.3099332531266771
2025-03-31,220.77207946777344,222.1300048828125,225.6199951171875,216.22999572753906,217.00999450683594,65299300,102.41159057617188,103.23999786376953,103.4749984741211,100.36499786376953,101.38999938964844,14219000,5.397130854721443,0.019226582228283107,220.57976531982422,0.3142298795116892,4.628999895420419,0.00048435020747827906,105.72902793884278,0.29389315275362554
2025-04-01,221.82557678222656,223.19000244140625,223.67999267578125,218.89999389648438,219.80999755859375,36412700,103.16053771972656,103.99500274658203,104.08499908447266,101.98999786376953,102.83000183105469,9480200,5.40189138288584,0.004760528164397648,219.94665756225587,0.31484200369701276,4.636286393482368,0.0072864980619486985,105.4778839111328,0.29600838142033264
2025-04-02,222.5213165283203,223.88999938964844,225.19000244140625,221.02000427246094,221.32000732421875,35905900,103.92435455322266,104.76499938964844,105.62999725341797,102.43000030517578,102.51000213623047,9292000,5.40502290163899,0.0031315187531495425,219.35777893066407,0.31547827596712663,4.643663274421533,0.007376880939164998,105.18892974853516,0.2920914341475579
2025-04-03,201.9478759765625,203.19000244140625,207.49000549316406,201.25,205.5399932861328,103419000,96.83171844482422,97.61499786376953,100.3499984741211,97.53500366210938,99.74500274658203,19451400,5.30800962438324,-0.09701327725574949,217.76060256958007,0.460192480001694,4.572974610495026,-0.0706886639265063,104.6975929260254,0.36990433027306036
2025-04-04,187.2283935546875,188.3800048828125,199.8800048828125,187.33999633789062,193.88999938964844,125910900,90.45331573486328,91.18499755859375,95.31999969482422,91.1500015258789,94.56999969482422,33804600,5.2323292275136275,-0.07568039686961292,215.24159545898436,0.5109676553111078,4.504833869376852,-0.06814074111817447,103.81009788513184,0.42494127685569333
2025-04-07,180.35072326660156,181.4600067138672,194.14999389648438,174.6199951171875,177.1999969482422,160466300,90.99394226074219,91.7300033569336,95.90499877929688,86.2249984741211,87.46499633789062,44557800,5.194903417691391,-0.037425809822236644,212.95466384887695,0.5006891679834641,4.5107929357377925,0.005959066360940568,103.17961692810059,0.4076025416620481
2025-04-08,171.365966796875,172.4199981689453,190.33999633789062,169.2100067138672,186.6999969482422,120859500,89.1438980102539,89.86499786376953,96.41999816894531,88.22000122070312,95.1449966430664,25811400,5.143801426336429,-0.05110199135496174,210.54846420288087,0.5166634929983327,4.490251895643024,-0.020541040094768093,102.47767601013183,0.41048910778534653
2025-04-09,197.6343994140625,198.85000610351562,200.61000061035156,171.88999938964844,171.9499969482422,184395900,101.11209869384766,101.93000030517578,102.48999786376953,89.93499755859375,90.05000305175781,36988800,5.286418856266096,0.14261742992966653,209.64750595092772,0.7537650120283392,4.6162297894287665,0.1259778937857421,102.2929458618164,0.6237699429292616
2025-04-10,189.2559356689453,190.4199981689453,194.77999877929688,183.0,189.07000732421875,121880000,96.40516662597656,97.18499755859375,99.0999984741211,93.86499786376953,98.42500305175781,19747600,5.243100255994513,-0.04331860027158285,208.6903938293457,0.7592159174238589,4.568559795885452,-0.04766999354331425,101.97238731384277,0.6422287600618025
2025-04-11,196.93865966796875,198.14999389648438,199.5399932861328,186.05999755859375,186.10000610351562,87435900,98.37921142578125,99.17500305175781,99.5999984741211,95.9749984741211,96.69999694824219,14423200,5.2828923080077725,0.03979205201325975,207.92808151245117,0.7717370588014116,4.588829515740245,0.020269719854792534,101.59506416320801,0.6366008881794588
2025-04-14,201.281982421875,202.52000427246094,212.94000244140625,201.16000366210938,211.44000244140625,101352900,99.27693939208984,100.08000183105469,102.31500244140625,99.0,102.25,11904400,5.304706822538867,0.021814514531094176,207.35759048461915,0.7768431401012625,4.597913312380161,0.009083796639916208,101.22574119567871,0.6371210946573497
2025-04-15,200.90428161621094,202.13999938964844,203.50999450683594,199.8000030517578,201.86000061035156,51343900,99.6390151977539,100.44499969482422,101.20500183105469,99.9749984741211,100.23500061035156,7200000,5.302828583770049,-0.0018782387688176527,206.83331451416015,0.7767442437036246,4.601553806741704,0.003640494361542679,100.95572128295899,0.6360384661594846
2025-04-16,193.08238220214844,194.27000427246094,200.6999969482422,192.3699951171875,198.36000061035156,59732400,96.17700958251953,96.95500183105469,98.79000091552734,95.2699966430664,97.75,13222400,5.263116948618338,-0.03971163515171128,205.79122314453124,0.7855650315950347,4.56619034348135,-0.03536346326035389,100.44427490234375,0.6434195183561983
2025-04-17,195.7758026123047,196.97999572753906,198.8300018310547,194.4199981689453,197.1999969482422,52164700,95.65623474121094,96.43000030517578,97.6500015258789,96.0199966430664,97.6500015258789,7480800,5.276970140295586,0.013853191677248411,204.94045486450196,0.7884450244246366,4.560760876628767,-0.0054294668525827205,99.94466629028321,0.643374386139282
2025-04-21,191.97918701171875,193.16000366210938,193.8000030517578,189.80999755859375,193.27000427246094,46742500,93.18621826171875,93.94000244140625,95.1449966430664,92.59500122070312,94.90499877929688,8973400,5.257386965171339,-0.019583175124247454,203.69263076782227,0.7851738396579856,4.5345998380289565,-0.02616103859981056,99.30719795227051,0.646956016289739
2025-04-22,198.5189666748047,199.74000549316406,201.58999633789062,195.97000122070312,196.1199951171875,52976400,95.45783233642578,96.2300033569336,96.78500366210938,94.63500213623047,95.19000244140625,9312800,5.2908846455616505,0.03349768039031176,202.64954681396483,0.7956118052361892,4.558684603761013,0.024084765732056646,98.68299713134766,0.6499721454009212
2025-04-23,203.3492431640625,204.60000610351562,208.0,202.8000030517578,206.0,52929200,98.22544860839844,99.0199966430664,100.9749984741211,98.61499786376953,99.91999816894531,13413800,5.314924910507421,0.024040264945770495,201.697900390625,0.7997042167288293,4.587265332585007,0.028580728823993873,98.1793212890625,0.6609463897916895
2025-04-24,207.09620666503906,208.3699951171875,208.8300018310547,202.94000244140625,204.88999938964844,47311000,101.89078521728516,102.71499633789062,102.8550033569336,99.83499908447266,99.99500274658203,9317000,5.333183451792646,0.018258541285224972,201.0439239501953,0.803399787261899,4.6239015064761295,0.0366361738911225,97.9796859741211,0.673234864940107
2025-04-25,208.00062561035156,209.27999877929688,209.75,206.1999969482422,206.3699951171875,38222300,103.39859008789062,104.23500061035156,104.43000030517578,102.30500030517578,102.40499877929688,6518400,5.337541087438869,0.004357635646223379,200.31987686157225,0.8023383658163546,4.638591326467734,0.014689819991604125,97.9042953491211,0.6751356270641582
2025-04-28,208.85537719726562,210.13999938964844,211.5,207.4600067138672,210.0,38743100,103.22997283935547,104.06500244140625,104.61499786376953,102.51000213623047,104.0999984741211,5574400,5.341642037306815,0.004100949867945403,199.93424911499022,0.7977943992441665,4.636959245369409,-0.001632081098324356,97.94769401550293,0.6692827952882909
2025-04-29,209.91883850097656,211.2100067138672,212.24000549316406,208.3699951171875,208.69000244140625,36827600,103.71107482910156,104.55000305175781,104.98500061035156,103.56500244140625,103.56500244140625,9144400,5.346720972684856,0.0050789353780409385,199.3915870666504,0.7944192768836488,4.641608906342188,0.004649660972778413,98.01266822814941,0.6694512203118446
2025-04-30,211.20094299316406,212.5,213.5800018310547,206.6699981689453,209.3000030517578,52286500,104.142578125,104.98500061035156,105.375,101.9000015258789,102.49500274658203,10203800,5.352810016751893,0.0060890440670373636,198.86035537719727,0.7945947481200767,4.645760903765942,0.004151997423754494,98.06177024841308,0.6691302592326017
2025-05-01,212.01596069335938,213.32000732421875,214.55999755859375,208.89999389648438,209.0800018310547,57365700,105.67023468017578,106.5250015258789,108.2750015258789,106.43000030517578,107.27999877929688,11532800,5.356661558127573,0.003851541375680334,198.33508758544923,0.7946659852891803,4.66032325132845,0.014562347562507405,98.14906425476075,0.6705979587533946
2025-05-02,204.09466552734375,205.35000610351562,206.99000549316406,202.16000366210938,206.08999633789062,101010600,107.43594360351562,108.30500030517578,108.80999755859375,107.45500183105469,107.74500274658203,8125400,5.318583932910508,-0.03807762521706515,198.4424270629883,0.726205199133899,4.676894796508905,0.016571545180455338,98.67927551269531,0.6165158124828589
2025-05-05,197.6741485595703,198.88999938964844,204.10000610351562,198.2100067138672,203.10000610351562,69018500,106.86556243896484,107.7300033569336,108.5,107.31999969482422,107.375,6757000,5.286619960673503,-0.03196397223700487,198.96471481323243,0.6804993533947556,4.671571618693181,-0.0053231778157236675,99.4998878479004,0.5546255893791316
2025-05-06,197.29647827148438,198.50999450683594,200.64999389648438,197.02000427246094,198.2100067138672,51216500,105.97773742675781,106.83499908447266,107.62000274658203,105.80500030517578,106.12999725341797,7958200,5.2847075632569185,-0.0019123974165848878,199.81200256347657,0.6641962882227754,4.66322904777801,-0.008342570915170988,100.24907760620117,0.557753334214133
2025-05-07,195.05027770996094,196.25,199.44000244140625,193.25,199.1699981689453,68536700,107.03914642333984,107.90499877929688,108.375,106.0999984741211,106.83499908447266,8169400,5.2732573597402235,-0.011450203516695012,200.99621810913087,0.634424529613481,4.673194621977232,0.009965574199221727,101.14384002685547,0.5477452422881238
2025-05-08,196.28271484375,197.49000549316406,200.0500030517578,194.67999267578125,197.72000122070312,50478900,108.0608901977539,108.93499755859375,109.97000122070312,108.00499725341797,108.9749984741211,8704400,5.279556042610408,0.006298682870184535,200.92863388061522,0.3799133230451608,4.682694866377119,0.009500244399887059,101.49127960205078,0.33165482336758106
2025-05-09,197.3163604736328,198.52999877929688,200.5399932861328,197.5399932861328,199.0,36453900,107.9269790649414,108.80000305175781,109.62000274658203,108.23999786376953,109.41999816894531,7330000,5.284808331403381,0.0052522887929731255,201.3316551208496,0.34451315665274046,4.681454878683109,-0.001239987694010125,102.06737022399902,0.27267776626390977
2025-05-12,209.776123046875,210.7899932861328,211.27000427246094,206.75,210.97000122070312,63775800,112.93645477294922,113.8499984741211,113.88999938964844,112.2699966430664,113.41500091552734,13478200,5.346040881320041,0.06123254991666016,201.97352828979493,0.38200347282040853,4.726825313393841,0.04537043471073243,102.79523239135742,0.30336360333371953
2025-05-13,211.9058380126953,212.92999267578125,213.39999389648438,209.0,210.42999267578125,51909300,115.376708984375,116.30999755859375,116.69000244140625,114.12999725341797,114.26000213623047,12757200,5.356142015686126,0.010101134366085063,202.50472106933594,0.3766409679329571,4.748202505145599,0.021377191751757785,103.60022087097168,0.3076457124874
2025-05-14,211.3087158203125,212.3300018310547,213.94000244140625,210.5800018310547,212.42999267578125,49325800,116.12566375732422,117.06500244140625,117.5250015258789,116.37999725341797,116.8550033569336,10248000,5.353320172329346,-0.0028218433567799295,203.02494277954102,0.3768036924810753,4.754672913004205,0.006470407858605753,104.4245532989502,0.3073369205574771
2025-05-15,210.4329376220703,211.4499969482422,212.9600067138672,209.5399932861328,210.9499969482422,45029500,116.28436279296875,117.2249984741211,117.88500213623047,116.29000091552734,116.43000030517578,9536400,5.3491670162446665,-0.004153156084679921,203.8924705505371,0.3436187371021176,4.756038594706202,0.0013656817019969125,105.42992095947265,0.26370517620097866
2025-05-16,210.24386596679688,211.25999450683594,212.57000732421875,209.77000427246094,212.36000061035156,54737900,116.50260162353516,117.44499969482422,117.6050033569336,116.43000030517578,117.6050033569336,8111600,5.348268123477624,-0.0008988927670428026,204.61587371826172,0.34216741265783623,4.757913604288901,0.0018750095826991497,106.47223930358886,0.2594637193805578
2025-05-19,207.7758026123047,208.77999877929688,209.47999572753906,204.25999450683594,207.91000366210938,46140500,116.3339614868164,117.2750015258789,117.54000091552734,115.66999816894531,115.70999908447266,11863000,5.336459626323241,-0.011808497154382813,205.40570449829102,0.33625324270568113,4.756465033119881,-0.0014485711690204184,107.62962646484375,0.22672664178665677
2025-05-20,205.86502075195312,206.86000061035156,208.47000122070312,205.02999877929688,207.6699981689453,42496600,115.8974838256836,116.83499908447266,116.8550033569336,115.94999694824219,116.54499816894531,10273200,5.327220714958455,-0.009238911364786162,205.77300720214845,0.3202915025233284,4.752706040236736,-0.0037589928831449626,108.65160903930663,0.22710791936565278
2025-05-21,201.11798095703125,202.08999633789062,207.0399932861328,200.7100067138672,205.1699981689453,59211800,113.72010040283203,114.63999938964844,117.3550033569336,114.17500305175781,115.73999786376953,18643600,5.303891705795083,-0.023329009163371772,205.66144409179688,0.32083428016986637,4.73374016967752,-0.018965870559215503,109.42634162902831,0.23717263482326517
2025-05-22,200.39149475097656,201.36000061035156,202.75,199.6999969482422,200.7100067138672,46742400,113.74986267089844,114.66999816894531,115.69999694824219,114.41500091552734,114.69499969482422,11372000,5.300272926947657,-0.0036187788474260074,205.32620849609376,0.31312806748542366,4.734001850541526,0.0002616808640061308,110.01929550170898,0.21127931434876132
2025-05-23,194.33078002929688,195.27000427246094,197.6999969482422,193.4600067138672,193.6699981689453,78432900,112.4950180053711,113.40499877929688,114.1449966430664,112.55000305175781,112.67500305175781,12004000,5.269561758810289,-0.030711168137368183,204.64271621704103,0.3285734513262304,4.72290893626719,-0.011092914274335897,110.474116897583,0.21617842602792656
2025-05-27,199.2470245361328,200.2100067138672,200.74000549316406,197.42999267578125,198.3000030517578,56288500,115.16838836669922,116.0999984741211,116.26000213623047,114.78500366210938,115.16999816894531,14208400,5.294545384239538,0.02498362542924948,204.16229858398438,0.34294271423391437,4.7463953040663585,0.02348636779916813,111.0710376739502,0.22535841497312992
2025-05-28,199.45602416992188,200.4199981689453,202.72999572753906,199.89999389648438,200.58999633789062,45339700,114.69224548339844,115.62000274658203,116.70500183105469,115.44999694824219,116.23999786376953,10789200,5.29559378180565,0.0010483975661115252,203.63915786743163,0.3420812937429191,4.742252414904785,-0.004142889161573571,111.62009620666504,0.2279303824482298
2025-05-29,198.98826599121094,199.9499969482422,203.80999755859375,198.50999450683594,203.5800018310547,51396800,114.88568115234375,115.81500244140625,117.48999786376953,115.22000122070312,117.37000274658203,14011800,5.293245858117709,-0.0023479236879406784,203.02852401733398,0.34056079385061877,4.743937557004942,0.001685142100156689,112.15725135803223,0.22822473751037584
2025-05-30,199.8839569091797,200.85000610351562,201.9600067138672,196.77999877929688,199.3699951171875,70819900,114.52857971191406,115.45500183105469,115.81500244140625,113.70999908447266,115.76000213623047,13494000,5.29773698270381,0.004491124586101236,202.421923828125,0.34073843430850226,4.740824396319146,-0.0031131606857952576,112.60016860961915,0.22692920053497975
2025-06-02,200.72987365722656,201.6999969482422,202.1300048828125,200.1199951171875,200.27999877929688,35423300,115.5403823852539,116.4749984741211,116.54499816894531,115.01000213623047,115.1500015258789,12878800,5.30196009204614,0.004223109342329501,202.25368423461913,0.31500505941133927,4.749620099896318,0.008795703577171743,113.00539054870606,0.22286949242642462
2025-06-03,202.29229736328125,203.27000427246094,203.77000427246094,200.9600067138672,201.35000610351562,46381600,117.2763442993164,118.2249984741211,118.31500244140625,116.54499816894531,116.62999725341797,14312400,5.309713668131374,0.00775357608523386,202.48459167480468,0.29377580285376514,4.764533066944104,0.014912967047785664,113.52592964172364,0.22365416962559825
2025-06-04,201.844482421875,202.82000732421875,206.24000549316406,202.10000610351562,202.91000366210938,43604000,117.44993591308594,118.4000015258789,118.7699966430664,117.81500244140625,118.375,10899200,5.30749751188385,-0.002216156247524026,202.7119918823242,0.29381983981964704,4.766012165452035,0.0014790985079313757,114.09953956604004,0.21875136924423072
2025-06-05,199.6649932861328,200.6300048828125,204.75,200.14999389648438,203.5,55126100,117.11761474609375,118.06500244140625,119.78500366210938,117.55500030517578,118.75,15885200,5.296640928541433,-0.01085658334241657,202.9427276611328,0.29348985312610376,4.7631786841081905,-0.002833481343844646,114.60346298217773,0.21972167620875385
2025-06-06,202.93917846679688,203.9199981689453,205.6999969482422,202.0500030517578,203.0,46607700,118.22367858886719,119.18000030517578,119.7300033569336,118.83999633789062,119.20500183105469,9026000,5.312906320684651,0.016265392143218094,203.27555084228516,0.2978994081365253,4.772578411380287,0.009399727272096925,115.11160240173339,0.21969161973251145
2025-06-09,200.48104858398438,201.4499969482422,206.0,200.02000427246094,204.38999938964844,72862600,118.8039779663086,119.76499938964844,120.50499725341797,119.55500030517578,119.6449966430664,11100600,5.300719721501121,-0.012186599183530156,203.43378524780275,0.30152549640146625,4.777474890932837,0.004896479552549238,115.65545234680175,0.21864464580140094
2025-06-10,201.69517517089844,202.6699981689453,204.35000610351562,200.57000732421875,200.60000610351562,54672600,119.46861267089844,120.43499755859375,120.61499786376953,119.29499816894531,119.74500274658203,9831600,5.3067575238555085,0.006037802354387445,203.0297378540039,0.20203077962775495,4.783053681397922,0.005578790465085248,115.98206024169922,0.1579047952125413
2025-06-11,197.8238983154297,198.77999877929688,204.5,198.41000366210938,203.5,60989900,119.20573425292969,120.16999816894531,121.21499633789062,119.55000305175781,120.7249984741211,9599600,5.287377232494181,-0.019380291361327906,202.3256408691406,0.205748172042188,4.780850859622925,-0.002202821774996977,116.17351150512695,0.14257284812379467
2025-06-12,198.24188232421875,199.1999969482422,199.67999267578125,197.36000061035156,199.0800018310547,43904600,120.31179809570312,121.28500366210938,121.56500244140625,120.125,120.1449966430664,11210400,5.289487913014419,0.0021106805202384393,201.67229919433595,0.2066869999333122,4.790086690455345,0.009235830832420078,116.3828182220459,0.1441467109332933
2025-06-13,195.50511169433594,196.4499969482422,200.3699951171875,195.6999969482422,199.72999572753906,51447300,118.62541961669922,119.58499908447266,120.79499816894531,119.1449966430664,119.87999725341797,13193800,5.275586525857697,-0.0139013871567224,200.92590789794923,0.2101559162900545,4.775970794261658,-0.014115896193686694,116.49987106323242,0.15480489932677605
2025-06-16,197.4656219482422,198.4199981689453,198.69000244140625,196.55999755859375,197.3000030517578,43020700,120.5448989868164,121.5199966430664,121.87999725341797,120.30500030517578,120.30500030517578,13866200,5.285564503105068,0.00997797724737115,200.2869956970215,0.21554187830838387,4.792022289230166,0.016051494968507996,116.70198593139648,0.16378991257504
2025-06-17,194.69900512695312,195.63999938964844,198.38999938964844,195.2100067138672,197.1999969482422,38856200,119.69181060791016,120.66000366210938,121.86499786376953,120.375,121.01000213623047,10525400,5.271454802590847,-0.014109700514220336,199.6331558227539,0.21692041284854366,4.784920194249431,-0.0071020949807349965,116.86987838745117,0.16644175577818948
2025-06-18,195.6344757080078,196.5800018310547,197.57000732421875,195.07000732421875,195.94000244140625,45394700,119.83563995361328,120.80500030517578,121.56500244140625,120.19000244140625,120.95500183105469,11066000,5.276247998245331,0.004793195654483995,199.12162857055665,0.21750012053135748,4.786121136877531,0.001200942628099888,117.06678619384766,0.16532112185620573
2025-06-20,200.03323364257812,201.0,201.6999969482422,196.86000061035156,198.24000549316406,96813500,119.30492401123047,120.2699966430664,121.6449966430664,119.70500183105469,121.23500061035156,11490600,5.298483520956519,0.02223552271118745,199.067391204834,0.21988430719729304,4.781682602445161,-0.004438534432369856,117.34602737426758,0.14845120205283158
2025-06-23,200.53082275390625,201.5,202.3000030517578,198.9600067138672,201.6300048828125,55814300,120.66519927978516,121.44000244140625,121.54499816894531,119.375,120.19000244140625,12277000,5.30096796437738,0.002484443420860849,199.07435760498046,0.21971882568363915,4.793019762418956,0.011337159973794364,117.69179420471191,0.1515123074253563
2025-06-24,199.3365936279297,200.3000030517578,203.44000244140625,200.1999969482422,202.58999633789062,54064000,122.83129119873047,123.62000274658203,123.7699966430664,122.52999877929688,122.67500305175781,11329400,5.294994821141723,-0.005973143235657119,199.32464828491212,0.18923911807938748,4.810811797575296,0.01779203515634009,118.20860786437989,0.15069220765845723
2025-06-25,200.59051513671875,201.55999755859375,203.6699981689453,200.6199951171875,201.4499969482422,39525700,123.87956237792969,124.67500305175781,124.86000061035156,124.1500015258789,124.26000213623047,9228600,5.301265591940985,0.006270770799262415,199.3918228149414,0.16868128347103686,4.819309822469845,0.008498024894548983,118.6441665649414,0.13397142352846758
2025-06-26,200.03323364257812,201.0,202.63999938964844,199.4600067138672,201.42999267578125,50799100,124.73407745361328,125.53500366210938,125.73500061035156,124.73999786376953,125.23500061035156,11288400,5.298483520956519,-0.002782070984466145,199.42068328857422,0.16901439100430987,4.826184090843128,0.006874268373283421,119.14625816345215,0.13115457064847041
2025-06-27,200.11285400390625,201.0800018310547,203.22000122070312,200.0,201.88999938964844,73188600,124.58503723144531,125.38500213623047,126.3550033569336,124.81500244140625,125.875,12196600,5.298881477427103,0.0003979564705840488,199.47691268920897,0.16875818249476107,4.824988512717403,-0.0011955781257251274,119.63122596740723,0.13227998590760498
2025-06-30,204.18316650390625,205.1699981689453,207.38999938964844,199.25999450683594,202.00999450683594,91912800,125.80718231201172,126.61499786376953,126.95999908447266,125.875,126.48500061035156,13365200,5.31901746601471,0.020135988587607123,199.6918731689453,0.18251082871150606,4.834750435736844,0.009761923019440566,120.19515609741211,0.1309174349734403
2025-07-01,206.82041931152344,207.82000732421875,210.19000244140625,206.13999938964844,206.6699981689453,78788900,124.68438720703125,125.48500061035156,126.4749984741211,124.625,126.20999908447266,15144800,5.331850877177283,0.012833411162572972,199.99640045166015,0.18699162090427238,4.8257856420169185,-0.00896479371992509,120.65235633850098,0.1385010712215643
2025-07-02,211.418212890625,212.44000244140625,213.33999633789062,208.13999938964844,208.91000366210938,67941800,126.00093841552734,126.80999755859375,126.8949966430664,125.08000183105469,125.16999816894531,11950200,5.353838223417766,0.021987346240482708,200.45269622802735,0.19970440722077026,4.836289354666024,0.010503712649105879,121.08858604431153,0.13464282842768113
2025-07-03,212.52285766601562,213.5500030517578,214.64999389648438,211.80999755859375,212.14999389648438,34955800,127.6602783203125,128.47999572753906,128.86500549316406,127.44999694824219,127.5,7112800,5.359049548066852,0.005211324649086357,200.9866149902344,0.19926275602567461,4.8493726599940485,0.013083305328024153,121.59910316467285,0.13847844207236132
2025-07-07,208.94017028808594,209.9499969482422,216.22999572753906,208.8000030517578,212.67999267578125,50229000,126.64678955078125,127.45999908447266,128.32000732421875,126.88999938964844,127.98500061035156,11560800,5.3420479444185345,-0.017001603648317598,201.45037384033202,0.20584283805684783,4.8414020271392735,-0.007970632854775062,122.07556190490723,0.1430485588058583
2025-07-08,208.9998779296875,210.00999450683594,211.42999267578125,208.4499969482422,210.10000610351562,42848900,127.32743072509766,128.14500427246094,128.38999938964844,127.61499786376953,128.1300048828125,15715200,5.34233366789616,0.00028572347762523265,201.75340881347657,0.19913924563933005,4.846761963301953,0.0053599361626792685,122.53074951171875,0.1417051965024217
2025-07-09,210.1244354248047,211.13999938964844,211.3300018310547,207.22000122070312,209.52999877929688,48749400,128.0924835205078,128.9149932861328,129.39999389648438,127.95999908447266,128.60000610351562,12933600,5.347699904871177,0.005366236975016925,202.23557815551757,0.19281911454141643,4.85275253052625,0.005990567224297472,122.99517478942872,0.14187989033160944
2025-07-10,211.3883514404297,212.41000366210938,213.47999572753906,210.02999877929688,210.50999450683594,44443600,127.67022705078125,128.49000549316406,129.35000610351562,127.81500244140625,129.23500061035156,9988600,5.353696969933245,0.00599706506206843,202.72023696899413,0.1928088319936012,4.849450588249893,-0.0033019422763569395,123.40525550842285,0.14386135353432628
2025-07-11,210.14434814453125,211.16000366210938,212.1300048828125,209.86000061035156,210.57000732421875,39765800,127.10881805419922,127.92500305175781,128.6750030517578,127.72000122070312,127.87999725341797,9239000,5.3477946667022715,-0.005902303230973516,203.3362594604492,0.17803413241228191,4.8450435546574075,-0.004407033592485732,123.80040969848633,0.14519027174086763
2025-07-14,207.6165771484375,208.6199951171875,210.91000366210938,207.5399932861328,209.92999267578125,38840100,127.00450134277344,127.81999969482422,128.13499450683594,126.5999984741211,127.61000061035156,8125200,5.335692999493172,-0.012101667209099887,203.80499420166015,0.18596876062684314,4.844222529474366,-0.0008210251830416126,124.13504486083984,0.14403807503685134
2025-07-15,208.10423278808594,209.11000061035156,211.88999938964844,208.9199981689453,209.22000122070312,42296300,128.13226318359375,128.9550018310547,129.61500549316406,128.91000366210938,129.30999755859375,15657000,5.338039073356526,0.002346073863354725,204.43495025634766,0.17585092813550038,4.853063036548149,0.008840507073783144,124.61038703918457,0.13093115191871132
2025-07-16,209.149169921875,210.16000366210938,212.39999389648438,208.63999938964844,210.3000030517578,47490500,128.52969360351562,129.35499572753906,129.42999267578125,127.40499877929688,129.0,17782600,5.3430477290630956,0.005008655706569165,205.0191276550293,0.17415808397060356,4.856159956267302,0.003096919719152602,125.00962677001954,0.12274448778627692
2025-07-17,209.00985717773438,210.02000427246094,211.8000030517578,209.58999633789062,210.57000732421875,48068100,129.69720458984375,130.52999877929688,130.73500061035156,129.2550048828125,129.50999450683594,11955000,5.342381414382476,-0.0006663146806191733,205.73467025756835,0.16294681318725796,4.865202538197639,0.00904258193033769,125.50989646911621,0.11804870214552948
2025-07-18,210.16424560546875,211.17999267578125,211.7899932861328,209.6999969482422,210.8699951171875,48974600,129.6127471923828,130.44500732421875,131.0749969482422,130.09500122070312,131.02999877929688,10281000,5.3478893469503,0.005507932567823559,206.4611587524414,0.16303907617042498,4.864551137047264,-0.0006514011503755412,125.99875183105469,0.11881479981468882
2025-07-21,211.45799255371094,212.47999572753906,215.77999877929688,211.6300048828125,212.10000610351562,51377400,129.7816619873047,130.61500549316406,131.5050048828125,130.44000244140625,130.58999633789062,9246600,5.354026361992086,0.00613701504178632,207.03239669799805,0.14792403275511182,4.865853515300766,0.0013023782535022121,126.5225887298584,0.11514824532589488
2025-07-22,213.36875915527344,214.39999389648438,214.9499969482422,212.22999572753906,213.13999938964844,46404100,128.57937622070312,129.40499877929688,130.60499572753906,128.47500610351562,130.51499938964844,13448800,5.363021932439759,0.00899557044767274,207.6742935180664,0.14954979048749148,4.856546427408439,-0.009307087892326926,126.9182975769043,0.12134787559531857
2025-07-23,213.11996459960938,214.14999389648438,215.14999389648438,212.41000366210938,215.0,46989300,129.31466674804688,130.14500427246094,130.31500244140625,128.97000122070312,129.74000549316406,10091800,5.361855221246574,-0.0011667111931847884,208.36346206665038,0.1466256471151835,4.862248711271014,0.005702283862574653,127.24246635437012,0.10899423776811532
2025-07-24,212.73184204101562,213.75999450683594,215.69000244140625,213.52999877929688,213.89999389648438,46022600,129.86114501953125,130.69500732421875,130.9499969482422,129.9600067138672,130.46499633789062,12159600,5.36003241500268,-0.0018228062438945258,208.97052841186525,0.14729524398018676,4.866465764379611,0.004217053108597213,127.54154548645019,0.10694715071540271
2025-07-25,212.8512725830078,213.8800048828125,215.24000549316406,213.39999389648438,214.6999969482422,40268800,130.15924072265625,130.9949951171875,131.3249969482422,130.38499450683594,130.65499877929688,8002000,5.360593671034808,0.000561256032128199,209.6114303588867,0.1460459116450021,4.868758629478404,0.0022928650987932286,127.81280364990235,0.10560909562566886
2025-07-28,213.0204620361328,214.0500030517578,214.85000610351562,213.05999755859375,214.02999877929688,37858000,131.19757080078125,132.0399932861328,132.0749969482422,131.22500610351562,131.4949951171875,11517600,5.361388226992729,0.000794555957921439,210.25681076049804,0.14595515018211708,4.876704361100631,0.007945731622227115,128.14343032836913,0.10677118864967727
2025-07-29,210.2538299560547,211.27000427246094,214.80999755859375,210.82000732421875,214.17999267578125,51411700,131.20252990722656,132.0449981689453,133.63499450683594,131.82000732421875,132.89999389648438,13739000,5.348315514887167,-0.013072712105562267,210.56034393310546,0.14217472127722963,4.876742159153548,3.7798052916926395e-05,128.41319770812987,0.10363627093724297
2025-07-30,208.04449462890625,209.0500030517578,212.38999938964844,207.72000122070312,211.89999389648438,45512500,131.49563598632812,132.33999633789062,132.7899932861328,131.3000030517578,132.18499755859375,13934600,5.337751973309575,-0.010563541577591984,210.6215476989746,0.14161714818591192,4.878973664651382,0.0022315054978339077,128.75376014709474,0.09504679613197602
2025-07-31,206.57164001464844,207.57000732421875,209.83999633789062,207.16000366210938,208.49000549316406,80698400,130.53184509277344,131.3699951171875,134.0050048828125,130.72999572753906,134.0050048828125,16414400,5.330647277246925,-0.007104696062650184,210.37921905517578,0.11823427862903843,4.871617220693222,-0.007356443958160597,128.98030548095704,0.09662687663577693
2025-08-01,201.40660095214844,202.3800048828125,213.5800018310547,201.5,210.8699951171875,104434500,127.71493530273438,128.53500366210938,129.98500061035156,127.88999938964844,129.94000244140625,19438000,5.305325755080771,-0.025321522166153798,209.82340621948242,0.14340792378424208,4.849800712368286,-0.021816508324935313,128.98303833007813,0.11919199454176571
2025-08-04,202.37193298339844,203.35000610351562,207.8800048828125,201.67999267578125,204.50999450683594,75109300,130.30828857421875,131.14500427246094,131.1699981689453,129.7449951171875,129.7449951171875,12377000,5.310107256766954,0.004781501686182743,209.49499435424804,0.13517679997665294,4.869903093575203,0.02010238120691632,129.16611328125,0.13485273204374032
2025-08-05,201.9439697265625,202.9199981689453,205.33999633789062,202.16000366210938,203.39999389648438,44155100,129.23020935058594,130.05999755859375,131.7449951171875,129.75999450683594,131.6300048828125,11176000,5.307990281333651,-0.0021169754333030255,209.1421989440918,0.13500188692088885,4.8615953825202025,-0.008307711055000055,129.26125221252443,0.13824758994744274
2025-08-06,212.2242889404297,213.25,215.3800048828125,205.58999633789062,205.6300048828125,108483100,130.6858673095703,131.52499389648438,131.69500732421875,130.10000610351562,130.18499755859375,10167000,5.357643682119796,0.049653400786144886,209.24719161987304,0.22640663959647625,4.872796484022877,0.011201101502674504,129.39092140197755,0.1420562031025352
2025-08-07,218.97171020507812,220.02999877929688,220.85000610351562,216.5800018310547,218.8800048828125,90224800,130.8050994873047,131.64500427246094,133.2050018310547,130.5500030517578,132.99000549316406,10318000,5.388942544326652,0.031298862206856626,209.62635955810546,0.25103299031698173,4.873708425169128,0.0009119411462510385,129.54766502380372,0.14114740196344974
2025-08-08,228.2468719482422,229.35000610351562,231.0,219.25,220.8300018310547,113854000,132.11170959472656,132.9600067138672,133.11000061035156,131.7949981689453,132.13999938964844,11015800,5.430427814882779,0.04148527055612661,210.531485748291,0.28579255024705746,4.883647849497825,0.009939424328696767,129.79780960083008,0.14274880203980084
2025-08-11,226.3438720703125,227.17999267578125,229.55999755859375,224.75999450683594,227.9199981689453,61806100,131.21743774414062,132.05999755859375,133.47500610351562,131.7550048828125,132.875,9425400,5.422055400709274,-0.008372414173504872,211.46785049438478,0.2832785896635961,4.876855777313504,-0.006792072184320652,130.00845642089843,0.14581571214965994
2025-08-12,228.80479431152344,229.64999389648438,230.8000030517578,227.07000732421875,228.00999450683594,55626200,133.24940490722656,134.10499572753906,134.13999938964844,131.98500061035156,132.72000122070312,11153800,5.432869213444864,0.010813812735589678,212.50287857055665,0.2840902237603764,4.892222597048939,0.015366819735434412,130.2643135070801,0.15181198520034495
2025-08-13,232.47125244140625,233.3300018310547,235.0,230.42999267578125,231.07000732421875,69878500,133.29908752441406,134.15499877929688,135.02499389648438,133.6649932861328,134.8800048828125,13990200,5.44876657196938,0.01589735852451657,213.6689826965332,0.2868419812532815,4.8925953818830195,0.0003727848340808748,130.502783203125,0.1518488754092449
2025-08-14,231.92327880859375,232.77999877929688,235.1199951171875,230.85000610351562,234.05999755859375,51916300,133.01092529296875,133.86500549316406,134.3249969482422,133.1649932861328,133.47500610351562,15484400,5.446406622184186,-0.002359949785194715,214.81465377807618,0.2873706222638092,4.890431269907949,-0.002164111975070604,130.66846923828126,0.14997989136907158
2025-08-15,230.7376708984375,231.58999633789062,234.27999877929688,229.33999633789062,234.0,56038700,132.00242614746094,132.85000610351562,133.68499755859375,132.32000732421875,133.68499755859375,13373200,5.441281441396181,-0.005125180788004613,215.84332504272462,0.28968943795438307,4.88282030232247,-0.007610967585478967,130.78795318603517,0.1531580493400758
2025-08-18,230.0402374267578,230.88999938964844,233.1199951171875,230.11000061035156,231.6999969482422,37476200,132.28558349609375,133.13499450683594,133.2550048828125,132.55499267578125,132.68499755859375,12233800,5.438254238955775,-0.003027202440406107,216.77243728637694,0.2908976412877408,4.884963096899941,0.002142794577471463,130.91314926147462,0.15321539643192206
2025-08-19,229.71145629882812,230.55999755859375,232.8699951171875,229.35000610351562,231.27999877929688,39402600,129.9754180908203,130.80999755859375,133.11500549316406,130.56500244140625,133.0850067138672,17367000,5.436823983500651,-0.0014302554551237634,217.58957214355468,0.29097753291602146,4.867345340966436,-0.017617755933505563,130.98295135498046,0.16311836736550334
2025-08-20,225.1781768798828,226.00999450683594,230.47000122070312,225.77000427246094,229.97999572753906,42263900,129.0960693359375,129.9250030517578,130.47999572753906,127.91999816894531,130.47999572753906,23064200,5.416891986063156,-0.019931997437494964,218.19248275756837,0.3025267476097288,4.860556850727101,-0.006788490239334699,130.972021484375,0.16389932092488269
2025-08-21,224.07228088378906,224.89999389648438,226.52000427246094,223.77999877929688,226.27000427246094,30621200,128.6290740966797,129.4550018310547,130.1300048828125,128.89500427246094,129.61000061035156,15148600,5.411968682321149,-0.0049233037420073344,218.75950469970704,0.3033476528617377,4.856932867873624,-0.0036239828534769813,130.91041793823243,0.16353269684403354
2025-08-22,226.92176818847656,227.75999450683594,229.08999633789062,225.41000366210938,226.1699981689453,42477800,130.37286376953125,131.2100067138672,132.06500244140625,128.9550018310547,129.31500244140625,13756000,5.424605324550679,0.012636642229530537,219.46302947998046,0.3052950152051062,4.870398527909851,0.013465660036226623,130.92109909057618,0.1706945403658178
2025-08-25,226.323974609375,227.16000366210938,229.3000030517578,226.22999572753906,226.47999572753906,30983100,130.07972717285156,130.9149932861328,131.73500061035156,130.55499267578125,131.2050018310547,10691800,5.421967488739841,-0.002637835810838318,220.1282051086426,0.30589631655202437,4.868147548417624,-0.0022509794922269677,130.86520690917968,0.16828455691900618
2025-08-26,228.46603393554688,229.30999755859375,229.49000549316406,224.69000244140625,226.8699951171875,54575100,130.6759033203125,131.51499938964844,131.69000244140625,130.8350067138672,131.02499389648438,11081000,5.431387551300575,0.00942006256073391,221.0388153076172,0.3005663632614679,4.8727202372998875,0.004572688882263698,130.838875579834,0.1692182837979135
2025-08-27,229.6417236328125,230.49000549316406,230.89999389648438,228.25999450683594,228.61000061035156,31259500,131.3813934326172,132.22500610351562,132.375,131.0399932861328,131.64500427246094,11538600,5.436520371075189,0.005132819774614106,222.1186767578125,0.2954940706327492,4.878104493532433,0.005384256232545681,130.83316345214843,0.17018669186250146
2025-08-28,231.70408630371094,232.55999755859375,233.41000366210938,229.33999633789062,230.82000732421875,38074700,132.4197235107422,133.27000427246094,133.55499267578125,131.72500610351562,132.38499450683594,12380600,5.445461067466289,0.008940696391100289,223.37529907226562,0.2922923553210988,4.885976601522478,0.00787210799004523,130.92755737304688,0.17009240573478235
2025-08-29,231.28562927246094,232.13999938964844,233.3800048828125,231.3699951171875,232.50999450683594,39418400,130.38778686523438,131.22500610351562,132.7100067138672,130.7449951171875,132.68499755859375,17481200,5.4436534370541425,-0.0018076304121468212,224.86925048828124,0.27023462384820995,4.870512986097335,-0.015463615425143296,131.0611999511719,0.16013266049495267
2025-09-02,228.87454223632812,229.72000122070312,230.85000610351562,226.97000122070312,229.25,44075600,129.07122802734375,129.89999389648438,130.02000427246094,128.13999938964844,128.90499877929688,18226000,5.433174002932939,-0.010479434121203113,226.19438095092772,0.2771740950773319,4.860364407230778,-0.0101485788665574,130.9993469238281,0.1478949867012035
2025-09-03,237.5923309326172,238.47000122070312,238.85000610351562,234.36000061035156,237.2100067138672,66427800,129.84129333496094,130.6750030517578,130.93499755859375,129.6999969482422,130.56500244140625,15636600,5.470556309747945,0.03738230681500543,227.97679901123047,0.29634190619063583,4.866312884146875,0.005948476916096901,131.02990112304687,0.14653469961667343
2025-09-04,238.8975067138672,239.77999877929688,239.89999389648438,236.74000549316406,238.4499969482422,47549400,130.48216247558594,131.32000732421875,131.375,129.61000061035156,130.13999938964844,24397400,5.476034617751004,0.005478308003059595,229.31045989990236,0.25248255561355926,4.8712365314095285,0.00492364726265393,131.01971588134765,0.1419261589008496
2025-09-05,238.80784606933594,239.69000244140625,241.32000732421875,238.49000549316406,240.0,54870400,130.59144592285156,131.42999267578125,132.61500549316406,130.09500122070312,132.56500244140625,38561800,5.475659237215443,-0.00037538053556129825,230.30226669311523,0.2346588204177347,4.872073716403591,0.0008371849940624898,131.009033203125,0.14191949105526205
2025-09-08,237.0045166015625,237.8800048828125,240.14999389648438,236.33999633789062,239.3000030517578,48999500,131.57015991210938,132.4149932861328,132.89500427246094,132.08999633789062,132.1199951171875,20556000,5.468079198344101,-0.007580038871342509,230.74014892578126,0.19247663677102156,4.879540244791688,0.007466528388096805,130.98195571899413,0.1398600637860419
2025-09-09,233.4875030517578,234.35000610351562,238.77999877929688,233.36000061035156,237.0,66313900,131.8235626220703,132.6699981689453,132.80999755859375,131.72999572753906,132.7100067138672,19355000,5.453128555555748,-0.014950642788353008,231.09733047485352,0.19844886487765404,4.881464381674708,0.0019241368830202887,131.01226196289062,0.1378230261417024
2025-09-10,225.95530700683594,226.7899932861328,232.4199981689453,225.9499969482422,232.19000244140625,83440800,134.21322631835938,135.0749969482422,135.98500061035156,134.42999267578125,135.35499572753906,25957200,5.420337223108949,-0.03279133244679855,230.95485610961913,0.22940930600062598,4.899429776449881,0.017965394775172783,131.06045303344726,0.14185778069223798
2025-09-11,229.18341064453125,230.02999877929688,230.4499969482422,226.64999389648438,226.8800048828125,50208600,134.66529846191406,135.52999877929688,136.11500549316406,135.30999755859375,135.9250030517578,23429200,5.434522602834209,0.014185379725259573,230.79046401977538,0.22784899511723855,4.902792429305146,0.003362652855265047,131.12876358032227,0.14225769137857153
2025-09-12,233.2085418701172,234.07000732421875,234.50999450683594,229.02000427246094,229.22000122070312,55824200,134.57586669921875,135.44000244140625,135.92999267578125,135.14999389648438,135.8000030517578,15612200,5.451933082751128,0.017410479916919464,230.85472717285157,0.2365924428036287,4.902128104695417,-0.0006643246097288724,131.20701065063477,0.14198314043442614
2025-09-15,235.82884216308594,236.6999969482422,238.19000244140625,235.02999877929688,237.0,42699500,135.7880859375,136.66000366210938,136.69000244140625,135.49000549316406,135.65499877929688,16268000,5.463106296836509,0.011173214085380856,231.109285736084,0.23872107605711654,4.9110954788568835,0.008967374161466424,131.39629364013672,0.1414850020511734
2025-09-16,237.2735137939453,238.14999389648438,241.22000122070312,236.32000732421875,237.17999267578125,63421100,135.31613159179688,136.18499755859375,137.07000732421875,136.02000427246094,136.97500610351562,16081400,5.469213542353257,0.00610724551674835,231.47094955444337,0.23883291240321183,4.907613756390357,-0.003481722466526449,131.54782104492188,0.14250557447335968
2025-09-17,238.1104278564453,238.99000549316406,240.10000610351562,237.72999572753906,238.97000122070312,46508000,134.84912109375,135.71499633789062,136.25999450683594,134.30999755859375,136.09500122070312,18948600,5.472734548654943,0.003521006301685503,231.89089813232422,0.238660623554386,4.90415653190599,-0.0034572244843671385,131.79150619506837,0.12566339669091758
2025-09-18,237.0045166015625,237.8800048828125,241.1999969482422,236.64999389648438,239.97000122070312,44249600,137.17916870117188,138.05999755859375,138.46499633789062,136.80999755859375,137.47500610351562,20882600,5.468079198344101,-0.004655350310842188,232.4822151184082,0.22604140361596786,4.921287872140085,0.017131340234095127,132.19566116333007,0.1323831888351211
2025-09-19,244.59646606445312,245.5,246.3000030517578,240.2100067138672,241.22999572753906,163741300,138.57025146484375,139.4600067138672,139.58999633789062,138.1649932861328,138.61500549316406,15670800,5.49960977533371,0.03153057698960904,233.5084243774414,0.24617683105916022,4.931377427822434,0.010089555682348816,132.69272003173828,0.13218161339645654
2025-09-22,255.13751220703125,256.0799865722656,256.6400146484375,248.1199951171875,248.3000030517578,105517400,140.60877990722656,141.3300018310547,141.44500732421875,139.02000427246094,139.0749969482422,15771200,5.541802663365072,0.04219288803136223,234.91921157836913,0.27943117746853824,4.9459814234242385,0.014603995601804698,133.20451583862305,0.13335110535222022
2025-09-23,253.49359130859375,254.42999267578125,257.3399963378906,253.5800018310547,255.8800048828125,60275200,139.39500427246094,140.11000061035156,141.36500549316406,139.49000549316406,141.13499450683594,16456400,5.535338541877723,-0.006464121487349317,236.27769241333007,0.28129832265325994,4.937311660327442,-0.008669763096796679,133.6702796936035,0.13902653131102582
2025-09-24,251.38140869140625,252.30999755859375,255.74000549316406,251.0399932861328,255.22000122070312,42303700,138.53440856933594,139.2449951171875,140.48500061035156,138.31500244140625,140.48500061035156,13471000,5.52697134231346,-0.008367199564262684,237.42346115112304,0.2852106971282732,4.931118732095677,-0.0061929282317647605,134.06320495605468,0.14307491834349645
2025-09-25,255.9246063232422,256.8699951171875,257.1700134277344,251.7100067138672,253.2100067138672,55202100,138.29066467285156,139.0,139.34500122070312,137.125,137.97999572753906,21349600,5.544882894554157,0.017911552240697404,238.73760528564452,0.28900266848076894,4.929357735834613,-0.0017609962610638519,134.4086685180664,0.1436893805645775
2025-09-26,254.5198211669922,255.4600067138672,257.6000061035156,253.77999877929688,254.10000610351562,46076300,138.70852661132812,139.4199981689453,139.5449981689453,138.19000244140625,139.14999389648438,16534000,5.539378715735837,-0.005504178818320327,239.8783920288086,0.29120756727665675,4.932374800639108,0.003017064804494929,134.7231086730957,0.14233711328797566
2025-09-29,253.49359130859375,254.42999267578125,255.0,253.00999450683594,254.55999755859375,40127700,139.44972229003906,140.1649932861328,140.9600067138672,139.83999633789062,140.22000122070312,16107400,5.535338541877723,-0.004040173858114393,240.98879013061523,0.29197567418668696,4.93770412260532,0.005329321966211609,135.17620544433595,0.1260901853231785
2025-09-30,253.69288635253906,254.6300048828125,255.9199981689453,253.11000061035156,254.86000061035156,37704300,140.21080017089844,140.92999267578125,141.07000732421875,139.8699951171875,140.1649932861328,18215200,5.53612442660841,0.0007858847306874139,242.22970733642578,0.28696233979594765,4.9431470056627544,0.005442883057434678,135.73318405151366,0.11565018762302565
2025-10-01,254.5098419189453,255.4499969482422,258.7900085449219,254.92999267578125,255.0399932861328,48713900,141.58377075195312,142.30999755859375,142.41000366210938,140.1699981689453,140.2100067138672,17411200,5.539339506830062,0.0032150802216524,243.0755828857422,0.2604635149066715,4.952891561357345,0.009744555694590318,136.32030792236327,0.11721232260991796
2025-10-02,256.1836242675781,257.1300048828125,258.17999267578125,254.14999389648438,256.5799865722656,42630200,142.34983825683594,143.0800018310547,143.6649932861328,142.43499755859375,143.63499450683594,17607800,5.54589446965079,0.006554962820727539,243.93988876342775,0.2606033111191443,4.958287677487616,0.0053961161302709115,136.91369171142577,0.11725610725470911
2025-10-03,257.07037353515625,258.0199890136719,259.239990234375,253.9499969482422,254.6699981689453,49155600,141.63351440429688,142.36000061035156,143.94000244140625,141.8699951171875,143.2100067138672,17458000,5.549349874396497,0.003455404745706936,244.85301513671874,0.2602035716577597,4.953242836900628,-0.005044840586987398,137.46579513549804,0.12138134320740723
2025-10-06,255.74530029296875,256.69000244140625,259.07000732421875,255.0500030517578,257.989990234375,44664100,143.06617736816406,143.8000030517578,144.72000122070312,143.72500610351562,144.27999877929688,17945600,5.544182028486817,-0.005167845909680224,245.79005432128906,0.258956429757677,4.9633073020091745,0.010064465108546194,138.04059600830078,0.12269202984797825
2025-10-07,255.5360870361328,256.4800109863281,257.3999938964844,255.42999267578125,256.80999755859375,31955800,142.11106872558594,142.83999633789062,144.75,142.0850067138672,144.5399932861328,15588400,5.543363640516131,-0.0008183879706855635,246.89248352050782,0.25008759813602005,4.956608925986342,-0.0066983760228325195,138.55497131347656,0.12848344241573006
2025-10-08,257.1102294921875,258.05999755859375,258.5199890136719,256.1099853515625,256.5199890136719,36496900,144.60328674316406,145.34500122070312,145.35000610351562,143.09500122070312,143.1699981689453,14037800,5.549504901470161,0.0061412609540303364,248.4502296447754,0.20764848103660233,4.9739940393637445,0.01738511337740256,139.0744743347168,0.1276461330237107
2025-10-09,253.1050262451172,254.0399932861328,258.0,253.13999938964844,257.80999755859375,38322000,144.3595428466797,145.10000610351562,145.41000366210938,144.34500122070312,145.27999877929688,11989400,5.533804526086086,-0.01570037538407565,249.64631042480468,0.219649816064166,4.972307013010635,-0.0016870263531094665,139.55918655395507,0.12908831290810308
2025-10-10,244.3673095703125,245.27000427246094,256.3800048828125,244.0,254.94000244140625,61999100,138.48468017578125,139.19500732421875,145.6699981689453,139.13999938964844,145.40499877929688,44574600,5.4986724604554436,-0.035132065630642195,250.20424880981446,0.2562885649150161,4.930759707060152,-0.04154730595048317,139.7546272277832,0.2054591095634381
2025-10-13,246.74851989746094,247.66000366210938,249.69000244140625,245.55999755859375,249.3800048828125,38142900,141.85739135742188,142.5850067138672,143.05999755859375,141.55499267578125,142.36500549316406,22030400,5.508369679906385,0.009697219450941041,250.7502326965332,0.2556664145106865,4.954822266752628,0.02406255969247617,140.0580924987793,0.2193217273064812
2025-10-14,246.8581085205078,247.77000427246094,248.85000610351562,244.6999969482422,246.60000610351562,35478000,140.03671264648438,140.7550048828125,142.19000244140625,139.1199951171875,140.71499633789062,26956800,5.508813712131797,0.0004440322254124496,251.22946243286134,0.25532714168599707,4.941904621421365,-0.012917645331262939,140.29412155151368,0.2250391058216709
2025-10-15,248.42233276367188,249.33999633789062,251.82000732421875,247.47000122070312,249.49000549316406,33893600,141.42459106445312,142.14999389648438,143.2899932861328,140.39999389648438,142.72999572753906,20937600,5.515130252473987,0.006316540342189647,251.74505767822265,0.2557434093865476,4.951766649688557,0.00986202826719218,140.62289505004884,0.22594386397734897
2025-10-16,246.53929138183594,247.4499969482422,249.0399932861328,245.1300048828125,248.25,39777000,141.529052734375,142.2550048828125,143.80999755859375,141.28500366210938,143.1750030517578,23166200,5.507521377866935,-0.007608874607051952,252.22179641723633,0.2569930167611535,4.952505015685654,0.0007383659970967571,140.84038925170898,0.2191398936877217
2025-10-17,251.36148071289062,252.2899932861328,253.3800048828125,247.27000427246094,248.02000427246094,49147000,141.7777862548828,142.5050048828125,142.92999267578125,140.50999450683594,141.41000366210938,25511600,5.526892065295541,0.019370687428605926,252.5600471496582,0.24160751340219372,4.954260946360007,0.001755930674352868,141.00076599121093,0.21682250119100913
2025-10-20,261.27484130859375,262.239990234375,264.3800048828125,255.6300048828125,255.88999938964844,90483000,143.35964965820312,144.09500122070312,144.7100067138672,143.23500061035156,143.32000732421875,13805200,5.565572885107285,0.038680819811744094,252.86691360473634,0.23393569023699926,4.965356505433198,0.011095559073191374,141.13830947875977,0.21427655460392314
2025-10-21,261.8028869628906,262.7699890136719,265.2900085449219,261.8299865722656,261.8800048828125,46695900,143.4342803955078,144.1699981689453,144.68499755859375,143.47500610351562,144.0050048828125,12503800,5.567591880775161,0.0020189956678766663,253.28237838745116,0.23218657227471762,4.965876953958558,0.0005204485253598179,141.34027328491212,0.21125561846106067
2025-10-22,257.49884033203125,258.45001220703125,262.8500061035156,255.42999267578125,262.6499938964844,45015300,142.0165557861328,142.7449951171875,144.4199981689453,140.9499969482422,144.10499572753906,20723200,5.5510152165287225,-0.016576664246438888,253.58824996948243,0.23860651578404038,4.955943640848359,-0.009933313110199293,141.51438064575194,0.21345112014365702
2025-10-23,258.6246337890625,259.5799865722656,260.6199951171875,258.010009765625,259.94000244140625,32754900,143.80735778808594,144.5449981689453,144.77499389648438,142.18499755859375,142.18499755859375,11923400,5.55537772007268,0.004362503543957175,253.72325134277344,0.23073943440137848,4.968474610793588,0.012530969945228954,141.79021530151368,0.2167876171781966
2025-10-24,261.85272216796875,262.82000732421875,264.1300048828125,259.17999267578125,261.19000244140625,38253700,146.04092407226562,146.7899932861328,147.28500366210938,146.03500366210938,146.25,14359600,5.567782216577394,0.012404496504713869,254.08989639282225,0.23327606223983546,4.983886884295941,0.015412273502353635,142.15683517456054,0.2219947718321489
2025-10-27,267.8206787109375,268.80999755859375,269.1199951171875,264.6499938964844,264.8800048828125,44888200,148.73707580566406,149.5,149.6300048828125,148.61000061035156,148.85000610351562,15167000,5.590317647269786,0.02253543069239239,254.80625076293944,0.24385926941535513,5.002180155310916,0.0182932710149748,142.6212028503418,0.22879302713461833
2025-10-28,268.00994873046875,269.0,269.8900146484375,268.1499938964844,268.989990234375,41534800,150.20953369140625,150.97999572753906,151.57000732421875,149.7100067138672,150.22500610351562,15055200,5.591024101950462,0.0007064546806763161,255.52210388183593,0.24386791289172272,5.012031210627315,0.009851055316398849,143.1211395263672,0.22989252954236733
2025-10-29,268.7073974609375,269.70001220703125,271.4100036621094,267.1099853515625,269.2799987792969,51086700,151.28900146484375,152.06500244140625,152.9949951171875,150.93499755859375,152.35000610351562,21506200,5.593623045800498,0.00259894385003534,256.2319816589355,0.2438619671563074,5.019191924595123,0.007160713967808263,143.6064010620117,0.22913505037900034
2025-10-30,270.4011535644531,271.3999938964844,274.1400146484375,268.4800109863281,271.989990234375,69886500,149.4285430908203,150.19500732421875,151.97999572753906,150.14500427246094,151.1999969482422,19218600,5.5999066103004385,0.00628356449994083,256.9428581237793,0.2438071707884498,5.006818305928755,-0.012373618666368102,143.96033630371093,0.23558551124436167
2025-10-31,269.37493896484375,270.3699951171875,277.32000732421875,269.1600036621094,276.989990234375,86167100,149.57278442382812,150.33999633789062,151.82000732421875,149.47000122070312,151.7100067138672,16303800,5.59610423427736,-0.0038023760230787573,257.5580863952637,0.2448679869489891,5.007783126689894,0.000964820761138796,144.3572998046875,0.23401827381093343
2025-11-03,268.0597839355469,269.04998779296875,270.8500061035156,266.25,270.4200134277344,50194600,150.1846466064453,150.9550018310547,152.11000061035156,150.1300048828125,151.77999877929688,13983600,5.591210030019834,-0.004894204257525736,258.1738105773926,0.24475864406395634,5.011865514441102,0.004082387751208394,144.71322326660157,0.23248897137517952
2025-11-04,269.0461730957031,270.0400085449219,271.489990234375,267.6199951171875,268.3299865722656,49274800,146.22000122070312,146.97000122070312,149.1999969482422,146.72500610351562,148.22500610351562,16722600,5.594883012068067,0.0036729820482328535,258.8493148803711,0.2445062763637304,4.985112345213571,-0.026753169227531792,144.9186698913574,0.25293037649709904
2025-11-05,269.14581298828125,270.1400146484375,271.70001220703125,266.92999267578125,268.6099853515625,43683100,146.79205322265625,147.5449981689453,148.74000549316406,146.48500061035156,146.7100067138672,14447000,5.595253288461224,0.00037027639315745375,259.45109405517576,0.24424816762119378,4.989016981354499,0.00390463614092873,145.02810821533203,0.24608212909843646
2025-11-06,268.7771301269531,269.7699890136719,273.3999938964844,267.8900146484375,267.8900146484375,51204000,143.84217834472656,144.5800018310547,147.47000122070312,143.8350067138672,147.30999755859375,24797400,5.593882523656427,-0.00137076480479692,260.2346992492676,0.23538702239300954,4.968716714829484,-0.020300266525015154,145.0022399902344,0.25714887485369525
2025-11-07,267.4819030761719,268.4700012207031,272.2900085449219,266.7699890136719,269.79998779296875,48227400,143.34474182128906,144.0800018310547,144.11500549316406,140.8000030517578,143.34500122070312,25547000,5.589051911995864,-0.0048306116605632,261.3904289245605,0.19058578584215935,4.965252510954072,-0.0034642038754117976,145.24524307250977,0.20642113556505415
2025-11-10,268.6985778808594,269.42999267578125,273.7300109863281,267.4599914550781,268.9599914550781,41312400,147.01092529296875,147.76499938964844,148.0449981689453,145.89500427246094,146.65499877929688,18286400,5.593590223016667,0.004538311020803043,262.4879318237305,0.18960394434174552,4.99050690573789,0.025254394783817524,145.5029197692871,0.20816771203059814
2025-11-11,274.5028076171875,275.25,275.9100036621094,269.79998779296875,269.80999755859375,46208300,145.7573699951172,146.5050048828125,147.05499267578125,145.52999877929688,146.7899932861328,14871600,5.614961489010894,0.021371265994226896,263.87016677856445,0.19836560968568387,4.981943389956419,-0.008563515781470521,145.78895263671876,0.20463289172896099
2025-11-12,272.7276611328125,273.4700012207031,275.7300109863281,271.70001220703125,275.0,48398000,146.21006774902344,146.9600067138672,147.72999572753906,146.0749969482422,147.72999572753906,13179200,5.6084737190045075,-0.006487770006386562,265.0854331970215,0.2026621084198071,4.985044407797158,0.0031010178407386846,146.02822647094726,0.2025855790588887
2025-11-13,272.2090759277344,272.95001220703125,276.70001220703125,272.0899963378906,274.1099853515625,49602800,142.5637664794922,143.2949981689453,146.33999633789062,142.51499938964844,146.13999938964844,22385800,5.606570432526069,-0.001903286478438737,266.3689224243164,0.1990581550829418,4.95978938368418,-0.025255024112977864,146.07996215820313,0.2240364750717774
2025-11-14,271.6705322265625,272.4100036621094,275.9599914550781,269.6000061035156,271.04998779296875,47431300,143.33975219726562,144.0749969482422,145.3800048828125,140.14500427246094,140.64999389648438,27429600,5.604590053526352,-0.001980378999716592,267.384375,0.19287846174172732,4.965217701788401,0.005428318104220509,146.15806045532227,0.22471725500631082
2025-11-17,266.7339782714844,267.4599914550781,270.489990234375,265.7300109863281,268.82000732421875,45018300,141.09628295898438,141.82000732421875,144.28500366210938,140.6750030517578,142.72500610351562,24675400,5.5862518256656895,-0.018338227860662748,267.6573318481445,0.15980567218022151,4.949442515201957,-0.015775186586443724,146.04489212036134,0.22820448259859527
2025-11-18,266.7139892578125,267.44000244140625,270.7099914550781,265.32000732421875,269.989990234375,45677300,138.8030242919922,139.51499938964844,141.32000732421875,138.23500061035156,140.59500122070312,36747600,5.586176882972501,-7.494269318808477e-05,267.90288696289065,0.15980733568009597,4.933055836682537,-0.016386678519419995,145.81332931518554,0.23470989907269113
2025-11-19,267.83099365234375,268.55999755859375,272.2099914550781,265.5,265.5299987792969,40424500,139.76808166503906,140.48500061035156,142.05999755859375,139.1649932861328,139.52499389648438,27668800,5.5903561608857775,0.004179277913276103,268.41949462890625,0.1460417628104217,4.939984489461932,0.00692865277939525,145.70090560913087,0.23444025635774174
2025-11-20,265.5272521972656,266.25,275.42999267578125,265.9200134277344,270.8299865722656,45823600,135.38059997558594,136.0749969482422,144.2550048828125,135.75999450683594,143.72000122070312,56551800,5.581717480225168,-0.008638680660609133,268.7646255493164,0.1504388746229755,4.908090070859576,-0.031894418602356644,145.27956771850586,0.253224047409622
2025-11-21,270.75299072265625,271.489990234375,273.3299865722656,265.6700134277344,265.95001220703125,59030800,135.90292358398438,136.60000610351562,138.4199981689453,133.74000549316406,136.3000030517578,44959000,5.601206931887152,0.01948945166198346,269.20963897705076,0.15921084609314204,4.911940833684969,0.0038507628253929838,144.7726676940918,0.2452631038993897
2025-11-24,275.1710205078125,275.9200134277344,277.0,270.8999938964844,270.8999938964844,65585800,139.1412811279297,139.85499572753906,140.35000610351562,137.43499755859375,137.52000427246094,20124800,5.6173927971270885,0.016185865239936703,269.57715606689453,0.14947213473454565,4.935489827927087,0.02354899424211876,144.2928779602051,0.2520990062897493
2025-11-25,276.2181701660156,276.9700012207031,280.3800048828125,275.25,275.2699890136719,46914200,139.51438903808594,140.22999572753906,140.58999633789062,136.65499877929688,138.625,21303400,5.621191025075004,0.0037982279479154,269.98756713867186,0.14969728042884164,4.938167743168534,0.002677915241446449,143.75812072753905,0.2483813959485169
2025-11-26,276.79656982421875,277.54998779296875,279.5299987792969,276.6300048828125,276.9599914550781,33431400,141.16592407226562,141.88999938964844,142.4949951171875,140.7899932861328,141.88499450683594,13358800,5.623282831413185,0.002091806338181179,270.39202575683595,0.14965909624208296,4.949935965001183,0.01176822183264914,143.25196685791016,0.2515698098946785
2025-11-28,278.0930480957031,278.8500061035156,279.0,275.989990234375,277.260009765625,20135600,142.37969970703125,143.11000061035156,143.13499450683594,141.80499267578125,142.19000244140625,6792200,5.627955763069514,0.0046729316563292045,270.77662048339846,0.14908195969649915,4.958497430578344,0.008561465577161087,142.8995246887207,0.2527077700314315
2025-12-01,282.3315124511719,283.1000061035156,283.4200134277344,276.1400146484375,278.010009765625,46587700,142.4443817138672,143.1750030517578,143.60499572753906,141.28500366210938,141.72000122070312,12846600,5.643081956557617,0.015126193488102402,271.42444915771483,0.15532713854145222,4.9589516197580314,0.00045418917968742534,142.54310455322266,0.2526236489644074
2025-12-02,285.4131164550781,286.19000244140625,287.3999938964844,282.6300048828125,283.0,53669500,143.9118194580078,144.64999389648438,145.51499938964844,143.64500427246094,144.06500244140625,15719000,5.653937662133427,0.010855705575810504,272.29211578369143,0.15564704330697565,4.969200747129106,0.010249127371074529,142.22946319580078,0.25566592458584614
2025-12-03,283.3786315917969,284.1499938964844,288.6199951171875,283.29998779296875,286.20001220703125,43538700,144.25506591796875,144.9949951171875,145.09500122070312,143.22999572753906,143.9499969482422,11623200,5.646783924243755,-0.007153737889671774,273.0087387084961,0.1598400428481939,4.971583023786932,0.00238227665782631,142.13121643066407,0.23881628456725218
2025-12-04,279.9380187988281,280.70001220703125,284.7300109863281,278.5899963378906,284.1000061035156,43989100,144.7923126220703,145.53500366210938,145.7949981689453,144.4949951171875,145.19000244140625,9995200,5.6345682172324345,-0.012215707011320909,273.54834899902346,0.16818896564007677,4.975300388915725,0.0037173651287929488,142.03122940063477,0.23876955947683337
2025-12-05,278.0232238769531,278.7799987792969,281.1400146484375,278.04998779296875,280.5400085449219,47265800,145.8518829345703,146.60000610351562,147.30999755859375,145.69000244140625,146.2100067138672,6628000,5.627704649327169,-0.0068635679052651,274.0106536865234,0.17074490853646987,4.982591606306298,0.007291217390572591,142.13171463012696,0.22857677445761312
2025-12-08,277.13568115234375,277.8900146484375,279.6700134277344,276.1499938964844,278.1300048828125,38211800,146.87660217285156,147.6300048828125,148.3800048828125,146.9199981689453,147.42999267578125,8272800,5.624507209917562,-0.003197439409607483,274.493342590332,0.17001440238097465,4.989592793249831,0.007001186943533355,142.30830764770508,0.22907000782081519
2025-12-09,276.4275817871094,277.17999267578125,280.0299987792969,276.9200134277344,278.1600036621094,32193300,147.2646484375,148.02000427246094,148.25,146.9600067138672,147.33999633789062,6978200,5.621948876303848,-0.0025583336137140478,274.87979278564455,0.1703492140920267,4.9922312976348175,0.002638504384986362,142.32099380493165,0.21094378938431424
2025-12-10,278.0232238769531,278.7799987792969,279.75,276.44000244140625,277.75,33038300,147.9709930419922,148.72999572753906,149.22000122070312,146.82000732421875,147.69000244140625,8961100,5.627704649327169,0.005755773023321531,275.0558135986328,0.15435732812472827,4.997016261595473,0.0047849639606551975,142.4316749572754,0.2089967087274589
2025-12-11,277.2752685546875,278.0299987792969,279.5899963378906,273.80999755859375,279.1000061035156,33248000,147.2148895263672,147.97000122070312,148.1300048828125,145.11000061035156,147.05999755859375,9769300,5.6250107620402865,-0.0026938872868829122,275.28319396972654,0.15261227616488485,4.991893352852981,-0.005122908742491994,142.48191604614257,0.2098087673456944
2025-12-12,277.52459716796875,278.2799987792969,279.2200012207031,276.82000732421875,277.8999938964844,39532900,142.9567413330078,143.69000244140625,147.0800018310547,143.25999450683594,146.94000244140625,14873200,5.625909567701465,0.0008988056611789474,275.5489700317383,0.15227117108776347,4.9625420763343,-0.02935127651868097,142.50156478881837,0.21682370784964894
2025-12-15,273.3658752441406,274.1099853515625,280.1499938964844,272.8399963378906,280.1499938964844,50409100,141.57383728027344,142.3000030517578,144.6300048828125,142.02000427246094,144.4199981689453,10790300,5.6108111002748595,-0.015098467426605922,275.6337371826172,0.16242034623458917,4.952821399218649,-0.009720677115650389,142.41326904296875,0.2185819634550352
2025-12-16,273.8645324707031,274.6099853515625,275.5,271.7900085449219,272.82000732421875,37648600,141.83250427246094,142.55999755859375,142.97000122070312,141.3000030517578,141.91000366210938,10790900,5.61263357708738,0.0018224768125207902,275.9902648925781,0.14672510162650967,4.954646814010686,0.0018254147920364616,142.45008010864257,0.2112003577979846
2025-12-17,271.1020812988281,271.8399963378906,276.1600036621094,271.6400146484375,275.010009765625,50138700,138.6786651611328,139.38999938964844,142.83999633789062,139.32000732421875,142.72000122070312,18178700,5.602495433711698,-0.010138143375682418,276.2096694946289,0.15223782146210443,4.932159495454179,-0.02248731855650643,142.4438621520996,0.2185599705938393
2025-12-18,271.45111083984375,272.19000244140625,273.6300048828125,266.95001220703125,273.6099853515625,51630700,140.8177032470703,141.5399932861328,142.4199981689453,140.7899932861328,141.86000061035156,12319500,5.60378205258786,0.0012866188761622155,276.3906753540039,0.15173565590413104,4.947466169109026,0.015306673654846392,142.49634323120117,0.2240594574516182
2025-12-19,272.9271545410156,273.6700134277344,274.6000061035156,269.8999938964844,272.1499938964844,144632000,143.86209106445312,144.60000610351562,144.6199951171875,142.57000732421875,142.58999633789062,14265900,5.609204926395559,0.005422873807698458,276.7606704711914,0.14846696996896114,4.968855139746148,0.02138897063712175,142.92041778564453,0.20091505161539272
2025-12-22,270.23443603515625,270.9700012207031,273.8800048828125,270.510009765625,272.8599853515625,36571800,144.63827514648438,145.16000366210938,146.00999450683594,144.64999389648438,146.00999450683594,8864500,5.599289863871647,-0.009915062523911722,276.73474273681643,0.13713890417494257,4.974235971424008,0.00538083167786052,143.35718536376953,0.20107046862075284
2025-12-23,271.62066650390625,272.3599853515625,272.5,269.55999755859375,270.8399963378906,29642000,145.42544555664062,145.9499969482422,145.97999572753906,144.36000061035156,144.74000549316406,7546100,5.604406484483037,0.005116620611389955,276.5572250366211,0.12478058186629722,4.979663553616375,0.005427582192367275,143.67139358520507,0.18639841791115022
2025-12-24,273.06671142578125,273.80999755859375,275.42999267578125,272.20001220703125,272.3399963378906,17910600,145.77420043945312,146.3000030517578,146.5,145.67999267578125,145.7899932861328,3676300,5.609716129529893,0.005309645046856382,276.3996520996094,0.1256076796710435,4.9820588521983264,0.0023952985819510886,143.98438415527343,0.18639168136889397
2025-12-26,272.6578369140625,273.3999938964844,275.3699951171875,272.8599853515625,274.1600036621094,21521800,146.00335693359375,146.52999877929688,146.97999572753906,146.24000549316406,146.61000061035156,5052900,5.608217664454537,-0.0014984650753557816,276.1927154541016,0.1252431458675689,4.983629614139856,0.001570761941529497,144.22625579833985,0.18292737173495274
2025-12-29,273.0168762207031,273.760009765625,274.3599853515625,272.3500061035156,272.69000244140625,23715200,145.34573364257812,145.8699951171875,146.3800048828125,145.0399932861328,145.35000610351562,9822300,5.60953361093258,0.0013159464780425623,275.93890686035155,0.12387350639588797,4.979115274269853,-0.004514339870002715,144.3745574951172,0.1822950825610111
2025-12-30,272.33868408203125,273.0799865722656,274.0799865722656,272.2799987792969,272.80999755859375,22139600,144.88739013671875,145.41000366210938,146.25999450683594,145.3800048828125,145.85000610351562,6387400,5.607046453790915,-0.0024871571416653637,275.4392654418945,0.10842494362172601,4.975956820948464,-0.0031584533213893096,144.49670791625977,0.18289671285109038
2025-12-31,271.12200927734375,271.8599853515625,273.67999267578125,271.75,273.05999755859375,27293600,143.4525604248047,143.97000122070312,145.8000030517578,143.89999389648438,145.7100067138672,9528400,5.602568938297241,-0.0044775154936740336,274.72471008300784,0.09782688270306975,4.966004391168779,-0.009952429779684913,144.4737449645996,0.18318489598704416
2026-01-02,270.27435302734375,271.010009765625,277.8399963378906,269.0,272.260009765625,37838100,143.7813720703125,144.3000030517578,146.52000427246094,143.41000366210938,145.6300048828125,15299500,5.5994375654190325,-0.003131372878208083,274.06949615478516,0.09635722468699746,4.968293896355599,0.002289505186819696,144.4500602722168,0.18316811610455602
2026-01-05,266.5345458984375,267.260009765625,271.510009765625,266.1400146484375,270.6400146484375,45647200,144.10020446777344,144.6199951171875,146.38999938964844,144.25,146.00999450683594,17476300,5.585503863341624,-0.013933702077408405,273.3993225097656,0.09884692867903565,4.970508921934195,0.002215025578596652,144.41545486450195,0.18282314055487334
2026-01-06,261.6477966308594,262.3599853515625,267.54998779296875,262.1199951171875,267.0,52352100,146.12290954589844,146.64999389648438,146.77000427246094,144.6300048828125,145.2100067138672,14985700,5.566999311727378,-0.018504551614245912,272.58055114746094,0.11331396869413927,4.984448113759352,0.01393919182515635,144.42900619506835,0.18790740187907853
2026-01-07,259.6233215332031,260.3299865722656,263.67999267578125,259.80999755859375,263.20001220703125,48309800,146.00335693359375,146.52999877929688,147.3800048828125,146.0399932861328,146.52999877929688,13957100,5.5592318172093815,-0.0077674945179966315,271.7049331665039,0.11455510129367677,4.983629614139856,-0.0008184996194957606,144.38534393310547,0.1861361495169581
2026-01-08,258.3368225097656,259.0400085449219,259.2900085449219,255.6999969482422,257.0199890136719,50419300,143.72158813476562,144.24000549316406,145.92999267578125,143.5,145.92999267578125,16870100,5.554264247083441,-0.004967570125940846,270.8003952026367,0.11467747733293043,4.967878012384415,-0.01575160175544088,144.20819091796875,0.19358555606717714
2026-01-09,258.6659240722656,259.3699951171875,260.2099914550781,256.2200012207031,259.0799865722656,39997000,145.62472534179688,146.14999389648438,146.5800018310547,144.02999877929688,144.57000732421875,15652600,5.555537360656345,0.001273113572904272,269.83253021240233,0.11098327577432823,4.981032938253272,0.013154925868857248,144.09087753295898,0.19922551410149644
2026-01-12,259.54351806640625,260.25,261.29998779296875,256.79998779296875,259.1600036621094,45263800,146.26242065429688,146.7899932861328,147.2899932861328,145.0500030517578,145.19000244140625,12867200,5.55892438822379,0.0033870275674452444,268.9459426879883,0.11371329468866274,4.985402410056573,0.004369471803300939,144.04325408935546,0.19934247633643606
2026-01-13,260.34136962890625,261.04998779296875,261.80999755859375,258.3900146484375,258.7200012207031,45730800,145.9535369873047,146.47999572753906,147.52000427246094,145.85000610351562,146.85000610351562,16552200,5.561993729948291,0.003069341724501129,268.08678131103517,0.11503075806307984,4.983288331246319,-0.0021140788102540498,144.1930938720703,0.16766942577226326
2026-01-14,259.2543029785156,259.9599914550781,261.82000732421875,256.7099914550781,259.489990234375,40019400,144.179931640625,144.6999969482422,145.92999267578125,143.32000732421875,145.5,22104200,5.5578094447675195,-0.004184285180771852,267.3812026977539,0.1062402916843769,4.971062044851095,-0.01222628639522405,144.3233985900879,0.17002107348753226
2026-01-15,257.5090637207031,258.2099914550781,261.0400085449219,257.04998779296875,260.6499938964844,39388600,144.9372100830078,145.4600067138672,147.57000732421875,145.30999755859375,146.92999267578125,17370900,5.551054918399675,-0.006754526367844349,266.5634292602539,0.10581275057325293,4.976300614724024,0.0052385698729287,144.47863388061523,0.17069460142526435
2026-01-16,254.8363494873047,255.52999877929688,258.8999938964844,254.92999267578125,257.8999938964844,72142800,145.0966339111328,145.6199951171875,146.9499969482422,145.02000427246094,146.72000122070312,14156700,5.540621572421565,-0.010433345978110076,265.75014266967776,0.10607881184863197,4.977399961213976,0.0010993464899522465,144.79953231811524,0.14628544150452166
2026-01-20,246.0303192138672,246.6999969482422,254.7899932861328,243.4199981689453,252.72999572753906,80267500,141.33021545410156,141.83999633789062,144.10000610351562,141.61000061035156,143.08999633789062,20029200,5.505454777174707,-0.03516679524685795,264.4791030883789,0.15414470742455033,4.95109910585425,-0.02630085535972615,144.8251579284668,0.16975002699419037
2026-01-21,246.9777374267578,247.64999389648438,251.55999755859375,245.17999267578125,248.6999969482422,54641700,143.2931365966797,143.80999755859375,145.0399932861328,141.9600067138672,142.77999877929688,27892800,5.509298200690381,0.003843423515673905,263.181632232666,0.15283599240871704,4.964892438339443,0.013793332485192877,144.7967102050781,0.1589624792589357
2026-01-22,247.67584228515625,248.35000610351562,251.0,248.14999389648438,249.1999969482422,39708300,144.3592987060547,144.8800048828125,145.6999969482422,144.16000366210938,145.61000061035156,12971600,5.512120803621077,0.0028226029306956946,262.053702545166,0.15408073658978416,4.9723053218108255,0.007412883471382692,144.78276138305665,0.1600681741040303
2026-01-23,247.36666870117188,248.0399932861328,249.41000366210938,244.67999267578125,247.32000732421875,41689000,144.5685272216797,145.08999633789062,145.8300018310547,143.75,144.52999877929688,14654500,5.510871724532632,-0.0012490790884447378,260.8410026550293,0.15050416926881952,4.973753631965975,0.001448310155149457,144.7399154663086,0.15886546545623653
2026-01-26,254.71669006347656,255.41000366210938,256.55999755859375,249.8000030517578,251.47999572753906,55969200,145.5549774169922,146.0800018310547,146.7100067138672,144.88999938964844,145.27000427246094,10195600,5.540151908159987,0.029280183627355072,259.9235015869141,0.19037105887004824,4.980553866906761,0.006800234940786076,144.72895431518555,0.16061485090283448
2026-01-27,257.56890869140625,258.2699890136719,261.95001220703125,258.2099914550781,259.1700134277344,49648300,147.51788330078125,148.0500030517578,148.6199951171875,147.02999877929688,147.4199981689453,12436200,5.551287290872108,0.011135382712121,259.16905517578124,0.1972707504889052,4.993949411147732,0.013395544240970558,144.80468063354493,0.16755665378445497
2026-01-28,255.74386596679688,256.44000244140625,258.8599853515625,254.50999450683594,257.6499938964844,41288000,148.6936492919922,149.22999572753906,149.89999389648438,148.61000061035156,149.0,19497400,5.5441764200545505,-0.0071108708175575686,258.30540466308594,0.1971802344281906,5.001888144363048,0.00793873321531624,144.97207641601562,0.1684266555738385
2026-01-29,257.5788879394531,258.2799987792969,259.6499938964844,254.41000366210938,258.0,67253000,146.34213256835938,146.8699951171875,147.92999267578125,143.27000427246094,147.83999633789062,25581000,5.551326034114779,0.007149614060228515,257.56741485595705,0.20062338596709703,4.985947254045886,-0.015940890317161838,145.04481353759766,0.17855890293983814
2026-01-30,258.7756652832031,259.4800109863281,261.8999938964844,252.17999267578125,255.1699981689453,92443400,143.36288452148438,143.8800048828125,146.75,142.99000549316406,146.0399932861328,18342600,5.5559615291609274,0.004635495046148463,256.95009765625,0.20220593949197482,4.965379069849286,-0.020568184196600114,145.04032974243165,0.19038504644132745
2026-02-02,269.2770690917969,270.010009765625,270.489990234375,259.2099914550781,260.0299987792969,73913400,144.7379150390625,145.25999450683594,146.14999389648438,143.38999938964844,143.52999877929688,16337600,5.5957408461430544,0.039779316982127,256.90023345947264,0.25134879146956474,4.97492462446386,0.009545554614573959,145.08815689086913,0.1932784324946898
2026-02-03,268.7485046386719,269.4800109863281,271.8800048828125,267.6099853515625,269.20001220703125,64394700,141.56935119628906,142.0800018310547,145.97000122070312,140.1699981689453,145.8800048828125,30464500,5.593776015291218,-0.0019648308518362967,257.01093139648435,0.24620334186299575,4.952789711477836,-0.02213491298602399,144.96161422729492,0.20883190834460283
2026-02-04,275.7394104003906,276.489990234375,278.95001220703125,272.2900085449219,272.2900085449219,90545700,137.62359619140625,138.1199951171875,141.00999450683594,136.11000061035156,140.8300018310547,45649500,5.6194562544964395,0.025680239205221334,257.71551208496095,0.2510812609164635,4.924522394746725,-0.02826731673111116,144.53664855957032,0.22239217794234112
2026-02-05,275.1610107421875,275.9100036621094,279.5,273.2300109863281,278.1300048828125,52977400,135.1425323486328,135.6300048828125,138.47999572753906,135.0800018310547,137.22000122070312,42950900,5.617356419940017,-0.0020998345564224863,258.49239654541014,0.24876582413971546,4.906330016653751,-0.018192378092973804,143.99360733032228,0.22859996975389688
2026-02-06,277.3650207519531,278.1199951171875,280.9100036621094,276.92999267578125,277.1199951171875,50453400,140.62277221679688,141.1300048828125,141.47000122070312,137.4199981689453,138.00999450683594,37131900,5.625334403145268,0.007977983205250894,259.44380645751954,0.24757259524031863,4.94608093081931,0.03975091416555898,143.83866653442382,0.27124198029041946
2026-02-09,274.13079833984375,274.6199951171875,278.20001220703125,271.70001220703125,277.9100036621094,44623400,142.83477783203125,143.35000610351562,144.02999877929688,139.91000366210938,140.60000610351562,24629500,5.613605358688881,-0.011729044456386895,260.21705017089846,0.25339456077518413,4.961688562495001,0.015607631675691458,143.69916915893555,0.27308385835207405
2026-02-10,273.19244384765625,273.67999267578125,275.3699951171875,272.94000244140625,274.8900146484375,34376900,142.0376739501953,142.5500030517578,144.14999389648438,142.38999938964844,143.82000732421875,22564300,5.610176469362669,-0.0034288893262122144,260.8994964599609,0.2543751514921264,4.956092331921335,-0.0055962305736665385,143.48793182373046,0.272791849914411
2026-02-11,275.00921630859375,275.5,280.17999267578125,274.45001220703125,274.70001220703125,51931300,142.45614624023438,142.97000122070312,144.75999450683594,141.32000732421875,144.50999450683594,18905700,5.616804610954427,0.006628141591757952,261.6328887939453,0.2547825236968048,4.95903420666272,0.0029418747413849644,143.31306228637695,0.27322243469370666
2026-02-12,261.2637939453125,261.7300109863281,275.7200012207031,260.17999267578125,275.5899963378906,81077200,138.70968627929688,139.2100067138672,143.77000427246094,138.9199981689453,143.30999755859375,32154700,5.565530601675831,-0.05127400927859593,261.73336334228514,0.31859665127518466,4.932383161070506,-0.026651045592213762,143.03955001831054,0.28545825668926855
2026-02-13,255.32435607910156,255.77999877929688,262.2300109863281,255.4499969482422,262.010009765625,56290700,139.0583953857422,139.55999755859375,140.91000366210938,137.92999267578125,139.55999755859375,26637100,5.542534721495259,-0.02299588018057186,261.6241279602051,0.3284871442606024,4.934893955597697,0.0025107945271907184,142.74560928344727,0.28471245549211105
2026-02-17,263.4099426269531,263.8800048828125,266.2900085449219,255.5399932861328,258.04998779296875,58469100,138.97869873046875,139.47999572753906,140.4499969482422,137.02000427246094,138.63999938964844,25743800,5.573711535851718,0.031176814356459026,262.0528076171875,0.34449059876149934,4.93432067484385,-0.0005732807538469942,142.43971252441406,0.2845273251250882
2026-02-18,263.8791198730469,264.3500061035156,266.82000732421875,262.45001220703125,263.6000061035156,34203300,140.403564453125,140.91000366210938,142.1199951171875,139.27000427246094,140.05999755859375,13705800,5.5754911190188325,0.0017795831671145734,262.9452476501465,0.3158899421861172,4.944520879112216,0.010200204268365987,142.39337997436525,0.2726961140124143
2026-02-19,260.11578369140625,260.5799865722656,264.4800109863281,260.04998779296875,262.6000061035156,30845300,139.70608520507812,140.2100067138672,140.7100067138672,139.27999877929688,140.08999633789062,13484000,5.561126853779187,-0.014364265239645846,263.6021499633789,0.32217792697251835,4.939540824405714,-0.004980054706501313,142.21402740478516,0.26790146737942233
2026-02-20,264.1086730957031,264.5799865722656,264.75,258.1600036621094,258.9700012207031,42070500,140.37367248535156,140.8800048828125,141.75,138.97000122070312,139.1999969482422,14942400,5.57636065895963,0.015233805180443483,264.4237915039063,0.32529310070926254,4.944307956097428,0.004767131691713722,142.01474609375,0.2669273000448992
2026-02-23,265.705810546875,266.17999267578125,269.42999267578125,263.3800048828125,263.489990234375,37308200,138.0221405029297,138.52000427246094,140.64999389648438,137.88999938964844,140.17999267578125,22021900,5.582389721351921,0.0060290623922911735,265.3407485961914,0.32499503934004076,4.927414110715364,-0.0168938453820644,141.6874267578125,0.27221954314263797
2026-02-24,271.6552429199219,272.1400146484375,274.8900146484375,267.7099914550781,267.8599853515625,47014600,139.81568908691406,140.32000732421875,140.94000244140625,138.19000244140625,139.24000549316406,13030600,5.604533773087087,0.022144051735165426,266.1876762390137,0.3184300911641798,4.940325048731213,0.012910938015849638,141.40046234130858,0.275774947368237
2026-02-25,273.74151611328125,274.2300109863281,274.94000244140625,271.04998779296875,271.7799987792969,33714300,142.49600219726562,143.00999450683594,143.33999633789062,141.2100067138672,141.36000061035156,13296000,5.6121842892834595,0.007650516196372692,266.9963066101074,0.3175200056242049,4.959313944559132,0.01898889582791874,141.1493682861328,0.2805921771620321
2026-02-26,272.4637756347656,272.95001220703125,276.1099853515625,270.79998779296875,274.95001220703125,32345100,140.50320434570312,141.00999450683594,143.00999450683594,139.25999450683594,142.94000244140625,19364900,5.6075056718164635,-0.004678617466995938,267.83230209350586,0.31660426348109283,4.945230295244714,-0.014083649314418523,140.73984603881837,0.2814134670014197
2026-02-27,263.7093811035156,264.17999267578125,272.80999755859375,262.8900146484375,272.80999755859375,72366500,138.2612762451172,138.75999450683594,139.77000427246094,137.94000244140625,138.30999755859375,15328600,5.574847667635516,-0.032658004180947664,268.13882675170896,0.3405859635414432,4.929145201236248,-0.01608509400846536,140.33580322265624,0.2815030053838825
2026-03-02,264.2484130859375,264.7200012207031,266.5299987792969,260.20001220703125,262.4100036621094,41827900,139.03846740722656,139.5399932861328,139.9600067138672,136.55999755859375,137.02999877929688,20156700,5.576889619381085,0.0020419517455687597,268.4124641418457,0.3403609176566532,4.934750638781034,0.005605437544785374,140.11958236694335,0.27489498615635055
2026-03-03,263.2801818847656,263.75,265.55999755859375,260.1300048828125,263.4800109863281,38568900,137.0058135986328,137.5,138.3300018310547,134.99000549316406,136.36000061035156,34153000,5.5732187954764045,-0.0036708239046800983,268.1126197814941,0.3082057811079707,4.9200233599543015,-0.014727278826732082,139.73297729492188,0.2754245471051183
2026-03-04,262.0523376464844,262.5199890136719,266.1499938964844,261.4200134277344,264.6499938964844,39803100,139.33741760253906,139.83999633789062,140.6300048828125,138.0399932861328,138.52999877929688,15201400,5.568544245820806,-0.004674549655598881,267.77781143188474,0.3084535731654347,4.936898456363914,0.01687509640961249,139.6213806152344,0.2738040568775935
2026-03-05,259.8263244628906,260.2900085449219,261.55999755859375,257.25,260.7900085449219,49658600,139.67617797851562,140.17999267578125,141.25999450683594,138.08999633789062,139.16000366210938,19422500,5.560013424980556,-0.008530820840249476,266.98215713500974,0.2923030516518556,4.93932672902016,0.002428272656246122,139.72400970458983,0.25391176366895285
2026-03-06,257.0013427734375,257.4599914550781,258.7699890136719,254.3699951171875,258.6300048828125,41120000,136.7965545654297,137.2899932861328,139.8300018310547,136.7899932861328,137.82000732421875,19677200,5.549081309680938,-0.01093211529961824,266.0741737365723,0.29363177413877334,4.918494818946058,-0.020831910074102566,139.80671081542968,0.2566799060327404
2026-03-09,259.41705322265625,259.8800048828125,261.1499938964844,253.67999267578125,255.69000244140625,38218500,139.2576904296875,139.75999450683594,140.2100067138672,135.4600067138672,135.97000122070312,22760900,5.55843701074947,0.00935570106853234,265.1767753601074,0.2943804594275856,4.936326104784655,0.017831285838597388,139.73845672607422,0.2217636303892936
2026-03-10,260.3653564453125,260.8299865722656,262.4800109863281,256.95001220703125,257.6499938964844,30590800,139.2576904296875,139.75999450683594,141.38999938964844,139.02000427246094,139.83999633789062,24338500,5.562085861719295,0.0036488509698244798,264.48850326538087,0.29363146160382264,4.936326104784655,0.0,139.55960235595703,0.21350585834455849
2026-03-11,260.3453674316406,260.80999755859375,262.1300048828125,259.54998779296875,261.0899963378906,26218900,139.92527770996094,140.42999267578125,141.58999633789062,139.52000427246094,140.5800018310547,14009200,5.562009085832933,-7.677588636134658e-05,263.8461494445801,0.2937433858432657,4.941108549481267,0.004782444696612487,139.4539825439453,0.21389348223837634
2026-03-12,255.30438232421875,255.75999450683594,258.95001220703125,254.17999267578125,258.6600036621094,40794000,137.34457397460938,137.83999633789062,139.75,137.64999389648438,139.27000427246094,32372800,5.542456489490709,-0.019552596342224504,262.8609077453613,0.29773468923259055,4.922492906661623,-0.01861564281964423,139.19840393066406,0.2224753309435624
2026-03-13,249.6744384765625,250.1199951171875,256.3299865722656,249.52000427246094,255.47999572753906,36930000,136.30833435058594,136.8000030517578,139.7100067138672,136.52000427246094,138.4499969482422,15701800,5.520157823109197,-0.0222986663815119,262.2814399719238,0.2503439546568228,4.914919483939359,-0.007573422722264134,139.0783363342285,0.2037614159318711
2026-03-16,252.36964416503906,252.82000732421875,253.88999938964844,249.8800048828125,252.11000061035156,32074200,138.28121948242188,138.77999877929688,140.0800018310547,138.52000427246094,138.72000122070312,16626400,5.5308948546744405,0.010737031565243527,262.1337043762207,0.24179084600743656,4.9292894339501885,0.014369950010829413,139.0394775390625,0.2106069896878407
2026-03-17,253.77711486816406,254.22999572753906,255.1300048828125,252.17999267578125,252.9600067138672,32361600,139.03846740722656,139.5399932861328,140.27000427246094,138.92999267578125,139.38999938964844,12034600,5.536456381270542,0.005561526596101096,261.6520629882813,0.21248709364107518,4.934750638781034,0.005461204830845112,139.0424659729004,0.2115826629632233
2026-03-18,249.49476623535156,249.94000244140625,254.94000244140625,249.0,252.6300048828125,35757900,137.46417236328125,137.9600067138672,140.07000732421875,137.92999267578125,139.30999755859375,12634500,5.519437937958934,-0.017018443311608067,260.9328453063965,0.21860226092245721,4.923363318523083,-0.011387320257950861,138.8954963684082,0.21168462828960224
2026-03-19,248.5165252685547,248.9600067138672,251.8300018310547,247.3000030517578,249.39999389648438,34864100,137.9324493408203,138.42999267578125,139.1699981689453,135.44000244140625,136.0,18087900,5.515509343400319,-0.0039285945586149396,260.3528823852539,0.21437967828827437,4.926764067783891,0.0034007492608081336,138.80681457519532,0.21171545224080335
2026-03-20,247.54823303222656,247.99000549316406,249.1999969482422,246.0,247.97999572753906,88331100,134.8037567138672,135.2899932861328,137.97999572753906,134.32000732421875,137.97999572753906,27251800,5.511605443960211,-0.0039038994401074945,259.5248603820801,0.20416180282098523,4.903820066887113,-0.022944000896777617,138.5283187866211,0.22477826909523374
2026-03-23,251.04200744628906,251.49000549316406,254.60000610351562,250.27999877929688,253.97000122070312,40546100,136.62744140625,136.9499969482422,139.1999969482422,136.22000122070312,137.5,21818500,5.525620285472385,0.014014841512174137,258.79167022705076,0.21082836399561167,4.917257815733204,0.013437748846090614,138.4585838317871,0.2239499879633256
2026-03-24,251.1917266845703,251.63999938964844,254.8300018310547,249.5500030517578,250.35000610351562,45152300,135.82933044433594,136.14999389648438,136.9199981689453,134.8699951171875,136.0500030517578,16843900,5.52621649887878,0.0005962134063945967,257.7684944152832,0.1897874255291979,4.911399174457132,-0.005858641276072163,138.2592658996582,0.2188869743241973
2026-03-25,252.16998291015625,252.6199951171875,255.0,251.60000610351562,254.10000610351562,28476700,136.43789672851562,136.75999450683594,138.0,136.27999877929688,137.2899932861328,13872400,5.530103395472464,0.0038868965936842415,256.68991775512694,0.1871977956043657,4.9158695420733425,0.00447036761621078,137.95636062622071,0.2066334175545593
2026-03-26,252.43951416015625,252.88999938964844,257.0,250.77000427246094,252.1199951171875,41796700,132.18792724609375,132.5,135.52000427246094,132.4199981689453,135.17999267578125,15434600,5.531171672138669,0.0010682766662046816,255.68870468139647,0.18807328924990754,4.884224601357123,-0.031644940716219594,137.54059677124025,0.22832427143216627
2026-03-27,248.35679626464844,248.8000030517578,255.49000549316406,248.07000732421875,253.89999389648438,47900000,129.61399841308594,129.9199981689453,132.0500030517578,129.5800018310547,131.52999877929688,15895200,5.514866406850955,-0.01630526528771359,254.92107543945312,0.16195750484622426,4.8645607905319,-0.019663810825222505,137.10823287963868,0.2313671120050024
2026-03-30,246.19065856933594,246.6300048828125,250.8699951171875,245.50999450683594,250.07000732421875,39446200,127.19970703125,127.5,131.5500030517578,126.68000030517578,131.27000427246094,18830000,5.506106270582657,-0.008760136268298524,254.01818771362304,0.1620370801873864,4.845758347689926,-0.01880244284197463,136.51629486083985,0.23519590413369126
2026-03-31,253.337890625,253.7899932861328,255.47999572753906,247.10000610351562,247.91000366210938,49598100,132.5869903564453,132.89999389648438,133.22000122070312,128.97999572753906,129.14999389648438,19405300,5.5347241337596715,0.02861786317701487,253.52107315063478,0.1981905622249294,4.887238960996128,0.04148061330620223,136.29535369873048,0.28249027968131846
2026-04-01,255.17462158203125,255.6300048828125,256.17999267578125,253.3300018310547,254.0800018310547,40059400,134.59225463867188,134.91000366210938,136.0500030517578,133.75999450683594,134.1199951171875,17050100,5.541948101314156,0.00722396755448429,253.17718734741212,0.20048798642328075,4.902249872008663,0.015010911012534933,136.0580955505371,0.28094307799759777
2026-04-02,255.464111328125,255.9199981689453,256.1300048828125,250.64999389648438,254.1999969482422,31289400,135.6697235107422,135.99000549316406,136.0399932861328,131.35000610351562,131.91000366210938,12266200,5.543081935308524,0.0011338339943680609,252.95907669067384,0.1988120606765557,4.9102234285408555,0.00797355653219256,135.85777282714844,0.2827162670556231
2026-04-06,258.3988342285156,258.8599853515625,262.1600036621094,256.4599914550781,256.510009765625,29329900,136.45785522460938,136.77999877929688,137.25,135.7100067138672,136.47999572753906,10147600,5.554504260398717,0.011422325090193475,253.02895126342773,0.19960507661517,4.91601581401775,0.005792385476894424,135.84083786010743,0.2741811770026334
2026-04-07,253.0484161376953,253.5,256.20001220703125,245.6999969482422,256.1600036621094,62148000,137.1063232421875,137.42999267578125,137.49000549316406,134.11000061035156,136.1699981689453,8585500,5.533580838552158,-0.020923421846559265,252.71051940917968,0.2099941193333814,4.920756706891928,0.004740892874178115,135.73326950073243,0.266645193415619
2026-04-08,258.43878173828125,258.8999938964844,259.75,256.5299987792969,258.45001220703125,41032800,141.35629272460938,141.69000244140625,143.55999755859375,140.74000549316406,143.1300048828125,13359000,5.554658844773426,0.021078006221268097,252.61419067382812,0.22402381140306235,4.951283601893695,0.030526895001766974,135.83819961547852,0.2889149845215639
2026-04-09,260.02593994140625,260.489990234375,261.1199951171875,256.07000732421875,259.0,28121600,141.7353973388672,142.07000732421875,142.19000244140625,140.35000610351562,141.75999450683594,8235100,5.56078139504434,0.006122550270913685,252.5982192993164,0.225209565212051,4.95396192029149,0.0026783183977947544,135.92870559692383,0.28862166321804184
2026-04-10,260.0159912109375,260.4800109863281,262.19000244140625,259.0199890136719,259.9800109863281,31291500,142.28408813476562,142.6199951171875,143.55999755859375,141.9199981689453,142.5,9310100,5.560743133781646,-3.8261262694128106e-05,252.83379974365235,0.2131385644956581,4.957825679692249,0.0038637594007591147,136.17568130493163,0.2796174032591645
2026-04-13,258.73828125,259.20001220703125,260.17999267578125,256.6600036621094,259.7300109863281,36234700,145.26705932617188,145.61000061035156,145.6699981689453,142.1300048828125,142.3300018310547,10407700,5.55581705369889,-0.004926080082755746,253.28699188232423,0.19629964379679685,4.978573836864263,0.02074815717201428,136.62361755371094,0.2850887940564347
2026-04-14,258.368896484375,258.8299865722656,261.92999267578125,257.19000244140625,259.25,48370700,147.59158325195312,147.94000244140625,147.94000244140625,146.0800018310547,146.89999389648438,10183300,5.554388395020928,-0.0014286586779617139,253.58695449829102,0.19367195054169378,4.994448886502182,0.01587504963791897,137.0891357421875,0.28592098737787525
2026-04-15,265.95538330078125,266.42999267578125,266.55999755859375,257.80999755859375,258.1600036621094,49913500,149.94601440429688,150.3000030517578,150.3699951171875,147.9600067138672,148.27000427246094,10622500,5.583328562761172,0.02894016774024344,254.19586791992188,0.2170621860646333,5.010275325343923,0.015826438841741286,137.634513092041,0.2893273452620291
2026-04-16,262.9307556152344,263.3999938964844,267.1600036621094,261.2699890136719,266.79998779296875,43323100,151.66197204589844,152.02000427246094,152.17999267578125,149.75,150.99000549316406,11778000,5.571890710877664,-0.011437851883507655,254.867667388916,0.2112869631973472,5.021654176260243,0.011378850916319294,138.3444030761719,0.2847517580454786
2026-04-17,269.7486267089844,270.2300109863281,272.29998779296875,266.7200012207031,266.9599914550781,61436200,153.98648071289062,154.35000610351562,154.80999755859375,153.50999450683594,154.05999755859375,10630400,5.597490513148396,0.02559980227073222,255.9292724609375,0.2247153844171493,5.036864810981442,0.015210634721198879,139.1471046447754,0.286995989846327
2026-04-20,272.5635681152344,273.04998779296875,274.2799987792969,270.2900085449219,270.3299865722656,36590200,154.19598388671875,154.55999755859375,154.75,153.0399932861328,154.3000030517578,8131600,5.6078718643854355,0.010381351237039205,257.1800392150879,0.22368653120288431,5.038224415956845,0.0013596049754029949,140.11671600341796,0.26733576044180163
2026-04-21,265.69586181640625,266.1700134277344,272.79998779296875,265.3999938964844,271.5,50209800,154.32566833496094,154.69000244140625,156.07000732421875,154.14999389648438,155.0,12657300,5.582352277997911,-0.025519586387524384,257.91273193359376,0.24511107512615335,5.039065098968531,0.0008406830116864938,141.00162734985352,0.26687668497302364
2026-04-22,272.68341064453125,273.1700134277344,273.739990234375,266.8699951171875,267.82000732421875,43249200,157.7176513671875,158.08999633789062,158.16000366210938,155.52000427246094,156.22000122070312,13830400,5.608311454281006,0.025959176283095076,258.9873161315918,0.2582198003872971,5.060806417744529,0.021741318775998053,142.0960433959961,0.26846441948811894
2026-04-23,272.9429016113281,273.42999267578125,275.7699890136719,271.6499938964844,275.04998779296875,33399600,155.47296142578125,155.83999633789062,157.8000030517578,153.9499969482422,156.77000427246094,12151400,5.609262621702856,0.0009511674218494193,260.0259620666504,0.2584628086292182,5.046471834993917,-0.014334582750612057,143.04779663085938,0.27933010858416757
2026-04-24,270.5771179199219,271.05999755859375,273.05999755859375,269.6499938964844,272.760009765625,38157100,159.8426513671875,160.22000122070312,160.39999389648438,157.60000610351562,158.42999267578125,11059800,5.600557151628805,-0.008705470074050758,260.9328422546387,0.2622133417234093,5.074189902395225,0.027718067401307778,144.43053283691407,0.24962716539195415
2026-04-27,267.1332702636719,267.6099853515625,268.3599853515625,265.07000732421875,266.0899963378906,41466800,160.19183349609375,160.57000732421875,160.6199951171875,158.80999755859375,160.02000427246094,8963900,5.587747673435848,-0.01280947819295708,261.87166595458984,0.25899056976780044,5.076372056406638,0.0021821540114128624,145.95942459106445,0.22677699582969207
2026-04-28,270.2277526855469,270.7099914550781,273.2300109863281,268.6600036621094,272.3399963378906,40018900,157.47824096679688,157.85000610351562,158.63999938964844,156.16000366210938,157.11000061035156,9253000,5.599265131893169,0.011517458457321439,263.0735206604004,0.2560954909100277,5.059287296129973,-0.01708476027666439,147.4733512878418,0.22388774985418797
2026-04-29,269.688720703125,270.1700134277344,271.0400085449219,267.0400085449219,267.54998779296875,30047900,158.73526000976562,159.11000061035156,159.14999389648438,157.75,158.8300018310547,7506900,5.597268407629032,-0.0019967242641367733,263.8910621643066,0.24070027677007438,5.067237783129757,0.007950486999783735,148.7807647705078,0.1920764097746471
2026-04-30,270.86663818359375,271.3500061035156,276.0,268.1400146484375,270.5,91848200,159.1243438720703,159.5,159.8000030517578,156.8800048828125,159.64999389648438,9276400,5.601626589730184,0.004358182101151797,264.67566299438477,0.24026792037809433,5.069685933519944,0.002448150390186754,150.00736923217772,0.19203853319759662
2026-05-01,279.6409606933594,280.1400146484375,287.2200012207031,278.3699951171875,278.8599853515625,79915400,161.48876953125,161.8699951171875,162.2899932861328,160.13999938964844,160.38999938964844,10161800,5.633506497102621,0.03187990737243673,265.8845054626465,0.2610188147856143,5.084435601738606,0.01474966821866186,151.29832153320314,0.19335395777089456
2026-05-04,276.33685302734375,276.8299865722656,280.6300048828125,274.8599853515625,279.6600036621094,46668400,161.66835021972656,162.0500030517578,163.24000549316406,160.8800048828125,162.7100067138672,10740000,5.62162060351759,-0.011885893585031226,266.7814064025879,0.26591209803090515,5.085547015945418,0.0011114142068127109,152.558846282959,0.19499792412325084
2026-05-05,283.67376708984375,284.17999267578125,284.57000732421875,276.5,276.92999267578125,49311700,165.2399139404297,165.6300048828125,166.02000427246094,163.52000427246094,163.8699951171875,9813500,5.647824870461012,0.026204266943421928,268.3126739501953,0.26142307783562635,5.107398441712824,0.021851425767406063,153.96552581787108,0.20004388081485674
2026-05-06,286.9978332519531,287.510009765625,288.0299987792969,281.07000732421875,281.9200134277344,58336100,169.62953186035156,170.02999877929688,170.0800018310547,166.83999633789062,167.8800048828125,11304700,5.65947466608636,0.01164979562534807,269.7406265258789,0.2561623169861797,5.133616834734629,0.02621839302180451,155.3791877746582,0.1944971045823576
2026-05-07,286.9279479980469,287.44000244140625,292.1300048828125,285.7799987792969,289.2699890136719,45224300,169.29034423828125,169.69000244140625,171.9499969482422,168.6999969482422,170.25999450683594,11031500,5.65923113196911,-0.00024353411724931107,271.0857269287109,0.25686742035410465,5.131615254070691,-0.002001580663938185,156.7569351196289,0.19724183392462694
2026-05-08,292.7974853515625,293.32000732421875,294.760009765625,290.0,290.010009765625,52692800,175.1066131591797,175.52000427246094,175.60000610351562,171.3000030517578,171.58999633789062,11222200,5.679481193770094,0.020250061800983765,272.7248016357422,0.2617202436709299,5.165395006477987,0.03377975240729647,158.3980613708496,0.21493745882712284
2026-05-11,292.42779541015625,292.67999267578125,293.8800048828125,290.2300109863281,291.9800109863281,42247300,177.46107482910156,177.8800048828125,178.3000030517578,175.8699951171875,176.14999389648438,10461800,5.67821778290001,-0.0012634108700844138,274.40927734375,0.2600213464911492,5.178751288128969,0.013356281650981572,160.00776214599608,0.21178595810560724
2026-05-12,294.54595947265625,294.79998779296875,295.2699890136719,292.55999755859375,292.55999755859375,45748100,174.787353515625,175.1999969482422,176.99000549316406,171.1999969482422,176.14999389648438,15950700,5.6854350502455535,0.007217267345543732,276.21813049316404,0.2584989827826467,5.163570112295388,-0.015181175833580696,161.3675506591797,0.22841465813790346
2026-05-13,298.6124572753906,298.8699951171875,300.9200134277344,293.5,293.5,52684300,176.43348693847656,176.85000610351562,177.74000549316406,174.25999450683594,177.27000427246094,9817900,5.699146603174566,0.013711552929012605,277.85098419189455,0.24637376196456592,5.172943960808394,0.009373848513005711,162.69192428588866,0.2267957879429153
2026-05-14,297.9530334472656,298.2099914550781,300.45001220703125,295.3800048828125,299.82000732421875,35324900,179.07723999023438,179.5,180.22000122070312,176.8699951171875,177.36000061035156,11424900,5.696935868202633,-0.002210734971932915,279.6020980834961,0.23990801657165808,5.187817221093143,0.014873260284749001,164.06268768310548,0.22779599860952437
2026-05-15,299.9713134765625,300.2300109863281,303.20001220703125,296.5199890136719,297.8999938964844,54862800,175.84486389160156,176.25999450683594,178.6999969482422,174.6300048828125,176.2100067138672,14519000,5.703686848339359,0.006750980136725815,281.113232421875,0.2288204217443239,5.169602151166759,-0.018215069926383443,165.155606842041,0.2446396447411921
2026-05-18,297.5833435058594,297.8399963378906,300.6600036621094,294.9100036621094,300.239990234375,34483000,173.94935607910156,174.36000061035156,177.85000610351562,171.91000366210938,177.6199951171875,19162600,5.695694331990237,-0.007992516349122347,282.3642211914063,0.23268156910968907,5.158764199832557,-0.010837951334202067,166.14327545166014,0.2518544809554752
2026-05-19,298.7123718261719,298.9700012207031,300.510009765625,296.3500061035156,296.9700012207031,42243600,172.8319854736328,173.24000549316406,175.17999267578125,170.8300018310547,172.67999267578125,15751400,5.699481143266809,0.0037868112765719886,284.01504669189455,0.20423051076431747,5.152319940361417,-0.00644425947114069,167.06859130859374,0.25515011695889755
2026-05-20,301.98956298828125,302.25,302.79998779296875,298.0799865722656,298.17999267578125,38229800,176.72279357910156,177.13999938964844,177.25,173.9499969482422,174.66000366210938,12630300,5.710392457136218,0.010911313869409689,285.48035430908203,0.1911515838745639,5.174582366926605,0.022262426565188065,168.01884841918945,0.2555919776592931
2026-05-21,304.7271728515625,304.989990234375,305.5400085449219,300.3999938964844,301.05999755859375,42965100,178.1793670654297,178.60000610351562,178.97999572753906,175.8300018310547,175.8300018310547,10873200,5.7194168610491305,0.009024403912912149,287.06956787109374,0.1909733145390429,5.1827907230661285,0.008208356139523865,169.15416870117187,0.244451989939495
2026-05-22,308.55389404296875,308.82000732421875,311.3999938964844,305.8399963378906,306.1199951171875,43670200,179.96514892578125,180.38999938964844,181.72999572753906,179.55999755859375,180.02999877929688,10739900,5.731896525147555,0.01247966409842416,288.9684066772461,0.18476612612900387,5.1927632150650105,0.00997249199888195,170.16029357910156,0.23213237098456888
2026-05-26,308.0643005371094,308.3299865722656,311.82000732421875,307.6700134277344,309.55999755859375,48000500,184.70396423339844,185.13999938964844,186.0,182.58999633789062,183.1999969482422,12500300,5.7303085291622,-0.0015879959853544179,291.014958190918,0.1730822127941025,5.218754350068522,0.0259911350035118,171.3859001159668,0.24220199254811653
2026-05-27,310.5821533203125,310.8500061035156,313.260009765625,308.29998779296875,308.3299865722656,50430900,183.99562072753906,184.42999267578125,186.27000427246094,182.5399932861328,186.17999267578125,12297400,5.738448450339729,0.00813992117752882,293.0326782226563,0.17235987495856667,5.214911956931942,-0.003842393136579858,172.7117691040039,0.22884322212099192
2026-05-28,312.24072265625,312.510009765625,312.79998779296875,309.57000732421875,310.67999267578125,48220400,186.40992736816406,186.85000610351562,187.5800018310547,183.7899932861328,184.8300018310547,11167600,5.743774437295284,0.00532598695555464,295.1602783203125,0.16924518335667538,5.22794815924621,0.013036202314267165,174.09550247192382,0.22960388992476585
2026-05-29,311.7911071777344,312.05999755859375,315.0,309.5299987792969,311.7799987792969,70026800,190.5701141357422,191.02000427246094,191.6300048828125,189.1999969482422,189.3300018310547,15031700,5.742333435298841,-0.0014410019964428145,297.20650177001954,0.1718258180648591,5.250020180057785,0.02207202081157522,175.66779098510742,0.23379833313270276
2026-06-01,306.0460510253906,306.30999755859375,310.94000244140625,305.0199890136719,309.6300048828125,48849900,195.2989501953125,195.75999450683594,196.5,191.14999389648438,192.32000732421875,18968800,5.723735584176391,-0.018597851122449605,298.5267562866211,0.16841129717521472,5.274531462524164,0.02451128246637957,177.35830001831056,0.2394719045267181
2026-06-02,314.92840576171875,315.20001220703125,315.45001220703125,306.69000244140625,307.4599914550781,44534700,197.74319458007812,198.2100067138672,198.3800048828125,195.75,196.4499969482422,10175200,5.752345329696739,0.028609745520348007,300.45633392333986,0.1772315760547016,5.286969191795544,0.012437729271379538,179.16204223632812,0.2375740665876487
2026-06-03,309.9926452636719,310.260009765625,316.94000244140625,308.8500061035156,314.17999267578125,50836700,195.76783752441406,196.22999572753906,198.72999572753906,194.52999877929688,198.3699951171875,11582100,5.736548572241854,-0.0157967574548854,301.77227783203125,0.17811716619105175,5.276929454726596,-0.010039737068948007,180.68843841552734,0.2434966146997953
2026-06-04,310.9618225097656,311.2300109863281,313.5400085449219,309.6499938964844,313.2300109863281,44869100,192.71505737304688,193.1699981689453,194.74000549316406,189.69000244140625,191.52000427246094,13142600,5.739670147440626,0.0031215751987723195,302.97047729492186,0.1760972754040217,5.261212711304046,-0.015716743422549584,181.84271469116212,0.24842030772075924
2026-06-05,307.0751647949219,307.3399963378906,315.1700134277344,307.1499938964844,312.8599853515625,65310500,179.8753662109375,180.3000030517578,189.22000122070312,179.8000030517578,188.88999938964844,26816100,5.727092554085185,-0.012577593355441508,303.97783813476565,0.18525296562800625,5.192264201124501,-0.06894851017954551,182.37196578979493,0.36478567634549197
2026-06-08,301.2801818847656,301.5400085449219,317.3999938964844,301.1700134277344,308.739990234375,77949100,183.74620056152344,184.17999267578125,186.7100067138672,183.1699981689453,185.22000122070312,14685000,5.708040668615396,-0.01905188546978831,304.40197296142577,0.19028175544301987,5.21355546066297,0.021291259538469554,182.8039451599121,0.3533382839533669
2026-06-09,290.29962158203125,290.54998779296875,300.75,287.7799987792969,300.2799987792969,70108800,180.34425354003906,180.77000427246094,187.0800018310547,172.8800048828125,185.91000366210938,29884400,5.670913567488678,-0.037127101126718465,304.29556427001955,0.23446475113501264,5.194867544019844,-0.018687916643126634,182.94810409545897,0.358440831827994
2026-06-10,291.3287353515625,291.5799865722656,294.75,287.3800048828125,290.739990234375,52793300,176.21400451660156,176.6300048828125,182.41000366210938,176.14999389648438,178.16000366210938,20059800,5.674452304316756,0.0035387368280783704,304.1347030639648,0.2332473697895198,5.171699191141614,-0.023168352878229825,183.01943664550782,0.36424005305577617
2026-06-11,295.375244140625,295.6300048828125,297.0,289.5899963378906,293.7200012207031,42572500,182.77850341796875,183.2100067138672,183.66000366210938,176.5,177.7899932861328,18238400,5.688246562051377,0.013794257734621063,303.97284240722655,0.23331461070432344,5.208275055923286,0.036575864781672074,183.33668746948243,0.38531127510031266
2026-06-12,290.879150390625,291.1300048828125,297.1400146484375,289.6199951171875,296.0299987792969,38742100,184.36476135253906,184.8000030517578,185.83999633789062,181.63999938964844,183.24000549316406,15014300,5.672907890160539,-0.01533867189083793,303.61914825439453,0.23913864968435083,5.2169161939049,0.00864113798161359,183.60106353759767,0.38312845924496836
2026-06-15,296.1645812988281,296.4200134277344,297.7799987792969,291.70001220703125,294.1199951171875,45732600,191.33828735351562,191.7899932861328,192.0800018310547,189.75,190.3699951171875,13097800,5.690915317704828,0.018007427544288745,303.42881164550784,0.24730209668276842,5.254042999407807,0.0371268055029077,184.37573471069337,0.3956031155913064
2026-06-16,298.9821472167969,299.239990234375,300.4800109863281,293.9700012207031,295.25,39874400,186.0009002685547,186.44000244140625,192.25,186.42999267578125,191.22999572753906,10077200,5.700383863303047,0.00946854559821908,303.4987518310547,0.2481808693939279,5.225751513855007,-0.028291485552800033,184.97831192016602,0.4090385752558853
2026-06-17,295.6949768066406,295.95001220703125,302.07000732421875,294.3599853515625,300.8500061035156,42745100,185.36241149902344,185.8000030517578,189.99000549316406,185.3000030517578,189.00999450683594,14396100,5.689328439249282,-0.01105542405376525,303.34788208007814,0.2509399000428721,5.222312889852956,-0.0034386240020509717,185.60483322143554,0.40822242965708866
2026-06-18,297.7532043457031,298.010009765625,300.57000732421875,295.6199951171875,298.1099853515625,85962200,190.98912048339844,191.44000244140625,192.0,189.3800048828125,190.4199981689453,12101600,5.696264970043842,0.006936530794559914,303.13606414794924,0.2489295628427169,5.2522164656043975,0.029903575751441203,186.3181495666504,0.4137442287471941
2026-06-22,296.75408935546875,297.010009765625,302.4200134277344,296.760009765625,297.30999755859375,44879900,191.926025390625,192.14999389648438,194.3000030517578,190.86000061035156,192.9499969482422,11313000,5.692903813868185,-0.003361156175657243,302.7374099731445,0.2463773770254163,5.25711001336284,0.004893547758442196,187.00548248291017,0.41345168291659234
2026-06-23,294.04638671875,294.29998779296875,301.6400146484375,294.17999267578125,297.5400085449219,52010900,183.97531127929688,184.19000244140625,187.25,183.6999969482422,184.67999267578125,14633600,5.6837375328479816,-0.009166281020203115,302.0120346069336,0.24223680085295307,5.214801570776427,-0.042308442586413086,187.20599060058595,0.4435145365765848
2026-06-24,292.8274230957031,293.0799865722656,299.70001220703125,292.94000244140625,295.3599853515625,53081900,182.83663940429688,183.0500030517578,185.66000366210938,180.7899932861328,184.07000732421875,12323700,5.67958343581525,-0.0041540970327318405,301.2501907348633,0.24229284660122433,5.208593073313755,-0.006208497462671936,187.11262435913085,0.4341776286140684
2026-06-25,274.91290283203125,275.1499938964844,288.79998779296875,273.75,287.3999938964844,107013700,184.35487365722656,184.57000732421875,188.41000366210938,180.3800048828125,188.14999389648438,13218200,5.616454330526726,-0.06312910528852367,299.4667282104492,0.32018950164017645,5.216862561310505,0.00826948799674998,187.13058700561524,0.4350716475435032
2026-06-26,283.53546142578125,283.7799987792969,285.95001220703125,274.2099914550781,275.0,261775500,180.89889526367188,181.11000061035156,183.11000061035156,179.75999450683594,181.0,13433900,5.647337199739696,0.03088286921297012,298.0314651489258,0.34423375703073766,5.197938285493005,-0.01892427581749967,186.85503540039062,0.43725114361407746
2026-06-29,281.4972229003906,281.739990234375,288.3699951171875,279.8500061035156,286.7300109863281,66427000,185.19387817382812,185.41000366210938,185.66000366210938,178.6699981689453,183.1199951171875,11857000,5.640122582168349,-0.007214617571347226,296.5167709350586,0.3440917143947455,5.221403266448832,0.023464980955827386,186.58622360229492,0.43827390708769876
2026-06-30,289.11065673828125,289.3599853515625,289.94000244140625,280.70001220703125,281.1700134277344,65100200,190.2979278564453,190.52000427246094,190.94000244140625,185.60000610351562,185.75999450683594,10729900,5.666809510114908,0.026686927946559358,295.6700012207031,0.35782201869107644,5.248590885416994,0.027187618968161686,186.33617248535157,0.4404724589980368
2026-07-01,294.1263427734375,294.3800048828125,296.5899963378906,289.20001220703125,293.44000244140625,50164200,185.40362548828125,185.6199951171875,187.97999572753906,185.3800048828125,186.8300018310547,9960300,5.68400941235266,0.017199902237751807,294.62989807128906,0.34663583111117807,5.222535207893532,-0.026055677523461718,185.7191940307617,0.4457146403446392
2026-07-02,308.3640441894531,308.6300048828125,309.4200134277344,293.67999267578125,294.1199951171875,75352800,180.37950134277344,180.58999633789062,187.3800048828125,178.72000122070312,185.49000549316406,14173100,5.731281046660893,0.04727163430823289,294.5484680175781,0.38673389697280786,5.195062972251944,-0.027472235641588405,184.94977722167968,0.45347919104931306
2026-07-06,312.3905944824219,312.6600036621094,314.20001220703125,307.0,307.3599853515625,53590000,183.3560333251953,183.57000732421875,185.7100067138672,182.0399932861328,182.66000366210938,8923100,5.744254310221715,0.012973263560821735,294.6199066162109,0.38944909251658644,5.211429800031003,0.01636682777905918,184.4818260192871,0.4568599803097866
2026-07-07,310.3923034667969,310.6600036621094,315.4800109863281,310.1499938964844,315.2900085449219,42490000,178.97113037109375,179.17999267578125,180.72000122070312,176.36000061035156,179.83999633789062,12254800,5.737836992469423,-0.006417317752291929,294.7857635498047,0.38737062492184776,5.1872245099902266,-0.02420529004077654,184.4366142272949,0.39378531301347053
2026-07-08,313.1199645996094,313.3900146484375,314.82000732421875,307.04998779296875,311.9100036621094,41323500,181.1885528564453,181.39999389648438,181.6300048828125,177.14999389648438,177.47999572753906,10528300,5.7465863905908146,0.00874939812139175,295.37775268554685,0.38124584053502797,5.199538217531885,0.012313707541658836,184.30873184204103,0.3885254818209747
2026-07-09,315.947509765625,316.2200012207031,316.5299987792969,308.1600036621094,310.510009765625,48124500,185.1339569091797,185.35000610351562,186.39999389648438,183.55999755859375,184.75999450683594,7756600,5.755576091452765,0.00898970086195039,296.66014709472654,0.3526612851687214,5.221079654451598,0.021541436919712886,184.54821701049804,0.3900631464075851
2026-07-10,315.0483093261719,315.32000732421875,316.9100036621094,312.1700134277344,314.7200012207031,34132300,185.56344604492188,185.77999877929688,186.22999572753906,183.08999633789062,184.00999450683594,6162000,5.752725990006968,-0.0028501014457971152,297.846125793457,0.35355616138875157,5.223396850765866,0.0023171963142676333,185.01568908691405,0.3791891683019079
2026-07-13,317.03656005859375,317.30999755859375,323.45001220703125,315.7799987792969,317.0199890136719,43257800,181.06869506835938,181.27999877929688,183.89999389648438,180.5399932861328,183.10000610351562,8595100,5.759017098642246,0.006291108635278597,298.92919158935547,0.35177374136002254,5.1988764900266595,-0.02452036073920638,184.9301986694336,0.36841459128674797
2026-07-14,314.58868408203125,314.8599853515625,316.19000244140625,311.9100036621094,313.760009765625,36336800,183.4059600830078,183.6199951171875,184.42999267578125,181.3300018310547,183.7100067138672,6399600,5.751266020752957,-0.007751077889289526,300.11466827392576,0.3473769364853313,5.2117020570206485,0.012825566993988957,184.88225860595702,0.37008274147873577
2026-07-15,327.2178039550781,327.5,328.7300109863281,317.32000732421875,317.6199951171875,60957600,181.36834716796875,181.5800018310547,185.2899932861328,178.22000122070312,185.11000061035156,9256800,5.790626016313897,0.0393599955609405,301.6673294067383,0.3666004034995482,5.200530030547993,-0.01117202647265536,184.38376159667968,0.3441710597246973
2026-07-16,332.97283935546875,333.260009765625,334.67999267578125,326.7900085449219,328.010009765625,62970600,177.31307983398438,177.52000427246094,179.47999572753906,176.41000366210938,179.0,8666500,5.80806092315687,0.017434906842972886,303.3668640136719,0.3689753790413105,5.177916982688415,-0.022613047859578295,183.94937057495116,0.3391187666332578
2026-07-17,333.452392578125,333.739990234375,334.989990234375,329.0,331.9800109863281,63407100,175.3853302001953,175.58999633789062,177.9199981689453,171.33999633789062,172.85000610351562,12036700,5.80950010427562,0.0014391811187497439,305.2547348022461,0.36422701121310075,5.166985440181512,-0.010931542506902758,183.45051651000978,0.34046590276869254
2026-07-20,326.3085632324219,326.5899963378906,333.7099914550781,323.67999267578125,333.510009765625,53468000,175.50518798828125,175.7100067138672,178.6999969482422,175.52000427246094,177.19000244140625,7638600,5.7878434466886395,-0.021656657586980543,306.68250274658203,0.377172216414107,5.167668603655785,0.0006831634742727744,182.67631988525392,0.3183591063494468
2026-07-21,327.45758056640625,327.739990234375,329.6000061035156,322.2200012207031,323.1300048828125,41338900,180.56927490234375,180.77999877929688,181.02000427246094,178.1699981689453,179.55999755859375,7506800,5.7913585216981485,0.0035150750095089833,308.2176773071289,0.37604037265172857,5.196114498615494,0.028445894959709506,182.10848236083984,0.33769849981355105
2026-07-22,325.60919189453125,325.8900146484375,329.0,323.3399963378906,327.8699951171875,38755900,180.05987548828125,180.27000427246094,181.42999267578125,178.14999389648438,178.16000366210938,5357600,5.785697864364218,-0.005660657333930175,309.79581756591796,0.3745010715449838,5.193289437178821,-0.0028250614366731597,181.91271057128907,0.30424558607353824
2026-07-23,321.3828430175781,321.6600036621094,323.29998779296875,319.3500061035156,321.7300109863281,40840800,178.2419891357422,178.4499969482422,180.38999938964844,177.1999969482422,178.8000030517578,7177000,5.772633069854827,-0.013064794509391575,311.22358856201174,0.3787326268226669,5.183142116549528,-0.0101473206292928,181.68297805786133,0.305445828699428
2026-07-24,332.7330322265625,333.0199890136719,334.3699951171875,321.6199951171875,321.7900085449219,47489400,175.67498779296875,175.8800048828125,179.00999450683594,175.0500030517578,177.82000732421875,7739600,5.807340463417769,0.03470739356294228,314.1145950317383,0.2968766491831539,5.168635627591814,-0.014506488957714225,181.24898376464844,0.3067057224472823
2026-07-27,336.61968994140625,336.9100036621094,339.57000732421875,334.0199890136719,334.5400085449219,49604300,174.09683227539062,174.3000030517578,178.3000030517578,171.72999572753906,177.8300018310547,8376600,5.8189537766037995,0.011613313186030538,316.76880645751953,0.2861941832313291,5.159611651751582,-0.009023975840231735,180.90888061523438,0.301607030111902
2026-07-28,339.78692626953125,340.0799865722656,342.8900146484375,335.6000061035156,340.0299987792969,51859000,170.89056396484375,171.08999633789062,172.1699981689453,167.5399932861328,171.2100067138672,10049300,5.828318733716997,0.009364957113197292,319.68329162597655,0.280042619194542,5.141023374816306,-0.01858827693527676,180.19371490478517,0.29143831837514445
2026-07-29,337.8985900878906,338.19000244140625,344.57000732421875,337.3500061035156,339.7300109863281,56090800,166.3758544921875,166.57000732421875,172.50999450683594,166.4600067138672,171.1199951171875,14372900,5.822745821139448,-0.00557291257754855,322.12268829345703,0.2770415545883297,5.114249412643108,-0.026773962173197496,178.99761123657225,0.277410209614423
2026-07-30,333.1426696777344,333.42999267578125,334.75,329.5899963378906,333.1000061035156,74817800,175.52516174316406,175.72999572753906,176.08999633789062,172.16000366210938,172.80999755859375,15098400,5.80857083569799,-0.014174985441457899,324.07350463867186,0.2851831717227537,5.167782404385093,0.053532991741985114,178.5036880493164,0.3405022255584442
2026-07-31,308.6438293457031,308.9100036621094,310.69000244140625,300.0,304.80999755859375,132489100,175.14561462402344,175.35000610351562,178.6199951171875,172.6999969482422,177.4600067138672,9146200,5.732187956239935,-0.07638287945805544,324.0874938964844,0.3733122455472446,5.165617711499747,-0.0021646928853460423,178.24199371337892,0.3277300455975696
2026-08-03,303.1585693359375,303.4200134277344,311.79998779296875,302.55999755859375,309.5799865722656,75052000,177.83245849609375,178.0399932861328,178.9199981689453,173.0399932861328,174.00999450683594,9343400,5.714255999761092,-0.017931956478842714,323.62589263916016,0.3752310961140607,5.180841862639444,0.015224151139697106,177.96581497192383,0.3269292186785584
2026-08-04,309.1134033203125,309.3800048828125,310.4200134277344,301.32000732421875,302.7300109863281,68001000,186.68214416503906,186.89999389648438,187.7100067138672,181.8699951171875,182.52000427246094,13495800,5.733708210605948,0.0194522108448556,323.56194763183595,0.3819113368362137,5.229407406793665,0.04856554415422032,178.3513656616211,0.36032620005149685
2026-08-05,310.7320251464844,311.0,311.7099914550781,305.6700134277344,309.3599853515625,49438800,185.69329833984375,185.91000366210938,188.6199951171875,185.7100067138672,187.33999633789062,7571400,5.738930885263228,0.005222674657280102,323.4425506591797,0.38101857941685363,5.224096379069021,-0.005311027724643758,178.57660293579102,0.35913520405901944
2026-08-06,312.14080810546875,312.4100036621094,316.2900085449219,309.2300109863281,314.3399963378906,46139900,185.11398315429688,185.3300018310547,186.91000366210938,182.05999755859375,183.19000244140625,6706000,5.743454394030992,0.004523508767763751,323.25221557617186,0.3798896102790455,5.220971760509507,-0.0031246185595135145,178.5756042480469,0.35121643121787577
2026-08-07,313.05999755859375,313.3299865722656,314.80999755859375,310.739990234375,311.45001220703125,34437200,187.7509002685547,187.97000122070312,188.72999572753906,185.74000549316406,187.99000549316406,6361200,5.746394857661552,0.0029404636305603304,323.15279998779295,0.37999199448711873,5.235116085671654,0.01414432516214692,178.68497695922852,0.35474518841304936
2026-08-10,308.260009765625,308.260009765625,308.260009765625,304.6099853515625,306.8299865722656,44812500,186.1028289794922,186.32000732421875,188.83999633789062,186.27000427246094,188.0800018310547,6486800,5.730943614398405,-0.015451243263147063,322.7139724731445,0.3828046207197515,5.226299364927034,-0.008816720744619921,178.93668365478516,0.3442282389555117
2026-08-11,304.9100036621094,304.9100036621094,309.9700012207031,302.7900085449219,307.75,37476700,185.87307739257812,186.08999633789062,187.7100067138672,185.07000732421875,187.69000244140625,5759200,5.720016663105408,-0.010926951292996812,322.23003845214845,0.38366807983855655,5.225064061176472,-0.0012353037505627995,179.06003952026367,0.3416312282477591
2026-08-12,302.25,302.25,305.6600036621094,300.57000732421875,305.1000061035156,41657800,188.63986206054688,188.86000061035156,189.58999633789062,188.3300018310547,189.47000122070312,5887200,5.711254489494902,-0.008762173610506352,320.98164825439454,0.3523377314405318,5.239839705557595,0.014775644381123776,179.4236152648926,0.34211946950127686
2026-08-13,305.260009765625,305.260009765625,306.0,302.04998779296875,304.2099914550781,40349300,190.54763793945312,190.77000427246094,191.74000549316406,188.86000061035156,189.1300048828125,4873900,5.721163904478147,0.00990941498324549,319.5960067749023,0.3472503611900825,5.2499022312286225,0.010062525671027167,180.08534317016603,0.33044653579644184
2026-08-14,305.92999267578125,305.92999267578125,307.489990234375,304.29998779296875,306.0,28229400,189.78851318359375,190.00999450683594,191.35000610351562,189.25,191.13999938964844,3634400,5.723356293672473,0.002192389194325628,318.21988677978516,0.3474270076095757,5.245910363709995,-0.003991867518627679,180.80550231933594,0.3273023505822385
2026-08-17,305.5899963378906,305.5899963378906,307.6600036621094,302.94000244140625,306.2099914550781,38169300,190.09815979003906,190.32000732421875,191.75,190.11000061035156,190.7899932861328,6099500,5.722244322260149,-0.0011119714123237756,317.18395843505857,0.34142167877598706,5.247540569226799,0.0016302055168040397,181.53515090942383,0.32719437012713715
2026-08-18,310.0299987792969,310.0299987792969,311.489990234375,305.739990234375,307.5799865722656,53424500,185.40362548828125,185.6199951171875,187.5,184.3300018310547,186.2899932861328,8436300,5.736669063053049,0.014424740792899904,316.3125793457031,0.3464604754005161,5.222535207893532,-0.025005361333266585,181.7768684387207,0.3292184172144934
2026-08-19,316.8299865722656,316.8299865722656,319.2799987792969,309.6000061035156,310.1400146484375,50505600,183.4259490966797,183.63999938964844,186.91000366210938,182.41000366210938,186.38999938964844,7310400,5.75836531004498,0.02169624699193129,315.87361907958984,0.356849038687912,5.2118110388905,-0.010724169003032635,181.94517211914064,0.3317223293131876
2026-08-20,311.29998779296875,311.29998779296875,320.2799987792969,310.6499938964844,317.4599914550781,40959200,182.88658142089844,183.10000610351562,184.7100067138672,182.66000366210938,183.47000122070312,5012100,5.7407570382344835,-0.017608271810496845,315.3694763183594,0.35918132421475435,5.208866187046043,-0.0029448518444565863,182.17740173339843,0.32951131639350084
2026-08-21,309.3500061035156,309.3500061035156,312.3800048828125,307.010009765625,312.04998779296875,46876800,183.09632873535156,183.30999755859375,184.55999755859375,181.89999389648438,184.4199981689453,5781100,5.734473341707127,-0.006283696527356497,314.20032501220703,0.3327322993410203,5.210012400880604,0.0011462138345610384,182.54846878051757,0.32420292473402107
2026-08-24,310.3399963378906,310.3399963378906,313.3599853515625,309.9700012207031,311.4700012207031,34673600,179.8401336669922,180.0500030517578,181.8800048828125,178.82000732421875,181.67999267578125,6540100,5.737668458855024,0.0031951171478974416,312.88634033203124,0.3289328561147838,5.192068309960122,-0.01794409092048177,182.83563385009765,0.3297496871292776
2026-08-25,309.8999938964844,309.8999938964844,313.5899963378906,308.2099914550781,310.7900085449219,25869800,181.52816772460938,181.74000549316406,183.02000427246094,180.58999633789062,182.11000061035156,5363500,5.736249645098589,-0.0014188137564357106,311.3919937133789,0.3253007764340673,5.201410835738534,0.009342525778411215,183.36751403808594,0.3218540872357788
2026-08-26,313.45001220703125,313.45001220703125,315.42999267578125,308.79998779296875,310.29998779296875,34024500,182.6268768310547,182.83999633789062,183.35000610351562,180.7100067138672,180.7100067138672,4662700,5.7476398966640865,0.011390251565497778,310.16956481933596,0.3301666313252982,5.207445146984817,0.006034311246283508,184.1800651550293,0.3020328706292175
2026-08-27,314.5799865722656,314.5799865722656,315.3999938964844,309.3999938964844,310.54998779296875,32419200,188.39015197753906,188.61000061035156,188.74000549316406,185.6699981689453,186.47000122070312,8136000,5.751238373127855,0.0035984764637682076,309.2414306640625,0.32875185201500096,5.238515088894613,0.03106994190979595,184.82331466674805,0.2616485963676691
2026-08-28,319.70001220703125,319.70001220703125,322.3699951171875,315.45001220703125,316.8500061035156,38649400,185.4735565185547,185.69000244140625,188.6699981689453,185.50999450683594,188.07000732421875,6300200,5.767383094248564,0.016144721120709526,309.7942398071289,0.18844462068097928,5.2229123194253,-0.015602769469312605,185.3397117614746,0.26975475935525123
2026-08-31,316.8500061035156,316.8500061035156,321.239990234375,312.79998779296875,319.6000061035156,41242700,186.28260803222656,186.5,186.64999389648438,185.27999877929688,185.77999877929688,4874800,5.758428495032633,-0.008954599215931225,310.4788116455078,0.1784307599186424,5.227264918618631,0.00435259919333042,185.76221923828126,0.26588079112260454
2026-09-01,325.1300048828125,325.1300048828125,327.29998779296875,314.7300109863281,316.9800109863281,53167400,183.4259490966797,183.63999938964844,184.9199981689453,182.6300048828125,183.6999969482422,7648700,5.784225117369096,0.02579662233646296,311.27964172363284,0.18774103284682375,5.2118110388905,-0.01545387972813117,185.5994094848633,0.20928766447914554
2026-09-02,324.9599914550781,324.9599914550781,328.3999938964844,323.5299987792969,326.8699951171875,33776400,183.38600158691406,183.60000610351562,183.77999877929688,182.27000427246094,183.4600067138672,5698700,5.78370207153677,-0.0005230458323257636,311.9910400390625,0.18775417903961786,5.21159322968418,-0.00021780920631986334,185.4840446472168,0.20863725935439242
2026-09-03,328.2099914550781,328.2099914550781,330.80999755859375,324.1099853515625,324.8699951171875,37225800,185.75323486328125,185.97000122070312,186.32000732421875,182.49000549316406,183.52000427246094,6091100,5.793653621382972,0.009951549846201502,312.794499206543,0.189609794210065,5.224419098591752,0.01282586890757198,185.51600723266603,0.21372326095770386
2026-09-04,319.9700012207031,319.9700012207031,328.92999267578125,317.8599853515625,328.30999755859375,39606900,187.06170654296875,187.27999877929688,188.1999969482422,186.4199981689453,187.19000244140625,5103800,5.768227245214021,-0.025426376168950604,313.13999938964844,0.2139319348616751,5.231438543935863,0.007019445344111475,185.4815475463867,0.20898947821009137
2026-09-08,316.2200012207031,316.2200012207031,320.70001220703125,314.8999938964844,317.1000061035156,35477100,187.6510009765625,187.8699951171875,189.0800018310547,187.02000427246094,188.63999938964844,8421300,5.756438177742296,-0.011789067471725367,313.53799896240236,0.21054409913626326,5.23458385984105,0.0031453159051864077,185.55895614624023,0.20673718367554325
2026-09-09,315.3399963378906,315.3399963378906,319.1499938964844,309.8999938964844,315.489990234375,65640000,187.6510009765625,187.8699951171875,188.8300018310547,187.14999389648438,187.52999877929688,5990000,5.7536514101961265,-0.0027867675461692443,314.0594985961914,0.20622567458025362,5.23458385984105,0.0,185.64785232543946,0.20665294229495454
2026-09-10,326.57000732421875,326.57000732421875,326.739990234375,316.510009765625,316.6700134277344,70011900,185.0041046142578,185.22000122070312,186.52000427246094,184.57000732421875,185.24000549316406,5568800,5.788644343264395,0.03499293306826878,315.27549896240237,0.23351659156641083,5.220378011936291,-0.014205847904758429,185.466064453125,0.20565830980926741
2026-09-11,332.2699890136719,332.2699890136719,336.2200012207031,326.29998779296875,327.45001220703125,50716900,187.4512481689453,187.6699981689453,188.63999938964844,186.8800048828125,187.35000610351562,6534700,5.805947858353026,0.017303515088630483,316.62599792480466,0.23749428300001563,5.233518801836441,0.013140789900149663,185.3112449645996,0.20812459540110298
2026-09-14,333.0799865722656,333.0799865722656,335.5,331.3399963378906,334.7900085449219,39269100,184.06520080566406,184.27999877929688,185.60000610351562,182.0800018310547,183.0,8532300,5.808382661053776,0.0024348027007503603,317.9834976196289,0.2374681309546425,5.215290047045767,-0.018228754790674095,185.02507934570312,0.21695138542291248
2026-09-15,331.3399963378906,331.3399963378906,331.7799987792969,328.3500061035156,330.1400146484375,31748200,183.5258331298828,183.74000549316406,185.07000732421875,183.4600067138672,184.5,6147600,5.80314502745797,-0.0052376335958062015,319.27099761962893,0.23914959743802094,5.212355437585412,-0.0029346094603548423,184.69646301269532,0.21667411356830588
2026-09-16,332.4100036621094,332.4100036621094,335.4800109863281,330.70001220703125,332.5299987792969,35981000,183.71559143066406,183.92999267578125,186.1300048828125,182.4199981689453,184.92999267578125,8061600,5.806369157781477,0.0032241303235069907,320.3899978637695,0.2359858518867494,5.213388863037872,0.0010334254524604347,184.61206130981446,0.19858075161773797
2026-09-17,337.0,337.0,338.3399963378906,330.17999267578125,334.7699890136719,36700200,187.84078979492188,188.05999755859375,188.52999877929688,186.72999572753906,187.3000030517578,7390700,5.820082930352362,0.013713772570884686,321.39849853515625,0.2294254604595811,5.235594741246107,0.02220587820823461,184.83280334472656,0.21006993378679756
2026-09-18,336.1300048828125,336.1300048828125,338.489990234375,332.5299987792969,337.9100036621094,86588200,189.37899780273438,189.60000610351562,189.80999755859375,187.52000427246094,189.22999572753906,6996200,5.817498004423322,-0.0025849259290398052,322.63999938964844,0.21733146009091261,5.2437502865502985,0.008155545304191492,185.15742416381835,0.2108664413214521
2026-09-21,338.9800109863281,338.9800109863281,339.6400146484375,333.04998779296875,335.2799987792969,34999200,194.85000610351562,194.85000610351562,195.08999633789062,190.97000122070312,191.7899932861328,9038700,5.825941140999867,0.008443136576545385,324.1214996337891,0.2145040596655265,5.272230063108894,0.028479776558595127,185.74510803222657,0.23118139066899449
2026-09-22,339.75,339.75,345.3399963378906,338.75,340.1400146484375,40711800,196.27000427246094,196.27000427246094,196.50999450683594,194.47000122070312,194.58999633789062,8730500,5.8282100530312535,0.0022689120313863498,325.59199981689454,0.21460816181986458,5.27949128406627,0.00726122095737658,186.5666015625,0.21765172140303354
2026-09-23,337.0199890136719,337.0199890136719,341.79998779296875,335.5,341.0799865722656,31658800,195.33999633789062,195.33999633789062,196.67999267578125,193.82000732421875,196.66000366210938,5852800,5.82014224317395,-0.008067809857303487,326.94799957275393,0.21831719050185555,5.2747416112719705,-0.00474967279429972,187.25719299316407,0.2191258444360561
2026-09-24,335.9200134277344,335.9200134277344,338.9100036621094,334.29998779296875,336.7200012207031,24733100,194.7100067138672,194.7100067138672,195.1999969482422,192.61000061035156,193.0,6356900,5.81687307634895,-0.003269166825000447,328.0714996337891,0.21811012201869262,5.271511306608898,-0.003230304663072836,187.8613494873047,0.22026288445297987
2026-09-25,341.07000732421875,341.07000732421875,341.6700134277344,334.5299987792969,336.0400085449219,30002500,196.27000427246094,196.27000427246094,196.94000244140625,195.0500030517578,195.52999877929688,6000400,5.8320877562833635,0.015214679934413944,329.39600067138673,0.22206841175394193,5.27949128406627,0.007979977457372556,188.25534210205078,0.19535941741347587
2026-09-28,338.3999938964844,338.3999938964844,342.989990234375,338.0400085449219,340.3699951171875,32820800,194.52999877929688,194.52999877929688,196.14999389648438,192.67999267578125,195.24000549316406,6957700,5.824228609695674,-0.00785914658768938,330.33099975585935,0.2210619855564531,5.2705863865345846,-0.008904897531685663,188.7081642150879,0.18866479006071063
2026-09-29,329.3999938964844,329.3999938964844,337.0899963378906,328.70001220703125,336.9700012207031,38478000,194.5,194.5,196.16000366210938,193.9499969482422,196.0399932861328,6178000,5.7972727992143485,-0.02695581048132567,330.9584991455078,0.2420422015018655,5.270432163058501,-0.00015422347608318177,189.11903381347656,0.18871922786819775
