Date,AdjClose_AAPL,Close_AAPL,High_AAPL,Low_AAPL,Open_AAPL,Volume_AAPL,AdjClose_XLK,Close_XLK,High_XLK,Low_XLK,Open_XLK,Volume_XLK
2019-01-02,37.436912536621094,39.47999954223633,39.712501525878906,38.557498931884766,38.72249984741211,148158800,28.963825225830078,31.010000228881836,31.19499969482422,30.315000534057617,30.354999542236328,30885800
2019-01-03,33.70792770385742,35.54750061035156,36.43000030517578,35.5,35.994998931884766,365248800,27.502090454101562,29.44499969482422,30.239999771118164,29.405000686645508,30.219999313354492,49893400
2019-01-04,35.14689254760742,37.064998626708984,37.13750076293945,35.95000076293945,36.13249969482422,234428400,28.72098159790039,30.75,30.8799991607666,29.889999389648438,29.985000610351562,41535600
2019-01-07,35.068668365478516,36.98249816894531,37.20750045776367,36.474998474121094,37.17499923706055,219111200,28.977834701538086,31.024999618530273,31.235000610351562,30.68000030517578,30.75,23817200
2019-01-08,35.737178802490234,37.6875,37.95500183105469,37.130001068115234,37.38999938964844,164101200,29.220680236816406,31.28499984741211,31.434999465942383,30.915000915527344,31.325000762939453,26005200
2019-01-09,36.344058990478516,38.32749938964844,38.63249969482422,37.407501220703125,37.8224983215332,180396400,29.598955154418945,31.690000534057617,31.854999542236328,31.420000076293945,31.454999923706055,28044800
2019-01-10,36.4602165222168,38.45000076293945,38.49250030517578,37.71500015258789,38.125,143122800,29.729721069335938,31.829999923706055,31.844999313354492,31.295000076293945,31.440000534057617,21868200
2019-01-11,36.10225296020508,38.0724983215332,38.42499923706055,37.877498626708984,38.220001220703125,108092800,29.673681259155273,31.770000457763672,31.790000915527344,31.575000762939453,31.645000457763672,15451200
2019-01-14,35.55937194824219,37.5,37.817501068115234,37.30500030517578,37.712501525878906,129756800,29.39813995361328,31.475000381469727,31.584999084472656,31.364999771118164,31.489999771118164,14483800
2019-01-15,36.28716278076172,38.26750183105469,38.34749984741211,37.51250076293945,37.567501068115234,114843600,29.841800689697266,31.950000762939453,32.01499938964844,31.520000457763672,31.575000762939453,28654000
2019-01-16,36.73048400878906,38.73500061035156,38.970001220703125,38.25,38.27000045776367,122278800,29.869821548461914,31.979999542236328,32.17499923706055,31.920000076293945,31.985000610351562,18937000
2019-01-17,36.94857406616211,38.96500015258789,39.415000915527344,38.314998626708984,38.54999923706055,119284800,30.061288833618164,32.185001373291016,32.369998931884766,31.780000686645508,31.864999771118164,20256800
2019-01-18,37.1761474609375,39.20500183105469,39.470001220703125,38.994998931884766,39.375,135004000,30.518953323364258,32.67499923706055,32.7400016784668,32.29499816894531,32.505001068115234,27303200
2019-01-22,36.34169387817383,38.32500076293945,39.182498931884766,38.154998779296875,39.102500915527344,121576000,30.005250930786133,32.125,32.46500015258789,31.8700008392334,32.40999984741211,29985000
2019-01-23,36.488670349121094,38.47999954223633,38.78499984741211,37.92499923706055,38.537498474121094,92522400,30.107990264892578,32.23500061035156,32.5,31.875,32.2599983215332,19152200
2019-01-24,36.1994514465332,38.17499923706055,38.619998931884766,37.935001373291016,38.52750015258789,101766000,30.36018180847168,32.505001068115234,32.619998931884766,32.334999084472656,32.349998474121094,28341800
2019-01-25,37.398983001708984,39.439998626708984,39.532501220703125,38.58000183105469,38.869998931884766,134142000,30.78982162475586,32.96500015258789,33.064998626708984,32.630001068115234,32.75,20061600
2019-01-28,37.05288314819336,39.07500076293945,39.08250045776367,38.415000915527344,38.9474983215332,104768400,30.378860473632812,32.525001525878906,32.53499984741211,32.255001068115234,32.474998474121094,19324800
2019-01-29,36.668819427490234,38.66999816894531,39.532501220703125,38.52750015258789,39.0625,166348800,30.051950454711914,32.17499923706055,32.595001220703125,32.125,32.59000015258789,17147800
2019-01-30,39.17457962036133,41.3125,41.537498474121094,40.057498931884766,40.8125,244439200,30.9859619140625,33.17499923706055,33.27000045776367,32.564998626708984,32.709999084472656,33990600
2019-01-31,39.45669937133789,41.61000061035156,42.25,41.13999938964844,41.52750015258789,162958400,30.953279495239258,33.13999938964844,33.31999969482422,32.900001525878906,33.005001068115234,36501800
2019-02-01,39.47565841674805,41.630001068115234,42.244998931884766,41.48249816894531,41.7400016784668,130672400,31.135412216186523,33.334999084472656,33.51499938964844,33.10499954223633,33.154998779296875,19475600
2019-02-04,40.596961975097656,42.8125,42.915000915527344,41.81999969482422,41.852500915527344,125982000,31.635108947753906,33.869998931884766,33.875,33.35499954223633,33.380001068115234,15208600
2019-02-05,41.29155731201172,43.54499816894531,43.77000045776367,43.087501525878906,43.21500015258789,144406400,31.901294708251953,34.154998779296875,34.2400016784668,33.94499969482422,33.98500061035156,24121400
2019-02-06,41.305782318115234,43.560001373291016,43.89250183105469,43.212501525878906,43.662498474121094,112958400,32.008724212646484,34.27000045776367,34.3650016784668,34.064998626708984,34.19499969482422,20379200
2019-02-07,40.523468017578125,42.73500061035156,43.48500061035156,42.584999084472656,43.099998474121094,126966800,31.569730758666992,33.79999923706055,34.099998474121094,33.56999969482422,33.95500183105469,29264000
2019-02-08,40.57109069824219,42.602500915527344,42.665000915527344,42.10499954223633,42.247501373291016,95280000,31.751848220825195,33.994998931884766,33.994998931884766,33.474998474121094,33.494998931884766,16977600
2019-02-11,40.337772369384766,42.35749816894531,42.8025016784668,42.3125,42.76250076293945,83973600,31.73784828186035,33.97999954223633,34.20500183105469,33.900001525878906,34.099998474121094,14869400
2019-02-12,40.68537902832031,42.72249984741211,42.75,42.42499923706055,42.525001525878906,89134000,32.158164978027344,34.43000030517578,34.474998474121094,34.165000915527344,34.21500015258789,19418200
2019-02-13,40.516334533691406,42.54499816894531,43.119998931884766,42.47999954223633,42.84749984741211,89960800,32.2001838684082,34.474998474121094,34.724998474121094,34.45500183105469,34.599998474121094,18241800
2019-02-14,40.663936614990234,42.70000076293945,42.814998626708984,42.345001220703125,42.4275016784668,87342800,32.25623321533203,34.53499984741211,34.65999984741211,34.31999969482422,34.345001220703125,19484000
2019-02-15,40.573463439941406,42.60499954223633,42.92499923706055,42.4375,42.8125,98507200,32.51308822631836,34.810001373291016,34.845001220703125,34.6150016784668,34.79499816894531,14712000
2019-02-19,40.69487762451172,42.73249816894531,42.86000061035156,42.372501373291016,42.4275016784668,75891200,32.52241516113281,34.81999969482422,34.92499923706055,34.6349983215332,34.66999816894531,16638200
2019-02-20,40.95677947998047,43.00749969482422,43.33000183105469,42.747501373291016,42.79750061035156,104457600,32.55977249145508,34.86000061035156,35.005001068115234,34.67499923706055,34.849998474121094,19704200
2019-02-21,40.72583770751953,42.76499938964844,43.092498779296875,42.57500076293945,42.95000076293945,68998800,32.57379913330078,34.875,35.01499938964844,34.65999984741211,34.775001525878906,19508200
2019-02-22,41.180564880371094,43.24250030517578,43.25,42.845001220703125,42.89500045776367,75652800,32.98942947387695,35.31999969482422,35.34000015258789,35.025001525878906,35.03499984741211,24493200
2019-02-25,41.48054504394531,43.557498931884766,43.967498779296875,43.48749923706055,43.540000915527344,87493600,33.148216247558594,35.4900016784668,35.73500061035156,35.46500015258789,35.584999084472656,40341000
2019-02-26,41.504364013671875,43.58250045776367,43.82500076293945,43.29249954223633,43.4275016784668,68280800,33.218265533447266,35.564998626708984,35.665000915527344,35.334999084472656,35.3650016784668,28268000
2019-02-27,41.6329231262207,43.717498779296875,43.75,43.182498931884766,43.3025016784668,111341600,33.18556594848633,35.529998779296875,35.57500076293945,35.165000915527344,35.43000030517578,19555000
2019-02-28,41.223419189453125,43.287498474121094,43.727500915527344,43.22999954223633,43.58000183105469,112861600,33.09217834472656,35.43000030517578,35.564998626708984,35.34000015258789,35.400001525878906,18876600
2019-03-01,41.65672302246094,43.74250030517578,43.787498474121094,43.22249984741211,43.56999969482422,103544800,33.316314697265625,35.66999816894531,35.76499938964844,35.3849983215332,35.709999084472656,24668000
2019-03-04,41.86623764038086,43.962501525878906,44.4375,43.49250030517578,43.92250061035156,109744800,33.19023895263672,35.53499984741211,35.90999984741211,35.13999938964844,35.81999969482422,31653000
2019-03-05,41.7900505065918,43.88249969482422,44.0,43.6349983215332,43.98500061035156,78949600,33.09217834472656,35.43000030517578,35.560001373291016,35.31999969482422,35.51499938964844,17907600
2019-03-06,41.54958724975586,43.630001068115234,43.872501373291016,43.48500061035156,43.66749954223633,83241600,32.919376373291016,35.244998931884766,35.44499969482422,35.20000076293945,35.404998779296875,26244200
2019-03-07,41.06867980957031,43.125,43.61000061035156,43.005001068115234,43.467498779296875,99185600,32.60647964477539,34.90999984741211,35.17499923706055,34.79499816894531,35.14500045776367,36996600
2019-03-08,41.16628646850586,43.227500915527344,43.26750183105469,42.375,42.58000183105469,95997600,32.601806640625,34.904998779296875,34.935001373291016,34.41999816894531,34.4900016784668,25781400
2019-03-11,42.592376708984375,44.724998474121094,44.779998779296875,43.837501525878906,43.872501373291016,128044000,33.302330017089844,35.654998779296875,35.689998626708984,35.029998779296875,35.029998779296875,29153800
2019-03-12,43.07091522216797,45.227500915527344,45.66749954223633,44.842498779296875,45.0,129870400,33.498477935791016,35.8650016784668,35.98500061035156,35.64500045776367,35.755001068115234,36101200
2019-03-13,43.261383056640625,45.4275016784668,45.82500076293945,45.22999954223633,45.5625,124130000,33.717960357666016,36.099998474121094,36.314998626708984,36.0,36.02000045776367,35667200
2019-03-14,43.74231719970703,45.932498931884766,46.025001525878906,45.63999938964844,45.974998474121094,94318000,33.78800964355469,36.17499923706055,36.28499984741211,36.07500076293945,36.15999984741211,21313200
2019-03-15,44.31131362915039,46.529998779296875,46.83250045776367,45.935001373291016,46.212501525878906,156171600,34.19702911376953,36.494998931884766,36.65999984741211,36.15999984741211,36.185001373291016,42049000
2019-03-18,44.76365661621094,47.005001068115234,47.09749984741211,46.4474983215332,46.45000076293945,104879200,34.3422737121582,36.650001525878906,36.744998931884766,36.42499923706055,36.52000045776367,29675200
2019-03-19,44.40892028808594,46.63249969482422,47.247501373291016,46.47999954223633,47.087501525878906,126585600,34.41255187988281,36.724998474121094,36.900001525878906,36.58000183105469,36.79999923706055,32306200
2019-03-20,44.796993255615234,47.040000915527344,47.372501373291016,46.182498931884766,46.557498931884766,124140800,34.3188362121582,36.625,36.92499923706055,36.404998779296875,36.685001373291016,27408600
2019-03-21,46.44688415527344,48.772499084472656,49.08250045776367,47.45249938964844,47.505001068115234,204136800,35.180912017822266,37.54499816894531,37.625,36.625,36.630001068115234,54548200
2019-03-22,45.48505401611328,47.76250076293945,49.42250061035156,47.69499969482422,48.834999084472656,169630800,34.35164260864258,36.65999984741211,37.505001068115234,36.64500045776367,37.349998474121094,53494800
2019-03-25,44.93508529663086,47.185001373291016,47.994998931884766,46.650001525878906,47.877498626708984,175381200,34.20171356201172,36.5,36.744998931884766,36.26499938964844,36.540000915527344,43893800
2019-03-26,44.470829010009766,46.6974983215332,48.220001220703125,46.14500045776367,47.915000915527344,199202000,34.389122009277344,36.70000076293945,37.05500030517578,36.48500061035156,36.81999969482422,27930200
2019-03-27,44.870792388916016,47.11750030517578,47.439998626708984,46.63750076293945,47.1875,119393600,34.192344665527344,36.4900016784668,36.89500045776367,36.16999816894531,36.755001068115234,31662400
2019-03-28,44.93031692504883,47.18000030517578,47.38999938964844,46.88249969482422,47.23749923706055,83121600,34.332908630371094,36.63999938964844,36.790000915527344,36.415000915527344,36.599998474121094,21079400
2019-03-29,45.22315216064453,47.48749923706055,47.52000045776367,47.1349983215332,47.45750045776367,94256000,34.670223236083984,37.0,37.01499938964844,36.76499938964844,36.94499969482422,28694400
2019-04-01,45.530277252197266,47.810001373291016,47.91999816894531,47.095001220703125,47.90999984741211,111448000,35.143436431884766,37.505001068115234,37.54999923706055,37.150001525878906,37.36000061035156,25181000
2019-04-02,46.192134857177734,48.505001068115234,48.6150016784668,47.76250076293945,47.772499084472656,91062800,35.2652473449707,37.6349983215332,37.685001373291016,37.41999816894531,37.53499984741211,23574200
2019-04-03,46.50878143310547,48.837501525878906,49.125,48.287498474121094,48.3125,93087200,35.5510368347168,37.939998626708984,38.130001068115234,37.790000915527344,37.86000061035156,27738000
2019-04-04,46.58973693847656,48.92250061035156,49.092498779296875,48.28499984741211,48.6974983215332,76457200,35.40111541748047,37.779998779296875,38.025001525878906,37.55500030517578,37.92499923706055,23006200
2019-04-05,46.901607513427734,49.25,49.275001525878906,48.98249816894531,49.11249923706055,74106400,35.56977462768555,37.959999084472656,38.0,37.84000015258789,37.904998779296875,13419600
2019-04-08,47.6396598815918,50.025001525878906,50.057498931884766,49.084999084472656,49.10499954223633,103526800,35.70564270019531,38.10499954223633,38.125,37.709999084472656,37.869998931884766,14619800
2019-04-09,47.496803283691406,49.875,50.712501525878906,49.807498931884766,50.08000183105469,143072800,35.53697967529297,37.92499923706055,38.08000183105469,37.84000015258789,37.939998626708984,26880200
2019-04-10,47.76346969604492,50.154998779296875,50.185001373291016,49.54499816894531,49.66999816894531,86781200,35.785301208496094,38.189998626708984,38.20000076293945,37.939998626708984,37.959999084472656,17234800
2019-04-11,47.36586380004883,49.73749923706055,50.25,49.61000061035156,50.212501525878906,83603200,35.73844909667969,38.13999938964844,38.279998779296875,38.060001373291016,38.27000045776367,15394600
2019-04-12,47.346824645996094,49.717498779296875,50.03499984741211,49.0525016784668,49.79999923706055,111042800,35.98676681518555,38.404998779296875,38.404998779296875,38.13999938964844,38.35499954223633,17110000
2019-04-15,47.432533264160156,49.807498931884766,49.962501525878906,49.502498626708984,49.64500045776367,70146400,35.97270965576172,38.38999938964844,38.5,38.185001373291016,38.404998779296875,19821400
2019-04-16,47.43729782104492,49.8125,50.342498779296875,49.63999938964844,49.8650016784668,102785600,36.15542984008789,38.584999084472656,38.625,38.400001525878906,38.5099983215332,19218600
2019-04-17,48.36103820800781,50.782501220703125,50.845001220703125,49.65250015258789,49.8849983215332,115627200,36.356876373291016,38.79999923706055,38.849998474121094,38.61000061035156,38.83000183105469,24495800
2019-04-18,48.53483581542969,50.96500015258789,51.037498474121094,50.630001068115234,50.779998779296875,96783200,36.45996856689453,38.90999984741211,38.91999816894531,38.619998931884766,38.8849983215332,22983800
2019-04-22,48.69435119628906,51.13249969482422,51.23500061035156,50.584999084472656,50.70750045776367,77758000,36.544307708740234,39.0,39.01499938964844,38.69499969482422,38.72999954223633,16168800
2019-04-23,49.39667892456055,51.869998931884766,51.9375,50.974998474121094,51.10749816894531,93292000,36.94253921508789,39.42499923706055,39.474998474121094,39.02000045776367,39.060001373291016,33385600
2019-04-24,49.32050323486328,51.790000915527344,52.119998931884766,51.76250076293945,51.84000015258789,70162400,36.95658874511719,39.439998626708984,39.619998931884766,39.380001068115234,39.45500183105469,21876600
2019-04-25,48.8729133605957,51.31999969482422,51.939998626708984,51.279998779296875,51.70750045776367,74172800,36.94721603393555,39.43000030517578,39.72999954223633,39.220001220703125,39.619998931884766,22775200
2019-04-26,48.639591217041016,51.07500076293945,51.25,50.529998779296875,51.224998474121094,74596400,36.8066520690918,39.279998779296875,39.290000915527344,38.86000061035156,39.189998626708984,22100400
2019-04-29,48.71340560913086,51.15250015258789,51.49250030517578,50.96500015258789,51.099998474121094,88818800,36.816036224365234,39.290000915527344,39.415000915527344,39.244998931884766,39.28499984741211,21226400
2019-04-30,47.77536392211914,50.16749954223633,50.849998474121094,49.77750015258789,50.76499938964844,186139600,36.87693786621094,39.35499954223633,39.40999984741211,39.04999923706055,39.27000045776367,37685800
2019-05-01,50.12044906616211,52.630001068115234,53.82749938964844,52.307498931884766,52.470001220703125,259309200,36.78323745727539,39.255001068115234,39.849998474121094,39.25,39.75,30893600
2019-05-02,49.794281005859375,52.287498474121094,53.162498474121094,52.032501220703125,52.459999084472656,127985200,36.59115219116211,39.04999923706055,39.529998779296875,38.84000015258789,39.244998931884766,49977600
2019-05-03,50.41328430175781,52.9375,52.959999084472656,52.557498931884766,52.72249984741211,83569600,36.9378547668457,39.41999816894531,39.45500183105469,39.1349983215332,39.189998626708984,26576600
2019-05-06,49.63475799560547,52.119998931884766,52.209999084472656,50.875,51.0724983215332,129772400,36.65205764770508,39.1150016784668,39.18000030517578,38.33000183105469,38.47999954223633,26045000
2019-05-07,48.29676055908203,50.71500015258789,51.85499954223633,50.20750045776367,51.470001220703125,155054800,35.86494827270508,38.275001525878906,38.82500076293945,37.92499923706055,38.67499923706055,41251200
2019-05-08,48.30629348754883,50.724998474121094,51.334999084472656,50.4375,50.474998474121094,105358000,35.82279968261719,38.22999954223633,38.560001373291016,38.084999084472656,38.150001525878906,27334600
2019-05-09,47.787269592285156,50.18000030517578,50.41999816894531,49.165000915527344,50.099998474121094,139634400,35.579158782958984,37.970001220703125,38.095001220703125,37.33000183105469,37.755001068115234,38601800
2019-05-10,47.125244140625,49.29499816894531,49.712501525878906,48.192501068115234,49.35499954223633,164834800,35.69158935546875,38.09000015258789,38.2599983215332,37.18000030517578,37.724998474121094,39192400
2019-05-13,44.38636016845703,46.43000030517578,47.369998931884766,45.712501525878906,46.9275016784668,229722400,34.346961975097656,36.654998779296875,37.23500061035156,36.54999923706055,37.01499938964844,50922400
2019-05-14,45.0890007019043,47.165000915527344,47.42499923706055,46.352500915527344,46.602500915527344,146118800,34.899803161621094,37.244998931884766,37.474998474121094,36.810001373291016,36.84000015258789,36808600
2019-05-15,45.629127502441406,47.72999954223633,47.9375,46.505001068115234,46.567501068115234,106178800,35.27930450439453,37.650001525878906,37.76499938964844,36.92499923706055,36.98500061035156,30097200
2019-05-16,45.42838668823242,47.52000045776367,48.11750030517578,47.209999084472656,47.477500915527344,132125600,35.602577209472656,37.994998931884766,38.27000045776367,37.625,37.67499923706055,30889400
2019-05-17,45.17026138305664,47.25,47.724998474121094,46.689998626708984,46.73249816894531,131516400,35.3167839050293,37.689998626708984,38.20000076293945,37.599998474121094,37.60499954223633,27087800
2019-05-20,43.7578010559082,45.772499084472656,46.087501525878906,45.06999969482422,45.880001068115234,154449200,34.7030143737793,37.03499984741211,37.345001220703125,36.85499954223633,37.05500030517578,29349200
2019-05-21,44.5966796875,46.650001525878906,47.0,46.17499923706055,46.30500030517578,113459200,35.12937927246094,37.4900016784668,37.61000061035156,37.34000015258789,37.42499923706055,29682200
2019-05-22,43.6837158203125,45.69499969482422,46.4275016784668,45.63750076293945,46.165000915527344,118994400,34.9466552734375,37.29499816894531,37.52000045776367,37.224998474121094,37.244998931884766,23042200
2019-05-23,42.93804931640625,44.915000915527344,45.1349983215332,44.45249938964844,44.95000076293945,146118800,34.332908630371094,36.63999938964844,36.810001373291016,36.369998931884766,36.790000915527344,32171400
2019-05-24,42.77313232421875,44.74250030517578,45.53499984741211,44.654998779296875,45.04999923706055,94858800,34.3422737121582,36.650001525878906,37.029998779296875,36.61000061035156,36.84000015258789,23500000
2019-05-28,42.59627914428711,44.557498931884766,45.147499084472656,44.477500915527344,44.72999954223633,111792800,34.2438850402832,36.54499816894531,37.0,36.525001525878906,36.76499938964844,51545600
2019-05-29,42.39312744140625,44.345001220703125,44.837501525878906,44.0,44.10499954223633,113924800,34.042423248291016,36.33000183105469,36.505001068115234,36.084999084472656,36.275001525878906,29509600
2019-05-30,42.612998962402344,44.57500076293945,44.807498931884766,44.16749954223633,44.48749923706055,84873600,34.253265380859375,36.55500030517578,36.630001068115234,36.30500030517578,36.415000915527344,22841000
2019-05-31,41.8410530090332,43.76750183105469,44.497501373291016,43.747501373291016,44.057498931884766,108174400,33.68165969848633,35.94499969482422,36.28499984741211,35.93000030517578,36.1150016784668,24079600
2019-06-03,41.41801452636719,43.32500076293945,44.47999954223633,42.567501068115234,43.900001525878906,161584400,33.09132385253906,35.314998626708984,36.20000076293945,35.07500076293945,36.0,39407400
2019-06-04,42.933265686035156,44.90999984741211,44.95750045776367,43.630001068115234,43.86000061035156,123872000,34.19702911376953,36.494998931884766,36.494998931884766,35.584999084472656,35.76499938964844,30192400
2019-06-05,43.626346588134766,45.6349983215332,46.247501373291016,45.28499984741211,46.06999969482422,119093600,34.642120361328125,36.970001220703125,37.05500030517578,36.54999923706055,36.97999954223633,28791600
2019-06-06,44.2668571472168,46.30500030517578,46.36750030517578,45.537498474121094,45.77000045776367,90105200,35.04505157470703,37.400001525878906,37.474998474121094,36.900001525878906,37.06999969482422,23845000
2019-06-07,45.44511032104492,47.537498474121094,47.97999954223633,46.442501068115234,46.627498626708984,122737600,35.696285247802734,38.095001220703125,38.31999969482422,37.52000045776367,37.595001220703125,23984200
2019-06-10,46.02586364746094,48.14500045776367,48.842498779296875,47.904998779296875,47.95249938964844,104883600,36.061729431152344,38.48500061035156,38.845001220703125,38.369998931884766,38.369998931884766,26927600
2019-06-11,46.55883026123047,48.70249938964844,49.0,48.400001525878906,48.71500015258789,107731600,36.061729431152344,38.48500061035156,38.915000915527344,38.26499938964844,38.875,23100200
2019-06-12,46.4106559753418,48.54750061035156,48.99250030517578,48.34749984741211,48.48749923706055,73012800,35.86027145385742,38.27000045776367,38.404998779296875,38.18000030517578,38.29999923706055,15193800
2019-06-13,46.401092529296875,48.537498474121094,49.1974983215332,48.400001525878906,48.67499923706055,86698400,35.96802520751953,38.3849983215332,38.52000045776367,38.244998931884766,38.404998779296875,19734800
2019-06-14,46.06410598754883,48.185001373291016,48.397499084472656,47.57500076293945,47.88750076293945,75046000,35.65411376953125,38.04999923706055,38.17499923706055,37.8849983215332,38.03499984741211,16883400
2019-06-17,46.33894729614258,48.47249984741211,48.7400016784668,48.04249954223633,48.224998474121094,58676400,35.682228088378906,38.08000183105469,38.27000045776367,37.994998931884766,38.07500076293945,18702200
2019-06-18,47.428775787353516,49.61249923706055,50.0724983215332,48.8025016784668,49.01250076293945,106204000,36.32878112792969,38.77000045776367,38.959999084472656,38.3650016784668,38.48500061035156,32362400
2019-06-19,47.290157318115234,49.467498779296875,49.970001220703125,49.32749938964844,49.91999816894531,84496800,36.45996856689453,38.90999984741211,39.0099983215332,38.60499954223633,38.869998931884766,24742400
2019-06-20,47.670162200927734,49.8650016784668,50.15250015258789,49.50749969482422,50.092498779296875,86056000,36.99407958984375,39.47999954223633,39.61000061035156,39.150001525878906,39.47999954223633,27783800
2019-06-21,47.50764846801758,49.69499969482422,50.212501525878906,49.537498474121094,49.70000076293945,191202400,36.81917190551758,39.154998779296875,39.494998931884766,39.13999938964844,39.19499969482422,41430400
2019-06-24,47.45984649658203,49.64500045776367,50.040000915527344,49.54249954223633,49.6349983215332,72881600,36.88970184326172,39.22999954223633,39.36000061035156,39.16999816894531,39.224998474121094,16431800
2019-06-25,46.74045944213867,48.89250183105469,49.814998626708984,48.8224983215332,49.60749816894531,84281200,36.212646484375,38.5099983215332,39.244998931884766,38.46500015258789,39.209999084472656,26245400
2019-06-26,47.751426696777344,49.95000076293945,50.247501373291016,49.337501525878906,49.442501068115234,104270000,36.602874755859375,38.92499923706055,39.20000076293945,38.875,38.8849983215332,18138400
2019-06-27,47.73707580566406,49.935001373291016,50.39250183105469,49.89250183105469,50.0724983215332,83598800,36.696922302246094,39.025001525878906,39.15999984741211,38.939998626708984,39.05500030517578,13675000
2019-06-28,47.30210494995117,49.47999954223633,49.875,49.26250076293945,49.66999816894531,124442400,36.692222595214844,39.02000045776367,39.189998626708984,38.900001525878906,39.14500045776367,35566800
2019-07-01,48.169654846191406,50.38750076293945,51.122501373291016,50.162498474121094,50.79249954223633,109012000,37.27524185180664,39.63999938964844,39.96500015258789,39.474998474121094,39.915000915527344,28553200
2019-07-02,48.45167922973633,50.682498931884766,50.782501220703125,50.34000015258789,50.352500915527344,67740800,37.37397384643555,39.744998931884766,39.77000045776367,39.529998779296875,39.619998931884766,15568400
2019-07-03,48.85319900512695,51.102500915527344,51.11000061035156,50.67250061035156,50.81999969482422,45448000,37.66077423095703,40.04999923706055,40.04999923706055,39.76499938964844,39.845001220703125,10683600
2019-07-05,48.8101692199707,51.057498931884766,51.27000045776367,50.724998474121094,50.837501525878906,69062000,37.59025192260742,39.974998474121094,40.04499816894531,39.58000183105469,39.724998474121094,11847800
2019-07-08,47.80400466918945,50.005001068115234,50.349998474121094,49.602500915527344,50.20249938964844,101354400,37.30345153808594,39.66999816894531,39.720001220703125,39.48500061035156,39.665000915527344,14919800
2019-07-09,48.095584869384766,50.310001373291016,50.377498626708984,49.70249938964844,49.79999923706055,82312000,37.435096740722656,39.810001373291016,39.84000015258789,39.404998779296875,39.46500015258789,18499600
2019-07-10,48.5711784362793,50.807498931884766,50.932498931884766,50.38999938964844,50.462501525878906,71588400,37.73130416870117,40.125,40.3650016784668,40.0,40.029998779296875,20217200
2019-07-11,48.217464447021484,50.4375,51.09749984741211,50.4275016784668,50.82749938964844,80767200,37.87236022949219,40.275001525878906,40.43000030517578,40.13999938964844,40.224998474121094,22704400
2019-07-12,48.58790969848633,50.82500076293945,51.0,50.54999923706055,50.61249923706055,70380800,38.14975357055664,40.56999969482422,40.595001220703125,40.33000183105469,40.400001525878906,15506800
2019-07-15,49.04438400268555,51.3025016784668,51.467498779296875,51.0,51.022499084472656,67789600,38.27669906616211,40.70500183105469,40.755001068115234,40.59000015258789,40.68000030517578,12572000
2019-07-16,48.87470626831055,51.125,51.52750015258789,50.875,51.147499084472656,67467200,37.91937255859375,40.32500076293945,40.65999984741211,40.255001068115234,40.654998779296875,16011400
2019-07-17,48.599857330322266,50.837501525878906,51.272499084472656,50.817501068115234,51.01250076293945,56430000,37.82063674926758,40.220001220703125,40.4900016784668,40.21500015258789,40.400001525878906,13416000
2019-07-18,49.15194320678711,51.415000915527344,51.470001220703125,50.92499923706055,51.0,74162400,38.10273361206055,40.52000045776367,40.58000183105469,40.099998474121094,40.130001068115234,16044000
2019-07-19,48.418212890625,50.647499084472656,51.625,50.59000015258789,51.4474983215332,83717200,37.93818283081055,40.345001220703125,40.939998626708984,40.29499816894531,40.92499923706055,23359400
2019-07-22,49.5247688293457,51.80500030517578,51.807498931884766,50.90250015258789,50.912498474121094,89111600,38.37543869018555,40.810001373291016,40.90999984741211,40.494998931884766,40.5,13849400
2019-07-23,49.91195297241211,52.209999084472656,52.227500915527344,51.8224983215332,52.1150016784668,73420800,38.58701705932617,41.03499984741211,41.07500076293945,40.72999954223633,41.04499816894531,11010800
2019-07-24,49.87132263183594,52.16749954223633,52.287498474121094,51.79249954223633,51.91749954223633,59966400,38.90673828125,41.375,41.38999938964844,40.97999954223633,40.97999954223633,18514200
2019-07-25,49.47697448730469,51.755001068115234,52.310001373291016,51.682498931884766,52.22249984741211,55638400,38.74687576293945,41.20500183105469,41.28499984741211,40.98500061035156,41.28499984741211,19846800
2019-07-26,49.6490592956543,51.935001373291016,52.432498931884766,51.78499984741211,51.869998931884766,70475600,38.831504821777344,41.29499816894531,41.375,41.185001373291016,41.224998474121094,22240400
2019-07-29,50.112701416015625,52.41999816894531,52.65999984741211,52.11000061035156,52.1150016784668,86693600,38.80799865722656,41.27000045776367,41.34000015258789,40.95000076293945,41.314998626708984,16946400
2019-07-30,49.897605895996094,52.19499969482422,52.540000915527344,51.82749938964844,52.189998626708984,135742800,38.55881881713867,41.005001068115234,41.18000030517578,40.89500045776367,40.98500061035156,14728000
2019-07-31,50.915733337402344,53.2599983215332,55.342498779296875,52.82500076293945,54.10499954223633,277125600,37.97580337524414,40.3849983215332,41.27000045776367,39.959999084472656,41.224998474121094,33738600
2019-08-01,49.81394958496094,52.10749816894531,54.50749969482422,51.685001373291016,53.474998474121094,216071600,37.783023834228516,40.18000030517578,41.310001373291016,39.97999954223633,40.45500183105469,57666000
2019-08-02,48.75999069213867,51.005001068115234,51.60749816894531,50.407501220703125,51.38249969482422,163448400,37.1671028137207,39.525001525878906,39.869998931884766,39.165000915527344,39.85499954223633,44743800
2019-08-05,46.207496643066406,48.334999084472656,49.662498474121094,48.14500045776367,49.497501373291016,209572000,35.61553192138672,37.875,38.525001525878906,37.56999969482422,38.470001220703125,55653200
2019-08-06,47.08222198486328,49.25,49.51750183105469,48.5099983215332,49.07749938964844,143299200,36.20796203613281,38.505001068115234,38.64500045776367,38.064998626708984,38.3849983215332,38301600
2019-08-07,47.56977844238281,49.7599983215332,49.88999938964844,48.45500183105469,48.852500915527344,133457600,36.433631896972656,38.744998931884766,38.849998474121094,37.85499954223633,38.064998626708984,41164800
2019-08-08,48.618988037109375,50.85749816894531,50.88249969482422,49.84749984741211,50.04999923706055,108038000,37.32695007324219,39.69499969482422,39.70500183105469,38.95500183105469,39.05500030517578,31983200
2019-08-09,48.21833801269531,50.247501373291016,50.689998626708984,49.8224983215332,50.32500076293945,98478800,36.90380859375,39.244998931884766,39.56999969482422,38.94499969482422,39.459999084472656,31145200
2019-08-12,48.095985412597656,50.119998931884766,50.51250076293945,49.787498474121094,49.904998779296875,89927600,36.419525146484375,38.72999954223633,39.119998931884766,38.54999923706055,38.974998474121094,21786800
2019-08-13,50.13277053833008,52.24250030517578,53.03499984741211,50.119998931884766,50.255001068115234,188874000,37.3316535949707,39.70000076293945,39.849998474121094,38.61000061035156,38.69499969482422,52085600
2019-08-14,48.64056396484375,50.6875,51.61000061035156,50.647499084472656,50.790000915527344,146189600,36.184444427490234,38.47999954223633,39.14500045776367,38.380001068115234,38.970001220703125,47138600
2019-08-15,48.39827346801758,50.435001373291016,51.28499984741211,49.91749954223633,50.8650016784668,108909600,36.118621826171875,38.40999984741211,38.61000061035156,38.084999084472656,38.51499938964844,31324600
2019-08-16,49.54021072387695,51.625,51.790000915527344,50.959999084472656,51.06999969482422,110481600,36.80507278442383,39.13999938964844,39.220001220703125,38.75,38.80500030517578,21694000
2019-08-19,50.463844299316406,52.587501525878906,53.182498931884766,52.50749969482422,52.654998779296875,97654400,37.36458206176758,39.73500061035156,39.85499954223633,39.529998779296875,39.755001068115234,15756200
2019-08-20,50.46623992919922,52.59000015258789,53.337501525878906,52.58000183105469,52.720001220703125,107537200,37.17650604248047,39.53499984741211,39.8849983215332,39.51499938964844,39.685001373291016,16675400
2019-08-21,51.013221740722656,53.15999984741211,53.412498474121094,52.900001525878906,53.247501373291016,86141600,37.61375427246094,40.0,40.099998474121094,39.81999969482422,39.915000915527344,16802600
2019-08-22,50.97003173828125,53.1150016784668,53.61000061035156,52.6875,53.29750061035156,89014800,37.5244255065918,39.904998779296875,40.19499969482422,39.54999923706055,40.10499954223633,15188200
2019-08-23,48.61418151855469,50.65999984741211,53.01250076293945,50.25,52.35749816894531,187272000,36.28317642211914,38.584999084472656,40.04999923706055,38.42499923706055,39.685001373291016,40797800
2019-08-26,49.53780746459961,51.622501373291016,51.79750061035156,51.26499938964844,51.46500015258789,104174400,36.78626251220703,39.119998931884766,39.1349983215332,38.79499816894531,39.060001373291016,20717000
2019-08-27,48.97883987426758,51.040000915527344,52.13750076293945,50.88249969482422,51.96500015258789,103493200,36.729835510253906,39.060001373291016,39.44499969482422,38.834999084472656,39.375,20066000
2019-08-28,49.3074951171875,51.38249969482422,51.43000030517578,50.83000183105469,51.025001525878906,63755200,36.76274490356445,39.095001220703125,39.15999984741211,38.56999969482422,38.849998474121094,14279000
2019-08-29,50.14236068725586,52.252498626708984,52.33000183105469,51.665000915527344,52.125,83962000,37.402191162109375,39.775001525878906,39.89500045776367,39.48500061035156,39.625,16241200
2019-08-30,50.077606201171875,52.185001373291016,52.61249923706055,51.79999923706055,52.540000915527344,84573600,37.39278030395508,39.76499938964844,40.084999084472656,39.47999954223633,40.03499984741211,20150800
2019-09-03,49.348289489746094,51.42499923706055,51.744998931884766,51.05500030517578,51.60749816894531,80092000,36.936710357666016,39.279998779296875,39.78499984741211,39.13999938964844,39.435001373291016,23675000
2019-09-04,50.185543060302734,52.29750061035156,52.369998931884766,51.83000183105469,52.09749984741211,76752400,37.56673812866211,39.95000076293945,39.970001220703125,39.665000915527344,39.70500183105469,15458800
2019-09-05,51.16675567626953,53.31999969482422,53.49250030517578,52.877498626708984,53.0,95654800,38.3519287109375,40.78499984741211,40.95000076293945,40.45500183105469,40.474998474121094,20086600
2019-09-06,51.16196823120117,53.314998626708984,53.60499954223633,53.127498626708984,53.51250076293945,77449200,38.319026947021484,40.75,40.89500045776367,40.63999938964844,40.875,18300200
2019-09-09,51.380271911621094,53.54249954223633,54.11000061035156,52.76750183105469,53.709999084472656,109237600,38.03219985961914,40.44499969482422,40.959999084472656,40.22999954223633,40.939998626708984,25221400
2019-09-10,51.98722457885742,54.17499923706055,54.19499969482422,52.9275016784668,53.46500015258789,127111600,37.83945083618164,40.2400016784668,40.2599983215332,39.78499984741211,40.2599983215332,19717000
2019-09-11,53.64017105102539,55.897499084472656,55.9275016784668,54.432498931884766,54.51750183105469,177158400,38.2343864440918,40.65999984741211,40.66999816894531,40.279998779296875,40.3650016784668,18818600
2019-09-12,53.52021789550781,55.772499084472656,56.60499954223633,55.71500015258789,56.20000076293945,128906800,38.44126892089844,40.880001068115234,41.209999084472656,40.709999084472656,40.90999984741211,25542000
2019-09-13,52.47903823852539,54.6875,55.1974983215332,54.255001068115234,55.0,159053200,38.15916442871094,40.58000183105469,40.814998626708984,40.53499984741211,40.814998626708984,33067200
2019-09-16,52.75492477416992,54.974998474121094,55.032501220703125,54.38999938964844,54.432498931884766,84632400,38.06512451171875,40.47999954223633,40.56999969482422,40.20500183105469,40.244998931884766,15451800
2019-09-17,52.946842193603516,55.17499923706055,55.20500183105469,54.779998779296875,54.9900016784668,73274800,38.22029113769531,40.64500045776367,40.64500045776367,40.415000915527344,40.5099983215332,15402600
2019-09-18,53.443443298339844,55.692501068115234,55.712501525878906,54.86000061035156,55.26499938964844,101360000,38.21558380126953,40.63999938964844,40.66999816894531,40.09000015258789,40.58000183105469,17261400
2019-09-19,53.009220123291016,55.2400016784668,55.939998626708984,55.092498779296875,55.502498626708984,88242400,38.300209045410156,40.72999954223633,41.09000015258789,40.67499923706055,40.76499938964844,16387000
2019-09-20,52.23432922363281,54.432498931884766,55.63999938964844,54.36750030517578,55.345001220703125,221652400,37.85357666015625,40.130001068115234,40.755001068115234,40.025001525878906,40.73500061035156,30027200
2019-09-23,52.47182846069336,54.68000030517578,54.959999084472656,54.412498474121094,54.73749923706055,76662000,37.97148513793945,40.255001068115234,40.375,40.04999923706055,40.1349983215332,15648400
2019-09-24,52.22233581542969,54.41999816894531,55.622501373291016,54.29750061035156,55.25749969482422,124763200,37.60360336303711,39.8650016784668,40.67499923706055,39.69499969482422,40.52000045776367,35448200
2019-09-25,53.02600860595703,55.25749969482422,55.375,54.28499984741211,54.63750076293945,87613600,38.051658630371094,40.34000015258789,40.45000076293945,39.44499969482422,39.810001373291016,23913200
2019-09-26,52.75252914428711,54.97249984741211,55.23500061035156,54.70750045776367,55.0,75334000,38.09409713745117,40.3849983215332,40.525001525878906,40.06999969482422,40.32500076293945,18178600
2019-09-27,52.49583435058594,54.70500183105469,55.2400016784668,54.31999969482422,55.1349983215332,101408000,37.584739685058594,39.845001220703125,40.470001220703125,39.54499816894531,40.3849983215332,25564200
2019-09-30,53.731327056884766,55.99250030517578,56.14500045776367,55.1974983215332,55.224998474121094,103909600,37.98091506958008,40.26499938964844,40.36000061035156,39.959999084472656,40.01499938964844,22002800
2019-10-01,53.880069732666016,56.147499084472656,57.05500030517578,56.04999923706055,56.26750183105469,139223200,37.62717819213867,39.88999938964844,40.71500015258789,39.875,40.44499969482422,22044600
2019-10-02,52.5294189453125,54.7400016784668,55.89500045776367,54.48249816894531,55.76499938964844,138449200,36.91973114013672,39.13999938964844,39.6349983215332,38.845001220703125,39.625,39509600
2019-10-03,52.97563934326172,55.20500183105469,55.2400016784668,53.782501220703125,54.60749816894531,114426000,37.37249755859375,39.619998931884766,39.6349983215332,38.63999938964844,39.125,34944400
2019-10-04,54.46063995361328,56.752498626708984,56.872501373291016,55.97249984741211,56.40999984741211,138478800,37.990352630615234,40.275001525878906,40.32500076293945,39.86000061035156,39.900001525878906,21876800
2019-10-07,54.47264099121094,56.76499938964844,57.48249816894531,56.459999084472656,56.567501068115234,122306000,37.82999038696289,40.10499954223633,40.439998626708984,40.07500076293945,40.13999938964844,21238800
2019-10-08,53.83449172973633,56.099998474121094,57.01499938964844,56.08250045776367,56.45500183105469,111820000,37.13667678833008,39.369998931884766,39.96500015258789,39.3650016784668,39.845001220703125,28733600
2019-10-09,54.4654426574707,56.75749969482422,56.9474983215332,56.40999984741211,56.75749969482422,74770400,37.68851089477539,39.95500183105469,40.10499954223633,39.720001220703125,39.779998779296875,20503000
2019-10-10,55.19953536987305,57.522499084472656,57.61000061035156,56.82500076293945,56.98249816894531,113013600,37.94789505004883,40.22999954223633,40.38999938964844,39.8849983215332,39.915000915527344,18796200
2019-10-11,56.667762756347656,59.0525016784668,59.40999984741211,58.07749938964844,58.23749923706055,166795600,38.47141647338867,40.78499984741211,41.14500045776367,40.65999984741211,40.724998474121094,31941200
2019-10-14,56.58620071411133,58.967498779296875,59.532501220703125,58.66749954223633,58.724998474121094,96427600,38.44783401489258,40.7599983215332,40.93000030517578,40.7400016784668,40.744998931884766,11325600
2019-10-15,56.45425033569336,58.83000183105469,59.412498474121094,58.720001220703125,59.09749984741211,87360000,38.8723030090332,41.209999084472656,41.310001373291016,40.8849983215332,40.92499923706055,16205800
2019-10-16,56.22633743286133,58.592498779296875,58.810001373291016,58.29999923706055,58.342498779296875,73903200,38.60347366333008,40.92499923706055,41.005001068115234,40.775001525878906,40.98500061035156,20066000
2019-10-17,56.44464874267578,58.81999969482422,59.037498474121094,58.380001068115234,58.772499084472656,67585200,38.528011322021484,40.845001220703125,41.18000030517578,40.630001068115234,41.064998626708984,13731800
2019-10-18,56.71574020385742,59.102500915527344,59.39500045776367,58.5724983215332,58.647499084472656,97433600,38.1601448059082,40.45500183105469,40.845001220703125,40.20000076293945,40.78499984741211,17452600
2019-10-21,57.6993522644043,60.127498626708984,60.247501373291016,59.33000183105469,59.380001068115234,87247200,38.57046890258789,40.88999938964844,40.90999984741211,40.54999923706055,40.69499969482422,12678600
2019-10-22,57.567405700683594,59.9900016784668,60.54999923706055,59.904998779296875,60.290000915527344,82293600,38.051658630371094,40.34000015258789,41.1150016784668,40.310001373291016,40.970001220703125,18916000
2019-10-23,58.33988571166992,60.79499816894531,60.810001373291016,60.30500030517578,60.525001525878906,75828800,38.084678649902344,40.375,40.380001068115234,40.130001068115234,40.21500015258789,17617000
2019-10-24,58.43586349487305,60.89500045776367,61.20000076293945,60.45249938964844,61.127498626708984,69275200,38.64120101928711,40.96500015258789,41.0,40.654998779296875,40.80500030517578,14508200
2019-10-25,59.15557098388672,61.64500045776367,61.682498931884766,60.720001220703125,60.790000915527344,73477200,39.10812759399414,41.459999084472656,41.5099983215332,40.939998626708984,40.96500015258789,16305400
2019-10-28,59.74813461303711,62.26250076293945,62.3125,61.68000030517578,61.85499954223633,96572800,39.60334396362305,41.98500061035156,42.005001068115234,41.80500030517578,41.82500076293945,14459800
2019-10-29,58.366275787353516,60.8224983215332,62.4375,60.64250183105469,62.24250030517578,142839600,39.24489212036133,41.60499954223633,42.025001525878906,41.59000015258789,41.95000076293945,15520800
2019-10-30,58.35908126831055,60.814998626708984,61.32500076293945,60.3025016784668,61.189998626708984,124522000,39.48543930053711,41.86000061035156,41.90999984741211,41.45000076293945,41.72999954223633,25558600
2019-10-31,59.678558349609375,62.189998626708984,62.29249954223633,59.314998626708984,61.810001373291016,139162000,39.461856842041016,41.834999084472656,41.970001220703125,41.564998626708984,41.92499923706055,22461800
2019-11-01,61.372291564941406,63.95500183105469,63.98249816894531,62.290000915527344,62.3849983215332,151125200,39.93349075317383,42.334999084472656,42.334999084472656,41.90999984741211,41.974998474121094,19841200
2019-11-04,61.77531433105469,64.375,64.4625015258789,63.845001220703125,64.3324966430664,103272000,40.14100646972656,42.55500030517578,42.685001373291016,42.46500015258789,42.65999984741211,20363200
2019-11-05,61.68655014038086,64.28250122070312,64.54750061035156,64.08000183105469,64.26249694824219,79897600,40.09384536743164,42.505001068115234,42.689998626708984,42.36000061035156,42.67499923706055,15799600
2019-11-06,61.71295166015625,64.30999755859375,64.37249755859375,63.842498779296875,64.19249725341797,75864400,40.074989318847656,42.48500061035156,42.525001525878906,42.27000045776367,42.5,17077200
2019-11-07,62.4251823425293,64.85749816894531,65.0875015258789,64.52749633789062,64.68499755859375,94940400,40.39097595214844,42.81999969482422,43.060001373291016,42.70000076293945,42.77000045776367,28085000
2019-11-08,62.596038818359375,65.03500366210938,65.11000061035156,64.2125015258789,64.67250061035156,69986400,40.617366790771484,43.060001373291016,43.060001373291016,42.540000915527344,42.709999084472656,12573000
2019-11-11,63.091712951660156,65.55000305175781,65.61750030517578,64.56999969482422,64.57499694824219,81821200,40.63623809814453,43.08000183105469,43.13999938964844,42.7599983215332,42.814998626708984,8488000
2019-11-12,63.033966064453125,65.48999786376953,65.69750213623047,65.2300033569336,65.38749694824219,87388800,40.77299499511719,43.224998474121094,43.3849983215332,43.03499984741211,43.13999938964844,16562400
2019-11-13,63.637935638427734,66.11750030517578,66.19499969482422,65.26750183105469,65.28250122070312,102734400,40.86260986328125,43.31999969482422,43.36000061035156,43.04499816894531,43.05500030517578,15372200
2019-11-14,63.197593688964844,65.66000366210938,66.22000122070312,65.5250015258789,65.9375,89182800,40.815452575683594,43.27000045776367,43.30500030517578,43.029998779296875,43.150001525878906,12182600
2019-11-15,63.9483528137207,66.44000244140625,66.44499969482422,65.75250244140625,65.91999816894531,100206400,41.145591735839844,43.619998931884766,43.619998931884766,43.439998626708984,43.57500076293945,14124800
2019-11-18,64.2707748413086,66.7750015258789,66.85749816894531,66.05750274658203,66.44999694824219,86703200,41.26823043823242,43.75,43.814998626708984,43.439998626708984,43.60499954223633,13022200
2019-11-19,64.07587432861328,66.57250213623047,67.0,66.34750366210938,66.9749984741211,76167200,41.34839630126953,43.834999084472656,43.96500015258789,43.67499923706055,43.92499923706055,14087400
2019-11-20,63.329933166503906,65.79750061035156,66.5199966430664,65.0999984741211,66.38500213623047,106234400,41.098426818847656,43.56999969482422,43.8650016784668,43.2400016784668,43.73500061035156,24759800
2019-11-21,63.0460090637207,65.50250244140625,66.00250244140625,65.29499816894531,65.92250061035156,121395200,40.89090347290039,43.349998474121094,43.53499984741211,43.2599983215332,43.48500061035156,18755400
2019-11-22,62.99067306518555,65.44499969482422,65.79499816894531,65.20999908447266,65.64749908447266,65325200,40.83903121948242,43.29499816894531,43.54499816894531,43.125,43.474998474121094,11780000
2019-11-25,64.09513092041016,66.59249877929688,66.61000061035156,65.62999725341797,65.67749786376953,84020400,41.43329620361328,43.92499923706055,43.92499923706055,43.474998474121094,43.4900016784668,14739800
2019-11-26,63.594627380371094,66.07250213623047,66.79000091552734,65.625,66.73500061035156,105207600,41.47101974487305,43.96500015258789,44.07500076293945,43.880001068115234,43.95000076293945,19454400
2019-11-27,64.44884490966797,66.95999908447266,66.99500274658203,66.32749938964844,66.3949966430664,65235600,41.70212936401367,44.209999084472656,44.209999084472656,43.970001220703125,44.099998474121094,18697000
2019-11-29,64.30687713623047,66.8125,67.0,66.4749984741211,66.6500015258789,46617600,41.579505920410156,44.08000183105469,44.165000915527344,44.005001068115234,44.095001220703125,11360200
2019-12-02,63.56333541870117,66.04000091552734,67.0625,65.86250305175781,66.81749725341797,94487200,40.98523712158203,43.45000076293945,44.099998474121094,43.2599983215332,44.099998474121094,23167600
2019-12-03,62.43000793457031,64.86250305175781,64.88249969482422,64.07250213623047,64.57749938964844,114430400,40.6220817565918,43.064998626708984,43.095001220703125,42.58000183105469,42.76499938964844,22494400
2019-12-04,62.98102951049805,65.43499755859375,65.82749938964844,65.16999816894531,65.26750183105469,67181600,40.78715896606445,43.2400016784668,43.380001068115234,43.17499923706055,43.345001220703125,13829000
2019-12-05,63.9050178527832,66.3949966430664,66.47250366210938,65.68250274658203,65.94750213623047,74424400,40.93807601928711,43.400001525878906,43.435001373291016,43.19499969482422,43.39500045776367,15620600
2019-12-06,65.13944244384766,67.67749786376953,67.75,66.82499694824219,66.87000274658203,106075600,41.390846252441406,43.880001068115234,43.91999816894531,43.69499969482422,43.72999954223633,18407000
2019-12-09,64.22748565673828,66.7300033569336,67.69999694824219,66.22750091552734,67.5,128042400,41.173885345458984,43.650001525878906,43.94499969482422,43.650001525878906,43.80500030517578,11370200
2019-12-10,64.60284423828125,67.12000274658203,67.51750183105469,66.46499633789062,67.1500015258789,90420400,41.20691680908203,43.685001373291016,43.915000915527344,43.57500076293945,43.720001220703125,12350800
2019-12-11,65.15386962890625,67.69249725341797,67.7750015258789,67.125,67.20249938964844,78756800,41.48517608642578,43.97999954223633,44.02000045776367,43.709999084472656,43.79999923706055,9879000
2019-12-12,65.31991577148438,67.86499786376953,68.13999938964844,66.83000183105469,66.94499969482422,137310400,41.92850112915039,44.45000076293945,44.51499938964844,43.75,43.85499954223633,24189400
2019-12-13,66.20780944824219,68.7874984741211,68.82499694824219,67.73249816894531,67.86499786376953,133587600,42.20677947998047,44.744998931884766,44.845001220703125,44.31999969482422,44.404998779296875,26256200
2019-12-16,67.34114074707031,69.96499633789062,70.19750213623047,69.24500274658203,69.25,128186000,42.58408737182617,45.14500045776367,45.29999923706055,45.07500076293945,45.084999084472656,19744600
2019-12-17,67.47347259521484,70.10250091552734,70.44249725341797,69.69999694824219,69.89250183105469,114158400,42.48503875732422,45.040000915527344,45.244998931884766,44.97999954223633,45.224998474121094,14919400
2019-12-18,67.3122787475586,69.93499755859375,70.4749984741211,69.77999877929688,69.94999694824219,116028400,42.48032760620117,45.03499984741211,45.209999084472656,45.02000045776367,45.095001220703125,12970200
2019-12-19,67.379638671875,70.00499725341797,70.29499816894531,69.73750305175781,69.875,98369200,42.78689193725586,45.36000061035156,45.3650016784668,45.04999923706055,45.064998626708984,13724000
2019-12-20,67.24006652832031,69.86000061035156,70.6624984741211,69.63999938964844,70.55750274658203,275978000,43.035316467285156,45.474998474121094,45.529998779296875,45.36000061035156,45.47999954223633,23400800
2019-12-23,68.33734893798828,71.0,71.0625,70.09249877929688,70.13249969482422,98572000,43.1583366394043,45.60499954223633,45.720001220703125,45.54999923706055,45.6150016784668,15530400
2019-12-24,68.40230560302734,71.06749725341797,71.22250366210938,70.7300033569336,71.17250061035156,48478800,43.17252731323242,45.619998931884766,45.685001373291016,45.51499938964844,45.685001373291016,4890800
2019-12-26,69.7594223022461,72.47750091552734,72.49500274658203,71.17500305175781,71.20500183105469,93121200,43.494293212890625,45.959999084472656,45.970001220703125,45.685001373291016,45.71500015258789,8269200
2019-12-27,69.73296356201172,72.44999694824219,73.49250030517578,72.02999877929688,72.77999877929688,146266000,43.48956298828125,45.95500183105469,46.14500045776367,45.84000015258789,46.14500045776367,19332200
2019-12-30,70.14682006835938,72.87999725341797,73.17250061035156,71.30500030517578,72.36499786376953,144114400,43.2387809753418,45.689998626708984,45.95000076293945,45.34000015258789,45.94499969482422,16491200
2019-12-31,70.65933990478516,73.4124984741211,73.41999816894531,72.37999725341797,72.48249816894531,100805600,43.37599182128906,45.834999084472656,45.8849983215332,45.474998474121094,45.53499984741211,11601800
2020-01-02,72.27153015136719,75.0875015258789,75.1500015258789,73.79750061035156,74.05999755859375,135480400,44.18986129760742,46.69499969482422,46.69499969482422,46.15999984741211,46.25,26567000
2020-01-03,71.56892395019531,74.35749816894531,75.1449966430664,74.125,74.2874984741211,146322800,43.693031311035156,46.16999816894531,46.4900016784668,46.0099983215332,46.01499938964844,30023600
2020-01-06,72.13920593261719,74.94999694824219,74.98999786376953,73.1875,73.44750213623047,118387200,43.797122955322266,46.279998779296875,46.33000183105469,45.625,45.709999084472656,15630000
2020-01-07,71.79994201660156,74.59750366210938,75.2249984741211,74.37000274658203,74.95999908447266,108872000,43.7781982421875,46.2599983215332,46.4900016784668,46.189998626708984,46.36000061035156,15363600
2020-01-08,72.95494079589844,75.79750061035156,76.11000061035156,74.29000091552734,74.29000091552734,132079200,44.246639251708984,46.755001068115234,46.959999084472656,46.224998474121094,46.310001373291016,23254400
2020-01-09,74.50455474853516,77.40750122070312,77.60749816894531,76.55000305175781,76.80999755859375,170108400,44.74820327758789,47.28499984741211,47.314998626708984,46.94499969482422,47.185001373291016,15554800
2020-01-10,74.67295837402344,77.5824966430664,78.1675033569336,77.0625,77.6500015258789,140644800,44.64411544799805,47.17499923706055,47.55500030517578,47.095001220703125,47.4900016784668,15330600
2020-01-13,76.26832580566406,79.23999786376953,79.26750183105469,77.7874984741211,77.91000366210938,121532000,45.20245361328125,47.76499938964844,47.81999969482422,47.3650016784668,47.38999938964844,15524400
2020-01-14,75.23845672607422,78.16999816894531,79.39250183105469,78.0425033569336,79.17500305175781,161954400,44.98952102661133,47.540000915527344,47.869998931884766,47.46500015258789,47.82500076293945,16134600
2020-01-15,74.91600036621094,77.83499908447266,78.875,77.38749694824219,77.9625015258789,121923600,45.04157638549805,47.595001220703125,47.82500076293945,47.435001373291016,47.56999969482422,14417000
2020-01-16,75.85446166992188,78.80999755859375,78.92500305175781,78.02249908447266,78.39749908447266,108829200,45.647247314453125,48.23500061035156,48.244998931884766,47.834999084472656,47.900001525878906,11543200
2020-01-17,76.69422149658203,79.68250274658203,79.68499755859375,78.75,79.06749725341797,137816400,45.954803466796875,48.560001373291016,48.60499954223633,48.20000076293945,48.459999084472656,21661000
2020-01-21,76.17447662353516,79.14250183105469,79.75499725341797,79.0,79.29750061035156,110843200,45.935882568359375,48.540000915527344,48.81999969482422,48.400001525878906,48.40999984741211,17975000
2020-01-22,76.44638061523438,79.42500305175781,79.99749755859375,79.32749938964844,79.6449966430664,101832400,46.10149002075195,48.71500015258789,49.05500030517578,48.67499923706055,48.845001220703125,15491600
2020-01-23,76.81453704833984,79.80750274658203,79.88999938964844,78.9124984741211,79.4800033569336,104472000,46.319156646728516,48.94499969482422,48.98500061035156,48.55500030517578,48.76499938964844,14956400
2020-01-24,76.5931625366211,79.57749938964844,80.8324966430664,79.37999725341797,80.0625,146537600,46.10149002075195,48.71500015258789,49.415000915527344,48.54499816894531,49.30500030517578,23617400
2020-01-27,74.34090423583984,77.23750305175781,77.94249725341797,76.22000122070312,77.51499938964844,161940000,45.003719329833984,47.55500030517578,47.93000030517578,47.35499954223633,47.58000183105469,35574600
2020-01-28,76.4439468383789,79.42250061035156,79.5999984741211,78.04750061035156,78.1500015258789,162234000,45.86489486694336,48.46500015258789,48.595001220703125,47.869998931884766,47.970001220703125,31184400
2020-01-29,78.04412841796875,81.08499908447266,81.9625015258789,80.34500122070312,81.11250305175781,216229200,45.98318862915039,48.59000015258789,48.935001373291016,48.39500045776367,48.8650016784668,21126600
2020-01-30,77.9310302734375,80.96749877929688,81.02249908447266,79.6875,80.13500213623047,126743200,46.38066101074219,49.0099983215332,49.05500030517578,48.275001525878906,48.56999969482422,19933600
2020-01-31,74.47565460205078,77.37750244140625,80.66999816894531,77.07250213623047,80.23249816894531,199588400,45.107818603515625,47.665000915527344,48.75,47.494998931884766,48.724998474121094,26964600
2020-02-03,74.2711410522461,77.16500091552734,78.37249755859375,75.55500030517578,76.07499694824219,173788400,45.704017639160156,48.29499816894531,48.415000915527344,47.665000915527344,47.720001220703125,25075600
2020-02-04,76.72308349609375,79.7125015258789,79.91000366210938,78.40750122070312,78.82749938964844,136616400,46.901153564453125,49.560001373291016,49.665000915527344,49.01499938964844,49.1349983215332,19097800
2020-02-05,77.34872436523438,80.36250305175781,81.19000244140625,79.73750305175781,80.87999725341797,118826800,47.175594329833984,49.849998474121094,50.400001525878906,49.4900016784668,50.375,32697000
2020-02-06,78.25347137451172,81.30249786376953,81.30500030517578,80.06500244140625,80.64250183105469,105425600,47.60618591308594,50.30500030517578,50.31999969482422,49.83000183105469,50.05500030517578,13505600
2020-02-07,77.18980407714844,80.00749969482422,80.8499984741211,79.5,80.59249877929688,117684000,47.17086410522461,49.845001220703125,50.26499938964844,49.744998931884766,50.06999969482422,16598000
2020-02-10,77.556396484375,80.38749694824219,80.38749694824219,78.4625015258789,78.54499816894531,109348800,47.80964660644531,50.52000045776367,50.529998779296875,49.54499816894531,49.55500030517578,16347600
2020-02-11,77.08849334716797,79.90249633789062,80.9749984741211,79.67749786376953,80.9000015258789,94323200,47.64876937866211,50.349998474121094,50.95000076293945,50.20000076293945,50.904998779296875,15105800
2020-02-12,78.91917419433594,81.80000305175781,81.80500030517578,80.36750030517578,80.36750030517578,113730400,48.16453170776367,50.89500045776367,50.915000915527344,50.40999984741211,50.69499969482422,12152800
2020-02-13,78.35719299316406,81.21749877929688,81.55500030517578,80.8375015258789,81.04750061035156,94747600,48.036766052246094,50.7599983215332,51.025001525878906,50.41999816894531,50.494998931884766,14802800
2020-02-14,78.37648010253906,81.23750305175781,81.49500274658203,80.7125015258789,81.18499755859375,80113600,48.244972229003906,50.97999954223633,51.064998626708984,50.70000076293945,50.86000061035156,12392400
2020-02-18,76.94134521484375,79.75,79.9375,78.65249633789062,78.83999633789062,152531200,48.06517791748047,50.790000915527344,50.900001525878906,50.51499938964844,50.56999969482422,20633200
2020-02-19,78.05569458007812,80.90499877929688,81.14250183105469,80.0,80.0,93984000,48.63772201538086,51.39500045776367,51.470001220703125,51.084999084472656,51.119998931884766,16615600
2020-02-20,77.2549057006836,80.07499694824219,81.1624984741211,79.55249786376953,80.65750122070312,100566000,48.131404876708984,50.86000061035156,51.40999984741211,50.165000915527344,51.28499984741211,26324600
2020-02-21,75.50625610351562,78.26249694824219,80.11250305175781,77.625,79.65499877929688,129554000,47.052581787109375,49.720001220703125,50.64500045776367,49.40999984741211,50.599998474121094,29899000
2020-02-24,71.919677734375,74.54499816894531,76.04499816894531,72.30750274658203,74.31500244140625,222195200,45.107818603515625,47.665000915527344,48.35499954223633,46.900001525878906,47.334999084472656,42365200
2020-02-25,69.48361206054688,72.0199966430664,75.63249969482422,71.53250122070312,75.23750305175781,230673600,43.664634704589844,46.13999938964844,48.27000045776367,45.970001220703125,48.095001220703125,62934400
2020-02-26,70.58586120605469,73.1624984741211,74.47000122070312,71.625,71.63249969482422,198054800,43.863372802734375,46.349998474121094,47.35499954223633,46.0,46.314998626708984,55759600
2020-02-27,65.9717788696289,68.37999725341797,71.5,68.23999786376953,70.2750015258789,320605600,41.49749755859375,43.849998474121094,45.779998779296875,43.81999969482422,44.83000183105469,67825800
2020-02-28,65.93318939208984,68.33999633789062,69.60250091552734,64.09249877929688,64.31500244140625,426510000,41.81452178955078,44.185001373291016,44.60499954223633,42.029998779296875,42.10499954223633,111854400
2020-03-02,72.07162475585938,74.70249938964844,75.36000061035156,69.43000030517578,70.56999969482422,341397200,44.232452392578125,46.7400016784668,46.75,44.189998626708984,44.97999954223633,70008600
2020-03-03,69.78267669677734,72.33000183105469,76.0,71.44999694824219,75.9175033569336,319475600,42.552669525146484,44.96500015258789,47.33000183105469,44.4900016784668,47.005001068115234,94989200
2020-03-04,73.01953887939453,75.68499755859375,75.8499984741211,73.28250122070312,74.11000061035156,219178400,44.379127502441406,46.89500045776367,46.90999984741211,45.29999923706055,45.935001373291016,44727600
2020-03-05,70.65097045898438,73.2300033569336,74.88749694824219,72.85250091552734,73.87999725341797,187572800,42.97852325439453,45.415000915527344,46.51499938964844,45.119998931884766,45.64500045776367,49019000
2020-03-06,69.71273803710938,72.25749969482422,72.70500183105469,70.30750274658203,70.5,226176800,42.07004165649414,44.45500183105469,44.720001220703125,43.244998931884766,43.89500045776367,57631800
2020-03-09,64.19900512695312,66.5425033569336,69.52249908447266,65.75,65.9375,286744800,38.87610626220703,41.08000183105469,43.0,40.75,40.790000915527344,59119800
2020-03-10,68.82271575927734,71.33499908447266,71.61000061035156,67.34249877929688,69.28500366210938,285290000,41.469093322753906,43.81999969482422,43.82500076293945,41.310001373291016,42.84000015258789,71164600
2020-03-11,66.43245697021484,68.85749816894531,70.30500030517578,67.96499633789062,69.34750366210938,255598800,39.51015853881836,41.75,42.90999984741211,41.154998779296875,42.64500045776367,63304200
2020-03-12,59.87195587158203,62.057498931884766,67.5,62.0,63.98500061035156,418474000,35.65377426147461,37.67499923706055,40.95000076293945,37.5,38.720001220703125,65490600
2020-03-13,67.04510498046875,69.49250030517578,69.9800033569336,63.23749923706055,66.22250366210938,370732000,39.83664321899414,42.095001220703125,42.189998626708984,38.150001525878906,40.04499816894531,65849600
2020-03-16,58.419960021972656,60.5525016784668,64.7699966430664,60.0,60.48749923706055,322423600,34.3336181640625,36.279998779296875,39.60499954223633,35.595001220703125,35.86000061035156,81244800
2020-03-17,60.98869323730469,63.21500015258789,64.40249633789062,59.599998474121094,61.877498626708984,324056000,36.67110824584961,38.75,39.220001220703125,35.970001220703125,37.1349983215332,100814600
2020-03-18,59.495689392089844,61.66749954223633,62.5,59.279998779296875,59.942501068115234,300233600,35.289432525634766,37.290000915527344,37.90999984741211,35.1349983215332,36.17499923706055,107412400
2020-03-19,59.039833068847656,61.19499969482422,63.209999084472656,60.65250015258789,61.84749984741211,271857200,35.41718673706055,37.42499923706055,38.69499969482422,36.060001373291016,36.94499969482422,123454200
2020-03-20,55.291648864746094,57.310001373291016,62.95750045776367,57.0,61.79499816894531,401693200,33.794189453125,35.709999084472656,38.52000045776367,35.59000015258789,38.130001068115234,90444000
2020-03-23,54.11703109741211,56.092498779296875,57.125,53.15250015258789,57.02000045776367,336752800,33.485496520996094,35.20000076293945,36.11000061035156,34.04999923706055,35.345001220703125,84958400
2020-03-24,59.54634475708008,61.720001220703125,61.92250061035156,58.57500076293945,59.09000015258789,287531200,36.91489791870117,38.80500030517578,38.834999084472656,37.18000030517578,37.33000183105469,75329000
2020-03-25,59.21831512451172,61.380001068115234,64.5625,61.07500076293945,62.6875,303602000,36.86735153198242,38.755001068115234,40.54499816894531,38.0099983215332,39.099998474121094,57480800
2020-03-26,62.33456802368164,64.61000061035156,64.66999816894531,61.59000015258789,61.630001068115234,252087200,39.15044403076172,41.154998779296875,41.255001068115234,39.150001525878906,39.244998931884766,56425800
2020-03-27,59.75376510620117,61.935001373291016,63.967498779296875,61.76250076293945,63.1875,204216800,37.38104248046875,39.29499816894531,40.630001068115234,39.125,39.880001068115234,58485400
2020-03-30,61.45901870727539,63.70249938964844,63.880001068115234,62.349998474121094,62.685001373291016,167976400,38.95542907714844,40.95000076293945,41.04499816894531,39.69499969482422,39.81999969482422,47480200
2020-03-31,61.33359909057617,63.5724983215332,65.62249755859375,63.0,63.900001525878906,197002000,38.22768783569336,40.185001373291016,41.59000015258789,39.974998474121094,40.85499954223633,39988800
2020-04-01,58.106407165527344,60.227500915527344,62.18000030517578,59.782501220703125,61.625,176218400,36.405967712402344,38.27000045776367,39.625,37.98500061035156,38.79499816894531,54984800
2020-04-02,59.076019287109375,61.23249816894531,61.287498474121094,59.224998474121094,60.084999084472656,165934000,37.25737380981445,39.165000915527344,39.21500015258789,37.97999954223633,38.1349983215332,44223600
2020-04-03,58.22700881958008,60.352500915527344,61.42499923706055,59.74250030517578,60.70000076293945,129880000,36.68183898925781,38.560001373291016,39.415000915527344,38.07500076293945,38.994998931884766,31572000
2020-04-06,63.30657958984375,65.61750030517578,65.77749633789062,62.345001220703125,62.724998474121094,201820400,39.81159591674805,41.849998474121094,42.125,40.0,40.255001068115234,35987200
2020-04-07,62.57333755493164,64.85749816894531,67.92500305175781,64.75,67.69999694824219,202887200,39.454864501953125,41.474998474121094,43.34000015258789,41.43000030517578,43.32500076293945,44298800
2020-04-08,64.17487335205078,66.51750183105469,66.84249877929688,65.30750274658203,65.68499755859375,168895200,40.515560150146484,42.59000015258789,42.76499938964844,41.625,42.02000045776367,27428600
2020-04-09,64.63798522949219,66.99749755859375,67.51750183105469,66.17500305175781,67.17500305175781,161834800,40.525062561035156,42.599998474121094,43.314998626708984,42.29999923706055,43.095001220703125,39259800
2020-04-13,65.90666198730469,68.3125,68.42500305175781,66.4574966430664,67.07749938964844,131022800,40.61544418334961,42.69499969482422,42.755001068115234,41.82500076293945,42.43000030517578,25301600
2020-04-14,69.23515319824219,71.76249694824219,72.0625,69.51249694824219,70.0,194994800,42.3182487487793,44.48500061035156,44.564998626708984,43.470001220703125,43.64500045776367,31779000
2020-04-15,68.60323333740234,71.10749816894531,71.5824966430664,70.15750122070312,70.5999984741211,131154400,41.3954963684082,43.51499938964844,43.869998931884766,43.189998626708984,43.599998474121094,25858200
2020-04-16,69.1483154296875,71.67250061035156,72.05000305175781,70.5875015258789,71.84500122070312,157125200,41.89967727661133,44.04499816894531,44.154998779296875,43.32500076293945,44.084999084472656,23667600
2020-04-17,68.21009063720703,70.69999694824219,71.73750305175781,69.21499633789062,71.17250061035156,215250000,42.456199645996094,44.630001068115234,44.834999084472656,43.98500061035156,44.82500076293945,28284800
2020-04-20,66.79425811767578,69.23249816894531,70.41999816894531,69.2125015258789,69.48750305175781,130015200,41.77601623535156,43.915000915527344,44.61000061035156,43.85499954223633,44.025001525878906,20407000
2020-04-21,64.7296371459961,67.09249877929688,69.3125,66.35749816894531,69.06999969482422,180991600,40.025638580322266,42.07500076293945,43.400001525878906,41.81999969482422,43.29499816894531,32765000
2020-04-22,66.59407806396484,69.0250015258789,69.4749984741211,68.05000305175781,68.40249633789062,116862400,41.56672286987305,43.69499969482422,43.935001373291016,42.939998626708984,43.095001220703125,24032000
2020-04-23,66.33599853515625,68.75749969482422,70.4375,68.71749877929688,68.96749877929688,124814400,41.28134536743164,43.39500045776367,44.290000915527344,43.36000061035156,43.79499816894531,21169600
2020-04-24,68.2510986328125,70.74250030517578,70.75250244140625,69.25,69.30000305175781,126161200,42.15653991699219,44.314998626708984,44.32500076293945,43.29499816894531,43.57500076293945,16885000
2020-04-27,68.29933166503906,70.7925033569336,71.13500213623047,69.98750305175781,70.44999694824219,117087600,42.518028259277344,44.69499969482422,44.845001220703125,44.42499923706055,44.71500015258789,15598600
2020-04-28,67.19221496582031,69.6449966430664,71.4574966430664,69.55000305175781,71.2699966430664,112004800,41.952003479003906,44.099998474121094,45.279998779296875,44.040000915527344,45.25,25267600
2020-04-29,69.39918518066406,71.93250274658203,72.4175033569336,70.97250366210938,71.18250274658203,137280800,43.6738395690918,45.90999984741211,46.06999969482422,44.880001068115234,45.040000915527344,22925800
2020-04-30,70.86322784423828,73.44999694824219,73.63249969482422,72.0875015258789,72.48999786376953,183064000,43.47882080078125,45.70500183105469,46.005001068115234,45.3650016784668,46.005001068115234,30861200
2020-05-01,69.72235870361328,72.26750183105469,74.75,71.4625015258789,71.5625,240616800,42.284969329833984,44.45000076293945,45.32500076293945,44.279998779296875,44.70000076293945,23990200
2020-05-04,70.70886993408203,73.29000091552734,73.42250061035156,71.58000183105469,72.2925033569336,133568000,42.84622573852539,45.040000915527344,45.084999084472656,44.040000915527344,44.244998931884766,21458000
2020-05-05,71.7701416015625,74.38999938964844,75.25,73.61499786376953,73.76499938964844,147751200,43.43602752685547,45.65999984741211,46.2400016784668,45.474998474121094,45.55500030517578,17374600
2020-05-06,72.51058959960938,75.15750122070312,75.80999755859375,74.71749877929688,75.11499786376953,142333600,43.77373123168945,46.01499938964844,46.459999084472656,45.810001373291016,46.099998474121094,16941000
2020-05-07,73.26072692871094,75.93499755859375,76.2925033569336,75.49250030517578,75.80500030517578,115215200,44.43013000488281,46.70500183105469,46.970001220703125,46.56999969482422,46.63999938964844,21088800
2020-05-08,75.00444030761719,77.53250122070312,77.5875015258789,76.07250213623047,76.41000366210938,133838400,45.08175277709961,47.38999938964844,47.45500183105469,46.875,47.150001525878906,15221600
2020-05-11,76.18465423583984,78.75250244140625,79.26249694824219,76.80999755859375,77.0250015258789,145946400,45.38142395019531,47.70500183105469,47.98500061035156,46.970001220703125,47.064998626708984,20768800
2020-05-12,75.31401824951172,77.85250091552734,79.92250061035156,77.72750091552734,79.4574966430664,162301200,44.444393157958984,46.720001220703125,48.03499984741211,46.685001373291016,47.900001525878906,27042000
2020-05-13,74.40467071533203,76.9124984741211,78.98750305175781,75.80249786376953,78.0374984741211,200622400,43.6785888671875,45.915000915527344,47.10499954223633,45.310001373291016,46.744998931884766,33942200
2020-05-14,74.86174011230469,77.38500213623047,77.44750213623047,75.38249969482422,76.12750244140625,158929200,44.23511505126953,46.5,46.529998779296875,45.095001220703125,45.595001220703125,30475200
2020-05-15,74.419189453125,76.92749786376953,76.9749984741211,75.05249786376953,75.0875015258789,166348400,44.45865249633789,46.73500061035156,46.744998931884766,45.6349983215332,45.76499938964844,28032800
2020-05-18,76.17256927490234,78.73999786376953,79.125,77.58000183105469,78.2925033569336,135178400,45.547889709472656,47.880001068115234,48.150001525878906,47.4900016784668,47.654998779296875,20033400
2020-05-19,75.73241424560547,78.28500366210938,79.62999725341797,78.25250244140625,78.75749969482422,101729600,45.38142395019531,47.70500183105469,48.44499969482422,47.685001373291016,47.900001525878906,20092800
2020-05-20,77.20526123046875,79.80750274658203,79.87999725341797,79.12999725341797,79.16999816894531,111504800,46.375511169433594,48.75,48.84000015258789,48.34000015258789,48.3650016784668,18192000
2020-05-21,76.62968444824219,79.2125015258789,80.22250366210938,78.96749877929688,79.66500091552734,102688800,45.72863006591797,48.06999969482422,48.845001220703125,48.04499816894531,48.70000076293945,20581600
2020-05-22,77.12303924560547,79.72250366210938,79.80750274658203,78.8375015258789,78.94249725341797,81803200,45.895111083984375,48.244998931884766,48.30500030517578,47.80500030517578,48.0,18489600
2020-05-26,76.60063934326172,79.18250274658203,81.05999755859375,79.125,80.875,125522000,45.84754943847656,48.19499969482422,49.244998931884766,48.154998779296875,49.209999084472656,26001400
2020-05-27,76.93437957763672,79.52749633789062,79.67749786376953,78.27249908447266,79.03500366210938,112945200,46.109153747558594,48.470001220703125,48.4900016784668,47.165000915527344,48.189998626708984,38856800
2020-05-28,76.96823120117188,79.5625,80.86000061035156,78.90750122070312,79.19249725341797,133560800,46.018775939941406,48.375,49.2599983215332,48.255001068115234,48.290000915527344,21147400
2020-05-29,76.89327239990234,79.48500061035156,80.2874984741211,79.11750030517578,79.8125,153532400,46.59906005859375,48.98500061035156,49.099998474121094,48.1150016784668,48.52000045776367,35555000
2020-06-01,77.83892059326172,80.4625015258789,80.5875015258789,79.30249786376953,79.4375,80791200,46.58480453491211,48.970001220703125,49.07500076293945,48.540000915527344,48.755001068115234,26719400
2020-06-02,78.19925689697266,80.83499908447266,80.86000061035156,79.73249816894531,80.1875,87642800,47.022396087646484,49.43000030517578,49.43000030517578,48.60499954223633,49.06999969482422,22415200
2020-06-03,78.62976837158203,81.27999877929688,81.55000305175781,80.57499694824219,81.16500091552734,104491200,47.38863754272461,49.814998626708984,49.974998474121094,49.415000915527344,49.630001068115234,22035800
2020-06-04,77.95257568359375,80.58000183105469,81.40499877929688,80.19499969482422,81.09750366210938,87560400,46.998619079589844,49.404998779296875,49.96500015258789,49.130001068115234,49.619998931884766,15138800
2020-06-05,80.17274475097656,82.875,82.9375,80.80750274658203,80.8375015258789,137250400,48.23530197143555,50.70500183105469,50.849998474121094,49.66999816894531,49.755001068115234,20756400
2020-06-08,80.64675903320312,83.36499786376953,83.4000015258789,81.83000183105469,82.5625,95654400,48.477874755859375,50.959999084472656,50.97999954223633,50.150001525878906,50.6150016784668,16130200
2020-06-09,83.19342803955078,85.99749755859375,86.40249633789062,83.00250244140625,83.03500366210938,147712400,48.70618438720703,51.20000076293945,51.45000076293945,50.65999984741211,50.70500183105469,14707800
2020-06-10,85.33379364013672,88.20999908447266,88.69249725341797,86.52249908447266,86.9749984741211,166651600,49.51952362060547,52.05500030517578,52.44499969482422,51.474998474121094,51.56999969482422,24389600
2020-06-11,81.23689270019531,83.9749984741211,87.76499938964844,83.87000274658203,87.32749938964844,201662400,46.679935455322266,49.06999969482422,51.224998474121094,49.05500030517578,51.150001525878906,39742000
2020-06-12,81.93824768066406,84.69999694824219,86.94999694824219,83.55500030517578,86.18000030517578,200146000,47.28400421142578,49.70500183105469,50.6349983215332,48.84000015258789,50.3849983215332,43287000
2020-06-15,82.95159149169922,85.74749755859375,86.41999816894531,83.1449966430664,83.3125,138808800,47.74061965942383,50.185001373291016,50.40999984741211,48.63999938964844,48.79999923706055,29924000
2020-06-16,85.14999389648438,88.0199966430664,88.30000305175781,86.18000030517578,87.86499786376953,165428800,48.75851058959961,51.255001068115234,51.69499969482422,50.459999084472656,51.3849983215332,27935800
2020-06-17,85.03148651123047,87.89749908447266,88.8499984741211,87.77249908447266,88.7874984741211,114406400,48.748985290527344,51.244998931884766,51.72999954223633,51.15999984741211,51.54499816894531,17324200
2020-06-18,85.06534576416016,87.93250274658203,88.36250305175781,87.30500030517578,87.85250091552734,96820400,48.96778869628906,51.474998474121094,51.529998779296875,51.040000915527344,51.150001525878906,13717200
2020-06-19,84.5792236328125,87.43000030517578,89.13999938964844,86.2874984741211,88.66000366210938,264476000,48.630069732666016,51.119998931884766,52.154998779296875,50.875,52.095001220703125,31280000
2020-06-22,86.7921142578125,89.71749877929688,89.86499786376953,87.7874984741211,87.83499908447266,135445200,49.54629898071289,51.939998626708984,51.98500061035156,50.96500015258789,51.04499816894531,14738000
2020-06-23,88.64470672607422,91.63249969482422,93.09500122070312,90.56749725341797,91.0,212155600,49.90402603149414,52.314998626708984,52.915000915527344,52.2400016784668,52.404998779296875,19028000
2020-06-24,87.0799331665039,90.01499938964844,92.19750213623047,89.62999725341797,91.25,192623200,48.77840805053711,51.1349983215332,52.38999938964844,50.85499954223633,52.099998474121094,25425600
2020-06-25,88.2359619140625,91.20999908447266,91.25,89.39250183105469,90.17500305175781,137522400,49.40323257446289,51.790000915527344,51.845001220703125,50.654998779296875,51.209999084472656,20534400
2020-06-26,85.52484130859375,88.40750122070312,91.33000183105469,88.25499725341797,91.10250091552734,205256800,48.43023681640625,50.77000045776367,51.76499938964844,50.6150016784668,51.689998626708984,44275600
2020-06-29,87.49593353271484,90.44499969482422,90.5425033569336,87.81999969482422,88.3125,130646000,48.959659576416016,51.32500076293945,51.33000183105469,50.154998779296875,50.76499938964844,18547200
2020-06-30,88.22628784179688,91.19999694824219,91.49500274658203,90.0,90.0199966430664,140223200,49.83725357055664,52.244998931884766,52.45500183105469,51.2599983215332,51.33000183105469,16500000
2020-07-01,88.05941009521484,91.02749633789062,91.83999633789062,90.97750091552734,91.27999877929688,110737200,49.918338775634766,52.33000183105469,52.6349983215332,52.040000915527344,52.279998779296875,21709200
2020-07-02,88.05941009521484,91.02749633789062,92.61750030517578,90.91000366210938,91.9625015258789,114041600,50.20927047729492,52.6349983215332,53.11000061035156,52.525001525878906,52.82500076293945,19144600
2020-07-06,90.41503143310547,93.4625015258789,93.94499969482422,92.46749877929688,92.5,118655600,51.086883544921875,53.55500030517578,53.80500030517578,53.28499984741211,53.314998626708984,16046200
2020-07-07,90.13448333740234,93.17250061035156,94.65499877929688,93.05750274658203,93.85250091552734,112424400,50.55268478393555,52.994998931884766,54.03499984741211,52.939998626708984,53.494998931884766,15863600
2020-07-08,92.23372650146484,95.34249877929688,95.375,94.08999633789062,94.18000030517578,117092000,51.3778190612793,53.86000061035156,53.8650016784668,53.130001068115234,53.415000915527344,13327000
2020-07-09,92.6303482055664,95.75250244140625,96.31749725341797,94.67250061035156,96.26249694824219,125642800,51.563838958740234,54.05500030517578,54.310001373291016,53.279998779296875,54.29999923706055,17767800
2020-07-10,92.7923812866211,95.91999816894531,95.9800033569336,94.70500183105469,95.33499908447266,90257200,51.549537658691406,54.040000915527344,54.064998626708984,53.400001525878906,53.93000030517578,14724600
2020-07-13,92.36433410644531,95.47750091552734,99.95500183105469,95.25749969482422,97.26499938964844,191649200,50.48115158081055,52.91999816894531,54.86000061035156,52.78499984741211,54.5,28910400
2020-07-14,93.8927993774414,97.05750274658203,97.25499725341797,93.87750244140625,94.83999633789062,170989200,51.063045501708984,53.529998779296875,53.60499954223633,51.939998626708984,52.5,30053200
2020-07-15,94.53853607177734,97.7249984741211,99.24749755859375,96.48999786376953,98.98999786376953,153198000,51.33967208862305,53.81999969482422,54.28499984741211,53.189998626708984,54.02000045776367,23779200
2020-07-16,93.37523651123047,96.52249908447266,97.40499877929688,95.90499877929688,96.5625,110577600,50.7053108215332,53.154998779296875,53.39500045776367,52.744998931884766,53.244998931884766,17180600
2020-07-17,93.18661499023438,96.32749938964844,97.14749908447266,95.83999633789062,96.98750305175781,92186800,50.95332717895508,53.415000915527344,53.564998626708984,52.92499923706055,53.470001220703125,12710400
2020-07-20,95.15039825439453,98.35749816894531,98.5,96.0625,96.4175033569336,90318000,52.255428314208984,54.779998779296875,54.90999984741211,53.26499938964844,53.564998626708984,17018400
2020-07-21,93.83717346191406,97.0,99.25,96.74250030517578,99.17250061035156,103433200,51.730770111083984,54.22999954223633,55.189998626708984,54.029998779296875,55.16999816894531,18794800
2020-07-22,94.10079193115234,97.27249908447266,97.9749984741211,96.60250091552734,96.69249725341797,89001600,52.14572525024414,54.665000915527344,54.834999084472656,54.23500061035156,54.279998779296875,15028000
2020-07-23,89.81767272949219,92.84500122070312,97.07749938964844,92.01000213623047,96.99749755859375,197004400,50.791168212890625,53.244998931884766,54.73500061035156,53.005001068115234,54.375,23349600
2020-07-24,89.59518432617188,92.61499786376953,92.97000122070312,89.1449966430664,90.98750305175781,185438800,50.17588424682617,52.599998474121094,52.94499969482422,51.73500061035156,52.35499954223633,22911600
2020-07-27,91.71858215332031,94.80999755859375,94.90499877929688,93.4800033569336,93.70999908447266,121214000,50.96764373779297,53.43000030517578,53.48500061035156,52.814998626708984,52.91999816894531,16908000
2020-07-28,90.21187591552734,93.25250244140625,94.55000305175781,93.24749755859375,94.36750030517578,103625600,50.3714485168457,52.80500030517578,53.43000030517578,52.76499938964844,53.26499938964844,17825400
2020-07-29,91.94107818603516,95.04000091552734,95.2300033569336,93.7125015258789,93.75,90329200,51.10118865966797,53.56999969482422,53.71500015258789,53.005001068115234,53.005001068115234,13187000
2020-07-30,93.05359649658203,96.19000244140625,96.29750061035156,93.76750183105469,94.1875,158130000,51.387367248535156,53.869998931884766,53.904998779296875,52.79999923706055,53.084999084472656,21556800
2020-07-31,102.7952651977539,106.26000213623047,106.41500091552734,100.82499694824219,102.88500213623047,374336800,52.670379638671875,55.21500015258789,55.23500061035156,53.83000183105469,54.720001220703125,25185800
2020-08-03,105.38542175292969,108.9375,111.63749694824219,107.89250183105469,108.19999694824219,308151200,53.967708587646484,56.57500076293945,56.755001068115234,55.939998626708984,55.96500015258789,24327000
2020-08-04,106.08921813964844,109.66500091552734,110.79000091552734,108.38749694824219,109.13249969482422,173071600,54.10602569580078,56.720001220703125,56.724998474121094,56.209999084472656,56.45500183105469,17971600
2020-08-05,106.47374725341797,110.0625,110.39250183105469,108.89749908447266,109.37750244140625,121776800,54.30634307861328,56.93000030517578,57.060001373291016,56.64500045776367,56.900001525878906,12960200
2020-08-06,110.18855285644531,113.90249633789062,114.4124984741211,109.79750061035156,110.40499877929688,202428800,55.0694694519043,57.72999954223633,57.78499984741211,56.7599983215332,56.8849983215332,16399400
2020-08-07,107.683349609375,111.11250305175781,113.67500305175781,110.2925033569336,113.20500183105469,198045600,54.24911117553711,56.869998931884766,57.505001068115234,56.41999816894531,57.5,27476200
2020-08-10,109.24847412109375,112.72750091552734,113.7750015258789,110.0,112.5999984741211,212403600,54.09648132324219,56.709999084472656,57.07500076293945,55.94499969482422,56.97999954223633,16481200
2020-08-11,105.99945068359375,109.375,112.48249816894531,109.10749816894531,111.97000122070312,187902400,53.12348556518555,55.689998626708984,56.76499938964844,55.57500076293945,56.525001525878906,18844400
2020-08-12,109.52226257324219,113.01000213623047,113.2750015258789,110.29750061035156,110.49749755859375,165598000,54.3302001953125,56.95500183105469,57.10499954223633,56.06999969482422,56.13999938964844,14196800
2020-08-13,111.46054077148438,115.01000213623047,116.0425033569336,113.92749786376953,114.43000030517578,210082000,54.35403823852539,56.97999954223633,57.45500183105469,56.775001525878906,57.03499984741211,11453600
2020-08-14,111.36121368408203,114.90750122070312,115.0,113.04499816894531,114.83000183105469,165565200,54.315895080566406,56.939998626708984,57.10499954223633,56.625,57.005001068115234,8334200
2020-08-17,111.07044219970703,114.60749816894531,116.0875015258789,113.9625015258789,116.0625,119561600,54.67837142944336,57.31999969482422,57.45000076293945,57.21500015258789,57.28499984741211,8174600
2020-08-18,111.99597930908203,115.5625,116.0,114.00749969482422,114.35250091552734,105633600,54.88346862792969,57.53499984741211,57.689998626708984,57.04999923706055,57.43000030517578,8930000
2020-08-19,112.13650512695312,115.7074966430664,117.1624984741211,115.61000061035156,115.98249816894531,145538000,54.81669235229492,57.46500015258789,57.935001373291016,57.369998931884766,57.68000030517578,14239400
2020-08-20,114.6247787475586,118.2750015258789,118.39250183105469,115.73249816894531,115.75,126907200,55.54643630981445,58.22999954223633,58.345001220703125,57.189998626708984,57.25,12803000
2020-08-21,120.53166961669922,124.37000274658203,124.86750030517578,119.25,119.26249694824219,338054800,56.25233459472656,58.970001220703125,59.03499984741211,58.255001068115234,58.28499984741211,15288600
2020-08-24,121.97325134277344,125.85749816894531,128.78500366210938,123.9375,128.69749450683594,345937600,56.738826751708984,59.47999954223633,59.84000015258789,58.98500061035156,59.81999969482422,16440600
2020-08-25,120.97262573242188,124.82499694824219,125.18000030517578,123.05249786376953,124.69750213623047,211495600,57.025001525878906,59.779998779296875,59.80500030517578,59.255001068115234,59.345001220703125,18628200
2020-08-26,122.61773681640625,126.52249908447266,126.99250030517578,125.0824966430664,126.18000030517578,163022400,58.18400573730469,60.994998931884766,61.154998779296875,60.27000045776367,60.404998779296875,16463000
2020-08-27,121.15191650390625,125.01000213623047,127.48500061035156,123.8324966430664,127.14250183105469,155552400,58.23170852661133,61.04499816894531,61.529998779296875,60.494998931884766,61.25,18174200
2020-08-28,120.95567321777344,124.80750274658203,126.44249725341797,124.57749938964844,126.01249694824219,187630000,58.74205017089844,61.58000183105469,61.779998779296875,61.20500183105469,61.28499984741211,13092600
2020-08-31,125.05752563476562,129.0399932861328,131.0,126.0,127.58000183105469,225702700,58.92805480957031,61.775001525878906,62.17499923706055,61.439998626708984,61.82500076293945,19040000
2020-09-01,130.03892517089844,134.17999267578125,134.8000030517578,130.52999877929688,132.75999450683594,151948100,60.053680419921875,62.95500183105469,63.03499984741211,61.939998626708984,62.33000183105469,25612600
2020-09-02,127.34469604492188,131.39999389648438,137.97999572753906,127.0,137.58999633789062,200119000,60.587860107421875,63.51499938964844,63.86000061035156,62.404998779296875,63.85499954223633,40395000
2020-09-03,117.14937591552734,120.87999725341797,128.83999633789062,120.5,126.91000366210938,257599600,57.134700775146484,59.89500045776367,62.54999923706055,59.400001525878906,62.5,54162000
2020-09-04,117.22689056396484,120.95999908447266,123.69999694824219,110.88999938964844,120.06999969482422,332607200,56.33818435668945,59.060001373291016,60.40999984741211,56.525001525878906,59.560001373291016,62544200
2020-09-08,109.338134765625,112.81999969482422,118.98999786376953,112.68000030517578,113.94999694824219,231366600,53.791236877441406,56.38999938964844,58.165000915527344,56.290000915527344,56.814998626708984,47860400
2020-09-09,113.69924926757812,117.31999969482422,119.13999938964844,115.26000213623047,117.26000213623047,176940500,55.54643630981445,58.22999954223633,58.79999923706055,57.1349983215332,57.76499938964844,36783800
2020-09-10,109.98741912841797,113.48999786376953,120.5,112.5,120.36000061035156,182274400,54.29203414916992,56.915000915527344,59.119998931884766,56.56999969482422,59.029998779296875,32109800
2020-09-11,108.54344177246094,112.0,115.2300033569336,110.0,114.56999969482422,180860300,53.87709045410156,56.47999954223633,57.66999816894531,55.7599983215332,57.45000076293945,37166400
2020-09-14,111.79975128173828,115.36000061035156,115.93000030517578,112.80000305175781,114.72000122070312,140150100,55.007469177246094,57.665000915527344,57.974998474121094,57.150001525878906,57.41999816894531,24730200
2020-09-15,111.97418975830078,115.54000091552734,118.83000183105469,113.61000061035156,118.33000183105469,184642000,55.551204681396484,58.23500061035156,58.650001525878906,57.845001220703125,58.54499816894531,18260400
2020-09-16,108.66941833496094,112.12999725341797,116.0,112.04000091552734,115.2300033569336,154679000,54.69267654418945,57.334999084472656,58.57500076293945,57.279998779296875,58.494998931884766,19637000
2020-09-17,106.93465423583984,110.33999633789062,112.19999694824219,108.70999908447266,109.72000122070312,178011000,54.239566802978516,56.86000061035156,57.255001068115234,55.904998779296875,55.994998931884766,30403600
2020-09-18,103.54268646240234,106.83999633789062,110.87999725341797,106.08999633789062,110.4000015258789,287104900,53.30473709106445,55.880001068115234,57.05500030517578,55.189998626708984,56.95500183105469,41837600
2020-09-21,106.68268585205078,110.08000183105469,110.19000244140625,103.0999984741211,104.54000091552734,195713800,53.74785614013672,56.220001220703125,56.244998931884766,54.55500030517578,54.75,38381800
2020-09-22,108.35928344726562,111.80999755859375,112.86000061035156,109.16000366210938,112.68000030517578,183055400,54.59872055053711,57.11000061035156,57.255001068115234,55.88999938964844,56.85499954223633,25537400
2020-09-23,103.81404876708984,107.12000274658203,112.11000061035156,106.7699966430664,111.62000274658203,150718700,52.89698791503906,55.33000183105469,57.19499969482422,55.15999984741211,57.13999938964844,23707800
2020-09-24,104.88009643554688,108.22000122070312,110.25,105.0,105.16999816894531,167743300,53.193363189697266,55.63999938964844,56.33000183105469,54.744998931884766,54.814998626708984,31838600
2020-09-25,108.81477355957031,112.27999877929688,112.44000244140625,107.66999816894531,108.43000030517578,149981400,54.46487808227539,56.970001220703125,57.13999938964844,55.31999969482422,55.66999816894531,19326600
2020-09-28,111.41207122802734,114.95999908447266,115.31999969482422,112.77999877929688,115.01000213623047,137672400,55.506954193115234,58.060001373291016,58.064998626708984,57.435001373291016,57.915000915527344,17473200
2020-09-29,110.56893157958984,114.08999633789062,115.30999755859375,113.56999969482422,114.55000305175781,99382200,55.320518493652344,57.8650016784668,58.22999954223633,57.7400016784668,57.98500061035156,20851000
2020-09-30,112.2358627319336,115.80999755859375,117.26000213623047,113.62000274658203,113.79000091552734,142675200,55.78418731689453,58.349998474121094,58.94499969482422,57.810001373291016,57.834999084472656,22318400
2020-10-01,113.18561553955078,116.79000091552734,117.72000122070312,115.83000183105469,117.63999938964844,116120400,56.37214660644531,58.96500015258789,59.2400016784668,58.59000015258789,59.15999984741211,27076400
2020-10-02,109.53196716308594,113.0199966430664,115.37000274658203,112.22000122070312,112.88999938964844,144712000,54.94289016723633,57.470001220703125,58.470001220703125,57.2400016784668,57.51499938964844,37251600
2020-10-05,112.90455627441406,116.5,116.6500015258789,113.55000305175781,113.91000366210938,106243800,56.1474723815918,58.72999954223633,58.76499938964844,57.845001220703125,57.880001068115234,12270600
2020-10-06,109.6676254272461,113.16000366210938,116.12000274658203,112.25,115.69999694824219,161498200,55.27749252319336,57.81999969482422,59.14500045776367,57.6150016784668,58.59000015258789,26862200
2020-10-07,111.52838134765625,115.08000183105469,115.55000305175781,114.12999725341797,114.62000274658203,96849000,56.29087829589844,58.880001068115234,58.994998931884766,58.380001068115234,58.42499923706055,12992400
2020-10-08,111.42176055908203,114.97000122070312,116.4000015258789,114.58999633789062,116.25,83477200,56.58246994018555,59.185001373291016,59.39500045776367,58.98500061035156,59.39500045776367,10109600
2020-10-09,113.36003112792969,116.97000122070312,117.0,114.91999816894531,115.27999877929688,100506900,57.44767761230469,60.09000015258789,60.10499954223633,59.45000076293945,59.46500015258789,14425400
2020-10-12,120.56075286865234,124.4000015258789,125.18000030517578,119.27999877929688,120.05999755859375,240226800,59.01557159423828,61.72999954223633,62.1349983215332,60.66999816894531,60.974998474121094,19163800
2020-10-13,117.3625717163086,121.0999984741211,125.38999938964844,119.6500015258789,125.2699966430664,262330500,58.63793182373047,61.334999084472656,62.040000915527344,61.099998474121094,61.93000030517578,17613800
2020-10-14,117.44979858398438,121.19000244140625,123.02999877929688,119.62000274658203,121.0,150712000,58.32722854614258,61.0099983215332,61.810001373291016,60.55500030517578,61.48500061035156,14534000
2020-10-15,116.98461151123047,120.70999908447266,121.19999694824219,118.1500015258789,118.72000122070312,112559200,58.06431198120117,60.73500061035156,60.85499954223633,59.84000015258789,60.0,13185000
2020-10-16,115.34678649902344,119.0199966430664,121.55000305175781,118.80999755859375,121.27999877929688,115393800,57.89701843261719,60.560001373291016,61.314998626708984,60.505001068115234,61.06999969482422,11544200
2020-10-19,112.40059661865234,115.9800033569336,120.41999816894531,115.66000366210938,119.95999908447266,120639300,56.8358268737793,59.45000076293945,61.095001220703125,59.26499938964844,60.8650016784668,16616400
2020-10-20,113.88337707519531,117.51000213623047,118.9800033569336,115.62999725341797,116.19999694824219,124423700,57.03181457519531,59.654998779296875,60.28499984741211,59.290000915527344,59.67499923706055,14566600
2020-10-21,113.26315307617188,116.87000274658203,118.70999908447266,116.44999694824219,116.66999816894531,89946000,56.945762634277344,59.564998626708984,60.1349983215332,59.43000030517578,59.5099983215332,12171800
2020-10-22,112.17769622802734,115.75,118.04000091552734,114.58999633789062,117.44999694824219,101988000,56.678077697753906,59.28499984741211,59.78499984741211,58.60499954223633,59.59000015258789,13486400
2020-10-23,111.48961639404297,115.04000091552734,116.55000305175781,114.27999877929688,116.38999938964844,82572600,56.61593246459961,59.220001220703125,59.380001068115234,58.724998474121094,59.369998931884766,10312800
2020-10-26,111.4992904663086,115.05000305175781,116.55000305175781,112.87999725341797,114.01000213623047,111850700,55.387447357177734,57.935001373291016,59.03499984741211,57.21500015258789,58.564998626708984,18189200
2020-10-27,113.00146484375,116.5999984741211,117.27999877929688,114.54000091552734,115.48999786376953,92276800,55.66468811035156,58.224998474121094,58.470001220703125,57.89500045776367,58.21500015258789,19064800
2020-10-28,107.76811218261719,111.19999694824219,115.43000030517578,111.0999984741211,115.05000305175781,143937800,53.30329895019531,55.755001068115234,57.154998779296875,55.65999984741211,57.119998931884766,32756600
2020-10-29,111.76097869873047,115.31999969482422,116.93000030517578,112.19999694824219,112.37000274658203,146129200,54.192405700683594,56.685001373291016,57.34000015258789,55.935001373291016,55.970001220703125,19409000
2020-10-30,105.5003433227539,108.86000061035156,111.98999786376953,107.72000122070312,111.05999755859375,190272600,52.99259567260742,55.43000030517578,56.2400016784668,54.78499984741211,55.88999938964844,25848600
2020-11-02,105.4131088256836,108.7699966430664,110.68000030517578,107.31999969482422,109.11000061035156,122866900,53.126426696777344,55.56999969482422,56.310001373291016,55.040000915527344,55.85499954223633,24039800
2020-11-03,107.03157806396484,110.44000244140625,111.48999786376953,108.7300033569336,109.66000366210938,107624400,54.06334686279297,56.54999923706055,57.04999923706055,55.775001525878906,56.005001068115234,20970200
2020-11-04,111.40239715576172,114.94999694824219,115.58999633789062,112.3499984741211,114.13999938964844,138235500,56.16661071777344,58.75,59.189998626708984,57.685001373291016,58.27000045776367,30763800
2020-11-05,115.3564682006836,119.02999877929688,119.62000274658203,116.87000274658203,117.94999694824219,126387100,57.911346435546875,60.57500076293945,60.75,60.04499816894531,60.29499816894531,22189800
2020-11-06,115.22541046142578,118.69000244140625,119.19999694824219,116.12999725341797,118.31999969482422,114457900,58.116905212402344,60.790000915527344,60.98500061035156,59.60499954223633,60.43000030517578,19455200
2020-11-09,112.92457580566406,116.31999969482422,121.98999786376953,116.05000305175781,120.5,154515300,57.69624710083008,60.349998474121094,62.68000030517578,60.29499816894531,62.08000183105469,39768200
2020-11-10,112.58482360839844,115.97000122070312,117.58999633789062,114.12999725341797,115.55000305175781,138023400,56.620723724365234,59.224998474121094,60.244998931884766,58.744998931884766,59.82500076293945,23538400
2020-11-11,116.0020751953125,119.48999786376953,119.62999725341797,116.44000244140625,117.19000244140625,112295000,57.963932037353516,60.630001068115234,60.79499816894531,59.70500183105469,59.82500076293945,14488600
2020-11-12,115.73023223876953,119.20999908447266,120.52999877929688,118.56999969482422,119.62000274658203,103162300,57.44767761230469,60.09000015258789,60.93000030517578,59.810001373291016,60.630001068115234,14352800
2020-11-13,115.77877807617188,119.26000213623047,119.66999816894531,117.87000274658203,119.44000244140625,81581900,57.93526077270508,60.599998474121094,60.724998474121094,59.974998474121094,60.54499816894531,11851600
2020-11-16,116.7884292602539,120.30000305175781,120.98999786376953,118.1500015258789,118.91999816894531,91183000,58.49452590942383,61.185001373291016,61.29499816894531,60.47999954223633,60.60499954223633,14864200
2020-11-17,115.90499114990234,119.38999938964844,120.66999816894531,118.95999908447266,119.55000305175781,74271000,58.169490814208984,60.845001220703125,61.17499923706055,60.584999084472656,60.880001068115234,9939400
2020-11-18,114.58467102050781,118.02999877929688,119.81999969482422,118.0,118.61000061035156,76322100,57.548057556152344,60.19499969482422,61.029998779296875,60.16999816894531,60.7400016784668,9542800
2020-11-19,115.1768798828125,118.63999938964844,119.05999755859375,116.80999755859375,117.58999633789062,74113000,58.011741638183594,60.68000030517578,60.790000915527344,59.810001373291016,60.07500076293945,12155200
2020-11-20,113.91483306884766,117.33999633789062,118.7699966430664,117.29000091552734,118.63999938964844,73604300,57.414215087890625,60.05500030517578,60.75,60.03499984741211,60.73500061035156,9915800
2020-11-23,110.52667999267578,113.8499984741211,117.62000274658203,113.75,117.18000030517578,127959300,57.399879455566406,60.040000915527344,60.6349983215332,59.52000045776367,60.2400016784668,9807000
2020-11-24,111.80816650390625,115.16999816894531,115.8499984741211,112.58999633789062,113.91000366210938,113874200,58.19815444946289,60.875,60.994998931884766,59.834999084472656,60.27000045776367,13634000
2020-11-25,112.6430435180664,116.02999877929688,116.75,115.16999816894531,115.55000305175781,76499200,58.322444915771484,61.005001068115234,61.2599983215332,60.775001525878906,61.084999084472656,12186400
2020-11-27,113.18672943115234,116.58999633789062,117.48999786376953,116.22000122070312,116.56999969482422,46691300,58.633155822753906,61.33000183105469,61.59000015258789,61.21500015258789,61.33000183105469,7025800
2020-11-30,115.57490539550781,119.05000305175781,120.97000122070312,116.80999755859375,116.97000122070312,169410200,59.02513122558594,61.7400016784668,61.83000183105469,60.6150016784668,61.310001373291016,32229200
2020-12-01,119.13777923583984,122.72000122070312,123.47000122070312,120.01000213623047,121.01000213623047,127728200,59.780391693115234,62.529998779296875,62.875,61.9900016784668,62.25,22681200
2020-12-02,119.48728942871094,123.08000183105469,123.37000274658203,120.88999938964844,122.0199966430664,89004200,59.68955612182617,62.435001373291016,62.505001068115234,61.79499816894531,62.26499938964844,16038800
2020-12-03,119.35136413574219,122.94000244140625,123.77999877929688,122.20999908447266,123.5199966430664,78967600,59.65131378173828,62.39500045776367,62.814998626708984,62.22999954223633,62.505001068115234,13775400
2020-12-04,118.68150329589844,122.25,122.86000061035156,121.5199966430664,122.5999984741211,78260400,60.24884796142578,63.02000045776367,63.029998779296875,62.349998474121094,62.48500061035156,10358800
2020-12-07,120.1377182006836,123.75,124.56999969482422,122.25,122.30999755859375,86712000,60.420921325683594,63.20000076293945,63.3849983215332,62.94499969482422,63.05500030517578,8905400
2020-12-08,120.74932861328125,124.37999725341797,124.9800033569336,123.08999633789062,124.37000274658203,82225500,60.616905212402344,63.404998779296875,63.60499954223633,62.869998931884766,63.13999938964844,7886800
2020-12-09,118.2252197265625,121.77999877929688,125.94999694824219,121.0,124.52999877929688,115089200,59.45532989501953,62.189998626708984,63.55500030517578,61.974998474121094,63.3650016784668,17271800
2020-12-10,119.64259338378906,123.23999786376953,123.87000274658203,120.1500015258789,120.5,81312200,59.541378021240234,62.279998779296875,62.57500076293945,61.665000915527344,61.810001373291016,9997400
2020-12-11,118.83684539794922,122.41000366210938,122.76000213623047,120.55000305175781,122.43000030517578,86939800,59.41709518432617,62.150001525878906,62.150001525878906,61.45000076293945,61.904998779296875,13023200
2020-12-14,118.2252197265625,121.77999877929688,123.3499984741211,121.54000091552734,122.5999984741211,79184500,59.6322021484375,62.375,62.935001373291016,62.29999923706055,62.34000015258789,11055800
2020-12-15,124.14714813232422,127.87999725341797,127.9000015258789,124.12999725341797,124.33999633789062,157243700,60.62647247314453,63.415000915527344,63.415000915527344,62.64500045776367,63.04999923706055,9099200
2020-12-16,124.07919311523438,127.80999755859375,128.3699951171875,126.55999755859375,127.41000366210938,98208600,61.03755569458008,63.845001220703125,64.06999969482422,63.290000915527344,63.5,10309200
2020-12-17,124.94322204589844,128.6999969482422,129.5800018310547,128.0399932861328,128.89999389648438,94359800,61.52035140991211,64.3499984741211,64.48999786376953,64.04499816894531,64.30999755859375,11505000
2020-12-18,122.9627685546875,126.66000366210938,129.10000610351562,126.12000274658203,128.9600067138672,192541500,61.30524826049805,64.125,64.45500183105469,63.71500015258789,64.44499969482422,17693400
2020-12-21,124.4869155883789,128.22999572753906,128.30999755859375,123.44999694824219,125.0199966430664,121251600,61.3665771484375,64.04000091552734,64.06999969482422,62.599998474121094,63.165000915527344,15232200
2020-12-22,128.0303955078125,131.8800048828125,134.41000366210938,129.64999389648438,131.61000061035156,168904800,61.898399353027344,64.59500122070312,64.88500213623047,64.0999984741211,64.3949966430664,14334200
2020-12-23,127.13726806640625,130.9600067138672,132.42999267578125,130.77999877929688,132.16000366210938,88223700,61.42886734008789,64.1050033569336,64.71499633789062,64.01000213623047,64.66999816894531,11300800
2020-12-24,128.11778259277344,131.97000122070312,133.4600067138672,131.10000610351562,131.32000732421875,54930100,61.83613204956055,64.52999877929688,64.69000244140625,64.16999816894531,64.21499633789062,4384600
2020-12-28,132.6999969482422,136.69000244140625,137.33999633789062,133.50999450683594,133.99000549316406,124486200,62.53565216064453,65.26000213623047,65.38999938964844,64.86499786376953,65.16999816894531,8171000
2020-12-29,130.93309020996094,134.8699951171875,138.7899932861328,134.33999633789062,138.0500030517578,121047300,62.23857879638672,64.94999694824219,65.69999694824219,64.83499908447266,65.61499786376953,8841400
2020-12-30,129.81666564941406,133.72000122070312,135.99000549316406,133.39999389648438,135.5800018310547,96452100,62.20503616333008,64.91500091552734,65.30999755859375,64.81999969482422,65.17500305175781,8141400
2020-12-31,128.81675720214844,132.69000244140625,134.74000549316406,131.72000122070312,134.0800018310547,99116600,62.296085357666016,65.01000213623047,65.19499969482422,64.48500061035156,64.94499969482422,11058400
2021-01-04,125.63249206542969,129.41000366210938,133.61000061035156,126.76000213623047,133.52000427246094,143301900,61.28033447265625,63.95000076293945,65.3550033569336,63.119998931884766,65.33999633789062,21017200
2021-01-05,127.1857681274414,131.00999450683594,131.74000549316406,128.42999267578125,128.88999938964844,97664900,61.678016662597656,64.36499786376953,64.47000122070312,63.76499938964844,63.80500030517578,12361400
2021-01-06,122.90452575683594,126.5999984741211,131.0500030517578,126.37999725341797,127.72000122070312,155088000,60.61434555053711,63.255001068115234,64.48999786376953,63.060001373291016,63.44499969482422,27258000
2021-01-07,127.09842681884766,130.9199981689453,131.6300048828125,127.86000061035156,128.36000061035156,109578200,62.24815368652344,64.95999908447266,65.08499908447266,63.84000015258789,63.8650016784668,19652000
2021-01-08,128.19544982910156,132.0500030517578,132.6300048828125,130.22999572753906,132.42999267578125,105158200,62.650634765625,65.37999725341797,65.55500030517578,64.63999938964844,65.27999877929688,12387600
2021-01-11,125.21502685546875,128.97999572753906,130.1699981689453,128.5,129.19000244140625,100384500,62.1331787109375,64.83999633789062,65.30000305175781,64.56999969482422,64.74500274658203,17853200
2021-01-12,125.04029083251953,128.8000030517578,129.69000244140625,126.86000061035156,128.5,91951100,61.83613204956055,64.52999877929688,64.84500122070312,63.915000915527344,64.76000213623047,17089200
2021-01-13,127.06927490234375,130.88999938964844,131.4499969482422,128.49000549316406,128.75999450683594,88636800,62.22900390625,64.94000244140625,65.13999938964844,64.48999786376953,64.61499786376953,13605200
2021-01-14,125.14706420898438,128.91000366210938,131.0,128.75999450683594,130.8000030517578,90221800,61.682804107666016,64.37000274658203,65.23500061035156,64.2750015258789,65.0999984741211,15624800
2021-01-15,123.42875671386719,127.13999938964844,130.22000122070312,127.0,128.77999877929688,111598500,61.050350189208984,63.709999084472656,64.55999755859375,63.58000183105469,64.2750015258789,12641200
2021-01-19,124.09860229492188,127.83000183105469,128.7100067138672,126.94000244140625,127.77999877929688,90757300,61.845706939697266,64.54000091552734,64.6500015258789,63.92499923706055,64.1500015258789,11569600
2021-01-20,128.176025390625,132.02999877929688,132.49000549316406,128.5500030517578,128.66000366210938,104319500,63.07228469848633,65.81999969482422,66.05000305175781,64.94499969482422,65.03500366210938,11770000
2021-01-21,132.874755859375,136.8699951171875,139.6699981689453,133.58999633789062,133.8000030517578,120150900,63.88679122924805,66.66999816894531,66.88999938964844,65.81999969482422,66.17500305175781,8945200
2021-01-22,135.01052856445312,139.07000732421875,139.85000610351562,135.02000427246094,136.27999877929688,114459400,63.642425537109375,66.41500091552734,66.75,66.25499725341797,66.38999938964844,11243600
2021-01-25,138.74813842773438,142.9199981689453,145.08999633789062,136.5399932861328,143.07000732421875,157611700,64.17426300048828,66.97000122070312,67.3949966430664,65.3499984741211,67.16500091552734,18205200
2021-01-26,138.98110961914062,143.16000366210938,144.3000030517578,141.3699951171875,143.60000610351562,98390600,64.21737670898438,67.01499938964844,67.30999755859375,66.76000213623047,67.20500183105469,8593400
2021-01-27,137.9132080078125,142.05999755859375,144.3000030517578,140.41000366210938,143.42999267578125,140843800,63.00520324707031,65.75,66.91000366210938,65.15499877929688,66.69499969482422,24484600
2021-01-28,133.08827209472656,137.08999633789062,141.99000549316406,136.6999969482422,139.52000427246094,142621100,63.263912200927734,66.0199966430664,67.12000274658203,65.86000061035156,66.08499908447266,16181600
2021-01-29,128.10806274414062,131.9600067138672,136.74000549316406,130.2100067138672,135.8300018310547,177523800,61.77383041381836,64.46499633789062,65.94999694824219,64.11499786376953,65.69000244140625,19023200
2021-02-01,130.2244415283203,134.13999938964844,135.3800048828125,130.92999267578125,133.75,106239800,63.3214225769043,66.08000183105469,66.4000015258789,64.75,65.2300033569336,11232600
2021-02-02,131.04962158203125,134.99000549316406,136.30999755859375,134.61000061035156,135.72999572753906,83305400,64.1790542602539,66.9749984741211,67.16999816894531,66.625,66.72000122070312,8595000
2021-02-03,130.0302734375,133.94000244140625,135.77000427246094,133.61000061035156,135.75999450683594,89880900,63.95866012573242,66.74500274658203,67.25,66.54499816894531,67.11000061035156,11574800
2021-02-04,133.37953186035156,137.38999938964844,137.39999389648438,134.58999633789062,136.3000030517578,84183100,64.97918701171875,67.80999755859375,67.80999755859375,66.91000366210938,67.1050033569336,8134200
2021-02-05,132.9663543701172,136.75999450683594,137.4199981689453,135.86000061035156,137.35000610351562,75693800,64.83546447753906,67.66000366210938,68.0250015258789,67.46499633789062,68.01499938964844,9413800
2021-02-08,133.1121826171875,136.91000366210938,136.9600067138672,134.9199981689453,136.02999877929688,71297200,65.51582336425781,68.37000274658203,68.4000015258789,67.83999633789062,67.93499755859375,11713200
2021-02-09,132.23716735839844,136.00999450683594,137.8800048828125,135.85000610351562,136.6199951171875,76774200,65.43917083740234,68.29000091552734,68.61499786376953,68.16999816894531,68.19000244140625,10552200
2021-02-10,131.63436889648438,135.38999938964844,136.99000549316406,134.39999389648438,136.47999572753906,73046600,65.34333801269531,68.19000244140625,68.6500015258789,67.61000061035156,68.56500244140625,9464400
2021-02-11,131.38156127929688,135.1300048828125,136.38999938964844,133.77000427246094,135.89999389648438,64280000,66.06201171875,68.94000244140625,68.98500061035156,68.38500213623047,68.6500015258789,7565800
2021-02-12,131.61488342285156,135.3699951171875,135.52999877929688,133.69000244140625,134.35000610351562,60145100,66.4021987915039,69.29499816894531,69.33999633789062,68.56999969482422,68.76000213623047,6755600
2021-02-16,129.49539184570312,133.19000244140625,136.00999450683594,132.7899932861328,135.49000549316406,80576300,66.18659973144531,69.06999969482422,69.62000274658203,68.88999938964844,69.56999969482422,9722200
2021-02-17,127.21054077148438,130.83999633789062,132.22000122070312,129.47000122070312,131.25,97918500,65.60206604003906,68.45999908447266,68.61000061035156,67.7699966430664,68.43499755859375,15274800
2021-02-18,126.11193084716797,129.7100067138672,130.0,127.41000366210938,129.1999969482422,96856700,65.28105926513672,68.125,68.23999786376953,67.26499938964844,67.75,10954800
2021-02-19,126.26744842529297,129.8699951171875,130.7100067138672,128.8000030517578,130.24000549316406,87668800,65.18521881103516,68.0250015258789,68.53500366210938,67.72000122070312,68.4749984741211,11685600
2021-02-22,122.50482177734375,126.0,129.72000122070312,125.5999984741211,128.00999450683594,103916400,63.74782943725586,66.5250015258789,67.41000366210938,66.48500061035156,67.19000244140625,14262600
2021-02-23,122.36872100830078,125.86000061035156,126.70999908447266,118.38999938964844,123.76000213623047,158273000,63.57057189941406,66.33999633789062,66.75,64.30500030517578,65.41999816894531,24198400
2021-02-24,121.87285614013672,125.3499984741211,125.55999755859375,122.2300033569336,124.94000244140625,111039900,64.54319763183594,67.3550033569336,67.41500091552734,65.33999633789062,65.84500122070312,16472200
2021-02-25,117.63379669189453,120.98999786376953,126.45999908447266,120.54000091552734,124.68000030517578,148199500,62.2865104675293,65.0,67.19999694824219,64.70999908447266,66.75499725341797,34313800
2021-02-26,117.89631652832031,121.26000213623047,124.8499984741211,121.19999694824219,122.58999633789062,164560400,62.617095947265625,65.34500122070312,66.3499984741211,64.76499938964844,65.6449966430664,35511600
2021-03-01,124.24516296386719,127.79000091552734,127.93000030517578,122.79000091552734,123.75,116307900,64.63422393798828,67.44999694824219,67.48999786376953,66.03500366210938,66.45500183105469,24773800
2021-03-02,121.64924621582031,125.12000274658203,128.72000122070312,125.01000213623047,128.41000366210938,102260900,63.60890197753906,66.37999725341797,67.58999633789062,66.28500366210938,67.54499816894531,24802800
2021-03-03,118.67410278320312,122.05999755859375,125.70999908447266,121.83999633789062,124.80999755859375,112966300,62.00861740112305,64.70999908447266,66.25,64.63999938964844,66.05999755859375,29889600
2021-03-04,116.79765319824219,120.12999725341797,123.5999984741211,118.62000274658203,121.75,178155000,60.63829803466797,63.279998779296875,64.9800033569336,62.47999954223633,64.51000213623047,76955600
2021-03-05,118.05186462402344,121.41999816894531,121.94000244140625,117.56999969482422,120.9800033569336,153766600,61.78341293334961,64.4749984741211,64.65499877929688,62.35499954223633,64.06999969482422,46085800
2021-03-08,113.13224029541016,116.36000061035156,121.0,116.20999908447266,120.93000030517578,154376600,60.288536071777344,62.915000915527344,64.7249984741211,62.849998474121094,64.41500091552734,35242400
2021-03-09,117.73101806640625,121.08999633789062,122.05999755859375,118.79000091552734,119.02999877929688,129525800,62.33920669555664,65.05500030517578,65.45500183105469,64.30000305175781,64.38500213623047,22987200
2021-03-10,116.65181732177734,119.9800033569336,122.16999816894531,119.44999694824219,121.69000244140625,111943300,62.090057373046875,64.79499816894531,65.76499938964844,64.74500274658203,65.75499725341797,18459000
2021-03-11,118.576904296875,121.95999908447266,123.20999908447266,121.26000213623047,122.54000091552734,103026500,63.417236328125,66.18000030517578,66.58999633789062,65.62999725341797,65.7699966430664,13362800
2021-03-12,117.67269134521484,121.02999877929688,121.16999816894531,119.16000366210938,120.4000015258789,88105100,62.96207046508789,65.70500183105469,65.7249984741211,64.97000122070312,65.38999938964844,12442200
2021-03-15,120.55059051513672,123.98999786376953,124.0,120.41999816894531,121.41000366210938,92403800,63.63284683227539,66.40499877929688,66.44499969482422,65.49500274658203,65.75499725341797,16585000
2021-03-16,122.08673095703125,125.56999969482422,127.22000122070312,124.72000122070312,125.69999694824219,115227900,64.11196899414062,66.90499877929688,67.54499816894531,66.62000274658203,66.91500091552734,13106800
2021-03-17,121.2992172241211,124.76000213623047,125.86000061035156,122.33999633789062,124.05000305175781,111932600,64.05927276611328,66.8499984741211,67.25,65.86000061035156,66.36499786376953,19366400
2021-03-18,117.18655395507812,120.52999877929688,123.18000030517578,120.31999969482422,122.87999725341797,121229700,62.28171157836914,64.99500274658203,66.05000305175781,64.91500091552734,65.93499755859375,17584800
2021-03-19,116.66153717041016,119.98999786376953,121.43000030517578,119.68000030517578,119.9000015258789,185549500,62.094852447509766,64.80000305175781,65.29499816894531,64.48999786376953,65.01000213623047,27224800
2021-03-22,119.96722412109375,123.38999938964844,123.87000274658203,120.26000213623047,120.33000183105469,111912300,63.315826416015625,65.93499755859375,66.25499725341797,64.90499877929688,65.01000213623047,15984200
2021-03-23,119.14077758789062,122.54000091552734,124.23999786376953,122.13999938964844,123.33000183105469,95467100,62.922119140625,65.5250015258789,66.40499877929688,65.3499984741211,66.11499786376953,12929200
2021-03-24,116.75875854492188,120.08999633789062,122.9000015258789,120.06999969482422,122.81999969482422,88530500,62.15871810913086,64.7300033569336,65.93000030517578,64.72000122070312,65.91999816894531,14209400
2021-03-25,117.24488830566406,120.58999633789062,121.66000366210938,119.0,119.54000091552734,98844700,62.120296478271484,64.69000244140625,64.9800033569336,63.86000061035156,64.34500122070312,22573000
2021-03-26,117.8476791381836,121.20999908447266,121.4800033569336,118.91999816894531,120.3499984741211,94071200,63.69996643066406,66.33499908447266,66.40499877929688,64.62999725341797,64.65499877929688,14883200
2021-03-29,118.022705078125,121.38999938964844,122.58000183105469,120.7300033569336,121.6500015258789,80819200,63.368648529052734,65.98999786376953,66.31999969482422,65.48999786376953,66.13500213623047,17317800
2021-03-30,116.57402801513672,119.9000015258789,120.4000015258789,118.86000061035156,120.11000061035156,85671900,62.76848602294922,65.36499786376953,65.59500122070312,64.97000122070312,65.5250015258789,13235400
2021-03-31,118.76163482666016,122.1500015258789,123.5199966430664,121.1500015258789,121.6500015258789,118323800,63.767173767089844,66.40499877929688,66.80999755859375,65.80999755859375,65.86499786376953,15430400
2021-04-01,119.58805084228516,123.0,124.18000030517578,122.48999786376953,123.66000366210938,75089100,65.04914855957031,67.73999786376953,67.74500274658203,67.06500244140625,67.12999725341797,14351600
2021-04-05,122.4075927734375,125.9000015258789,126.16000366210938,123.06999969482422,123.87000274658203,88651200,66.39353942871094,69.13999938964844,69.26000213623047,68.04499816894531,68.13500213623047,12866800
2021-04-06,122.70899200439453,126.20999908447266,127.12999725341797,125.6500015258789,126.5,80171300,66.11023712158203,68.84500122070312,69.25499725341797,68.61499786376953,69.02999877929688,11315600
2021-04-07,124.35211944580078,127.9000015258789,127.91999816894531,125.13999938964844,125.83000183105469,83466700,66.46074676513672,69.20999908447266,69.33499908447266,68.54000091552734,68.79000091552734,10085200
2021-04-08,126.7438735961914,130.36000061035156,130.38999938964844,128.52000427246094,128.9499969482422,88844600,67.4210205078125,70.20999908447266,70.2249984741211,69.73999786376953,69.86000061035156,14144600
2021-04-09,129.31065368652344,133.0,133.0399932861328,129.47000122070312,129.8000030517578,106686700,68.0692138671875,70.88500213623047,70.90499877929688,69.83000183105469,69.95500183105469,9401000
2021-04-12,127.5994873046875,131.24000549316406,132.85000610351562,130.6300048828125,132.52000427246094,91420000,67.74271392822266,70.54499816894531,70.7699966430664,70.19999694824219,70.59500122070312,15907000
2021-04-13,130.7010040283203,134.42999267578125,134.66000366210938,131.92999267578125,132.44000244140625,91266500,68.38131713867188,71.20999908447266,71.26499938964844,70.68499755859375,70.81500244140625,11315800
2021-04-14,128.36756896972656,132.02999877929688,135.0,131.66000366210938,134.94000244140625,87222800,67.65630340576172,70.45500183105469,71.23500061035156,70.31999969482422,71.19999694824219,11216200
2021-04-15,130.76902770996094,134.5,135.0,133.63999938964844,133.82000732421875,89347100,68.81822967529297,71.66500091552734,71.72000122070312,71.08999633789062,71.0999984741211,11028800
2021-04-16,130.43844604492188,134.16000366210938,134.6699981689453,133.27999877929688,134.3000030517578,84922400,68.80382537841797,71.6500015258789,71.78500366210938,71.3499984741211,71.72000122070312,11695600
2021-04-19,131.09957885742188,134.83999633789062,135.47000122070312,133.33999633789062,133.50999450683594,94264200,68.23245239257812,71.05500030517578,71.66000366210938,70.62999725341797,71.33000183105469,10254000
2021-04-20,129.41761779785156,133.11000061035156,135.52999877929688,131.80999755859375,135.02000427246094,94812300,67.62748718261719,70.42500305175781,71.21499633789062,70.02999877929688,70.90499877929688,9873400
2021-04-21,129.79678344726562,133.5,133.75,131.3000030517578,132.36000061035156,68847100,68.30928039550781,71.13500213623047,71.16000366210938,70.1050033569336,70.30000305175781,9254200
2021-04-22,128.28001403808594,131.94000244140625,134.14999389648438,131.41000366210938,133.0399932861328,84566500,67.50743865966797,70.30000305175781,71.31500244140625,69.98999786376953,71.01000213623047,11652200
2021-04-23,130.59400939941406,134.32000732421875,135.1199951171875,132.16000366210938,132.16000366210938,78657500,68.51573944091797,71.3499984741211,71.57499694824219,70.41500091552734,70.43000030517578,8886000
2021-04-26,130.98291015625,134.72000122070312,135.05999755859375,133.55999755859375,134.8300018310547,66905100,68.86624908447266,71.71499633789062,71.79000091552734,71.32499694824219,71.375,7735000
2021-04-27,130.662109375,134.38999938964844,135.41000366210938,134.11000061035156,135.00999450683594,66015800,68.69818115234375,71.54000091552734,71.88500213623047,71.28500366210938,71.83000183105469,10822000
2021-04-28,129.8745574951172,133.5800018310547,135.02000427246094,133.0800018310547,134.30999755859375,107760100,68.0595932006836,70.875,71.22000122070312,70.70500183105469,71.125,10691200
2021-04-29,129.77732849121094,133.47999572753906,137.07000732421875,132.4499969482422,136.47000122070312,151101000,68.00199127197266,70.81500244140625,71.54499816894531,70.09500122070312,71.45500183105469,13416600
2021-04-30,127.81334686279297,131.4600067138672,133.55999755859375,131.07000732421875,131.77999877929688,109839500,67.07534790039062,69.8499984741211,70.4749984741211,69.68499755859375,70.09500122070312,10583400
2021-05-03,128.8634033203125,132.5399932861328,134.07000732421875,131.8300018310547,132.0399932861328,75135100,66.88805389404297,69.65499877929688,70.36499786376953,69.4800033569336,70.2249984741211,10805800
2021-05-04,124.30349731445312,127.8499984741211,131.49000549316406,126.69999694824219,131.19000244140625,137564700,65.68772888183594,68.40499877929688,69.15499877929688,67.6449966430664,69.13500213623047,19919600
2021-05-05,124.54658508300781,128.10000610351562,130.4499969482422,127.97000122070312,129.1999969482422,84000900,65.52928924560547,68.23999786376953,68.99500274658203,68.11000061035156,68.96499633789062,11245800
2021-05-06,126.14107513427734,129.74000549316406,129.75,127.12999725341797,127.88999938964844,78128300,66.18705749511719,68.92500305175781,68.96499633789062,67.72000122070312,68.20999908447266,14338600
2021-05-07,126.8131103515625,130.2100067138672,131.25999450683594,129.47999572753906,130.85000610351562,78973300,66.75362396240234,69.51499938964844,69.92500305175781,69.21499633789062,69.61499786376953,19196600
2021-05-10,123.54074096679688,126.8499984741211,129.5399932861328,126.80999755859375,129.41000366210938,88071200,65.0683364868164,67.76000213623047,69.21499633789062,67.73500061035156,69.18000030517578,20281000
2021-05-11,122.6252670288086,125.91000366210938,126.2699966430664,122.7699966430664,123.5,126142800,64.8714828491211,67.55500030517578,67.69499969482422,66.30500030517578,66.46499633789062,27046800
2021-05-12,119.56716918945312,122.7699966430664,124.63999938964844,122.25,123.4000015258789,112172300,63.04695510864258,65.65499877929688,66.92500305175781,65.4800033569336,66.55999755859375,29414600
2021-05-13,121.70976257324219,124.97000122070312,126.1500015258789,124.26000213623047,124.58000183105469,105861300,63.88239669799805,66.5250015258789,67.125,66.08000183105469,66.375,22610400
2021-05-14,124.12505340576172,127.44999694824219,127.88999938964844,125.8499984741211,126.25,81918000,65.2892074584961,67.98999786376953,68.2249984741211,67.13999938964844,67.2699966430664,16823000
2021-05-17,122.97586059570312,126.2699966430664,126.93000030517578,125.16999816894531,126.81999969482422,74244600,64.80904388427734,67.48999786376953,67.61000061035156,66.875,67.58999633789062,16267200
2021-05-18,121.59290313720703,124.8499984741211,126.98999786376953,124.77999877929688,126.55999755859375,63342900,64.29049682617188,66.94999694824219,67.82499694824219,66.90499877929688,67.68499755859375,11737200
2021-05-19,121.43708038330078,124.69000244140625,124.91999816894531,122.86000061035156,123.16000366210938,92612000,64.51618194580078,67.18499755859375,67.23500061035156,65.75,65.91000366210938,30581200
2021-05-20,123.98871612548828,127.30999755859375,127.72000122070312,125.0999984741211,125.2300033569336,76857100,65.75013732910156,68.47000122070312,68.69999694824219,67.44499969482422,67.45500183105469,16828200
2021-05-21,122.15776062011719,125.43000030517578,128.0,125.20999908447266,127.81999969482422,79295400,65.39005279541016,68.09500122070312,68.88500213623047,68.03500366210938,68.81999969482422,14148400
2021-05-24,123.78421020507812,127.0999984741211,127.94000244140625,125.94000244140625,126.01000213623047,63092900,66.55196380615234,69.30500030517578,69.54499816894531,68.625,68.66000366210938,13229000
2021-05-25,123.58941650390625,126.9000015258789,128.32000732421875,126.31999969482422,127.81999969482422,72009500,66.5711669921875,69.32499694824219,69.74500274658203,69.16999816894531,69.58499908447266,11245800
2021-05-26,123.54074096679688,126.8499984741211,127.38999938964844,126.41999816894531,126.95999908447266,56575900,66.56636810302734,69.31999969482422,69.625,69.09500122070312,69.42500305175781,13311400
2021-05-27,122.01168823242188,125.27999877929688,127.63999938964844,125.08000183105469,126.44000244140625,94625600,66.21586608886719,68.95500183105469,69.54499816894531,68.94000244140625,69.26000213623047,11354600
2021-05-28,121.3591537475586,124.61000061035156,125.80000305175781,124.55000305175781,125.56999969482422,71311100,66.45113372802734,69.19999694824219,69.5999984741211,69.16500091552734,69.30500030517578,9222600
2021-06-01,121.03777313232422,124.27999877929688,125.3499984741211,123.94000244140625,125.08000183105469,67637100,66.12464904785156,68.86000061035156,69.58499908447266,68.73500061035156,69.51000213623047,12907400
2021-06-02,121.79742431640625,125.05999755859375,125.23999786376953,124.05000305175781,124.27999877929688,59278900,66.58078002929688,69.33499908447266,69.61499786376953,68.87000274658203,69.0,10098200
2021-06-03,120.31708526611328,123.54000091552734,124.8499984741211,123.12999725341797,124.68000030517578,76229200,65.9614028930664,68.69000244140625,69.05000305175781,68.2699966430664,68.7750015258789,12721200
2021-06-04,122.60578155517578,125.88999938964844,126.16000366210938,123.8499984741211,124.06999969482422,75169300,67.22895812988281,70.01000213623047,70.08999633789062,69.11000061035156,69.11000061035156,11182600
2021-06-07,122.61550903320312,125.9000015258789,126.31999969482422,124.83000183105469,126.16999816894531,71057600,67.21456909179688,69.99500274658203,70.07499694824219,69.65499877929688,69.94999694824219,11784000
2021-06-08,123.43359375,126.73999786376953,128.4600067138672,126.20999908447266,126.5999984741211,74403800,67.21936798095703,70.0,70.625,69.80500030517578,70.33000183105469,8902600
2021-06-09,123.81343078613281,127.12999725341797,127.75,126.5199966430664,127.20999908447266,56877900,67.26737976074219,70.05000305175781,70.45999908447266,70.01000213623047,70.33999633789062,9763400
2021-06-10,122.82002258300781,126.11000061035156,128.19000244140625,125.94000244140625,127.0199966430664,71186400,67.76191711425781,70.56500244140625,70.73999786376953,69.94499969482422,70.19499969482422,11275400
2021-06-11,124.0276870727539,127.3499984741211,127.44000244140625,126.0999984741211,126.52999877929688,53522400,68.16522979736328,70.98500061035156,70.98500061035156,70.58999633789062,70.65499877929688,12100600
2021-06-14,127.07601928710938,130.47999572753906,130.5399932861328,127.06999969482422,127.81999969482422,96906500,68.85664367675781,71.70500183105469,71.70999908447266,70.76499938964844,71.05500030517578,11426600
2021-06-15,126.2579574584961,129.63999938964844,130.60000610351562,129.38999938964844,129.94000244140625,62746300,68.4341049194336,71.26499938964844,71.6500015258789,71.13500213623047,71.6500015258789,15079600
2021-06-16,126.75465393066406,130.14999389648438,130.88999938964844,128.4600067138672,130.3699951171875,91815000,68.06439971923828,70.87999725341797,71.53500366210938,70.18499755859375,71.4000015258789,19202800
2021-06-17,128.35182189941406,131.7899932861328,132.5500030517578,129.64999389648438,129.8000030517578,96721700,68.85182189941406,71.69999694824219,71.99500274658203,70.67500305175781,70.67500305175781,15864200
2021-06-18,127.05654907226562,130.4600067138672,131.50999450683594,130.24000549316406,130.7100067138672,108953300,68.22285461425781,71.04499816894531,71.63500213623047,70.95999908447266,71.3550033569336,20816600
2021-06-21,128.84854125976562,132.3000030517578,132.41000366210938,129.2100067138672,130.3000030517578,79663300,68.95402526855469,71.67500305175781,71.71499633789062,70.48500061035156,70.94499969482422,12276000
2021-06-22,130.48472595214844,133.97999572753906,134.0800018310547,131.6199951171875,132.1300048828125,74783600,69.5793228149414,72.32499694824219,72.36499786376953,71.55000305175781,71.62999725341797,9253200
2021-06-23,130.21200561523438,133.6999969482422,134.32000732421875,133.22999572753906,133.77000427246094,60214200,69.50234985351562,72.24500274658203,72.5,72.08499908447266,72.33499908447266,8271000
2021-06-24,129.92958068847656,133.41000366210938,134.63999938964844,132.92999267578125,134.4499969482422,68711000,69.94010925292969,72.69999694824219,72.91999816894531,72.55500030517578,72.70999908447266,12279000
2021-06-25,129.63743591308594,133.11000061035156,133.88999938964844,132.80999755859375,133.4600067138672,70783700,69.85831451416016,72.61499786376953,72.81999969482422,72.49500274658203,72.76499938964844,14385800
2021-06-28,131.26385498046875,134.77999877929688,135.25,133.35000610351562,133.41000366210938,62111300,70.5894775390625,73.375,73.45999908447266,72.9000015258789,72.91500091552734,12557400
2021-06-29,132.7733917236328,136.3300018310547,136.49000549316406,134.35000610351562,134.8000030517578,64556100,71.10417175292969,73.91000366210938,73.94499969482422,73.24500274658203,73.41500091552734,9829200
2021-06-30,133.38697814941406,136.9600067138672,137.41000366210938,135.8699951171875,136.1699981689453,63261400,71.02717590332031,73.83000183105469,74.01000213623047,73.5999984741211,73.79499816894531,11013600
2021-07-01,133.68890380859375,137.27000427246094,137.3300018310547,135.75999450683594,136.60000610351562,52485800,71.14744567871094,73.95500183105469,73.95500183105469,73.45500183105469,73.7300033569336,11636600
2021-07-02,136.30873107910156,139.9600067138672,140.0,137.75,137.89999389648438,78852600,72.0854263305664,74.93000030517578,75.00499725341797,74.29000091552734,74.30999755859375,12780000
2021-07-06,138.31495666503906,142.02000427246094,143.14999389648438,140.07000732421875,140.07000732421875,108181800,72.35960388183594,75.21499633789062,75.56999969482422,74.49500274658203,75.08999633789062,11870600
2021-07-07,140.79849243164062,144.57000732421875,144.88999938964844,142.66000366210938,143.5399932861328,104911600,72.75404357910156,75.625,75.77999877929688,75.0199966430664,75.69499969482422,14883800
2021-07-08,139.50315856933594,143.24000549316406,144.05999755859375,140.6699981689453,141.5800018310547,105575500,72.06619262695312,74.91000366210938,75.12000274658203,74.0999984741211,74.43499755859375,17086200
2021-07-09,141.32440185546875,145.11000061035156,145.64999389648438,142.64999389648438,142.75,99890800,72.7300033569336,75.5999984741211,75.66999816894531,74.70999908447266,74.81999969482422,9775800
2021-07-12,140.7303009033203,144.5,146.32000732421875,144.0,146.2100067138672,76299700,72.78773498535156,75.66000366210938,75.93499755859375,75.41500091552734,75.9000015258789,9619600
2021-07-13,141.8405303955078,145.63999938964844,147.4600067138672,143.6300048828125,144.02999877929688,100827100,73.08594512939453,75.97000122070312,76.5199966430664,75.46499633789062,75.52999877929688,15202800
2021-07-14,145.25894165039062,149.14999389648438,149.57000732421875,147.67999267578125,148.10000610351562,127050800,73.62468719482422,76.52999877929688,76.91999816894531,76.19499969482422,76.58000183105469,12886800
2021-07-15,144.60646057128906,148.47999572753906,150.0,147.08999633789062,149.24000549316406,106820300,73.01861572265625,75.9000015258789,76.5,75.49500274658203,76.44000244140625,12506200
2021-07-16,142.57093811035156,146.38999938964844,149.75999450683594,145.8800048828125,148.4600067138672,93251400,72.29707336425781,75.1500015258789,76.41000366210938,75.07499694824219,76.05000305175781,15080400
2021-07-19,138.73377990722656,142.4499969482422,144.07000732421875,141.6699981689453,143.75,121434600,71.30139923095703,74.11499786376953,74.45999908447266,73.68499755859375,74.25499725341797,24254000
2021-07-20,142.33721923828125,146.14999389648438,147.10000610351562,142.9600067138672,143.4600067138672,96350000,72.35960388183594,75.21499633789062,75.62999725341797,74.05500030517578,74.48500061035156,14715600
2021-07-21,141.60679626464844,145.39999389648438,146.1300048828125,144.6300048828125,145.52999877929688,74993500,73.05707550048828,75.94000244140625,75.95500183105469,75.04499816894531,75.18499755859375,12234000
2021-07-22,142.97027587890625,146.8000030517578,148.1999969482422,145.80999755859375,145.94000244140625,77338200,73.5958251953125,76.5,76.55999755859375,76.0999984741211,76.0999984741211,9577800
2021-07-23,144.684326171875,148.55999755859375,148.72000122070312,146.9199981689453,147.5500030517578,71447400,74.32698059082031,77.26000213623047,77.30000305175781,76.56500244140625,76.83999633789062,12576200
2021-07-26,145.1031494140625,148.99000549316406,149.8300018310547,147.6999969482422,148.27000427246094,72434100,74.28849029541016,77.22000122070312,77.36000061035156,76.7750015258789,77.06500244140625,8993400
2021-07-27,142.9410400390625,146.77000427246094,149.2100067138672,145.5500030517578,149.1199951171875,104818600,73.58621215820312,76.48999786376953,77.1500015258789,75.5250015258789,77.125,18089800
2021-07-28,141.19773864746094,144.97999572753906,146.97000122070312,142.5399932861328,144.80999755859375,118931200,73.49481201171875,76.3949966430664,76.80000305175781,75.66500091552734,76.51499938964844,13941200
2021-07-29,141.8405303955078,145.63999938964844,146.5500030517578,144.5800018310547,144.69000244140625,56699500,73.83634185791016,76.75,77.01000213623047,76.30500030517578,76.31500244140625,12030600
2021-07-30,142.0548095703125,145.86000061035156,146.3300018310547,144.11000061035156,144.3800048828125,70440600,73.78821563720703,76.69999694824219,76.77999877929688,76.23999786376953,76.26000213623047,10148800
2021-08-02,141.7236785888672,145.52000427246094,146.9499969482422,145.25,146.36000061035156,62880000,73.52367401123047,76.42500305175781,77.1500015258789,76.31999969482422,77.04499816894531,12205200
2021-08-03,143.51565551757812,147.36000061035156,148.0399932861328,145.17999267578125,145.80999755859375,64786600,73.99505615234375,76.91500091552734,76.95500183105469,75.94499969482422,76.56500244140625,10824800
2021-08-04,143.11634826660156,146.9499969482422,147.7899932861328,146.27999877929688,147.27000427246094,56368300,74.1441879272461,77.06999969482422,77.26000213623047,76.61000061035156,76.8550033569336,11322800
2021-08-05,143.22349548339844,147.05999755859375,147.83999633789062,146.1699981689453,146.97999572753906,46397700,74.55304718017578,77.49500274658203,77.5199966430664,76.9800033569336,77.20999908447266,6674600
2021-08-06,142.5406951904297,146.13999938964844,147.11000061035156,145.6300048828125,146.35000610351562,54126800,74.49050903320312,77.43000030517578,77.5199966430664,77.20500183105469,77.2249984741211,7602800
2021-08-09,142.49197387695312,146.08999633789062,146.6999969482422,145.52000427246094,146.1999969482422,48908700,74.25001525878906,77.18000030517578,77.66000366210938,77.1050033569336,77.5199966430664,7198200
2021-08-10,142.01402282714844,145.60000610351562,147.7100067138672,145.3000030517578,146.44000244140625,69023100,73.71607971191406,76.625,77.38999938964844,76.40499877929688,77.31999969482422,10421400
2021-08-11,142.26763916015625,145.86000061035156,146.72000122070312,145.52999877929688,146.0500030517578,48493500,73.72569274902344,76.63500213623047,77.02999877929688,76.24500274658203,76.88999938964844,10831600
2021-08-12,145.22299194335938,148.88999938964844,149.0500030517578,145.83999633789062,146.19000244140625,72282600,74.14897918701172,77.07499694824219,77.12000274658203,76.23999786376953,76.55500030517578,6947800
2021-08-13,145.42788696289062,149.10000610351562,149.44000244140625,148.27000427246094,148.97000122070312,59375000,74.55304718017578,77.49500274658203,77.51499938964844,77.04000091552734,77.125,5630800
2021-08-16,147.39810180664062,151.1199951171875,151.19000244140625,146.47000122070312,148.5399932861328,103296000,74.8897705078125,77.84500122070312,77.8550033569336,76.65499877929688,77.30999755859375,9493800
2021-08-17,146.49099731445312,150.19000244140625,151.67999267578125,149.08999633789062,150.22999572753906,92229700,74.26925659179688,77.19999694824219,77.49500274658203,76.72000122070312,77.37000274658203,19052600
2021-08-18,142.7553253173828,146.36000061035156,150.72000122070312,146.14999389648438,149.8000030517578,86326000,73.24468231201172,76.13500213623047,77.36499786376953,76.05000305175781,77.0199966430664,13481200
2021-08-19,143.0869140625,146.6999969482422,148.0,144.5,145.02999877929688,86960300,73.96139526367188,76.87999725341797,77.16500091552734,75.6050033569336,75.71499633789062,19291000
2021-08-20,144.54022216796875,148.19000244140625,148.5,146.77999877929688,147.44000244140625,60549600,74.91382598876953,77.87000274658203,77.94000244140625,76.98500061035156,77.16999816894531,14769400
2021-08-23,146.02279663085938,149.7100067138672,150.19000244140625,147.88999938964844,148.30999755859375,60131800,75.88066101074219,78.875,78.98500061035156,78.06999969482422,78.07499694824219,10802400
2021-08-24,145.93505859375,149.6199951171875,150.86000061035156,149.14999389648438,149.4499969482422,48606400,75.79409790039062,78.78500366210938,79.06500244140625,78.71499633789062,78.9749984741211,9537000
2021-08-25,144.70603942871094,148.36000061035156,150.32000732421875,147.8000030517578,149.80999755859375,58991300,75.75079345703125,78.73999786376953,79.18000030517578,78.61000061035156,78.97000122070312,9430400
2021-08-26,143.90628051757812,147.5399932861328,149.1199951171875,147.50999450683594,148.35000610351562,48597200,75.27458953857422,78.24500274658203,78.80500030517578,78.18000030517578,78.6449966430664,12056600
2021-08-27,144.94015502929688,148.60000610351562,148.75,146.8300018310547,147.47999572753906,55802400,76.00091552734375,79.0,79.05500030517578,78.18000030517578,78.31500244140625,14088800
2021-08-30,149.34884643554688,153.1199951171875,153.49000549316406,148.61000061035156,149.0,90956700,76.81864166259766,79.8499984741211,79.94499969482422,79.23500061035156,79.23500061035156,10026800
2021-08-31,148.09063720703125,151.8300018310547,152.8000030517578,151.2899932861328,152.66000366210938,86453100,76.41458892822266,79.43000030517578,79.92500305175781,79.27999877929688,79.9000015258789,21971000
2021-09-01,148.75387573242188,152.50999450683594,154.97999572753906,152.33999633789062,152.8300018310547,80313700,76.43384552001953,79.44999694824219,80.06500244140625,79.38500213623047,79.70500183105469,20289800
2021-09-02,149.8657684326172,153.64999389648438,154.72000122070312,152.39999389648438,153.8699951171875,71115500,76.35208129882812,79.36499786376953,79.8499984741211,79.04499816894531,79.74500274658203,21769600
2021-09-03,150.49978637695312,154.3000030517578,154.6300048828125,153.08999633789062,153.75999450683594,57808700,76.65509796142578,79.68000030517578,79.88999938964844,79.24500274658203,79.2699966430664,21204800
2021-09-07,152.8308868408203,156.69000244140625,157.25999450683594,154.38999938964844,154.97000122070312,82278300,76.67435455322266,79.69999694824219,79.87000274658203,79.32499694824219,79.7750015258789,19721800
2021-09-08,151.28977966308594,155.11000061035156,157.0399932861328,153.97999572753906,156.97999572753906,74420200,76.38093566894531,79.3949966430664,79.71499633789062,78.83000183105469,79.69000244140625,11466400
2021-09-09,150.27545166015625,154.07000732421875,156.11000061035156,153.9499969482422,155.49000549316406,57305700,76.0923080444336,79.09500122070312,79.7249984741211,79.02999877929688,79.44999694824219,11161000
2021-09-10,145.30104064941406,148.97000122070312,155.47999572753906,148.6999969482422,155.0,140893200,75.34193420410156,78.31500244140625,79.7300033569336,78.23500061035156,79.53500366210938,17080200
2021-09-13,145.86672973632812,149.5500030517578,151.4199981689453,148.75,150.6300048828125,102404300,75.36598205566406,78.33999633789062,79.11499786376953,77.82499694824219,78.91000366210938,22637800
2021-09-14,144.4719696044922,148.1199951171875,151.07000732421875,146.91000366210938,150.35000610351562,109296300,75.269775390625,78.23999786376953,78.83499908447266,78.02999877929688,78.67500305175781,18431600
2021-09-15,145.35958862304688,149.02999877929688,149.44000244140625,146.3699951171875,148.55999755859375,83281300,75.92877197265625,78.92500305175781,78.98999786376953,78.06500244140625,78.50499725341797,16339200
2021-09-16,145.12548828125,148.7899932861328,148.97000122070312,147.22000122070312,148.44000244140625,68034100,75.97206115722656,78.97000122070312,79.05000305175781,78.16000366210938,78.6449966430664,16148600
2021-09-17,142.4626922607422,146.05999755859375,148.82000732421875,145.75999450683594,148.82000732421875,129868800,74.78876495361328,77.73999786376953,78.7699966430664,77.625,78.76499938964844,22663000
2021-09-20,139.4196014404297,142.94000244140625,144.83999633789062,141.27000427246094,143.8000030517578,123478900,73.42652130126953,76.19000244140625,76.8550033569336,75.17500305175781,76.46499633789062,35669400
2021-09-21,139.8974609375,143.42999267578125,144.60000610351562,142.77999877929688,143.92999267578125,75834000,73.45543670654297,76.22000122070312,76.84500122070312,75.92500305175781,76.65499877929688,18455000
2021-09-22,142.25790405273438,145.85000610351562,146.42999267578125,143.6999969482422,144.4499969482422,76404300,74.46253204345703,77.26499938964844,77.56500244140625,76.29499816894531,76.63500213623047,27990600
2021-09-23,143.21372985839844,146.8300018310547,147.0800018310547,145.63999938964844,146.64999389648438,64838200,75.45999145507812,78.30000305175781,78.48500061035156,77.42500305175781,77.66500091552734,19534000
2021-09-24,143.30154418945312,146.9199981689453,147.47000122070312,145.55999755859375,145.66000366210938,53477900,75.51300048828125,78.3550033569336,78.48500061035156,77.79000091552734,77.82499694824219,11652400
2021-09-27,141.78973388671875,145.3699951171875,145.9600067138672,143.82000732421875,145.47000122070312,74150700,74.78056335449219,77.59500122070312,77.875,77.0999984741211,77.69499969482422,15015000
2021-09-28,138.4149627685547,141.91000366210938,144.75,141.69000244140625,143.25,108972300,72.5639877319336,75.29499816894531,76.7750015258789,75.23500061035156,76.5999984741211,38190600
2021-09-29,139.312255859375,142.8300018310547,144.4499969482422,142.02999877929688,142.47000122070312,74602000,72.4724349975586,75.19999694824219,76.0,75.06999969482422,75.6050033569336,25012000
2021-09-30,138.01499938964844,141.5,144.3800048828125,141.27999877929688,143.66000366210938,89056700,71.95203399658203,74.66000366210938,75.96499633789062,74.62000274658203,75.63999938964844,33415600
2021-10-01,139.13668823242188,142.64999389648438,142.9199981689453,139.11000061035156,141.89999389648438,94639600,73.03622436523438,75.78500366210938,75.94999694824219,74.16999816894531,74.93000030517578,45483800
2021-10-04,135.713134765625,139.13999938964844,142.2100067138672,138.27000427246094,141.75999450683594,98322000,71.34486389160156,74.02999877929688,75.44000244140625,73.44000244140625,75.3499984741211,50773000
2021-10-05,137.6346435546875,141.11000061035156,142.24000549316406,139.36000061035156,139.49000549316406,80861100,72.36160278320312,75.08499908447266,75.51499938964844,74.11000061035156,74.18000030517578,32967000
2021-10-06,138.502685546875,142.0,142.14999389648438,138.3699951171875,139.47000122070312,83221100,72.8338394165039,75.57499694824219,75.62999725341797,73.9749984741211,74.22000122070312,40004800
2021-10-07,139.76092529296875,143.2899932861328,144.22000122070312,142.72000122070312,143.05999755859375,61732700,73.4988021850586,76.26499938964844,76.8550033569336,76.125,76.2300033569336,19895600
2021-10-08,139.38052368164062,142.89999389648438,144.17999267578125,142.55999755859375,144.02999877929688,58773200,73.22415924072266,75.9800033569336,76.61499786376953,75.8550033569336,76.55999755859375,18426400
2021-10-11,139.29273986816406,142.80999755859375,144.80999755859375,141.80999755859375,142.27000427246094,64452200,72.81936645507812,75.55999755859375,76.57499694824219,75.50499725341797,75.63999938964844,14970600
2021-10-12,138.02476501464844,141.50999450683594,143.25,141.0399932861328,143.22999572753906,73035900,72.44351959228516,75.16999816894531,75.94999694824219,75.04499816894531,75.8550033569336,17853400
2021-10-13,137.43955993652344,140.91000366210938,141.39999389648438,139.1999969482422,141.24000549316406,78762700,72.88682556152344,75.62999725341797,75.79499816894531,75.00499725341797,75.49500274658203,19521600
2021-10-14,140.21932983398438,143.75999450683594,143.8800048828125,141.50999450683594,142.11000061035156,69907100,74.52999114990234,77.33499908447266,77.37000274658203,76.29000091552734,76.4000015258789,15197200
2021-10-15,141.2727508544922,144.83999633789062,144.89999389648438,143.50999450683594,143.77000427246094,67940300,75.12750244140625,77.95500183105469,77.97000122070312,77.37000274658203,77.6050033569336,12779200
2021-10-18,142.94061279296875,146.5500030517578,146.83999633789062,143.16000366210938,143.4499969482422,85589200,75.76355743408203,78.61499786376953,78.65499877929688,77.30500030517578,77.5199966430664,11630200
2021-10-19,145.0962371826172,148.75999450683594,149.1699981689453,146.5500030517578,147.00999450683594,76378900,76.51528930664062,79.3949966430664,79.3949966430664,78.66500091552734,78.82499694824219,13201400
2021-10-20,145.58389282226562,149.25999450683594,149.75,148.1199951171875,148.6999969482422,58418800,76.30326080322266,79.17500305175781,79.58499908447266,78.83000183105469,79.47000122070312,12025400
2021-10-21,145.7985076904297,149.47999572753906,149.63999938964844,147.8699951171875,148.80999755859375,61421000,76.59720611572266,79.4800033569336,79.5199966430664,78.7699966430664,78.93499755859375,10023200
2021-10-22,145.02793884277344,148.69000244140625,150.17999267578125,148.63999938964844,149.69000244140625,58883400,76.33216857910156,79.20500183105469,79.77999877929688,78.875,79.44999694824219,12490000
2021-10-25,144.9791259765625,148.63999938964844,149.3699951171875,147.6199951171875,148.67999267578125,50720600,76.58273315429688,79.46499633789062,79.75,79.15499877929688,79.50499725341797,10336800
2021-10-26,145.64244079589844,149.32000732421875,150.83999633789062,149.00999450683594,149.3300018310547,60893400,76.79959106445312,79.69000244140625,80.33499908447266,79.6500015258789,80.0,13189600
2021-10-27,145.18397521972656,148.85000610351562,149.72999572753906,148.49000549316406,149.36000061035156,56094900,76.73211669921875,79.62000274658203,80.2300033569336,79.54000091552734,79.82499694824219,17448000
2021-10-28,148.81236267089844,152.57000732421875,153.1699981689453,149.72000122070312,149.82000732421875,100077900,77.50309753417969,80.41999816894531,80.4800033569336,79.95500183105469,80.1050033569336,12756800
2021-10-29,146.110595703125,149.8000030517578,149.94000244140625,146.41000366210938,147.22000122070312,124953200,77.83558654785156,80.76499938964844,80.81500244140625,79.53500366210938,79.62999725341797,20131800
2021-11-01,145.29129028320312,148.9600067138672,149.6999969482422,147.8000030517578,148.99000549316406,74588300,77.71995544433594,80.6449966430664,80.80500030517578,80.23500061035156,80.76499938964844,24421200
2021-11-02,146.32518005371094,150.02000427246094,151.57000732421875,148.64999389648438,148.66000366210938,69122000,78.40419006347656,81.3550033569336,81.55500030517578,80.75499725341797,80.75499725341797,26814600
2021-11-03,147.75900268554688,151.49000549316406,151.97000122070312,149.82000732421875,150.38999938964844,54511500,78.86194610595703,81.83000183105469,82.0,81.0199966430664,81.49500274658203,25978600
2021-11-04,147.24203491210938,150.9600067138672,152.42999267578125,150.63999938964844,151.5800018310547,60394600,80.09552764892578,83.11000061035156,83.30999755859375,81.99500274658203,82.13999938964844,28691400
2021-11-05,147.76951599121094,151.27999877929688,152.1999969482422,150.05999755859375,151.88999938964844,65463900,80.5099105834961,83.54000091552734,84.01000213623047,83.0199966430664,83.72000122070312,24223600
2021-11-08,146.94898986816406,150.44000244140625,151.57000732421875,150.16000366210938,151.41000366210938,55020900,80.943603515625,83.98999786376953,84.13500213623047,83.61499786376953,83.80999755859375,12781000
2021-11-09,147.3103790283203,150.80999755859375,151.42999267578125,150.05999755859375,150.1999969482422,56787900,80.61111450195312,83.6449966430664,84.20500183105469,83.22000122070312,84.11499786376953,16823000
2021-11-10,144.48745727539062,147.9199981689453,150.1300048828125,147.85000610351562,150.02000427246094,65187100,79.28118133544922,82.26499938964844,83.41500091552734,82.01499938964844,83.0,25788800
2021-11-11,144.4385986328125,147.8699951171875,149.42999267578125,147.67999267578125,148.9600067138672,41000000,79.65221405029297,82.6500015258789,82.88999938964844,82.51499938964844,82.8550033569336,10103800
2021-11-12,146.50941467285156,149.99000549316406,150.39999389648438,147.47999572753906,148.42999267578125,63804000,80.62078094482422,83.65499877929688,83.79499816894531,82.78500366210938,82.92500305175781,12244200
2021-11-15,146.5191650390625,150.0,151.8800048828125,149.42999267578125,150.3699951171875,59222800,80.538818359375,83.56999969482422,84.11000061035156,83.09500122070312,83.98999786376953,12490200
2021-11-16,147.49598693847656,151.0,151.49000549316406,149.33999633789062,149.94000244140625,59256200,81.38693237304688,84.44999694824219,84.56500244140625,83.41999816894531,83.47000122070312,13538800
2021-11-17,149.92822265625,153.49000549316406,155.0,150.99000549316406,151.0,88807000,81.14118194580078,84.19499969482422,84.7249984741211,83.93000030517578,84.28500366210938,15417800
2021-11-18,154.20657348632812,157.8699951171875,158.6699981689453,153.0500030517578,153.7100067138672,137827700,81.9507064819336,85.03500366210938,85.15499877929688,84.06999969482422,84.68000030517578,19964000
2021-11-19,156.82443237304688,160.5500030517578,161.02000427246094,156.52999877929688,157.64999389648438,117305600,82.54822540283203,85.65499877929688,85.9800033569336,85.05500030517578,85.33999633789062,17714600
2021-11-22,157.2834930419922,161.02000427246094,165.6999969482422,161.0,161.67999267578125,117467900,81.62786102294922,84.69999694824219,87.125,84.6500015258789,85.98999786376953,28451600
2021-11-23,157.6644287109375,161.41000366210938,161.8000030517578,159.05999755859375,161.1199951171875,96041900,81.43993377685547,84.50499725341797,84.7750015258789,83.43499755859375,84.375,29239800
2021-11-24,158.18214416503906,161.94000244140625,162.13999938964844,159.63999938964844,160.75,69463600,82.03263092041016,85.12000274658203,85.13999938964844,83.58999633789062,84.0,18241000
2021-11-26,153.17115783691406,156.80999755859375,160.4499969482422,156.36000061035156,159.57000732421875,76959800,79.98470306396484,82.99500274658203,84.55500030517578,82.66500091552734,83.90499877929688,24767800
2021-11-29,156.52159118652344,160.24000549316406,161.19000244140625,158.7899932861328,159.3699951171875,88748200,81.98443603515625,85.06999969482422,85.30000305175781,83.96499633789062,84.2300033569336,24979800
2021-11-30,161.46417236328125,165.3000030517578,165.52000427246094,159.9199981689453,159.99000549316406,174048100,81.30020141601562,84.36000061035156,85.5250015258789,83.63999938964844,84.75,54066800
2021-12-01,160.9464874267578,164.77000427246094,170.3000030517578,164.52999877929688,167.47999572753906,152052500,80.18706512451172,83.20500183105469,85.8949966430664,83.12999725341797,85.25,39084200
2021-12-02,159.9598846435547,163.75999450683594,164.1999969482422,157.8000030517578,158.74000549316406,136739200,80.9243392944336,83.97000122070312,84.3550033569336,82.25499725341797,82.43499755859375,46872400
2021-12-03,158.08444213867188,161.83999633789062,164.9600067138672,159.72000122070312,164.02000427246094,118023100,79.57030487060547,82.56500244140625,84.47000122070312,81.5250015258789,84.20999908447266,48470000
2021-12-06,161.48370361328125,165.32000732421875,167.8800048828125,164.27999877929688,164.2899932861328,107497000,80.32684326171875,83.3499984741211,83.5999984741211,81.94499969482422,82.80500030517578,37800400
2021-12-07,167.2076873779297,171.17999267578125,171.5800018310547,168.33999633789062,169.0800018310547,120405400,83.13128662109375,86.26000213623047,86.36499786376953,85.0,85.01000213623047,28691000
2021-12-08,171.0172119140625,175.0800018310547,175.9600067138672,170.6999969482422,172.1300048828125,116998900,83.51195526123047,86.65499877929688,86.71499633789062,85.69499969482422,86.29000091552734,23261600
2021-12-09,170.50926208496094,174.55999755859375,176.75,173.9199981689453,174.91000366210938,108923700,82.6108627319336,85.72000122070312,87.00499725341797,85.6500015258789,86.44000244140625,17201000
2021-12-10,175.28579711914062,179.4499969482422,179.6300048828125,174.69000244140625,175.2100067138672,115402700,84.26846313476562,87.44000244140625,87.55000305175781,86.36499786376953,86.62000274658203,24776600
2021-12-13,171.66189575195312,175.74000549316406,182.1300048828125,175.52999877929688,181.1199951171875,153237000,83.01563262939453,86.13999938964844,87.79000091552734,86.01499938964844,87.62000274658203,20974000
2021-12-14,170.2845916748047,174.3300018310547,177.74000549316406,172.2100067138672,175.25,139380400,81.65194702148438,84.7249984741211,85.6449966430664,83.70500183105469,85.0999984741211,27094800
2021-12-15,175.13929748535156,179.3000030517578,179.5,172.30999755859375,175.11000061035156,131063300,83.8155288696289,86.97000122070312,87.05500030517578,83.98999786376953,84.79499816894531,28270800
2021-12-16,168.2626495361328,172.25999450683594,181.13999938964844,170.75,179.27999877929688,150185800,81.43993377685547,84.50499725341797,87.43499755859375,84.00499725341797,87.29499816894531,31275600
2021-12-17,167.16864013671875,171.13999938964844,173.47000122070312,169.69000244140625,169.92999267578125,195432700,80.8954086303711,83.94000244140625,84.76000213623047,83.13999938964844,83.57499694824219,44821600
2021-12-20,165.8109130859375,169.75,170.5800018310547,167.4600067138672,168.27999877929688,107499100,79.9332504272461,82.78500366210938,83.04499816894531,82.18000030517578,82.5,32649600
2021-12-21,168.97572326660156,172.99000549316406,173.1999969482422,169.1199951171875,171.55999755859375,91185900,81.95609283447266,84.87999725341797,84.94999694824219,82.8949966430664,83.66999816894531,16810800
2021-12-22,171.564208984375,175.63999938964844,175.86000061035156,172.14999389648438,173.0399932861328,92135300,83.02784729003906,85.98999786376953,86.05000305175781,84.54000091552734,84.76499938964844,13376200
2021-12-23,172.1893768310547,176.27999877929688,176.85000610351562,175.27000427246094,175.85000610351562,68356600,83.4913101196289,86.47000122070312,86.81500244140625,86.09500122070312,86.1050033569336,9792600
2021-12-27,176.14535522460938,180.3300018310547,180.4199981689453,177.07000732421875,177.08999633789062,74919600,85.28239440917969,88.32499694824219,88.34500122070312,86.79499816894531,86.81500244140625,13266600
2021-12-28,175.12950134277344,179.2899932861328,181.3300018310547,178.52999877929688,180.16000366210938,79144300,84.8382568359375,87.86499786376953,88.5199966430664,87.6449966430664,88.48999786376953,11422200
2021-12-29,175.2174530029297,179.3800048828125,180.6300048828125,178.13999938964844,179.3300018310547,62348900,84.91067504882812,87.94000244140625,88.29499816894531,87.48500061035156,87.8949966430664,9687800
2021-12-30,174.06475830078125,178.1999969482422,180.57000732421875,178.08999633789062,179.47000122070312,59773000,84.35065460205078,87.36000061035156,88.2699966430664,87.25499725341797,87.9749984741211,10526400
2021-12-31,173.44944763183594,177.57000732421875,179.22999572753906,177.25999450683594,178.08999633789062,64062300,83.9402847290039,86.93499755859375,87.48500061035156,86.8949966430664,87.2750015258789,10243000
2022-01-03,177.78636169433594,182.00999450683594,182.8800048828125,177.7100067138672,177.8300018310547,104487900,84.73687744140625,87.76000213623047,87.83999633789062,86.66999816894531,87.05000305175781,20302800
2022-01-04,175.52999877929688,179.6999969482422,182.94000244140625,179.1199951171875,182.6300048828125,99310400,83.83890533447266,86.83000183105469,88.0,86.17500305175781,87.91000366210938,16648000
2022-01-05,170.86094665527344,174.9199981689453,180.1699981689453,174.63999938964844,179.61000061035156,94537600,81.2608871459961,84.16000366210938,86.38999938964844,84.12999725341797,86.32499694824219,23628400
2022-01-06,168.00868225097656,172.0,175.3000030517578,171.63999938964844,172.6999969482422,96904000,80.85054016113281,83.73500061035156,84.5999984741211,83.23500061035156,83.48999786376953,23767200
2022-01-07,168.17469787597656,172.1699981689453,174.13999938964844,171.02999877929688,172.88999938964844,86709100,80.10702514648438,82.96499633789062,84.08000183105469,82.41999816894531,83.68000030517578,30488600
2022-01-10,168.19427490234375,172.19000244140625,172.5,168.1699981689453,169.0800018310547,106765600,80.12154388427734,82.9800033569336,83.08499908447266,80.6449966430664,81.7300033569336,32501400
2022-01-11,171.0172119140625,175.0800018310547,175.17999267578125,170.82000732421875,172.32000732421875,76138300,81.0822525024414,83.9749984741211,84.09500122070312,82.1500015258789,82.76499938964844,19207600
2022-01-12,171.45675659179688,175.52999877929688,177.17999267578125,174.82000732421875,176.1199951171875,74805200,81.46365356445312,84.37000274658203,85.18000030517578,83.94999694824219,84.5999984741211,18144000
2022-01-13,168.19427490234375,172.19000244140625,176.6199951171875,171.7899932861328,175.77999877929688,84505800,79.3539047241211,82.18499755859375,85.05000305175781,81.9749984741211,84.80500030517578,20942600
2022-01-14,169.05384826660156,173.07000732421875,173.77999877929688,171.08999633789062,171.33999633789062,80440800,80.02497863769531,82.87999725341797,82.93000030517578,81.625,81.625,22351400
2022-01-18,165.85971069335938,169.8000030517578,172.5399932861328,169.41000366210938,171.50999450683594,90956700,78.10352325439453,80.88999938964844,82.16000366210938,80.66500091552734,81.67500305175781,24694200
2022-01-19,162.37255859375,166.22999572753906,171.0800018310547,165.94000244140625,170.0,94815000,77.01246643066406,79.76000213623047,82.1449966430664,79.68000030517578,81.1449966430664,24961400
2022-01-20,160.6925048828125,164.50999450683594,169.67999267578125,164.17999267578125,166.97999572753906,91420500,76.0179443359375,78.7300033569336,81.375,78.625,80.47000122070312,37609000
2022-01-21,158.6412353515625,162.41000366210938,166.3300018310547,162.3000030517578,164.4199981689453,122848900,74.50684356689453,77.16500091552734,79.44499969482422,77.1449966430664,78.54000091552734,48016600
2022-01-24,157.86956787109375,161.6199951171875,162.3000030517578,154.6999969482422,160.02000427246094,162294600,74.89308166503906,77.56500244140625,77.62000274658203,73.12000274658203,75.87999725341797,67413400
2022-01-25,156.07229614257812,159.77999877929688,162.75999450683594,157.02000427246094,158.97999572753906,115798400,73.15991973876953,75.7699966430664,77.20999908447266,74.9000015258789,76.04499816894531,48886200
2022-01-26,155.9843292236328,159.69000244140625,164.38999938964844,157.82000732421875,163.5,108275300,73.58956909179688,76.21499633789062,78.73999786376953,75.30999755859375,77.83000183105469,53596200
2022-01-27,155.52525329589844,159.22000122070312,163.83999633789062,158.27999877929688,162.4499969482422,121954600,73.0826644897461,75.69000244140625,77.86000061035156,75.41500091552734,77.44999694824219,39446800
2022-01-28,166.37744140625,170.3300018310547,170.35000610351562,162.8000030517578,165.7100067138672,179935700,76.27864074707031,79.0,79.0199966430664,75.48999786376953,76.62999725341797,44236000
2022-01-31,170.72418212890625,174.77999877929688,175.0,169.50999450683594,170.16000366210938,115541600,78.19527435302734,80.98500061035156,81.08999633789062,78.63500213623047,79.0199966430664,29121000
2022-02-01,170.55807495117188,174.61000061035156,174.83999633789062,172.30999755859375,174.00999450683594,86213900,78.39802551269531,81.19499969482422,81.33000183105469,80.0199966430664,81.09500122070312,23389800
2022-02-02,171.75955200195312,175.83999633789062,175.8800048828125,173.3300018310547,174.75,84914300,79.03528594970703,81.8550033569336,81.98999786376953,80.81999969482422,81.37000274658203,25504800
2022-02-03,168.88778686523438,172.89999389648438,176.24000549316406,172.1199951171875,174.47999572753906,89418100,76.74211120605469,79.4800033569336,81.24500274658203,79.18499755859375,80.69499969482422,27865400
2022-02-04,168.6041717529297,172.38999938964844,174.10000610351562,170.67999267578125,171.67999267578125,82465400,77.05108642578125,79.80000305175781,80.5,78.72000122070312,79.05500030517578,29721400
2022-02-07,167.89019775390625,171.66000366210938,173.9499969482422,170.9499969482422,172.86000061035156,77251200,76.53932189941406,79.2699966430664,80.33499908447266,78.96499633789062,79.86000061035156,14622600
2022-02-08,170.99058532714844,174.8300018310547,175.35000610351562,171.42999267578125,171.72999572753906,74829200,77.48555755615234,80.25,80.46499633789062,78.83499908447266,79.0199966430664,21139800
2022-02-09,172.40875244140625,176.27999877929688,176.64999389648438,174.89999389648438,176.0500030517578,71285000,79.20426940917969,82.02999877929688,82.05500030517578,80.94999694824219,81.28500366210938,17795600
2022-02-10,168.340087890625,172.1199951171875,175.47999572753906,171.5500030517578,174.13999938964844,90865900,77.13314056396484,79.88500213623047,81.76499938964844,79.46499633789062,80.4000015258789,31692200
2022-02-11,164.93646240234375,168.63999938964844,173.0800018310547,168.0399932861328,172.3300018310547,98670700,74.77720642089844,77.44499969482422,80.31500244140625,77.1500015258789,79.96499633789062,34878800
2022-02-14,165.17127990722656,168.8800048828125,169.5800018310547,166.55999755859375,167.3699951171875,86185500,74.75305938720703,77.41999816894531,78.04499816894531,76.5199966430664,77.23999786376953,41030400
2022-02-15,168.99537658691406,172.7899932861328,172.9499969482422,170.25,170.97000122070312,62527400,76.71795654296875,79.45500183105469,79.51000213623047,78.30999755859375,78.58499908447266,24437400
2022-02-16,168.76063537597656,172.5500030517578,173.33999633789062,170.0500030517578,171.85000610351562,61177400,76.6407241821289,79.375,79.6500015258789,78.05500030517578,78.91500091552734,20318200
2022-02-17,165.17127990722656,168.8800048828125,171.91000366210938,168.47000122070312,171.02999877929688,69589300,74.34752655029297,77.0,78.71499633789062,76.8550033569336,78.63500213623047,24906400
2022-02-18,163.6259307861328,167.3000030517578,170.5399932861328,166.19000244140625,169.82000732421875,82772700,73.59440612792969,76.22000122070312,77.375,75.63500213623047,77.26499938964844,25310800
2022-02-22,160.71136474609375,164.32000732421875,166.69000244140625,162.14999389648438,164.97999572753906,91162800,72.91368103027344,75.51499938964844,76.7249984741211,74.69000244140625,75.41999816894531,26893600
2022-02-23,156.5547332763672,160.07000732421875,166.14999389648438,159.75,165.5399932861328,90009200,71.08877563476562,73.625,76.50499725341797,73.54499816894531,76.30000305175781,37879400
2022-02-24,159.16610717773438,162.74000549316406,162.85000610351562,152.0,152.5800018310547,141147500,73.51715087890625,76.13999938964844,76.19499969482422,70.86000061035156,71.09500122070312,50967800
2022-02-25,161.229736328125,164.85000610351562,165.1199951171875,160.8699951171875,163.83999633789062,91974200,74.51651000976562,77.17500305175781,77.19999694824219,75.31999969482422,76.25499725341797,28301600
2022-02-28,161.49380493164062,165.1199951171875,165.4199981689453,162.42999267578125,163.05999755859375,95056600,74.38133239746094,77.03500366210938,77.36000061035156,75.71499633789062,76.3550033569336,34822200
2022-03-01,159.615966796875,163.1999969482422,166.60000610351562,161.97000122070312,164.6999969482422,83474400,72.89439392089844,75.49500274658203,77.13999938964844,74.90499877929688,76.74500274658203,29925000
2022-03-02,162.9021759033203,166.55999755859375,167.36000061035156,162.9499969482422,164.38999938964844,79724800,74.47306060791016,77.12999725341797,77.44999694824219,75.45999908447266,76.05000305175781,25592400
2022-03-03,162.57945251464844,166.22999572753906,168.91000366210938,165.5500030517578,168.47000122070312,76678400,73.58475494384766,76.20999908447266,77.78500366210938,75.81999969482422,77.77999877929688,23450600
2022-03-04,159.586669921875,163.1699981689453,165.5500030517578,162.10000610351562,164.49000549316406,83737200,72.29573822021484,74.875,75.93000030517578,74.27999877929688,75.61499786376953,26731200
2022-03-07,155.80165100097656,159.3000030517578,165.02000427246094,159.0399932861328,163.36000061035156,96418800,69.65011596679688,72.13500213623047,75.15499877929688,72.09500122070312,74.80999755859375,32864200
2022-03-08,153.98251342773438,157.44000244140625,162.8800048828125,155.8000030517578,158.82000732421875,131148300,69.31218719482422,71.78500366210938,74.01499938964844,70.7249984741211,71.94000244140625,36898400
2022-03-09,159.37149047851562,162.9499969482422,163.41000366210938,159.41000366210938,161.47999572753906,91454900,72.05435180664062,74.625,74.96499633789062,73.1449966430664,73.73500061035156,35327400
2022-03-10,155.0387420654297,158.52000427246094,160.38999938964844,155.97999572753906,160.1999969482422,105342000,70.79429626464844,73.31999969482422,73.5250015258789,72.20999908447266,73.30500030517578,27448400
2022-03-11,151.33200073242188,154.72999572753906,159.27999877929688,154.5,158.92999267578125,96970100,69.54872131347656,72.02999877929688,74.15499877929688,71.91999816894531,73.97000122070312,21457800
2022-03-14,147.312255859375,150.6199951171875,154.1199951171875,150.10000610351562,151.4499969482422,108732100,68.25972747802734,70.69499969482422,72.51499938964844,70.48999786376953,71.69999694824219,27852400
2022-03-15,151.68409729003906,155.08999633789062,155.57000732421875,150.3800048828125,150.89999389648438,92964300,70.55292510986328,73.06999969482422,73.21499633789062,71.0199966430664,71.25499725341797,22993800
2022-03-16,156.0852813720703,159.58999633789062,160.0,154.4600067138672,157.0500030517578,102300200,72.84610748291016,75.44499969482422,75.4749984741211,72.81999969482422,73.99500274658203,27176000
2022-03-17,157.0926513671875,160.6199951171875,161.0,157.6300048828125,158.61000061035156,75615400,73.36270141601562,75.9800033569336,76.02999877929688,74.63500213623047,75.04000091552734,18518800
2022-03-18,160.37887573242188,163.97999572753906,164.47999572753906,159.75999450683594,160.50999450683594,123511700,74.8641128540039,77.53500366210938,77.67500305175781,75.33999633789062,75.70999908447266,27897800
2022-03-21,161.74813842773438,165.3800048828125,166.35000610351562,163.00999450683594,163.50999450683594,95811400,74.72189331054688,77.24500274658203,77.65499877929688,76.2300033569336,76.9749984741211,22341400
2022-03-22,165.112548828125,168.82000732421875,169.4199981689453,164.91000366210938,165.50999450683594,81532000,75.79563903808594,78.3550033569336,78.76000213623047,77.19499969482422,77.30000305175781,17485800
2022-03-23,166.47206115722656,170.2100067138672,172.63999938964844,167.64999389648438,167.99000549316406,98062700,74.6300048828125,77.1500015258789,78.33999633789062,77.07499694824219,77.625,12360600
2022-03-24,170.24728393554688,174.07000732421875,174.13999938964844,170.2100067138672,171.05999755859375,90131400,76.56951904296875,79.15499877929688,79.17500305175781,77.31999969482422,77.58000183105469,14263400
2022-03-25,170.8830108642578,174.72000122070312,175.27999877929688,172.75,173.8800048828125,80546200,76.5259780883789,79.11000061035156,79.38999938964844,78.12000274658203,79.27999877929688,14874600
2022-03-28,171.74368286132812,175.60000610351562,175.72999572753906,172.0,172.1699981689453,90371900,77.43528747558594,80.05000305175781,80.08499908447266,78.54499816894531,78.74500274658203,18593000
2022-03-29,175.02989196777344,178.9600067138672,179.00999450683594,176.33999633789062,176.69000244140625,100589400,79.07975006103516,81.75,81.82499694824219,80.40499877929688,80.98500061035156,18829800
2022-03-30,173.8660125732422,177.77000427246094,179.61000061035156,176.6999969482422,178.5500030517578,92633200,78.0253677368164,80.66000366210938,81.55999755859375,80.23500061035156,81.33000183105469,18680200
2022-03-31,170.775390625,174.61000061035156,178.02999877929688,174.39999389648438,177.83999633789062,103049300,76.86939239501953,79.46499633789062,80.80000305175781,79.34500122070312,80.6500015258789,19424000
2022-04-01,170.4820098876953,174.30999755859375,174.8800048828125,171.94000244140625,174.02999877929688,78751300,76.6420669555664,79.2300033569336,79.7300033569336,78.34500122070312,79.54499816894531,28209600
2022-04-04,174.52133178710938,178.44000244140625,178.49000549316406,174.44000244140625,174.57000732421875,76468400,78.09790802001953,80.73500061035156,80.7750015258789,79.40499877929688,79.43499755859375,23048200
2022-04-05,171.21554565429688,175.05999755859375,178.3000030517578,174.4199981689453,177.5,73401800,76.45341491699219,79.03500366210938,80.56999969482422,78.76000213623047,80.38500213623047,23588200
2022-04-06,168.05645751953125,171.8300018310547,173.6300048828125,170.1300048828125,172.36000061035156,89058800,74.64452362060547,77.16500091552734,77.9000015258789,76.4800033569336,77.72000122070312,34225400
2022-04-07,168.35964965820312,172.13999938964844,173.36000061035156,169.85000610351562,171.16000366210938,77594700,74.7605972290039,77.28500366210938,77.80500030517578,76.2300033569336,76.75499725341797,23200200
2022-04-08,166.35472106933594,170.08999633789062,171.77999877929688,169.1999969482422,171.77999877929688,76575500,73.71588897705078,76.20500183105469,77.12000274658203,76.04000091552734,76.94000244140625,26354600
2022-04-11,162.11000061035156,165.75,169.02999877929688,165.5,168.7100067138672,72246700,71.85859680175781,74.28500366210938,75.34500122070312,74.18499755859375,75.25,21595400
2022-04-12,163.97804260253906,167.66000366210938,169.8699951171875,166.63999938964844,168.02000427246094,79265200,71.53937530517578,73.95500183105469,75.7750015258789,73.67500305175781,75.20500183105469,22172200
2022-04-13,166.65786743164062,170.39999389648438,171.0399932861328,166.77000427246094,167.38999938964844,70618900,72.69049835205078,75.1449966430664,75.375,73.7249984741211,74.0,14446800
2022-04-14,161.6600799560547,165.2899932861328,171.27000427246094,165.0399932861328,170.6199951171875,75329400,70.92510223388672,73.31999969482422,75.36000061035156,73.28500366210938,75.2249984741211,17407000
2022-04-18,161.4449462890625,165.07000732421875,166.60000610351562,163.57000732421875,163.9199981689453,69023900,71.15725708007812,73.55999755859375,74.03500366210938,72.94000244140625,72.95999908447266,14060600
2022-04-19,163.7237548828125,167.39999389648438,167.82000732421875,163.91000366210938,165.02000427246094,67723800,72.49217987060547,74.94000244140625,75.06999969482422,73.1050033569336,73.375,13562200
2022-04-20,163.55747985839844,167.22999572753906,168.8800048828125,166.10000610351562,168.75999450683594,67929800,72.42448425292969,74.87000274658203,75.86499786376953,74.6500015258789,75.66500091552734,15652600
2022-04-21,162.76527404785156,166.4199981689453,171.52999877929688,165.91000366210938,168.91000366210938,87227800,71.19596862792969,73.5999984741211,76.30999755859375,73.375,75.5999984741211,18509200
2022-04-22,158.2369384765625,161.7899932861328,167.8699951171875,161.5,166.4600067138672,84882400,69.20325469970703,71.54000091552734,73.94999694824219,71.44000244140625,73.5199966430664,22094800
2022-04-25,159.30300903320312,162.8800048828125,163.1699981689453,158.4600067138672,161.1199951171875,96046400,70.24313354492188,72.61499786376953,72.66500091552734,70.77999877929688,71.2249984741211,28707600
2022-04-26,153.35655212402344,156.8000030517578,162.33999633789062,156.72000122070312,162.25,95623200,67.62651062011719,69.91000366210938,72.06500244140625,69.875,71.95500183105469,25953200
2022-04-27,153.131591796875,156.57000732421875,159.7899932861328,155.3800048828125,155.91000366210938,88063200,68.62769317626953,70.94499969482422,72.30999755859375,70.53500366210938,70.69000244140625,40048600
2022-04-28,160.0463409423828,163.63999938964844,164.52000427246094,158.92999267578125,159.25,130216800,71.37493133544922,73.78500366210938,74.20500183105469,71.67500305175781,72.05999755859375,27762400
2022-04-29,154.18789672851562,157.64999389648438,166.1999969482422,157.25,161.83999633789062,131747600,68.40036010742188,70.70999908447266,73.83000183105469,70.57499694824219,72.9800033569336,29589800
2022-05-02,154.4910888671875,157.9600067138672,158.22999572753906,153.27000427246094,156.7100067138672,123055300,69.44024658203125,71.78500366210938,71.87999725341797,69.83000183105469,70.62999725341797,37004400
2022-05-03,155.9777069091797,159.47999572753906,160.7100067138672,156.32000732421875,158.14999389648438,88966500,69.56117248535156,71.91000366210938,72.3499984741211,71.24500274658203,71.7750015258789,27469800
2022-05-04,162.3740692138672,166.02000427246094,166.47999572753906,159.25999450683594,159.6699981689453,108256500,72.00370025634766,74.43499755859375,74.56999969482422,70.99500274658203,72.19000244140625,28650400
2022-05-05,153.3271942138672,156.77000427246094,164.0800018310547,154.9499969482422,163.85000610351562,130525300,68.54064178466797,70.8550033569336,73.43000030517578,70.01000213623047,73.33999633789062,36442200
2022-05-06,154.052001953125,157.27999877929688,159.44000244140625,154.17999267578125,156.00999450683594,116124600,67.98925018310547,70.28500366210938,71.41000366210938,69.2300033569336,70.20999908447266,34862200
2022-05-09,148.9391326904297,152.05999755859375,155.8300018310547,151.49000549316406,154.92999267578125,131577900,65.35809326171875,67.56500244140625,69.45999908447266,67.25499725341797,69.01499938964844,41124600
2022-05-10,151.33883666992188,154.50999450683594,156.74000549316406,152.92999267578125,155.52000427246094,115366700,66.35445404052734,68.59500122070312,69.56500244140625,67.57499694824219,69.17500305175781,36370400
2022-05-11,143.49325561523438,146.5,155.4499969482422,145.80999755859375,153.5,142689800,64.26016998291016,66.43000030517578,69.26499938964844,66.2249984741211,67.9749984741211,34781800
2022-05-12,139.63412475585938,142.55999755859375,146.1999969482422,138.8000030517578,142.77000427246094,182602000,63.5975456237793,65.74500274658203,66.69999694824219,64.21499633789062,65.44499969482422,36506600
2022-05-13,144.09072875976562,147.11000061035156,148.10000610351562,143.11000061035156,144.58999633789062,113990900,65.7111587524414,67.93000030517578,68.26499938964844,66.20999908447266,66.63999938964844,24495400
2022-05-16,142.552978515625,145.5399932861328,147.52000427246094,144.17999267578125,145.5500030517578,86643800,65.1307601928711,67.33000183105469,68.23500061035156,66.75499725341797,67.36499786376953,17423400
2022-05-17,146.17701721191406,149.24000549316406,149.77000427246094,146.67999267578125,148.86000061035156,78336300,67.01705932617188,69.27999877929688,69.38500213623047,68.0,68.77999877929688,18602200
2022-05-18,137.9298553466797,140.82000732421875,147.36000061035156,139.89999389648438,146.85000610351562,109742900,63.95060348510742,66.11000061035156,68.56500244140625,65.86000061035156,68.36499786376953,23670200
2022-05-19,134.5310516357422,137.35000610351562,141.66000366210938,136.60000610351562,139.8800048828125,136095600,63.24930953979492,65.38500213623047,66.51000213623047,65.07499694824219,65.61499786376953,20874800
2022-05-20,134.76611328125,137.58999633789062,140.6999969482422,132.61000061035156,139.08999633789062,137426100,63.389549255371094,65.52999877929688,66.4749984741211,63.52000045776367,66.29499816894531,20252600
2022-05-23,140.1728515625,143.11000061035156,143.25999450683594,137.64999389648438,137.7899932861328,117726300,64.84538269042969,67.03500366210938,67.12000274658203,65.52999877929688,65.73500061035156,17219600
2022-05-24,137.47927856445312,140.36000061035156,141.97000122070312,137.3300018310547,140.80999755859375,104132700,63.88288497924805,66.04000091552734,66.43499755859375,64.88500213623047,66.0999984741211,17122000
2022-05-25,137.635986328125,140.52000427246094,141.7899932861328,138.33999633789062,138.42999267578125,92482700,64.62774658203125,66.80999755859375,67.30500030517578,65.55500030517578,65.6050033569336,13656600
2022-05-26,140.8290557861328,143.77999877929688,144.33999633789062,137.13999938964844,137.38999938964844,90601500,66.1803207397461,68.41500091552734,68.70999908447266,66.27999877929688,66.41999816894531,15556600
2022-05-27,146.56881713867188,149.63999938964844,149.67999267578125,145.25999450683594,145.38999938964844,90978500,68.41971588134766,70.7300033569336,70.74500274658203,69.05000305175781,69.18000030517578,16281800
2022-05-31,145.7852325439453,148.83999633789062,150.66000366210938,146.83999633789062,149.07000732421875,103718400,67.93119812011719,70.2249984741211,70.91500091552734,69.54000091552734,70.45500183105469,19420800
2022-06-01,145.6578826904297,148.7100067138672,151.74000549316406,147.67999267578125,149.89999389648438,74286600,67.72806549072266,70.01499938964844,71.45999908447266,69.49500274658203,70.9800033569336,13304800
2022-06-02,148.10659790039062,151.2100067138672,151.27000427246094,146.86000061035156,147.8300018310547,72348100,69.3676986694336,71.70999908447266,71.71499633789062,69.19499969482422,69.5199966430664,13868400
2022-06-03,142.39625549316406,145.3800048828125,147.97000122070312,144.4600067138672,146.89999389648438,88570300,67.7087173461914,69.99500274658203,70.83499908447266,69.66999816894531,70.3499984741211,11263800
2022-06-06,143.140625,146.13999938964844,148.57000732421875,144.89999389648438,147.02999877929688,71598400,67.71356201171875,70.0,71.31500244140625,69.65499877929688,70.875,12589600
2022-06-07,145.6578826904297,148.7100067138672,149.0,144.10000610351562,144.35000610351562,67808200,68.52127838134766,70.83499908447266,70.97000122070312,69.11499786376953,69.25499725341797,11016600
2022-06-08,144.92327880859375,147.9600067138672,149.8699951171875,147.4600067138672,148.5800018310547,53950200,67.7474136352539,70.03500366210938,70.96499633789062,69.83999633789062,70.625,8814200
2022-06-09,139.71249389648438,142.63999938964844,147.9499969482422,142.52999877929688,147.0800018310547,69473000,65.93846893310547,68.16500091552734,70.20500183105469,68.1500015258789,69.5250015258789,9765200
2022-06-10,134.3155975341797,137.1300048828125,140.75999450683594,137.05999755859375,140.27999877929688,91437900,63.40406036376953,65.54499816894531,67.19999694824219,65.5250015258789,66.98999786376953,20886400
2022-06-13,129.1732940673828,131.8800048828125,135.1999969482422,131.44000244140625,132.8699951171875,122207100,60.593955993652344,62.63999938964844,64.08499908447266,62.40999984741211,63.47999954223633,36332600
2022-06-14,130.03526306152344,132.75999450683594,133.88999938964844,131.47999572753906,133.1300048828125,84784300,60.97605514526367,63.03499984741211,63.45500183105469,62.45000076293945,63.11000061035156,18250400
2022-06-15,132.65045166015625,135.42999267578125,137.33999633789062,132.16000366210938,134.2899932861328,91533000,62.26260757446289,64.36499786376953,65.31500244140625,62.95500183105469,63.81999969482422,25069600
2022-06-16,127.39068603515625,130.05999755859375,132.38999938964844,129.0399932861328,132.0800018310547,108123900,59.72818374633789,61.744998931884766,62.78499984741211,61.23500061035156,62.72999954223633,32690800
2022-06-17,128.85987854003906,131.55999755859375,133.0800018310547,129.80999755859375,130.07000732421875,134520300,60.27473831176758,62.310001373291016,62.900001525878906,61.29999923706055,61.73500061035156,27684200
2022-06-21,133.08145141601562,135.8699951171875,137.05999755859375,133.32000732421875,133.4199981689453,81000500,61.80855941772461,63.72999954223633,64.18000030517578,63.05500030517578,63.05500030517578,17245000
2022-06-22,132.5720977783203,135.35000610351562,137.75999450683594,133.91000366210938,134.7899932861328,73409200,61.546695709228516,63.459999084472656,64.33999633789062,62.86000061035156,63.03499984741211,15163400
2022-06-23,135.43215942382812,138.27000427246094,138.58999633789062,135.6300048828125,136.82000732421875,72433800,62.46805191040039,64.41000366210938,64.53500366210938,63.41999816894531,64.00499725341797,16042200
2022-06-24,138.7525634765625,141.66000366210938,141.91000366210938,139.77000427246094,139.89999389648438,89116800,64.7132568359375,66.7249984741211,66.73999786376953,65.1500015258789,65.1500015258789,25492200
2022-06-27,138.7525634765625,141.66000366210938,143.49000549316406,140.97000122070312,142.6999969482422,70207900,64.27681732177734,66.2750015258789,67.13999938964844,65.9749984741211,66.94000244140625,13917200
2022-06-28,134.6191864013672,137.44000244140625,143.4199981689453,137.32000732421875,142.1300048828125,67083400,62.35166931152344,64.29000091552734,66.99500274658203,64.26000213623047,66.33499908447266,15260800
2022-06-29,136.37242126464844,139.22999572753906,140.6699981689453,136.6699981689453,137.4600067138672,66242400,62.47774887084961,64.41999816894531,64.80500030517578,63.689998626708984,64.20999908447266,13607200
2022-06-30,133.9140167236328,136.72000122070312,138.3699951171875,133.77000427246094,137.25,98964500,61.643672943115234,63.560001373291016,64.36000061035156,62.55500030517578,63.564998626708984,15720400
2022-07-01,136.07861328125,138.92999267578125,139.0399932861328,135.66000366210938,136.0399932861328,71051600,61.7843017578125,63.70500183105469,63.8650016784668,62.6150016784668,63.15999984741211,13930600
2022-07-05,138.65463256835938,141.55999755859375,141.61000061035156,136.92999267578125,137.77000427246094,73353800,62.5601921081543,64.50499725341797,64.5199966430664,62.47999954223633,62.84000015258789,14341000
2022-07-06,139.9867401123047,142.9199981689453,144.1199951171875,141.0800018310547,141.35000610351562,74064300,63.098445892333984,65.05999755859375,65.58000183105469,64.32499694824219,64.6449966430664,16167000
2022-07-07,143.3463134765625,146.35000610351562,146.5500030517578,143.27999877929688,143.2899932861328,66253700,64.40288543701172,66.40499877929688,66.55500030517578,65.34500122070312,65.34500122070312,13082200
2022-07-08,144.0221710205078,147.0399932861328,147.5500030517578,145.0,145.25999450683594,64547800,64.4320068359375,66.43499755859375,66.6500015258789,65.48999786376953,65.69499969482422,12627000
2022-07-11,141.89671325683594,144.8699951171875,146.63999938964844,143.77999877929688,145.6699981689453,63141600,63.544578552246094,65.5199966430664,66.13999938964844,65.06999969482422,65.8550033569336,11416600
2022-07-12,142.86639404296875,145.86000061035156,148.4499969482422,145.0500030517578,145.75999450683594,77588800,62.67658233642578,64.625,66.12999725341797,64.24500274658203,65.76000213623047,16553400
2022-07-13,142.50396728515625,145.49000549316406,146.4499969482422,142.1199951171875,142.99000549316406,71185600,62.51170349121094,64.45500183105469,64.87000274658203,63.130001068115234,63.40999984741211,15162600
2022-07-14,145.42283630371094,148.47000122070312,148.9499969482422,143.25,144.0800018310547,78140700,63.08391571044922,65.04499816894531,65.2750015258789,63.1150016784668,63.939998626708984,13728800
2022-07-15,147.08792114257812,150.1699981689453,150.86000061035156,148.1999969482422,149.77999877929688,76259900,64.19439697265625,66.19000244140625,66.22000122070312,65.3949966430664,65.66999816894531,13529200
2022-07-18,144.05157470703125,147.07000732421875,151.57000732421875,146.6999969482422,150.74000549316406,81420900,63.57367706298828,65.55000305175781,67.08000183105469,65.30000305175781,66.83999633789062,9897600
2022-07-19,147.90087890625,151.0,151.22999572753906,146.91000366210938,147.9199981689453,82982400,65.51337432861328,67.55000305175781,67.62000274658203,65.87999725341797,66.27999877929688,12330600
2022-07-20,149.8990478515625,153.0399932861328,153.72000122070312,150.3699951171875,151.1199951171875,64823400,66.53657531738281,68.6050033569336,68.88999938964844,67.37999725341797,67.55999755859375,12537200
2022-07-21,152.16160583496094,155.35000610351562,155.57000732421875,151.94000244140625,154.5,65086600,67.47248077392578,69.56999969482422,69.58499908447266,67.9749984741211,68.69000244140625,12957600
2022-07-22,150.92745971679688,154.08999633789062,156.27999877929688,153.41000366210938,155.38999938964844,66675400,66.54141998291016,68.61000061035156,69.82499694824219,68.21499633789062,69.54000091552734,10583600
2022-07-25,149.8108673095703,152.9499969482422,155.0399932861328,152.27999877929688,154.00999450683594,53623900,66.11954498291016,68.17500305175781,68.65499877929688,67.66000366210938,68.58000183105469,13951200
2022-07-26,148.48858642578125,151.60000610351562,153.08999633789062,150.8000030517578,152.25999450683594,55138700,65.0478515625,67.06999969482422,68.13999938964844,66.81999969482422,68.12000274658203,10167800
2022-07-27,153.57205200195312,156.7899932861328,157.3300018310547,152.16000366210938,152.5800018310547,78620700,67.84587860107422,69.95500183105469,70.31999969482422,68.07499694824219,68.17500305175781,17076200
2022-07-28,154.12060546875,157.35000610351562,157.63999938964844,154.41000366210938,156.97999572753906,81378700,68.87876892089844,71.0199966430664,71.18000030517578,69.41000366210938,70.03500366210938,12408000
2022-07-29,159.1746368408203,162.50999450683594,163.6300048828125,159.5,161.24000549316406,101786900,69.93590545654297,72.11000061035156,72.33499908447266,70.94000244140625,71.23999786376953,10177400
2022-08-01,158.1951904296875,161.50999450683594,163.58999633789062,160.88999938964844,161.00999450683594,67829400,69.78558349609375,71.95500183105469,72.67500305175781,71.28500366210938,71.45999908447266,12515800
2022-08-02,156.72596740722656,160.00999450683594,162.41000366210938,159.6300048828125,160.10000610351562,59907000,69.29095458984375,71.44499969482422,72.2699966430664,70.83000183105469,71.33499908447266,15921800
2022-08-03,162.7203826904297,166.1300048828125,166.58999633789062,160.75,160.83999633789062,82507500,71.13365936279297,73.34500122070312,73.55000305175781,71.77999877929688,71.79499816894531,14243200
2022-08-04,162.40695190429688,165.80999755859375,167.19000244140625,164.42999267578125,166.00999450683594,55474100,71.45856475830078,73.68000030517578,73.71499633789062,72.8499984741211,73.31999969482422,11679800
2022-08-05,162.1813507080078,165.35000610351562,165.85000610351562,163.0,163.2100067138672,56697000,71.293701171875,73.51000213623047,73.71499633789062,72.44000244140625,72.5,7921000
2022-08-08,161.7105255126953,164.8699951171875,167.80999755859375,164.1999969482422,166.3699951171875,60276900,70.68753051757812,72.88500213623047,74.01499938964844,72.48999786376953,73.44499969482422,11102200
2022-08-09,161.75958251953125,164.9199981689453,165.82000732421875,163.25,164.02000427246094,63135500,69.97954559326172,72.15499877929688,72.44000244140625,71.76499938964844,72.29499816894531,8565600
2022-08-10,165.99681091308594,169.24000549316406,169.33999633789062,166.89999389648438,167.67999267578125,70170500,71.89014434814453,74.125,74.18499755859375,73.27999877929688,73.87000274658203,19273200
2022-08-11,165.26121520996094,168.49000549316406,170.99000549316406,168.19000244140625,170.05999755859375,57149200,71.60888671875,73.83499908447266,75.0250015258789,73.69999694824219,74.58999633789062,11025800
2022-08-12,168.80198669433594,172.10000610351562,172.1699981689453,169.39999389648438,169.82000732421875,68039400,73.03456115722656,75.30500030517578,75.30999755859375,74.08999633789062,74.31999969482422,8093600
2022-08-15,169.87110900878906,173.19000244140625,173.38999938964844,171.35000610351562,171.52000427246094,54091700,73.49524688720703,75.77999877929688,75.88999938964844,74.91999816894531,75.00499725341797,7162600
2022-08-16,169.71420288085938,173.02999877929688,173.7100067138672,171.66000366210938,172.77999877929688,56377100,73.29643249511719,75.57499694824219,75.93000030517578,74.87000274658203,75.43499755859375,10990600
2022-08-17,171.20504760742188,174.5500030517578,176.14999389648438,172.57000732421875,172.77000427246094,79542000,72.77271270751953,75.03500366210938,75.61000061035156,74.49500274658203,74.88500213623047,12632800
2022-08-18,170.8126983642578,174.14999389648438,174.89999389648438,173.1199951171875,173.75,62290100,73.15094757080078,75.42500305175781,75.7249984741211,74.81999969482422,75.11000061035156,9976800
2022-08-19,168.2331085205078,171.52000427246094,173.74000549316406,171.30999755859375,173.02999877929688,70346300,71.822265625,74.05500030517578,74.8949966430664,73.88999938964844,74.80500030517578,10146200
2022-08-22,164.35879516601562,167.57000732421875,169.86000061035156,167.13999938964844,169.69000244140625,69026800,69.81951904296875,71.98999786376953,73.06999969482422,71.80999755859375,73.04499816894531,10744200
2022-08-23,164.02532958984375,167.22999572753906,168.7100067138672,166.64999389648438,167.0800018310547,54147100,69.63524627685547,71.80000305175781,72.55999755859375,71.70500183105469,71.8499984741211,14777200
2022-08-24,164.31956481933594,167.52999877929688,168.11000061035156,166.25,167.32000732421875,53841500,69.67889404296875,71.84500122070312,72.1500015258789,71.44999694824219,71.75,8983200
2022-08-25,166.77166748046875,170.02999877929688,170.13999938964844,168.35000610351562,168.77999877929688,51218200,70.85724639892578,73.05999755859375,73.06500244140625,71.93499755859375,72.02999877929688,7126600
2022-08-26,160.48451232910156,163.6199951171875,171.0500030517578,163.55999755859375,170.57000732421875,78961000,67.8313217163086,69.94000244140625,73.20500183105469,69.88999938964844,73.02999877929688,14321800
2022-08-29,158.2874755859375,161.3800048828125,162.89999389648438,159.82000732421875,161.14999389648438,73314000,66.93419647216797,69.01499938964844,69.69000244140625,68.75,69.18499755859375,13231600
2022-08-30,155.86473083496094,158.91000366210938,162.55999755859375,157.72000122070312,162.1300048828125,77906200,66.23591613769531,68.29499816894531,69.5250015258789,67.67500305175781,69.40499877929688,13268800
2022-08-31,154.20709228515625,157.22000122070312,160.5800018310547,157.13999938964844,160.30999755859375,87991100,65.59097290039062,67.62999725341797,68.92500305175781,67.59500122070312,68.70500183105469,14171400
2022-09-01,154.93296813964844,157.9600067138672,158.4199981689453,154.6699981689453,156.63999938964844,74229900,65.27094268798828,67.30000305175781,67.38500213623047,65.88999938964844,66.97000122070312,15988600
2022-09-02,152.82415771484375,155.80999755859375,160.36000061035156,154.97000122070312,159.75,76957800,64.42233276367188,66.42500305175781,68.37999725341797,66.07499694824219,67.99500274658203,16606600
2022-09-06,151.56866455078125,154.52999877929688,157.08999633789062,153.69000244140625,156.47000122070312,73714800,63.99555969238281,65.98500061035156,66.80000305175781,65.55000305175781,66.51499938964844,14990000
2022-09-07,152.9712677001953,155.9600067138672,156.6699981689453,153.61000061035156,154.82000732421875,87449600,65.01874542236328,67.04000091552734,67.30999755859375,65.88999938964844,66.11499786376953,11657000
2022-09-08,151.5000457763672,154.4600067138672,156.36000061035156,152.67999267578125,154.63999938964844,84923800,65.24181365966797,67.2699966430664,67.62000274658203,66.24500274658203,66.54499816894531,11210600
2022-09-09,154.35427856445312,157.3699951171875,157.82000732421875,154.75,155.47000122070312,68028800,66.53174591064453,68.5999984741211,68.78500366210938,67.69999694824219,67.83000183105469,11418600
2022-09-12,160.29811096191406,163.42999267578125,164.25999450683594,159.3000030517578,159.58999633789062,104956000,67.59855651855469,69.69999694824219,69.7300033569336,69.01499938964844,69.0250015258789,10181000
2022-09-13,150.89190673828125,153.83999633789062,160.5399932861328,153.3699951171875,159.89999389648438,122656600,64.0101318359375,66.0,68.08999633789062,65.81999969482422,67.70999908447266,20148800
2022-09-14,152.333740234375,155.30999755859375,157.10000610351562,153.61000061035156,154.7899932861328,87965400,64.24286651611328,66.23999786376953,66.7249984741211,65.6050033569336,66.30999755859375,13229200
2022-09-15,149.45008850097656,152.3699951171875,155.24000549316406,151.3800048828125,154.64999389648438,90481100,62.76385498046875,64.71499633789062,66.11000061035156,64.32499694824219,65.70999908447266,14885200
2022-09-16,147.81207275390625,150.6999969482422,151.35000610351562,148.3699951171875,151.2100067138672,162278800,62.41471481323242,64.3550033569336,64.48999786376953,63.439998626708984,64.1500015258789,20762200
2022-09-19,151.51966857910156,154.47999572753906,154.55999755859375,149.10000610351562,149.30999755859375,81474200,62.92367935180664,64.72000122070312,64.77999877929688,63.51499938964844,63.55500030517578,15683000
2022-09-20,153.89328002929688,156.89999389648438,158.0800018310547,153.0800018310547,153.39999389648438,107689800,62.55421829223633,64.33999633789062,64.74500274658203,63.779998779296875,64.11499786376953,12109400
2022-09-21,150.77423095703125,153.72000122070312,158.74000549316406,153.60000610351562,157.33999633789062,101696800,61.577125549316406,63.334999084472656,65.625,63.32500076293945,64.67500305175781,16808800
2022-09-22,149.81300354003906,152.74000549316406,154.47000122070312,150.91000366210938,152.3800048828125,86652500,60.95001983642578,62.689998626708984,63.380001068115234,62.334999084472656,62.97999954223633,16033800
2022-09-23,147.54725646972656,150.42999267578125,151.47000122070312,148.55999755859375,151.19000244140625,96029900,60.15277862548828,61.869998931884766,62.21500015258789,61.05500030517578,62.119998931884766,19396200
2022-09-26,147.8807373046875,150.77000427246094,153.77000427246094,149.63999938964844,149.66000366210938,93339400,59.73471450805664,61.439998626708984,62.71500015258789,61.26499938964844,61.68000030517578,17193600
2022-09-27,148.85174560546875,151.75999450683594,154.72000122070312,149.9499969482422,152.74000549316406,84442700,59.81250762939453,61.52000045776367,62.84000015258789,60.95000076293945,62.255001068115234,18714800
2022-09-28,146.96856689453125,149.83999633789062,150.63999938964844,144.83999633789062,147.63999938964844,146691400,60.4444580078125,62.16999816894531,62.470001220703125,60.63999938964844,61.11000061035156,18933400
2022-09-29,139.74960327148438,142.47999572753906,146.72000122070312,140.67999267578125,146.10000610351562,128138200,58.86941909790039,60.54999923706055,61.41999816894531,59.834999084472656,61.279998779296875,31096600
2022-09-30,135.55165100097656,138.1999969482422,143.10000610351562,138.0,141.27999877929688,124925300,57.741615295410156,59.38999938964844,61.20000076293945,59.279998779296875,60.30500030517578,19513000
2022-10-03,139.72018432617188,142.4499969482422,143.07000732421875,137.69000244140625,138.2100067138672,114311700,59.53055191040039,61.22999954223633,61.595001220703125,59.630001068115234,59.86000061035156,17332200
2022-10-04,143.3002471923828,146.10000610351562,146.22000122070312,144.25999450683594,145.02999877929688,87830100,61.52851104736328,63.28499984741211,63.35499954223633,62.42499923706055,62.470001220703125,17779000
2022-10-05,143.594482421875,146.39999389648438,147.3800048828125,143.00999450683594,144.07000732421875,79471000,61.732688903808594,63.494998931884766,63.95500183105469,62.064998626708984,62.43000030517578,14600400
2022-10-06,142.64308166503906,145.42999267578125,147.5399932861328,145.22000122070312,145.80999755859375,68402200,61.22711181640625,62.974998474121094,64.0250015258789,62.900001525878906,63.33000183105469,14348200
2022-10-07,137.4053955078125,140.08999633789062,143.10000610351562,139.4499969482422,142.5399932861328,85925600,58.70899963378906,60.3849983215332,61.69499969482422,60.060001373291016,61.689998626708984,15749000
2022-10-10,137.72909545898438,140.4199981689453,141.88999938964844,138.57000732421875,140.4199981689453,74899000,57.7221794128418,59.369998931884766,60.470001220703125,58.775001525878906,60.3849983215332,16706200
2022-10-11,136.316650390625,138.97999572753906,141.35000610351562,138.22000122070312,139.89999389648438,77033700,56.837425231933594,58.459999084472656,59.439998626708984,58.025001525878906,59.029998779296875,21044800
2022-10-12,135.68893432617188,138.33999633789062,140.36000061035156,138.16000366210938,139.1300048828125,70433700,56.66242218017578,58.279998779296875,58.904998779296875,58.18000030517578,58.505001068115234,14111600
2022-10-13,140.24984741210938,142.99000549316406,143.58999633789062,134.3699951171875,134.99000549316406,113224000,58.42219543457031,60.09000015258789,60.404998779296875,56.48500061035156,56.70500183105469,38114600
2022-10-14,135.7281951904297,138.3800048828125,144.52000427246094,138.19000244140625,144.30999755859375,88598000,56.77909851074219,58.400001525878906,60.709999084472656,58.30500030517578,60.58000183105469,22484000
2022-10-17,139.6809539794922,142.41000366210938,142.89999389648438,140.27000427246094,141.07000732421875,85250900,58.50969696044922,60.18000030517578,60.47999954223633,59.66999816894531,59.83000183105469,14599600
2022-10-18,140.99526977539062,143.75,146.6999969482422,140.61000061035156,145.49000549316406,99136600,59.00553512573242,60.689998626708984,61.959999084472656,59.92499923706055,61.7400016784668,13998000
2022-10-19,141.1031494140625,143.86000061035156,144.9499969482422,141.5,141.69000244140625,61758300,58.835391998291016,60.51499938964844,61.1150016784668,59.904998779296875,60.15999984741211,10984000
2022-10-20,140.64219665527344,143.38999938964844,145.88999938964844,142.64999389648438,143.02000427246094,64522000,58.86941909790039,60.54999923706055,61.8650016784668,60.25,60.53499984741211,12429600
2022-10-21,144.44784545898438,147.27000427246094,147.85000610351562,142.64999389648438,142.8699951171875,86548600,60.4444580078125,62.16999816894531,62.29999923706055,60.19499969482422,60.400001525878906,17126000
2022-10-24,146.58599853515625,149.4499969482422,150.22999572753906,146.0,147.19000244140625,75981900,61.28059005737305,63.029998779296875,63.2599983215332,61.67499923706055,62.435001373291016,13385200
2022-10-25,149.42066955566406,152.33999633789062,152.49000549316406,149.36000061035156,150.08999633789062,74732300,62.45214080810547,64.23500061035156,64.27999877929688,63.185001373291016,63.185001373291016,10265000
2022-10-26,146.48793029785156,149.35000610351562,151.99000549316406,148.0399932861328,150.9600067138672,88194300,61.06183624267578,62.80500030517578,64.12999725341797,62.51499938964844,62.6150016784668,15169400
2022-10-27,142.02516174316406,144.8000030517578,149.0500030517578,144.1300048828125,148.07000732421875,109180200,60.366676330566406,62.09000015258789,63.42499923706055,61.94499969482422,63.040000915527344,11694800
2022-10-28,152.7554931640625,155.74000549316406,157.5,147.82000732421875,148.1999969482422,164762400,62.99174118041992,64.79000091552734,64.92500305175781,62.435001373291016,62.435001373291016,14935400
2022-10-31,150.4014892578125,153.33999633789062,154.24000549316406,151.9199981689453,153.16000366210938,97943200,62.16047286987305,63.935001373291016,64.31999969482422,63.55500030517578,64.1449966430664,13292200
2022-11-01,147.76304626464844,150.64999389648438,155.4499969482422,149.1300048828125,155.0800018310547,80379300,61.64031219482422,63.400001525878906,64.84500122070312,63.125,64.7300033569336,9413200
2022-11-02,142.25074768066406,145.02999877929688,152.1699981689453,145.0,148.9499969482422,93604600,59.511104583740234,61.209999084472656,64.16999816894531,61.189998626708984,63.35499954223633,18092400
2022-11-03,136.2185821533203,138.8800048828125,142.8000030517578,138.75,142.05999755859375,97918500,57.76106262207031,59.40999984741211,60.46500015258789,59.3650016784668,60.35499954223633,16010600
2022-11-04,135.95333862304688,138.3800048828125,142.6699981689453,134.3800048828125,142.08999633789062,140814800,58.815940856933594,60.494998931884766,60.810001373291016,59.11000061035156,60.64500045776367,17896200
2022-11-07,136.48388671875,138.9199981689453,139.14999389648438,135.6699981689453,137.11000061035156,83374600,59.797916412353516,61.505001068115234,61.60499954223633,60.16999816894531,60.599998474121094,10427600
2022-11-08,137.05368041992188,139.5,141.42999267578125,137.49000549316406,140.41000366210938,89908500,60.37153625488281,62.095001220703125,62.845001220703125,61.18000030517578,62.01499938964844,12722000
2022-11-09,132.50486755371094,134.8699951171875,138.5500030517578,134.58999633789062,138.5,74917800,58.80136489868164,60.47999954223633,61.54499816894531,60.38999938964844,61.52000045776367,11962600
2022-11-10,144.29441833496094,146.8699951171875,146.8699951171875,139.5,141.24000549316406,118854000,63.6334228515625,65.44999694824219,65.5199966430664,63.14500045776367,63.46500015258789,27932200
2022-11-11,147.07481384277344,149.6999969482422,150.00999450683594,144.3699951171875,145.82000732421875,93979700,64.72233581542969,66.56999969482422,66.79000091552734,65.06999969482422,65.38999938964844,15977800
2022-11-14,145.67971801757812,148.27999877929688,150.27999877929688,147.42999267578125,148.97000122070312,73374100,64.16817474365234,66.0,66.82499694824219,65.68499755859375,66.04499816894531,14526600
2022-11-15,147.40887451171875,150.0399932861328,153.58999633789062,148.55999755859375,152.22000122070312,89868300,64.94595336914062,66.80000305175781,67.7750015258789,66.12999725341797,67.5,12716200
2022-11-16,146.1807403564453,148.7899932861328,149.8699951171875,147.2899932861328,149.1300048828125,64218300,64.05635070800781,65.88500213623047,66.4800033569336,65.61000061035156,66.28500366210938,10095800
2022-11-17,148.07693481445312,150.72000122070312,151.47999572753906,146.14999389648438,146.42999267578125,80389400,64.13899230957031,65.97000122070312,66.2750015258789,64.80999755859375,64.83499908447266,8149600
2022-11-18,148.63694763183594,151.2899932861328,152.6999969482422,149.97000122070312,152.30999755859375,74829600,64.2118911743164,66.04499816894531,66.73500061035156,65.48999786376953,66.71499633789062,11912400
2022-11-21,145.41445922851562,148.00999450683594,150.3699951171875,147.72000122070312,150.16000366210938,58724100,63.52162551879883,65.33499908447266,65.94000244140625,65.20500183105469,65.66999816894531,8363800
2022-11-22,147.54641723632812,150.17999267578125,150.4199981689453,146.92999267578125,148.1300048828125,51804100,64.75151062011719,66.5999984741211,66.63500213623047,65.1500015258789,65.62000274658203,9019200
2022-11-23,148.42079162597656,151.07000732421875,151.8300018310547,149.33999633789062,149.4499969482422,58301400,65.32512664794922,67.19000244140625,67.38999938964844,66.41000366210938,66.45500183105469,9480600
2022-11-25,145.51271057128906,148.11000061035156,148.8800048828125,147.1199951171875,148.30999755859375,35195900,64.94595336914062,66.80000305175781,67.00499725341797,66.6050033569336,66.73500061035156,3263000
2022-11-28,141.69091796875,144.22000122070312,146.63999938964844,143.3800048828125,145.13999938964844,69246000,63.55564498901367,65.37000274658203,66.47000122070312,65.1050033569336,66.04499816894531,13030200
2022-11-29,138.69439697265625,141.1699981689453,144.80999755859375,140.35000610351562,144.2899932861328,83763800,62.933414459228516,64.7300033569336,65.4800033569336,64.46499633789062,65.28500366210938,11570200
2022-11-30,145.43409729003906,148.02999877929688,148.72000122070312,140.5500030517578,141.39999389648438,111380900,66.09320068359375,67.9800033569336,67.98999786376953,64.63500213623047,64.69999694824219,23334400
2022-12-01,145.7091827392578,148.30999755859375,149.1300048828125,146.61000061035156,148.2100067138672,71250400,66.18556213378906,68.07499694824219,68.4000015258789,67.23500061035156,68.04499816894531,15165800
2022-12-02,145.2179412841797,147.80999755859375,148.0,145.64999389648438,145.9600067138672,65447400,65.801513671875,67.68000030517578,67.90499877929688,66.67500305175781,66.93499755859375,8934400
2022-12-05,144.05862426757812,146.6300048828125,150.9199981689453,145.77000427246094,147.77000427246094,68826400,64.707763671875,66.55500030517578,67.53500366210938,66.11499786376953,67.16000366210938,11526200
2022-12-06,140.40390014648438,142.91000366210938,147.3000030517578,141.9199981689453,147.07000732421875,64727200,63.322288513183594,65.12999725341797,66.58499908447266,64.70999908447266,66.48500061035156,11799200
2022-12-07,138.4684600830078,140.94000244140625,143.3699951171875,140.0,142.19000244140625,69721100,63.00146484375,64.80000305175781,65.30000305175781,64.33499908447266,64.8949966430664,10413800
2022-12-08,140.14845275878906,142.64999389648438,143.52000427246094,141.10000610351562,142.36000061035156,62128300,64.03204345703125,65.86000061035156,66.05000305175781,64.7699966430664,65.16000366210938,8965800
2022-12-09,139.6670684814453,142.16000366210938,145.57000732421875,140.89999389648438,142.33999633789062,76097000,63.63827896118164,65.45500183105469,66.375,65.20999908447266,65.56500244140625,10402800
2022-12-12,141.9561767578125,144.49000549316406,144.5,141.05999755859375,142.6999969482422,70462700,65.0285873413086,66.88500213623047,66.88500213623047,65.54000091552734,65.55999755859375,14806200
2022-12-13,142.9189910888672,145.47000122070312,149.97000122070312,144.24000549316406,149.5,93886200,65.79666900634766,67.67500305175781,69.66500091552734,66.98999786376953,69.31999969482422,18607600
2022-12-14,140.69862365722656,143.2100067138672,146.66000366210938,141.16000366210938,145.35000610351562,82291200,65.24250030517578,67.1050033569336,68.4000015258789,66.31999969482422,67.61000061035156,19541000
2022-12-15,134.10629272460938,136.5,141.8000030517578,136.02999877929688,141.11000061035156,98931900,62.802154541015625,64.59500122070312,66.25,64.3499984741211,66.00499725341797,19223800
2022-12-16,132.1511993408203,134.50999450683594,137.64999389648438,133.72999572753906,136.69000244140625,160156900,61.970890045166016,63.7400016784668,64.75499725341797,63.415000915527344,64.375,23999200
2022-12-19,130.0487518310547,132.3699951171875,135.1999969482422,131.32000732421875,135.11000061035156,79592600,61.14454650878906,62.709999084472656,63.665000915527344,62.29499816894531,63.564998626708984,14276600
2022-12-20,129.97998046875,132.3000030517578,133.25,129.88999938964844,131.38999938964844,77432800,61.23716354370117,62.80500030517578,63.125,62.08000183105469,62.380001068115234,12622000
2022-12-21,133.07469177246094,135.4499969482422,136.80999755859375,132.75,132.97999572753906,85928000,62.25121307373047,63.845001220703125,64.1449966430664,62.939998626708984,63.095001220703125,14670600
2022-12-22,129.91114807128906,132.22999572753906,134.55999755859375,130.3000030517578,134.35000610351562,77852100,60.681400299072266,62.23500061035156,63.1150016784668,61.18000030517578,63.04499816894531,15323600
2022-12-23,129.5476531982422,131.86000061035156,132.4199981689453,129.63999938964844,130.9199981689453,63814900,60.74477767944336,62.29999923706055,62.36000061035156,61.334999084472656,61.790000915527344,8231600
2022-12-27,127.74979400634766,130.02999877929688,131.41000366210938,128.72000122070312,131.3800048828125,69007800,60.169498443603516,61.709999084472656,62.19499969482422,61.345001220703125,62.084999084472656,9530200
2022-12-28,123.8297348022461,126.04000091552734,131.02999877929688,125.87000274658203,129.6699981689453,85438400,59.19933319091797,60.71500015258789,62.1349983215332,60.64500045776367,61.560001373291016,10362600
2022-12-29,127.33714294433594,129.61000061035156,130.47999572753906,127.7300033569336,127.98999786376953,75703700,60.74964904785156,62.30500030517578,62.51499938964844,61.30500030517578,61.310001373291016,10954200
2022-12-30,127.65150451660156,129.92999267578125,129.9499969482422,127.43000030517578,128.41000366210938,77034200,60.666770935058594,62.220001220703125,62.255001068115234,61.275001525878906,61.65999984741211,8905800
2023-01-03,122.8767318725586,125.06999969482422,130.89999389648438,124.16999816894531,130.27999877929688,112117500,60.09149932861328,61.630001068115234,63.29999923706055,61.189998626708984,62.8849983215332,15196200
2023-01-04,124.14411926269531,126.36000061035156,128.66000366210938,125.08000183105469,126.88999938964844,89113600,60.247501373291016,61.790000915527344,62.185001373291016,61.11000061035156,61.95000076293945,11813000
2023-01-05,122.82760620117188,125.0199966430664,127.7699966430664,124.76000213623047,127.12999725341797,80962700,59.07746124267578,60.59000015258789,61.63999938964844,60.48500061035156,61.47999954223633,11341000
2023-01-06,127.34693145751953,129.6199951171875,130.2899932861328,124.88999938964844,126.01000213623047,87754700,60.80815505981445,62.3650016784668,62.64500045776367,60.404998779296875,61.125,13825400
2023-01-09,127.86766052246094,130.14999389648438,133.41000366210938,129.88999938964844,130.47000122070312,70790800,61.51504898071289,63.09000015258789,64.23999786376953,62.904998779296875,62.92499923706055,21427200
2023-01-10,128.4374542236328,130.72999572753906,131.25999450683594,128.1199951171875,130.25999450683594,63896200,61.89531707763672,63.47999954223633,63.58000183105469,62.599998474121094,62.935001373291016,17209000
2023-01-11,131.14910888671875,133.49000549316406,133.50999450683594,130.4600067138672,131.25,69458900,62.967857360839844,64.58000183105469,64.58000183105469,63.48500061035156,63.68000030517578,13758000
2023-01-12,131.0704803466797,133.41000366210938,134.25999450683594,131.44000244140625,133.8800048828125,71379600,63.43586349487305,65.05999755859375,65.3550033569336,63.88999938964844,64.68000030517578,15358600
2023-01-13,132.39682006835938,134.75999450683594,134.9199981689453,131.66000366210938,132.02999877929688,57809700,63.61625671386719,65.24500274658203,65.33999633789062,64.29499816894531,64.44499969482422,10153200
2023-01-17,133.5561065673828,135.94000244140625,137.2899932861328,134.1300048828125,134.8300018310547,63646600,63.90388107299805,65.54000091552734,65.92500305175781,65.07499694824219,65.15499877929688,10425800
2023-01-18,132.8389434814453,135.2100067138672,138.61000061035156,135.02999877929688,136.82000732421875,69672800,63.07999801635742,64.69499969482422,66.26000213623047,64.65499877929688,65.91000366210938,13936000
2023-01-19,132.89784240722656,135.27000427246094,136.25,133.77000427246094,134.0800018310547,58280400,62.34383773803711,63.939998626708984,64.55000305175781,63.70500183105469,64.19000244140625,14645000
2023-01-20,135.45225524902344,137.8699951171875,138.02000427246094,134.22000122070312,135.27999877929688,80223600,64.03064727783203,65.66999816894531,65.72000122070312,64.02999877929688,64.26000213623047,14127800
2023-01-23,138.6354522705078,141.11000061035156,143.32000732421875,137.89999389648438,138.1199951171875,81760300,65.48832702636719,67.16500091552734,67.55000305175781,65.78500366210938,65.93499755859375,23472600
2023-01-24,140.03053283691406,142.52999877929688,143.16000366210938,140.3000030517578,140.30999755859375,66435100,65.4590835571289,67.13500213623047,67.38999938964844,66.68499755859375,66.78500366210938,12575600
2023-01-25,139.372314453125,141.86000061035156,142.42999267578125,138.80999755859375,140.88999938964844,65799300,65.32257080078125,66.99500274658203,67.16500091552734,65.38500213623047,66.0,14342200
2023-01-26,141.43548583984375,143.9600067138672,144.25,141.89999389648438,143.1699981689453,54105100,66.3658676147461,68.06500244140625,68.09500122070312,66.94999694824219,67.6500015258789,11161800
2023-01-27,143.37091064453125,145.92999267578125,147.22999572753906,143.0800018310547,143.16000366210938,70555800,66.64374542236328,68.3499984741211,68.83000183105469,67.6050033569336,67.63500213623047,13549400
2023-01-30,140.49232482910156,143.0,145.5500030517578,142.85000610351562,144.9600067138672,64015300,65.37133026123047,67.04499816894531,67.86000061035156,66.98999786376953,67.56500244140625,9705600
2023-01-31,141.75967407226562,144.2899932861328,144.33999633789062,142.27999877929688,142.6999969482422,65874500,66.2829818725586,67.9800033569336,68.01000213623047,67.0,67.04499816894531,8871600
2023-02-01,142.8797149658203,145.42999267578125,146.61000061035156,141.32000732421875,143.97000122070312,77663600,67.84304809570312,69.58000183105469,70.13500213623047,67.6050033569336,67.93000030517578,18852800
2023-02-02,148.1752166748047,150.82000732421875,151.17999267578125,148.1699981689453,148.89999389648438,118339000,69.69560241699219,71.4800033569336,71.87999725341797,70.44499969482422,70.7699966430664,18824000
2023-02-03,151.79063415527344,154.5,157.3800048828125,147.8300018310547,148.02999877929688,154357300,69.11546325683594,70.88500213623047,72.04499816894531,70.1449966430664,70.25,16145400
2023-02-06,149.0692138671875,151.72999572753906,153.10000610351562,150.77999877929688,152.57000732421875,69858300,68.27204895019531,70.0199966430664,70.6500015258789,69.75499725341797,70.0999984741211,12977400
2023-02-07,151.93800354003906,154.64999389648438,155.22999572753906,150.63999938964844,150.63999938964844,83322600,69.97836303710938,71.7699966430664,72.04000091552734,70.09500122070312,70.125,15708200
2023-02-08,149.25588989257812,151.9199981689453,154.5800018310547,151.1699981689453,153.8800048828125,64120100,69.13495635986328,70.90499877929688,72.29499816894531,70.76000213623047,71.91000366210938,12577000
2023-02-09,148.2242889404297,150.8699951171875,154.3300018310547,150.4199981689453,153.77999877929688,56007100,68.75469970703125,70.51499938964844,72.12000274658203,70.23500061035156,72.0,12624000
2023-02-10,148.58834838867188,151.00999450683594,151.33999633789062,149.22000122070312,149.4600067138672,57450700,68.43782043457031,70.19000244140625,70.43000030517578,69.5250015258789,69.98999786376953,9861600
2023-02-13,151.38284301757812,153.85000610351562,154.25999450683594,150.9199981689453,150.9499969482422,62199000,69.62248229980469,71.40499877929688,71.55999755859375,70.41999816894531,70.46499633789062,8411800
2023-02-14,150.7432403564453,153.1999969482422,153.77000427246094,150.86000061035156,152.1199951171875,61707600,69.91986083984375,71.70999908447266,72.11499786376953,70.625,71.06999969482422,12622000
2023-02-15,152.8390655517578,155.3300018310547,155.5,152.8800048828125,153.11000061035156,65573800,70.24649810791016,72.04499816894531,72.05000305175781,71.1050033569336,71.2750015258789,10491000
2023-02-16,151.24508666992188,153.7100067138672,156.3300018310547,153.35000610351562,153.50999450683594,68167900,69.0277099609375,70.79499816894531,71.80500030517578,70.73999786376953,71.0,13001200
2023-02-17,150.10369873046875,152.5500030517578,153.0,150.85000610351562,152.35000610351562,59144100,68.16481018066406,69.91000366210938,70.37000274658203,69.30000305175781,70.29000091552734,10606600
2023-02-21,146.09893798828125,148.47999572753906,151.3000030517578,148.41000366210938,150.1999969482422,58867200,66.5462417602539,68.25,69.38999938964844,68.19000244140625,68.9749984741211,12277800
2023-02-22,146.5220489501953,148.91000366210938,149.9499969482422,147.16000366210938,148.8699951171875,51011300,66.44873809814453,68.1500015258789,68.69999694824219,67.82499694824219,68.38999938964844,14338400
2023-02-23,147.00418090820312,149.39999389648438,150.33999633789062,147.24000549316406,150.08999633789062,48394200,67.5505142211914,69.27999877929688,69.54000091552734,68.30500030517578,69.41999816894531,13120000
2023-02-24,144.3573455810547,146.7100067138672,147.19000244140625,145.72000122070312,147.11000061035156,55469600,66.34635925292969,68.04499816894531,68.33999633789062,67.6500015258789,68.05000305175781,14347400
2023-02-27,145.54791259765625,147.9199981689453,149.1699981689453,147.4499969482422,147.7100067138672,44998500,66.7022476196289,68.41000366210938,69.08000183105469,68.28500366210938,68.7300033569336,9389000
2023-02-28,145.04612731933594,147.41000366210938,149.0800018310547,146.8300018310547,147.0500030517578,50547000,66.55599212646484,68.26000213623047,68.91999816894531,68.06999969482422,68.19000244140625,10485800
2023-03-01,142.97979736328125,145.30999755859375,147.22999572753906,145.00999450683594,146.8300018310547,55479000,66.06848907470703,67.76000213623047,68.4000015258789,67.55000305175781,68.29000091552734,15069400
2023-03-02,143.57017517089844,145.91000366210938,146.7100067138672,143.89999389648438,144.3800048828125,52238100,66.88262176513672,68.59500122070312,68.80999755859375,67.45999908447266,67.57499694824219,10969400
2023-03-03,148.60801696777344,151.02999877929688,151.11000061035156,147.3300018310547,148.0399932861328,70732300,68.32079315185547,70.06999969482422,70.07499694824219,68.97000122070312,69.03500366210938,14439600
2023-03-06,151.3632049560547,153.8300018310547,156.3000030517578,153.4600067138672,153.7899932861328,87558000,68.64743041992188,70.40499877929688,71.36000061035156,70.3499984741211,70.5199966430664,15999200
2023-03-07,149.1688995361328,151.60000610351562,154.02999877929688,151.1300048828125,153.6999969482422,56182000,67.79429626464844,69.52999877929688,70.62000274658203,69.3550033569336,70.3499984741211,14120000
2023-03-08,150.41854858398438,152.8699951171875,153.47000122070312,151.8300018310547,152.80999755859375,47204800,68.35493469238281,70.1050033569336,70.19000244140625,69.36499786376953,69.7750015258789,13247000
2023-03-09,148.1751251220703,150.58999633789062,154.5399932861328,150.22999572753906,153.55999755859375,53833600,67.37500762939453,69.0999984741211,71.00499725341797,68.96499633789062,70.21499633789062,15624600
2023-03-10,146.11863708496094,148.5,150.94000244140625,147.61000061035156,150.2100067138672,68572400,66.19035339355469,67.88500213623047,69.17500305175781,67.61499786376953,69.0,30556800
2023-03-13,148.05706787109375,150.47000122070312,153.13999938964844,147.6999969482422,147.80999755859375,84457100,66.55111694335938,68.25499725341797,69.19999694824219,67.04000091552734,67.45999908447266,34439400
2023-03-14,150.14303588867188,152.58999633789062,153.39999389648438,150.10000610351562,151.27999877929688,73695900,68.08679962158203,69.83000183105469,70.07499694824219,68.8499984741211,69.13500213623047,21202200
2023-03-15,150.53660583496094,152.99000549316406,153.25,149.9199981689453,151.19000244140625,77167900,68.12580871582031,69.87000274658203,69.95500183105469,68.7300033569336,69.06500244140625,23060000
2023-03-16,153.3507843017578,155.85000610351562,156.4600067138672,151.63999938964844,152.16000366210938,76161100,70.03688049316406,71.83000183105469,71.93000030517578,69.3949966430664,69.625,26086800
2023-03-17,152.51438903808594,155.0,156.74000549316406,154.27999877929688,156.0800018310547,98944600,69.93936920166016,71.7300033569336,72.58999633789062,71.30999755859375,71.97000122070312,23078600
2023-03-20,154.87591552734375,157.39999389648438,157.82000732421875,154.14999389648438,155.07000732421875,73641400,70.12796783447266,71.76499938964844,71.8550033569336,70.91000366210938,71.44499969482422,11981600
2023-03-21,156.7257843017578,159.27999877929688,159.39999389648438,156.5399932861328,157.32000732421875,73938300,70.69471740722656,72.34500122070312,72.4749984741211,71.40499877929688,72.15499877929688,13066400
2023-03-22,155.29901123046875,157.8300018310547,162.13999938964844,157.80999755859375,159.3000030517578,75701800,69.99114990234375,71.625,73.78500366210938,71.58499908447266,72.34500122070312,14224400
2023-03-23,156.38134765625,158.92999267578125,161.5500030517578,157.67999267578125,158.8300018310547,67622100,71.12958526611328,72.79000091552734,73.7750015258789,72.1050033569336,72.54000091552734,17595800
2023-03-24,157.68020629882812,160.25,160.33999633789062,157.85000610351562,158.86000061035156,59196500,71.31524658203125,72.9800033569336,73.01499938964844,72.08000183105469,72.55999755859375,11872600
2023-03-27,155.7417755126953,158.27999877929688,160.77000427246094,157.8699951171875,159.94000244140625,52390300,70.76313018798828,72.41500091552734,73.33999633789062,72.24500274658203,73.08999633789062,10810600
2023-03-28,155.12191772460938,157.64999389648438,158.49000549316406,155.97999572753906,157.97000122070312,45992200,70.43089294433594,72.07499694824219,72.31500244140625,71.42500305175781,72.29000091552734,9968000
2023-03-29,158.1918487548828,160.77000427246094,161.0500030517578,159.35000610351562,159.3699951171875,51305700,71.90644836425781,73.58499908447266,73.75,72.875,72.9800033569336,14256600
2023-03-30,159.7563934326172,162.36000061035156,162.47000122070312,161.27000427246094,161.52999877929688,49501700,72.74195098876953,74.44000244140625,74.54499816894531,73.94000244140625,74.26499938964844,11202400
2023-03-31,162.255615234375,164.89999389648438,165.0,161.91000366210938,162.44000244140625,68749800,73.78264617919922,75.50499725341797,75.57499694824219,74.25499725341797,74.3499984741211,15069800
2023-04-03,163.50527954101562,166.1699981689453,166.2899932861328,164.22000122070312,164.27000427246094,56976200,73.66539764404297,75.38500213623047,75.48999786376953,74.68499755859375,75.04499816894531,21142200
2023-04-04,162.97393798828125,165.6300048828125,166.83999633789062,165.11000061035156,166.60000610351562,46278300,73.25984954833984,74.97000122070312,75.75499725341797,74.69000244140625,75.49500274658203,15824800
2023-04-05,161.1339111328125,163.75999450683594,165.0500030517578,161.8000030517578,164.74000549316406,51511700,72.42435455322266,74.11499786376953,74.68499755859375,73.58000183105469,74.61499786376953,15737600
2023-04-06,162.0194854736328,164.66000366210938,164.9600067138672,162.0,162.42999267578125,45390100,72.83477020263672,74.53500366210938,74.62999725341797,73.25499725341797,73.57499694824219,15696000
2023-04-10,159.43165588378906,162.02999877929688,162.02999877929688,160.0800018310547,161.4199981689453,47716900,72.7956771850586,74.49500274658203,74.51000213623047,73.38999938964844,73.79499816894531,9517200
2023-04-11,158.22140502929688,160.8000030517578,162.36000061035156,160.50999450683594,162.35000610351562,47644200,72.11165618896484,73.79499816894531,74.375,73.66999816894531,74.36499786376953,12791600
2023-04-12,157.53260803222656,160.10000610351562,162.05999755859375,159.77999877929688,161.22000122070312,50133100,71.70125579833984,73.375,74.49500274658203,73.25499725341797,74.29499816894531,13235800
2023-04-13,162.90505981445312,165.55999755859375,165.8000030517578,161.4199981689453,161.6300048828125,68445600,73.03508758544922,74.73999786376953,74.8550033569336,73.54000091552734,73.66000366210938,13641800
2023-04-14,162.56068420410156,165.2100067138672,166.32000732421875,163.82000732421875,164.58999633789062,49386500,72.62957000732422,74.32499694824219,74.93499755859375,73.67500305175781,74.31999969482422,13003600
2023-04-17,162.58033752441406,165.22999572753906,165.38999938964844,164.02999877929688,165.08999633789062,41516200,72.89341735839844,74.59500122070312,74.76000213623047,74.01499938964844,74.41999816894531,8306000
2023-04-18,163.80044555664062,166.47000122070312,167.41000366210938,165.64999389648438,166.10000610351562,49923000,73.11815643310547,74.82499694824219,75.36499786376953,74.5,75.16500091552734,9212800
2023-04-19,164.94187927246094,167.6300048828125,168.16000366210938,165.5399932861328,165.8000030517578,47720200,72.9080581665039,74.61000061035156,74.75,74.05000305175781,74.1500015258789,8623200
2023-04-20,163.9775390625,166.64999389648438,167.8699951171875,165.55999755859375,166.08999633789062,52456400,72.42925262451172,74.12000274658203,74.8550033569336,73.79000091552734,73.92500305175781,11416200
2023-04-21,162.3737030029297,165.02000427246094,166.4499969482422,164.49000549316406,165.0500030517578,58337300,72.19470977783203,73.87999725341797,74.01499938964844,73.4000015258789,73.79499816894531,12237600
2023-04-24,162.67872619628906,165.3300018310547,165.60000610351562,163.88999938964844,165.0,41949600,71.87712860107422,73.55500030517578,73.94499969482422,73.00499725341797,73.58499908447266,9079800
2023-04-25,161.14378356933594,163.77000427246094,166.30999755859375,163.72999572753906,165.19000244140625,48714100,70.34294128417969,71.98500061035156,73.33499908447266,71.95999908447266,73.19499969482422,11022600
2023-04-26,161.1339111328125,163.75999450683594,165.27999877929688,162.8000030517578,163.05999755859375,45498800,71.38853454589844,73.05500030517578,73.80999755859375,72.87999725341797,73.25,13603400
2023-04-27,165.70936584472656,168.41000366210938,168.55999755859375,165.19000244140625,165.19000244140625,64902300,72.9031753540039,74.6050033569336,74.66000366210938,73.22000122070312,73.4000015258789,12084800
2023-04-28,166.958984375,169.67999267578125,169.85000610351562,167.8800048828125,168.49000549316406,55275900,73.69470977783203,75.41500091552734,75.43000030517578,74.5250015258789,74.6050033569336,11792000
2023-05-01,166.8704376220703,169.58999633789062,170.4499969482422,168.63999938964844,169.27999877929688,52472900,73.7386703491211,75.45999908447266,75.82499694824219,75.23500061035156,75.3550033569336,8194400
2023-05-02,165.8372802734375,168.5399932861328,170.35000610351562,167.5399932861328,170.08999633789062,48425700,73.04976654052734,74.75499725341797,75.63500213623047,74.36499786376953,75.55000305175781,12058800
2023-05-03,164.76475524902344,167.4499969482422,170.9199981689453,167.16000366210938,169.5,65136000,72.43412780761719,74.125,75.33000183105469,74.08999633789062,74.84500122070312,11630200
2023-05-04,163.13134765625,165.7899932861328,167.0399932861328,164.30999755859375,164.88999938964844,81235400,72.08723449707031,73.7699966430664,74.2699966430664,73.46499633789062,73.83000183105469,10861000
2023-05-05,170.78663635253906,173.57000732421875,174.3000030517578,170.75999450683594,170.97999572753906,113453200,73.89502716064453,75.62000274658203,75.875,74.37999725341797,74.48500061035156,12230000
2023-05-08,170.7177276611328,173.5,173.85000610351562,172.11000061035156,172.47999572753906,55962800,73.85592651367188,75.58000183105469,75.6449966430664,75.11499786376953,75.4749984741211,6795600
2023-05-09,169.01547241210938,171.77000427246094,173.5399932861328,171.60000610351562,173.0500030517578,45326900,73.2891616821289,75.0,75.30500030517578,74.91999816894531,75.16500091552734,12473200
2023-05-10,170.7768096923828,173.55999755859375,174.02999877929688,171.89999389648438,173.02000427246094,53724500,74.18330383300781,75.91500091552734,76.08999633789062,75.18000030517578,75.65499877929688,10551800
2023-05-11,170.9637451171875,173.75,174.58999633789062,172.1699981689453,173.85000610351562,49514700,73.85104370117188,75.57499694824219,75.79000091552734,75.05000305175781,75.79000091552734,8956800
2023-05-12,170.0375213623047,172.57000732421875,174.05999755859375,171.0,173.6199951171875,45533100,73.75333404541016,75.4749984741211,75.81500244140625,74.88999938964844,75.70500183105469,7908000
2023-05-15,169.54483032226562,172.07000732421875,173.2100067138672,171.47000122070312,173.16000366210938,37266700,74.36408233642578,76.0999984741211,76.11499786376953,75.27999877929688,75.55000305175781,6796600
2023-05-16,169.54483032226562,172.07000732421875,173.13999938964844,171.8000030517578,171.99000549316406,42110300,74.44225311279297,76.18000030517578,76.59500122070312,75.97000122070312,75.99500274658203,9398200
2023-05-17,170.15574645996094,172.69000244140625,172.92999267578125,170.4199981689453,171.7100067138672,57951600,75.4341049194336,77.19499969482422,77.32499694824219,76.1449966430664,76.5,11916600
2023-05-18,172.48110961914062,175.0500030517578,175.24000549316406,172.5800018310547,173.0,65496700,76.97806549072266,78.7750015258789,78.88999938964844,77.29000091552734,77.29000091552734,15491200
2023-05-19,172.58949279785156,175.16000366210938,176.38999938964844,174.94000244140625,176.38999938964844,55809500,76.94384765625,78.73999786376953,78.93000030517578,78.47000122070312,78.79499816894531,9805000
2023-05-22,171.64356994628906,174.1999969482422,174.7100067138672,173.4499969482422,173.97999572753906,43570900,77.09043884277344,78.88999938964844,79.09500122070312,78.375,78.50499725341797,10794200
2023-05-23,169.04232788085938,171.55999755859375,173.3800048828125,171.27999877929688,173.1300048828125,50747300,75.95199584960938,77.7249984741211,78.81999969482422,77.69499969482422,78.49500274658203,11691000
2023-05-24,169.31825256347656,171.83999633789062,172.4199981689453,170.52000427246094,171.08999633789062,45143500,75.39501953125,77.15499877929688,77.46499633789062,76.73500061035156,77.11000061035156,10925600
2023-05-25,170.45135498046875,172.99000549316406,173.89999389648438,171.69000244140625,172.41000366210938,56058300,78.28748321533203,80.11499786376953,80.43000030517578,78.79000091552734,79.20500183105469,18078000
2023-05-26,172.8555145263672,175.42999267578125,175.77000427246094,173.11000061035156,173.32000732421875,54835000,80.51058959960938,82.38999938964844,82.53500366210938,80.30999755859375,80.31999969482422,15160000
2023-05-30,174.69810485839844,177.3000030517578,178.99000549316406,176.57000732421875,176.9600067138672,55964400,80.94055938720703,82.83000183105469,84.0199966430664,82.65499877929688,83.5999984741211,18123600
2023-05-31,174.64883422851562,177.25,179.35000610351562,176.75999450683594,177.3300018310547,99625300,80.26631164550781,82.13999938964844,83.12999725341797,82.09500122070312,82.3550033569336,19301000
2023-06-01,177.44712829589844,180.08999633789062,180.1199951171875,176.92999267578125,177.6999969482422,68901800,81.0822525024414,82.9749984741211,83.32499694824219,81.61499786376953,81.87999725341797,17419400
2023-06-02,178.29452514648438,180.9499969482422,181.77999877929688,179.25999450683594,181.02999877929688,61996900,81.5464096069336,83.44999694824219,83.83499908447266,82.86000061035156,83.46499633789062,14270600
2023-06-05,176.9446258544922,179.5800018310547,184.9499969482422,178.0399932861328,182.6300048828125,121946500,81.0773696899414,82.97000122070312,83.95500183105469,82.82499694824219,83.4000015258789,10909000
2023-06-06,176.58006286621094,179.2100067138672,180.1199951171875,177.42999267578125,179.97000122070312,64848400,81.05781555175781,82.94999694824219,83.12999725341797,82.3550033569336,82.7699966430664,9975600
2023-06-07,175.21046447753906,177.82000732421875,181.2100067138672,177.32000732421875,178.44000244140625,61944600,79.8460922241211,81.70999908447266,83.43499755859375,81.54000091552734,82.79000091552734,13703800
2023-06-08,177.92010498046875,180.57000732421875,180.83999633789062,177.4600067138672,177.89999389648438,50214900,80.71092224121094,82.59500122070312,82.7249984741211,81.7699966430664,81.83000183105469,10665200
2023-06-09,178.3043975830078,180.9600067138672,182.22999572753906,180.6300048828125,181.5,48900000,81.11155700683594,83.00499725341797,83.8550033569336,82.7249984741211,82.99500274658203,14413600
2023-06-12,181.09283447265625,183.7899932861328,183.88999938964844,180.97000122070312,181.27000427246094,54274900,82.87539672851562,84.80999755859375,84.84500122070312,83.40499877929688,83.57499694824219,13787200
2023-06-13,180.61984252929688,183.30999755859375,184.14999389648438,182.44000244140625,182.8000030517578,54929100,83.37864685058594,85.32499694824219,85.7300033569336,84.63500213623047,85.56500244140625,16595800
2023-06-14,181.25050354003906,183.9499969482422,184.38999938964844,182.02000427246094,183.3699951171875,57462900,84.23858642578125,86.20500183105469,86.23500061035156,84.93000030517578,85.2249984741211,16769000
2023-06-15,183.28025817871094,186.00999450683594,186.52000427246094,183.77999877929688,183.9600067138672,65433200,85.32325744628906,87.31500244140625,87.70500183105469,85.83499908447266,85.8550033569336,17732600
2023-06-16,182.2062530517578,184.9199981689453,186.99000549316406,184.27000427246094,186.72999572753906,101256200,84.61968231201172,86.59500122070312,88.1500015258789,86.51000213623047,88.1449966430664,17366600
2023-06-20,182.29493713378906,185.00999450683594,186.10000610351562,184.41000366210938,184.41000366210938,49799100,84.04782104492188,85.83000183105469,86.44999694824219,85.37000274658203,85.91999816894531,14137800
2023-06-21,181.2603759765625,183.9600067138672,185.41000366210938,182.58999633789062,184.89999389648438,49515700,82.8041763305664,84.55999755859375,85.66500091552734,84.30999755859375,85.5,12058000
2023-06-22,184.25575256347656,187.0,187.0500030517578,183.6699981689453,183.74000549316406,51245300,83.47984313964844,85.25,85.28500366210938,84.16500091552734,84.18000030517578,15224200
2023-06-23,183.94046020507812,186.67999267578125,187.55999755859375,185.00999450683594,185.5500030517578,53117000,82.57405853271484,84.32499694824219,84.82499694824219,83.97000122070312,84.19999694824219,14729000
2023-06-26,182.55113220214844,185.27000427246094,188.0500030517578,185.22999572753906,186.8300018310547,48088700,81.98162841796875,83.72000122070312,85.13999938964844,83.66000366210938,84.4000015258789,10890200
2023-06-27,185.3001708984375,188.05999755859375,188.38999938964844,185.6699981689453,185.88999938964844,50730800,83.59735870361328,85.37000274658203,85.56500244140625,83.9749984741211,84.05500030517578,13833000
2023-06-28,186.4727325439453,189.25,189.89999389648438,187.60000610351562,187.92999267578125,51216800,83.64630126953125,85.41999816894531,85.87999725341797,84.83000183105469,84.8949966430664,11371600
2023-06-29,186.80772399902344,189.58999633789062,190.07000732421875,188.94000244140625,189.0800018310547,46347300,83.79319763183594,85.56999969482422,85.7249984741211,85.05500030517578,85.51000213623047,9128200
2023-06-30,191.12344360351562,193.97000122070312,194.47999572753906,191.25999450683594,191.6300048828125,85213200,85.12496948242188,86.93000030517578,87.1500015258789,86.3550033569336,86.41999816894531,11398400
2023-07-03,189.63560485839844,192.4600067138672,193.8800048828125,191.75999450683594,193.77999877929688,31458200,84.94380187988281,86.74500274658203,86.95500183105469,86.30500030517578,86.91500091552734,6182200
2023-07-05,188.52220153808594,191.3300018310547,192.97999572753906,190.6199951171875,191.57000732421875,46920300,84.41991424560547,86.20999908447266,86.8550033569336,86.06500244140625,86.13999938964844,9395600
2023-07-06,188.99513244628906,191.80999755859375,192.02000427246094,189.1999969482422,189.83999633789062,45094300,84.19469451904297,85.9800033569336,86.05999755859375,85.0999984741211,85.36000061035156,12116400
2023-07-07,187.8817596435547,190.67999267578125,192.6699981689453,190.24000549316406,191.41000366210938,46815000,83.82748413085938,85.6050033569336,86.63999938964844,85.55500030517578,85.83999633789062,11622200
2023-07-10,185.8421173095703,188.61000061035156,189.99000549316406,187.0399932861328,189.25999450683594,59922200,84.04782104492188,85.83000183105469,85.83499908447266,84.97000122070312,85.29499816894531,16877200
2023-07-11,185.31991577148438,188.0800018310547,189.3000030517578,186.60000610351562,189.16000366210938,46638100,84.22896575927734,86.01499938964844,86.11000061035156,85.17500305175781,86.01000213623047,9996000
2023-07-12,186.98509216308594,189.77000427246094,191.6999969482422,188.47000122070312,189.67999267578125,60750200,85.1837158203125,86.98999786376953,87.4000015258789,86.4000015258789,86.875,16104400
2023-07-13,187.74380493164062,190.5399932861328,191.19000244140625,189.77999877929688,190.5,41342300,86.29515075683594,88.125,88.31500244140625,87.41000366210938,87.58499908447266,9349200
2023-07-14,187.89157104492188,190.69000244140625,191.17999267578125,189.6300048828125,190.22999572753906,41616200,86.1678466796875,87.99500274658203,89.03500366210938,87.73999786376953,88.34500122070312,11543800
2023-07-17,191.1431884765625,193.99000549316406,194.32000732421875,191.80999755859375,191.89999389648438,50520200,87.26949310302734,89.12000274658203,89.37999725341797,88.05999755859375,88.16000366210938,11858800
2023-07-18,190.88697814941406,193.72999572753906,194.3300018310547,192.4199981689453,193.35000610351562,48288200,88.2585220336914,90.12999725341797,90.56500244140625,88.44999694824219,88.91500091552734,16406000
2023-07-19,192.23687744140625,195.10000610351562,198.22999572753906,192.64999389648438,193.10000610351562,80507300,88.0381851196289,89.90499877929688,90.7300033569336,89.55999755859375,90.3550033569336,20990000
2023-07-20,190.2957763671875,193.1300048828125,196.47000122070312,192.5,195.08999633789062,59581200,86.28046417236328,88.11000061035156,89.70999908447266,87.83499908447266,89.33000183105469,24356000
2023-07-21,189.12322998046875,191.94000244140625,194.97000122070312,191.22999572753906,194.10000610351562,71951700,86.23640441894531,88.06500244140625,89.11499786376953,87.95999908447266,88.66999816894531,14871400
2023-07-24,189.92135620117188,192.75,194.91000366210938,192.25,193.41000366210938,45377800,86.38817596435547,88.22000122070312,88.66999816894531,87.87999725341797,88.45500183105469,11308200
2023-07-25,190.77859497070312,193.6199951171875,194.44000244140625,192.9199981689453,193.3300018310547,37283200,87.3772201538086,89.2300033569336,89.5250015258789,88.48999786376953,88.50499725341797,10802200
2023-07-26,191.6457061767578,194.5,195.63999938964844,193.32000732421875,193.6699981689453,47471900,86.2021255493164,88.02999877929688,88.51000213623047,87.41000366210938,88.29499816894531,15501600
2023-07-27,190.38446044921875,193.22000122070312,197.1999969482422,192.5500030517578,196.02000427246094,47460200,85.95242309570312,87.7750015258789,89.48999786376953,87.375,89.22000122070312,13857000
2023-07-28,192.9561767578125,195.8300018310547,196.6300048828125,194.13999938964844,194.6699981689453,48291400,87.12261199951172,88.97000122070312,89.23500061035156,88.40499877929688,88.58999633789062,11287400
2023-07-31,193.56707763671875,196.4499969482422,196.49000549316406,195.25999450683594,196.05999755859375,38824100,87.32334899902344,89.17500305175781,89.28500366210938,88.66500091552734,89.05000305175781,10138400
2023-08-01,192.73936462402344,195.61000061035156,196.72999572753906,195.27999877929688,196.24000549316406,35175100,87.47022247314453,89.32499694824219,89.51499938964844,88.6500015258789,88.88500213623047,8845800
2023-08-02,189.75384521484375,192.5800018310547,195.17999267578125,191.85000610351562,195.0399932861328,50389300,85.30612182617188,87.11499786376953,88.59500122070312,86.80000305175781,88.54000091552734,15818600
2023-08-03,188.36451721191406,191.1699981689453,192.3699951171875,190.69000244140625,191.57000732421875,61235200,84.95849609375,86.76000213623047,87.2699966430664,86.3499984741211,86.40499877929688,11321000
2023-08-04,179.31927490234375,181.99000549316406,187.3800048828125,181.9199981689453,185.52000427246094,115956800,83.8030014038086,85.58000183105469,86.98500061035156,85.44499969482422,86.46499633789062,14431800
2023-08-07,176.22537231445312,178.85000610351562,183.1300048828125,177.35000610351562,182.1300048828125,97576100,84.03800201416016,85.81999969482422,86.23500061035156,85.19999694824219,85.94000244140625,9536000
2023-08-08,177.1614227294922,179.8000030517578,180.27000427246094,177.5800018310547,179.69000244140625,67823000,83.39171600341797,85.16000366210938,85.2699966430664,84.30500030517578,85.22000122070312,11461800
2023-08-09,175.57504272460938,178.19000244140625,180.92999267578125,177.00999450683594,180.8699951171875,60378500,82.31454467773438,84.05999755859375,85.2750015258789,83.7699966430664,85.2750015258789,14301800
2023-08-10,175.35824584960938,177.97000122070312,180.75,177.60000610351562,179.47999572753906,54686900,82.32434844970703,84.06999969482422,85.43499755859375,83.65499877929688,84.69999694824219,12731400
2023-08-11,175.41744995117188,177.7899932861328,178.6199951171875,176.5500030517578,177.32000732421875,52036700,81.71721649169922,83.44999694824219,83.94000244140625,83.16000366210938,83.4000015258789,10772000
2023-08-14,177.06515502929688,179.4600067138672,179.69000244140625,177.30999755859375,177.97000122070312,43675600,83.01961517333984,84.77999877929688,84.79000091552734,83.16500091552734,83.36499786376953,10328000
2023-08-15,175.08197021484375,177.4499969482422,179.47999572753906,177.0500030517578,178.8800048828125,43622600,82.20194244384766,83.94499969482422,84.83000183105469,83.75,84.52999877929688,9366400
2023-08-16,174.2137451171875,176.57000732421875,178.5399932861328,176.5,177.1300048828125,46964900,81.41854858398438,83.1449966430664,84.24500274658203,83.13999938964844,83.76499938964844,9779400
2023-08-17,171.6780242919922,174.0,177.50999450683594,173.47999572753906,177.13999938964844,66062900,80.64496612548828,82.3550033569336,83.66999816894531,82.2300033569336,83.51499938964844,12614800
2023-08-18,172.16151428222656,174.49000549316406,175.10000610351562,171.9600067138672,172.3000030517578,61172200,80.7673568725586,82.4800033569336,82.81500244140625,81.47000122070312,81.5199966430664,13658600
2023-08-21,173.4934539794922,175.83999633789062,176.1300048828125,173.74000549316406,175.07000732421875,46311900,82.30965423583984,84.05500030517578,84.2249984741211,82.82499694824219,82.90499877929688,13132800
2023-08-22,174.86492919921875,177.22999572753906,177.67999267578125,176.25,177.05999755859375,42038900,82.21664428710938,83.95999908447266,84.86000061035156,83.7750015258789,84.80999755859375,11361800
2023-08-23,178.7030029296875,181.1199951171875,181.5500030517578,178.3300018310547,178.52000427246094,52722800,83.70018005371094,85.4749984741211,85.7249984741211,84.16000366210938,84.16500091552734,10113200
2023-08-24,174.02627563476562,176.3800048828125,181.10000610351562,176.00999450683594,180.6699981689453,54945800,81.77108001708984,83.50499725341797,86.55500030517578,83.44000244140625,86.55000305175781,13929000
2023-08-25,176.22650146484375,178.61000061035156,179.14999389648438,175.82000732421875,177.3800048828125,51449600,82.60343170166016,84.3550033569336,84.81999969482422,83.09500122070312,83.83999633789062,15686600
2023-08-28,177.78543090820312,180.19000244140625,180.58999633789062,178.5500030517578,180.08999633789062,43820700,83.27909088134766,85.04499816894531,85.2249984741211,84.38999938964844,84.99500274658203,8963800
2023-08-29,181.66297912597656,184.1199951171875,184.89999389648438,179.5,179.6999969482422,53003900,84.94869232177734,86.75,86.83499908447266,84.70999908447266,84.80000305175781,13713800
2023-08-30,185.14585876464844,187.64999389648438,187.85000610351562,184.74000549316406,184.94000244140625,60813900,85.59010314941406,87.40499877929688,87.49500274658203,86.46499633789062,86.76499938964844,12266600
2023-08-31,185.36293029785156,187.8699951171875,189.1199951171875,187.47999572753906,187.83999633789062,60794500,86.00628662109375,87.83000183105469,88.16500091552734,87.51000213623047,87.6050033569336,11963400
2023-09-01,186.93170166015625,189.4600067138672,189.9199981689453,188.27999877929688,189.49000549316406,45766500,86.27068328857422,88.0999984741211,88.49500274658203,87.6500015258789,88.37999725341797,9244600
2023-09-05,187.1685028076172,189.6999969482422,189.97999572753906,187.61000061035156,188.27999877929688,45280000,86.5791244506836,88.41500091552734,88.69000244140625,87.59500122070312,87.87999725341797,10060400
2023-09-06,180.46913146972656,182.91000366210938,188.85000610351562,181.47000122070312,188.39999389648438,81755800,85.6635513305664,87.4800033569336,88.29000091552734,86.94000244140625,88.06999969482422,18143200
2023-09-07,175.19053649902344,177.55999755859375,178.2100067138672,173.5399932861328,175.17999267578125,112488800,84.42481231689453,86.21499633789062,86.40499877929688,85.54000091552734,85.8550033569336,12513600
2023-09-08,175.80224609375,178.17999267578125,180.24000549316406,177.7899932861328,178.35000610351562,65551300,84.60107421875,86.3949966430664,86.94999694824219,86.16999816894531,86.20999908447266,8584800
2023-09-11,176.96652221679688,179.36000061035156,180.3000030517578,177.33999633789062,180.07000732421875,58953100,85.04174041748047,86.84500122070312,87.23500061035156,86.08499908447266,87.15499877929688,8272800
2023-09-12,173.9473419189453,176.3000030517578,180.1300048828125,174.82000732421875,179.49000549316406,90370200,83.49942016601562,85.2699966430664,86.42500305175781,85.11499786376953,86.12000274658203,12243000
2023-09-13,171.88523864746094,174.2100067138672,177.3000030517578,173.97999572753906,176.50999450683594,84267900,83.70996856689453,85.48500061035156,85.94499969482422,84.99500274658203,85.23500061035156,10008800
2023-09-14,173.39480590820312,175.74000549316406,176.10000610351562,173.5800018310547,174.0,60895800,84.3171157836914,86.1050033569336,86.31999969482422,85.47000122070312,86.01000213623047,9473200
2023-09-15,172.67453002929688,175.00999450683594,176.5,173.82000732421875,176.47999572753906,109259500,82.69644927978516,84.44999694824219,85.81999969482422,84.2249984741211,85.79499816894531,13116800
2023-09-18,175.5950469970703,177.97000122070312,179.3800048828125,176.1699981689453,176.47999572753906,67257600,83.09390258789062,84.67500305175781,84.95500183105469,84.0,84.0250015258789,9943800
2023-09-19,176.68040466308594,179.07000732421875,179.6300048828125,177.1300048828125,177.52000427246094,51826900,83.04973602294922,84.62999725341797,84.84500122070312,83.8550033569336,84.31500244140625,8236600
2023-09-20,173.14816284179688,175.49000549316406,179.6999969482422,175.39999389648438,179.25999450683594,58436200,81.74456787109375,83.30000305175781,84.97000122070312,83.26499938964844,84.86000061035156,10760400
2023-09-21,171.60894775390625,173.92999267578125,176.3000030517578,173.86000061035156,174.5500030517578,63149100,80.49828338623047,82.02999877929688,83.01000213623047,81.98999786376953,82.42500305175781,14741200
2023-09-22,172.45748901367188,174.7899932861328,177.0800018310547,174.0500030517578,174.6699981689453,56725400,80.6700210571289,82.20500183105469,82.95999908447266,82.0199966430664,82.38999938964844,12537800
2023-09-25,173.7302703857422,176.0800018310547,176.97000122070312,174.14999389648438,174.1999969482422,46172700,80.9300765991211,82.47000122070312,82.59500122070312,81.78500366210938,81.99500274658203,10577400
2023-09-26,169.66526794433594,171.9600067138672,175.1999969482422,171.66000366210938,174.82000732421875,64588900,79.4728012084961,80.98500061035156,81.9749984741211,80.70500183105469,81.93000030517578,14926000
2023-09-27,168.1556396484375,170.42999267578125,173.0399932861328,169.0500030517578,172.6199951171875,66921800,79.59547424316406,81.11000061035156,81.53500366210938,80.30500030517578,81.375,11665200
2023-09-28,168.4122314453125,170.69000244140625,172.02999877929688,167.6199951171875,169.33999633789062,56294400,80.15972900390625,81.68499755859375,82.20500183105469,80.34500122070312,80.7249984741211,12829400
2023-09-29,168.92529296875,171.2100067138672,173.07000732421875,170.33999633789062,172.02000427246094,51861100,80.43450164794922,81.96499633789062,83.25499725341797,81.68499755859375,82.48999786376953,15883800
2023-10-02,171.431396484375,173.75,174.3000030517578,170.92999267578125,171.22000122070312,52164500,81.2980728149414,82.84500122070312,83.08499908447266,81.87999725341797,82.00499725341797,13656200
2023-10-03,170.09939575195312,172.39999389648438,173.6300048828125,170.82000732421875,172.25999450683594,49594600,79.91930389404297,81.44000244140625,82.94000244140625,81.0199966430664,82.375,14838800
2023-10-04,171.3425750732422,173.66000366210938,174.2100067138672,170.97000122070312,171.08999633789062,53020300,80.91535186767578,82.45500183105469,82.67500305175781,81.50499725341797,81.50499725341797,15194200
2023-10-05,172.57589721679688,174.91000366210938,175.4499969482422,172.67999267578125,173.7899932861328,48527900,81.02330017089844,82.56500244140625,82.69999694824219,81.57499694824219,82.44999694824219,12023000
2023-10-06,175.12149047851562,177.49000549316406,177.99000549316406,173.17999267578125,173.8000030517578,57266700,82.53944396972656,84.11000061035156,84.47000122070312,81.76000213623047,82.0,16625600
2023-10-09,176.60145568847656,178.99000549316406,179.0500030517578,175.8000030517578,176.80999755859375,42390800,82.9663314819336,84.54499816894531,84.67500305175781,83.20999908447266,83.59500122070312,13139200
2023-10-10,176.0094451904297,178.38999938964844,179.72000122070312,177.9499969482422,178.10000610351562,43698000,83.09390258789062,84.67500305175781,85.3550033569336,84.37000274658203,84.6050033569336,20402800
2023-10-11,177.40065002441406,179.8000030517578,179.85000610351562,177.60000610351562,178.1999969482422,47551100,83.86424255371094,85.45999908447266,85.5,84.66500091552734,84.93499755859375,10389200
2023-10-12,178.29849243164062,180.7100067138672,182.33999633789062,179.0399932861328,180.07000732421875,56743100,83.9427490234375,85.54000091552734,86.41500091552734,84.88999938964844,85.53500366210938,15405800
2023-10-13,176.46334838867188,178.85000610351562,181.92999267578125,178.13999938964844,181.4199981689453,51427100,82.74061584472656,84.31500244140625,85.8550033569336,84.0199966430664,85.70999908447266,15183200
2023-10-16,176.33505249023438,178.72000122070312,179.0800018310547,176.50999450683594,176.75,52517000,83.53548431396484,85.125,85.51000213623047,84.44000244140625,84.45500183105469,14544200
2023-10-17,174.78598022460938,177.14999389648438,178.4199981689453,174.8000030517578,176.64999389648438,57549400,83.14787292480469,84.7300033569336,85.16999816894531,83.44999694824219,84.05500030517578,15317800
2023-10-18,173.4934539794922,175.83999633789062,177.5800018310547,175.11000061035156,175.5800018310547,54764400,82.29411315917969,83.86000061035156,84.81999969482422,83.51499938964844,84.13500213623047,12862800
2023-10-19,173.11856079101562,175.4600067138672,177.83999633789062,175.19000244140625,176.0399932861328,59302900,81.82306671142578,83.37999725341797,84.76000213623047,83.23500061035156,84.19499969482422,19991800
2023-10-20,170.572998046875,172.8800048828125,175.4199981689453,172.63999938964844,175.30999755859375,64244000,80.43940734863281,81.97000122070312,83.4000015258789,81.88500213623047,83.33999633789062,15350400
2023-10-23,170.69139099121094,173.0,174.00999450683594,169.92999267578125,170.91000366210938,55980100,80.53263854980469,82.06500244140625,82.9000015258789,81.00499725341797,81.45999908447266,15159000
2023-10-24,171.12551879882812,173.44000244140625,173.6699981689453,171.4499969482422,173.0500030517578,43816600,81.08708953857422,82.62999725341797,82.75499725341797,81.73999786376953,82.38999938964844,11180400
2023-10-25,168.81675720214844,171.10000610351562,173.05999755859375,170.64999389648438,171.8800048828125,57157000,80.13029479980469,81.65499877929688,83.125,81.41000366210938,83.0250015258789,15529600
2023-10-26,164.66293334960938,166.88999938964844,171.3800048828125,165.6699981689453,170.3699951171875,70625300,78.59941864013672,80.09500122070312,82.16000366210938,79.75,81.80000305175781,20646400
2023-10-27,165.9751434326172,168.22000122070312,168.9600067138672,166.8300018310547,166.91000366210938,58499100,79.05572509765625,80.55999755859375,81.375,80.20500183105469,80.58499908447266,16231600
2023-10-30,168.01754760742188,170.2899932861328,171.1699981689453,168.8699951171875,169.02000427246094,51131000,79.90457916259766,81.42500305175781,81.71499633789062,80.73999786376953,80.98500061035156,14180800
2023-10-31,168.49114990234375,170.77000427246094,170.89999389648438,167.89999389648438,169.35000610351562,44846000,80.47374725341797,82.00499725341797,82.07499694824219,80.83000183105469,81.46499633789062,10893600
2023-11-01,171.64845275878906,173.97000122070312,174.22999572753906,170.1199951171875,171.0,56934900,82.0291519165039,83.58999633789062,83.69999694824219,82.1500015258789,82.1500015258789,20945800
2023-11-02,175.20040893554688,177.57000732421875,177.77999877929688,175.4600067138672,175.52000427246094,77334800,83.41773986816406,85.00499725341797,85.08000183105469,84.2300033569336,84.34500122070312,16192600
2023-11-03,174.2926483154297,176.64999389648438,176.82000732421875,173.35000610351562,174.24000549316406,79829200,84.27638244628906,85.87999725341797,86.2249984741211,84.73500061035156,84.91999816894531,15661800
2023-11-06,176.83822631835938,179.22999572753906,179.42999267578125,176.2100067138672,176.3800048828125,63841300,84.83084869384766,86.44499969482422,86.4749984741211,85.7249984741211,85.99500274658203,11099200
2023-11-07,179.3936767578125,181.82000732421875,182.44000244140625,178.97000122070312,179.17999267578125,70530000,85.75819396972656,87.38999938964844,87.6449966430664,86.54499816894531,86.67500305175781,13029800
2023-11-08,180.4493865966797,182.88999938964844,183.4499969482422,181.58999633789062,182.35000610351562,49340300,86.24395751953125,87.88500213623047,88.02999877929688,87.29000091552734,87.69000244140625,10722400
2023-11-09,179.9757843017578,182.41000366210938,184.1199951171875,181.80999755859375,182.9600067138672,53763500,85.84162139892578,87.4749984741211,88.66000366210938,87.36000061035156,88.01499938964844,14374600
2023-11-10,184.1548614501953,186.39999389648438,186.57000732421875,183.52999877929688,183.97000122070312,66133400,88.0839614868164,89.76000213623047,89.81999969482422,87.90499877929688,88.00499725341797,13346400
2023-11-13,182.57412719726562,184.8000030517578,186.02999877929688,184.2100067138672,185.82000732421875,43627500,87.56874084472656,89.23500061035156,89.45999908447266,88.86000061035156,89.38500213623047,11725000
2023-11-14,185.18234252929688,187.44000244140625,188.11000061035156,186.3000030517578,187.6999969482422,60108400,89.3204116821289,91.0199966430664,91.25,90.31999969482422,90.5999984741211,16508400
2023-11-15,185.74546813964844,188.00999450683594,189.5,187.77999877929688,187.85000610351562,53790500,89.43328094482422,91.13500213623047,91.56500244140625,90.78500366210938,91.42500305175781,13147800
2023-11-16,187.4249725341797,189.7100067138672,190.9600067138672,188.64999389648438,189.57000732421875,54412900,89.8797836303711,91.58999633789062,91.69000244140625,90.79000091552734,90.95500183105469,11553600
2023-11-17,187.40524291992188,189.69000244140625,190.3800048828125,188.57000732421875,190.25,50922700,89.6933364868164,91.4000015258789,91.75,91.00499725341797,91.38500213623047,13277800
2023-11-20,189.14402770996094,191.4499969482422,191.91000366210938,189.8800048828125,189.88999938964844,46505100,90.99359130859375,92.7249984741211,92.96499633789062,91.50499725341797,91.51499938964844,11116200
2023-11-21,188.3437957763672,190.63999938964844,191.52000427246094,189.74000549316406,191.41000366210938,38134500,90.2575912475586,91.9749984741211,92.44999694824219,91.63999938964844,92.30500030517578,13350800
2023-11-22,189.00572204589844,191.30999755859375,192.92999267578125,190.8300018310547,191.49000549316406,39617700,90.65992736816406,92.38500213623047,93.17500305175781,92.13500213623047,92.55500030517578,11213400
2023-11-24,187.681884765625,189.97000122070312,190.89999389648438,189.25,190.8699951171875,24048300,90.48328399658203,92.20500183105469,92.30999755859375,91.8550033569336,92.2300033569336,4193800
2023-11-27,187.50401306152344,189.7899932861328,190.6699981689453,188.89999389648438,189.9199981689453,40552600,90.47838592529297,92.19999694824219,92.73500061035156,91.91000366210938,92.07499694824219,8420000
2023-11-28,188.10665893554688,190.39999389648438,191.0800018310547,189.39999389648438,189.77999877929688,38415400,90.65010833740234,92.375,92.62000274658203,91.88999938964844,91.88999938964844,11012400
2023-11-29,187.0890655517578,189.3699951171875,192.08999633789062,188.97000122070312,190.89999389648438,43014200,90.71880340576172,92.44499969482422,93.44999694824219,92.38999938964844,93.05000305175781,10765400
2023-11-30,187.66209411621094,189.9499969482422,190.32000732421875,188.19000244140625,189.83999633789062,48794400,90.8512954711914,92.58000183105469,92.95500183105469,91.80500030517578,92.83000183105469,13744000
2023-12-01,188.9365692138672,191.24000549316406,191.55999755859375,189.22999572753906,190.3300018310547,45704800,91.05736541748047,92.79000091552734,92.95500183105469,91.8949966430664,92.33999633789062,13992200
2023-12-04,187.1483612060547,189.42999267578125,190.0500030517578,187.4499969482422,189.97999572753906,43389500,89.9484634399414,91.66000366210938,91.86499786376953,90.66000366210938,91.86499786376953,18221800
2023-12-05,191.09027099609375,193.4199981689453,194.39999389648438,190.17999267578125,190.2100067138672,66628400,90.48818969726562,92.20999908447266,92.31500244140625,91.16999816894531,91.16999816894531,10841400
2023-12-06,190.00355529785156,192.32000732421875,194.75999450683594,192.11000061035156,194.4499969482422,41089700,89.72276306152344,91.43000030517578,92.91999816894531,91.36000061035156,92.78500366210938,14731400
2023-12-07,191.93006896972656,194.27000427246094,195.0,193.58999633789062,193.6300048828125,47477700,90.81204223632812,92.54000091552734,92.69499969482422,91.66999816894531,91.86499786376953,13928800
2023-12-08,193.35272216796875,195.7100067138672,195.99000549316406,193.6699981689453,194.1999969482422,53406400,91.5872802734375,93.33000183105469,93.40499877929688,92.2249984741211,92.33999633789062,12808800
2023-12-11,190.85317993164062,193.17999267578125,193.49000549316406,191.4199981689453,193.11000061035156,60943700,92.3870620727539,94.1449966430664,94.16500091552734,92.83999633789062,93.05500030517578,37795400
2023-12-12,192.36476135253906,194.7100067138672,194.72000122070312,191.72000122070312,193.0800018310547,52696900,93.00040435791016,94.7699966430664,94.80000305175781,93.72000122070312,93.80000305175781,15055400
2023-12-13,195.5756072998047,197.9600067138672,198.0,194.85000610351562,195.08999633789062,70404200,93.81980895996094,95.6050033569336,95.83499908447266,94.7699966430664,94.99500274658203,29395000
2023-12-14,195.72381591796875,198.11000061035156,199.6199951171875,196.16000366210938,198.02000427246094,66831600,93.58919525146484,95.37000274658203,96.04000091552734,94.66500091552734,95.68000030517578,15427400
2023-12-15,195.1903076171875,197.57000732421875,198.39999389648438,197.0,197.52999877929688,128538400,94.06023406982422,95.8499984741211,96.4000015258789,95.2699966430664,95.2699966430664,18131200
2023-12-18,193.5305633544922,195.88999938964844,196.6300048828125,194.38999938964844,196.08999633789062,55751900,94.34151458740234,95.92500305175781,96.13999938964844,95.21499633789062,95.62000274658203,10138000
2023-12-19,194.5679168701172,196.94000244140625,196.9499969482422,195.88999938964844,196.16000366210938,40714100,94.70049285888672,96.29000091552734,96.30000305175781,95.8499984741211,95.90499877929688,9003600
2023-12-20,192.48333740234375,194.8300018310547,197.67999267578125,194.8300018310547,196.89999389648438,52242800,93.26949310302734,94.83499908447266,96.5199966430664,94.81999969482422,96.18000030517578,13734800
2023-12-21,192.33511352539062,194.67999267578125,197.0800018310547,193.5,196.10000610351562,46482500,94.3169174194336,95.9000015258789,96.11499786376953,95.09500122070312,95.80000305175781,11336000
2023-12-22,191.26812744140625,193.60000610351562,195.41000366210938,192.97000122070312,195.17999267578125,37149600,94.43987274169922,96.0250015258789,96.30500030517578,95.55000305175781,96.17500305175781,10215000
2023-12-26,190.7247772216797,193.0500030517578,193.88999938964844,192.8300018310547,193.61000061035156,28919300,94.83326721191406,96.42500305175781,96.625,96.08499908447266,96.08499908447266,6207600
2023-12-27,190.8235626220703,193.14999389648438,193.5,191.08999633789062,192.49000549316406,48087700,94.82833862304688,96.41999816894531,96.62000274658203,96.01000213623047,96.4749984741211,11764600
2023-12-28,191.2483673095703,193.5800018310547,194.66000366210938,193.1699981689453,194.13999938964844,34049900,94.94143676757812,96.53500366210938,96.86000061035156,96.48999786376953,96.76000213623047,9615400
2023-12-29,190.21099853515625,192.52999877929688,194.39999389648438,191.72999572753906,193.89999389648438,42672100,94.65130615234375,96.23999786376953,96.77999877929688,95.76000213623047,96.58499908447266,12190600
2024-01-02,183.40402221679688,185.63999938964844,188.44000244140625,183.88999938964844,187.14999389648438,82488700,92.17290496826172,93.72000122070312,95.08000183105469,93.125,94.93000030517578,23545400
2024-01-03,182.03076171875,184.25,185.8800048828125,183.42999267578125,184.22000122070312,58414500,91.23367309570312,92.76499938964844,93.375,92.5999984741211,92.86499786376953,18190000
2024-01-04,179.7189178466797,181.91000366210938,183.08999633789062,180.8800048828125,182.14999389648438,71983600,90.56489562988281,92.08499908447266,92.83499908447266,91.99500274658203,92.19499969482422,12127200
2024-01-05,178.99774169921875,181.17999267578125,182.75999450683594,180.1699981689453,181.99000549316406,62379700,90.54029846191406,92.05999755859375,92.8550033569336,91.70999908447266,92.19000244140625,16350600
2024-01-08,183.324951171875,185.55999755859375,185.60000610351562,181.5,182.08999633789062,59144500,92.81218719482422,94.37000274658203,94.43499755859375,92.43000030517578,92.5250015258789,16434600
2024-01-09,182.9100341796875,185.13999938964844,185.14999389648438,182.72999572753906,183.9199981689453,42841800,92.95970153808594,94.5199966430664,94.79000091552734,93.44499969482422,93.6449966430664,10633800
2024-01-10,183.94740295410156,186.19000244140625,186.39999389648438,183.9199981689453,184.35000610351562,46792900,93.75141143798828,95.32499694824219,95.52999877929688,94.36499786376953,94.56500244140625,9785400
2024-01-11,183.35459899902344,185.58999633789062,187.0500030517578,183.6199951171875,186.5399932861328,49128400,94.2284164428711,95.80999755859375,96.2750015258789,94.46499633789062,95.79499816894531,13296600
2024-01-12,183.68063354492188,185.9199981689453,186.74000549316406,185.19000244140625,186.05999755859375,40477800,94.53329467773438,96.12000274658203,96.33999633789062,95.63999938964844,95.96499633789062,8834600
2024-01-16,181.418212890625,183.6300048828125,184.25999450683594,180.92999267578125,182.16000366210938,65603000,94.76934051513672,96.36000061035156,96.76499938964844,95.44499969482422,96.0,11775600
2024-01-17,180.4796600341797,182.67999267578125,182.92999267578125,180.3000030517578,181.27000427246094,47317400,94.30217742919922,95.88500213623047,96.0,94.84500122070312,95.6449966430664,14109000
2024-01-18,186.35800170898438,188.6300048828125,189.13999938964844,185.8300018310547,186.08999633789062,78005800,96.21507263183594,97.83000183105469,97.91999816894531,96.80000305175781,97.16500091552734,18918800
2024-01-19,189.25270080566406,191.55999755859375,191.9499969482422,188.82000732421875,189.3300018310547,68903000,98.43284606933594,100.08499908447266,100.1050033569336,98.25499725341797,98.47000122070312,18333200
2024-01-22,191.5546417236328,193.88999938964844,195.3300018310547,192.25999450683594,192.3000030517578,60133900,98.86559295654297,100.5250015258789,101.13999938964844,100.1449966430664,100.57499694824219,14969000
2024-01-23,192.82911682128906,195.17999267578125,195.75,193.8300018310547,195.02000427246094,42355600,99.26390075683594,100.93000030517578,100.99500274658203,100.03500366210938,100.62000274658203,13263800
2024-01-24,192.15725708007812,194.5,196.3800048828125,194.33999633789062,195.4199981689453,53631300,99.94742584228516,101.625,102.6449966430664,101.33499908447266,101.625,17651200
2024-01-25,191.8312530517578,194.1699981689453,196.27000427246094,193.11000061035156,195.22000122070312,54822100,100.36540985107422,102.05000305175781,103.07499694824219,101.58000183105469,102.55999755859375,17071400
2024-01-26,190.10231018066406,192.4199981689453,194.75999450683594,191.94000244140625,194.27000427246094,44594000,99.20980834960938,100.875,101.78500366210938,100.6449966430664,101.33499908447266,10553000
2024-01-29,189.420654296875,191.72999572753906,192.1999969482422,189.5800018310547,192.00999450683594,47145600,100.11953735351562,101.80000305175781,101.81999969482422,100.80000305175781,101.0,7639600
2024-01-30,185.7751007080078,188.0399932861328,191.8000030517578,187.47000122070312,190.94000244140625,55859400,99.29338073730469,100.95999908447266,101.91999816894531,100.6500015258789,101.76499938964844,12251600
2024-01-31,182.17892456054688,184.39999389648438,187.10000610351562,184.35000610351562,187.0399932861328,55467800,97.20838165283203,98.83999633789062,100.41000366210938,98.79000091552734,100.0,16295200
2024-02-01,184.60931396484375,186.86000061035156,186.9499969482422,183.82000732421875,183.99000549316406,64885400,98.43284606933594,100.08499908447266,100.2249984741211,99.16999816894531,99.23500061035156,14303400
2024-02-02,183.61151123046875,185.85000610351562,187.3300018310547,179.25,179.86000061035156,102551700,99.45075225830078,101.12000274658203,101.44000244140625,99.375,99.40499877929688,12872200
2024-02-05,185.4194793701172,187.67999267578125,189.25,185.83999633789062,188.14999389648438,69668800,99.67695617675781,101.3499984741211,101.63999938964844,100.4000015258789,101.52999877929688,10086200
2024-02-06,187.01992797851562,189.3000030517578,189.30999755859375,186.77000427246094,186.86000061035156,43490800,99.21963500976562,100.88500213623047,101.63500213623047,100.23500061035156,101.45999908447266,12677200
2024-02-07,187.1286163330078,189.41000366210938,191.0500030517578,188.61000061035156,190.63999938964844,53439000,100.53260803222656,102.22000122070312,102.24500274658203,101.19000244140625,101.59500122070312,11365800
2024-02-08,186.05177307128906,188.32000732421875,189.5399932861328,187.35000610351562,189.38999938964844,40962000,100.8473129272461,102.54000091552734,102.81500244140625,102.2699966430664,102.3949966430664,9948200
2024-02-09,186.8134307861328,188.85000610351562,189.99000549316406,188.0,188.64999389648438,45155200,102.20452880859375,103.91999816894531,104.05500030517578,102.8499984741211,102.97000122070312,11612200
2024-02-12,185.13172912597656,187.14999389648438,188.6699981689453,186.7899932861328,188.4199981689453,41781900,101.4275894165039,103.12999725341797,104.23500061035156,102.9800033569336,103.91500091552734,10753200
2024-02-13,183.0445098876953,185.0399932861328,186.2100067138672,183.50999450683594,185.77000427246094,56529500,99.70646667480469,101.37999725341797,102.05999755859375,100.58999633789062,100.8949966430664,19459400
2024-02-14,182.16412353515625,184.14999389648438,185.52999877929688,182.44000244140625,185.32000732421875,54630500,100.74897003173828,102.44000244140625,102.5199966430664,101.41500091552734,102.13500213623047,11791600
2024-02-15,181.87722778320312,183.86000061035156,184.49000549316406,181.35000610351562,183.5500030517578,65434500,100.53750610351562,102.2249984741211,102.67500305175781,101.65499877929688,102.57499694824219,10796400
2024-02-16,180.3439483642578,182.30999755859375,184.85000610351562,181.6699981689453,183.4199981689453,49752500,99.61304473876953,101.28500366210938,102.70500183105469,101.1500015258789,102.5,11090400
2024-02-20,179.60205078125,181.55999755859375,182.42999267578125,180.0,181.7899932861328,53665600,98.60002899169922,100.25499725341797,101.05000305175781,99.25,100.69000244140625,17447600
2024-02-21,180.35385131835938,182.32000732421875,182.88999938964844,180.66000366210938,181.94000244140625,41371400,97.98043823242188,99.625,99.625,98.53500366210938,99.28500366210938,15954400
2024-02-22,182.38172912597656,184.3699951171875,184.9600067138672,182.4600067138672,183.47999572753906,52292200,101.18663024902344,102.88500213623047,103.16500091552734,101.96499633789062,102.19999694824219,18551600
2024-02-23,180.5516815185547,182.52000427246094,185.0399932861328,182.22999572753906,185.00999450683594,45119700,100.95057678222656,102.6449966430664,103.83000183105469,102.31999969482422,103.69999694824219,12324000
2024-02-26,179.20635986328125,181.16000366210938,182.75999450683594,180.64999389648438,182.24000549316406,40867400,101.04893493652344,102.74500274658203,103.3499984741211,102.63999938964844,103.09500122070312,18248800
2024-02-27,180.66050720214844,182.6300048828125,183.9199981689453,179.55999755859375,181.10000610351562,54318900,101.13744354248047,102.83499908447266,103.0250015258789,102.06999969482422,103.0250015258789,9984400
2024-02-28,179.46353149414062,181.4199981689453,183.1199951171875,180.1300048828125,182.50999450683594,48953900,100.66045379638672,102.3499984741211,102.62999725341797,101.9800033569336,102.49500274658203,8329000
2024-02-29,178.80078125,180.75,182.57000732421875,179.52999877929688,181.27000427246094,136682600,101.78163146972656,103.48999786376953,103.73500061035156,102.31999969482422,102.8949966430664,11986800
2024-03-01,177.7225341796875,179.66000366210938,180.52999877929688,177.3800048828125,179.5500030517578,73563100,103.64043426513672,105.37999725341797,105.52999877929688,103.70500183105469,103.75499725341797,13136800
2024-03-04,173.2117156982422,175.10000610351562,176.89999389648438,173.7899932861328,176.14999389648438,81510100,103.64043426513672,105.37999725341797,105.98500061035156,104.99500274658203,105.2300033569336,20443800
2024-03-05,168.285400390625,170.1199951171875,172.0399932861328,169.6199951171875,170.75999450683594,95132400,101.09320068359375,102.79000091552734,104.38999938964844,102.125,104.33999633789062,18042800
2024-03-06,167.29620361328125,169.1199951171875,171.24000549316406,168.67999267578125,171.05999755859375,68587700,101.89474487304688,103.6050033569336,104.38500213623047,102.91000366210938,103.86499786376953,14303200
2024-03-07,167.1774444580078,169.0,170.72999572753906,168.49000549316406,169.14999389648438,71765100,103.50273132324219,105.23999786376953,105.55999755859375,103.97000122070312,104.48999786376953,12120800
2024-03-08,168.88880920410156,170.72999572753906,173.6999969482422,168.94000244140625,169.0,76267000,101.96358489990234,103.67500305175781,106.17500305175781,103.61000061035156,105.43000030517578,14912200
2024-03-11,170.88705444335938,172.75,174.3800048828125,172.0500030517578,172.94000244140625,60139500,101.68328857421875,103.38999938964844,103.62000274658203,102.6449966430664,103.19999694824219,15648400
2024-03-12,171.36187744140625,173.22999572753906,174.02999877929688,171.00999450683594,173.14999389648438,59825400,103.7682876586914,105.51000213623047,105.5199966430664,103.3949966430664,104.38500213623047,17382800
2024-03-13,169.28453063964844,171.1300048828125,173.19000244140625,170.75999450683594,172.77000427246094,52488700,102.6471176147461,104.37000274658203,105.25,103.93499755859375,105.19000244140625,12815400
2024-03-14,171.13433837890625,173.0,174.30999755859375,172.0500030517578,172.91000366210938,72913500,102.6667709350586,104.38999938964844,105.18000030517578,103.75499725341797,104.80999755859375,16023200
2024-03-15,170.75843811035156,172.6199951171875,172.6199951171875,170.2899932861328,171.1699981689453,121752700,101.11778259277344,102.81500244140625,103.36000061035156,102.3949966430664,102.88999938964844,19633400
2024-03-18,171.84658813476562,173.72000122070312,177.7100067138672,173.52000427246094,175.57000732421875,75604200,101.61477661132812,103.1500015258789,104.20999908447266,103.06999969482422,103.54499816894531,14176600
2024-03-19,174.18112182617188,176.0800018310547,176.61000061035156,173.02999877929688,174.33999633789062,55215200,102.14180755615234,103.68499755859375,103.69999694824219,102.12999725341797,102.6449966430664,13390200
2024-03-20,176.7432098388672,178.6699981689453,178.6699981689453,175.08999633789062,175.72000122070312,53423100,103.2845458984375,104.84500122070312,104.87999725341797,103.4000015258789,103.76499938964844,13357400
2024-03-21,169.5219268798828,171.3699951171875,177.49000549316406,170.83999633789062,177.0500030517578,106181300,103.35840606689453,104.91999816894531,105.96499633789062,104.83000183105469,105.96499633789062,12312000
2024-03-22,170.42213439941406,172.27999877929688,173.0500030517578,170.05999755859375,171.75999450683594,71160100,103.39289855957031,104.95500183105469,105.33999633789062,104.55000305175781,104.92500305175781,11507000
2024-03-25,169.007568359375,170.85000610351562,171.94000244140625,169.4499969482422,170.57000732421875,54288300,102.70825958251953,104.26000213623047,104.70500183105469,103.66000366210938,103.95999908447266,8777800
2024-03-26,167.87985229492188,169.7100067138672,171.4199981689453,169.5800018310547,170.0,57388400,102.2846450805664,103.83000183105469,104.80500030517578,103.74500274658203,104.63500213623047,8538400
2024-03-27,171.44102478027344,173.30999755859375,173.60000610351562,170.11000061035156,170.41000366210938,60273300,102.80675506591797,104.36000061035156,104.54000091552734,103.55999755859375,104.48500061035156,12495000
2024-03-28,169.63072204589844,171.47999572753906,172.22999572753906,170.50999450683594,171.75,65672700,102.5851058959961,104.13500213623047,104.43499755859375,103.92500305175781,104.11499786376953,8854400
2024-04-01,168.1963653564453,170.02999877929688,171.25,169.47999572753906,171.19000244140625,46240500,102.87079620361328,104.42500305175781,105.03500366210938,104.04499816894531,104.3550033569336,11654800
2024-04-02,167.0192108154297,168.83999633789062,169.33999633789062,168.22999572753906,169.0800018310547,49329500,101.88075256347656,103.41999816894531,103.56999969482422,102.58000183105469,103.26499938964844,11418200
2024-04-03,167.8204803466797,169.64999389648438,170.67999267578125,168.5800018310547,168.7899932861328,47691700,102.15164947509766,103.69499969482422,104.2300033569336,102.875,102.9000015258789,10670000
2024-04-04,166.99945068359375,168.82000732421875,171.9199981689453,168.82000732421875,170.2899932861328,53704400,100.53605651855469,102.05500030517578,105.05000305175781,102.0,104.68499755859375,16464800
2024-04-05,167.75123596191406,169.5800018310547,170.38999938964844,168.9499969482422,169.58999633789062,42104800,101.68864440917969,103.2249984741211,103.75,102.21499633789062,102.5,12808800
2024-04-08,166.63343811035156,168.4499969482422,169.1999969482422,168.24000549316406,169.02999877929688,37425500,101.5704345703125,103.1050033569336,103.62999725341797,102.7249984741211,103.29000091552734,8125800
2024-04-09,167.8402557373047,169.6699981689453,170.0800018310547,168.35000610351562,168.6999969482422,42373800,102.08270263671875,103.625,103.8499984741211,102.33000183105469,103.63500213623047,9400800
2024-04-10,165.9706573486328,167.77999877929688,169.08999633789062,167.11000061035156,168.8000030517578,49709300,100.83161163330078,102.3550033569336,102.73500061035156,101.91500091552734,102.44499969482422,13836800
2024-04-11,173.15234375,175.0399932861328,175.4600067138672,168.16000366210938,168.33999633789062,91070300,102.8461685180664,104.4000015258789,104.56999969482422,102.31500244140625,102.80999755859375,10563600
2024-04-12,174.64608764648438,176.5500030517578,178.36000061035156,174.2100067138672,174.25999450683594,101670900,101.18131256103516,102.70999908447266,103.63999938964844,102.33000183105469,103.15499877929688,16186800
2024-04-15,170.8276824951172,172.69000244140625,176.6300048828125,172.5,175.36000061035156,73531800,99.26034545898438,100.76000213623047,103.40499877929688,100.6050033569336,103.33999633789062,17189000
2024-04-16,167.5534210205078,169.3800048828125,173.75999450683594,168.27000427246094,171.75,73711200,99.3785629272461,100.87999725341797,101.50499725341797,100.4800033569336,100.9800033569336,14914000
2024-04-17,166.18826293945312,168.0,170.64999389648438,168.0,169.61000061035156,50901200,97.9452133178711,99.42500305175781,101.41999816894531,99.3499984741211,101.25,13090400
2024-04-18,165.23863220214844,167.0399932861328,168.63999938964844,166.5500030517578,168.02999877929688,43122900,96.82710266113281,98.29000091552734,99.6500015258789,98.18499755859375,99.3949966430664,15280600
2024-04-19,163.2206268310547,165.0,166.39999389648438,164.0800018310547,166.2100067138672,68149400,94.83222961425781,96.26499938964844,98.23500061035156,96.0199966430664,97.91500091552734,21880000
2024-04-22,164.0515899658203,165.83999633789062,167.25999450683594,164.77000427246094,165.52000427246094,48116400,95.67942810058594,97.125,97.70999908447266,96.04000091552734,97.00499725341797,13293400
2024-04-23,165.10012817382812,166.89999389648438,167.0500030517578,164.9199981689453,165.35000610351562,49537800,97.0979995727539,98.56500244140625,98.70999908447266,97.38500213623047,97.52999877929688,12151600
2024-04-24,167.19729614257812,169.02000427246094,169.3000030517578,166.2100067138672,166.5399932861328,48251800,97.54131317138672,99.01499938964844,99.70500183105469,98.47000122070312,99.29499816894531,9160200
2024-04-25,168.05789184570312,169.88999938964844,170.61000061035156,168.14999389648438,169.52999877929688,50558300,97.32952880859375,98.80000305175781,98.98500061035156,97.34500122070312,97.77999877929688,11568000
2024-04-26,167.47425842285156,169.3000030517578,171.33999633789062,169.17999267578125,169.8800048828125,44838400,98.42792510986328,99.91500091552734,100.6449966430664,99.19000244140625,99.58000183105469,10104200
2024-04-29,171.62896728515625,173.5,176.02999877929688,173.10000610351562,173.3699951171875,68169400,98.85151672363281,100.34500122070312,100.58000183105469,99.76000213623047,100.43000030517578,7494800
2024-04-30,168.49314880371094,170.3300018310547,174.99000549316406,170.0,173.3300018310547,65934800,96.6744155883789,98.13500213623047,100.40499877929688,98.1050033569336,100.0,14929000
2024-05-01,167.47425842285156,169.3000030517578,172.7100067138672,169.11000061035156,169.5800018310547,50383100,95.68436431884766,97.12999725341797,99.25,97.11000061035156,97.61000061035156,20453600
2024-05-02,171.1640625,173.02999877929688,173.4199981689453,170.88999938964844,172.50999450683594,94214900,97.06352233886719,98.52999877929688,98.66500091552734,97.12999725341797,98.37000274658203,13340000
2024-05-03,181.4023895263672,183.3800048828125,187.0,182.66000366210938,186.64999389648438,163224100,99.76766967773438,101.2750015258789,101.61499786376953,100.83499908447266,101.19499969482422,13316400
2024-05-06,179.75045776367188,181.7100067138672,184.1999969482422,180.4199981689453,182.35000610351562,78569700,100.93997192382812,102.46499633789062,102.46499633789062,101.50499725341797,101.66000366210938,8021000
2024-05-07,180.4329833984375,182.39999389648438,184.89999389648438,181.32000732421875,183.4499969482422,77305800,100.60995483398438,102.12999725341797,102.81500244140625,102.12000274658203,102.76499938964844,10020800
2024-05-08,180.76931762695312,182.74000549316406,183.07000732421875,181.4499969482422,182.85000610351562,45057100,100.89563751220703,102.41999816894531,102.52999877929688,101.73999786376953,101.76499938964844,7176000
2024-05-09,182.57958984375,184.57000732421875,184.66000366210938,182.11000061035156,182.55999755859375,48983000,100.86607360839844,102.38999938964844,102.47000122070312,101.87999725341797,102.25499725341797,9589600
2024-05-10,181.3215789794922,183.0500030517578,185.08999633789062,182.1300048828125,184.89999389648438,50759500,101.24040985107422,102.7699966430664,103.38500213623047,102.44499969482422,102.92500305175781,8753800
2024-05-13,184.52108764648438,186.27999877929688,187.10000610351562,184.6199951171875,185.44000244140625,72044800,101.71820068359375,103.25499725341797,103.61000061035156,102.93000030517578,103.5250015258789,6582000
2024-05-14,185.66021728515625,187.42999267578125,188.3000030517578,186.2899932861328,187.50999450683594,52393600,102.61958312988281,104.16999816894531,104.31500244140625,103.16000366210938,103.22000122070312,9825200
2024-05-15,187.92860412597656,189.72000122070312,190.64999389648438,187.3699951171875,187.91000366210938,70400000,104.9296875,106.51499938964844,106.55000305175781,104.75,104.82499694824219,14308600
2024-05-16,188.04745483398438,189.83999633789062,191.10000610351562,189.66000366210938,190.47000122070312,52845200,104.56519317626953,106.1449966430664,106.91000366210938,106.0999984741211,106.58000183105469,12066600
2024-05-17,188.0771942138672,189.8699951171875,190.80999755859375,189.17999267578125,189.50999450683594,41282900,104.33369445800781,105.91000366210938,106.45500183105469,105.33000183105469,106.38999938964844,7616000
2024-05-20,189.2361297607422,191.0399932861328,191.9199981689453,189.00999450683594,189.3300018310547,44361300,105.5601577758789,107.15499877929688,107.3550033569336,105.91999816894531,106.01499938964844,6276800
2024-05-21,190.5337371826172,192.35000610351562,192.72999572753906,190.9199981689453,191.08999633789062,42309400,105.73255920410156,107.33000183105469,107.50499725341797,106.55500030517578,106.74500274658203,6140400
2024-05-22,189.09747314453125,190.89999389648438,192.82000732421875,190.27000427246094,192.27000427246094,34648500,105.96897888183594,107.56999969482422,107.96499633789062,106.93499755859375,107.63500213623047,11783000
2024-05-23,185.1154327392578,186.8800048828125,191.0,186.6300048828125,190.97999572753906,51005900,105.10700988769531,106.69499969482422,108.80999755859375,106.3550033569336,108.80000305175781,9400400
2024-05-24,188.18614196777344,189.97999572753906,190.5800018310547,188.0399932861328,188.82000732421875,36327000,105.99360656738281,107.59500122070312,107.82499694824219,106.61000061035156,106.96499633789062,5906400
2024-05-28,188.19606018066406,189.99000549316406,193.0,189.10000610351562,191.50999450683594,52280100,106.44183349609375,108.05000305175781,108.29000091552734,107.375,108.20500183105469,8786400
2024-05-29,188.49322509765625,190.2899932861328,192.25,189.50999450683594,189.61000061035156,53068000,105.76704406738281,107.36499786376953,107.87999725341797,106.91000366210938,106.91000366210938,8569000
2024-05-30,189.4837646484375,191.2899932861328,192.17999267578125,190.6300048828125,190.75999450683594,49889100,103.3534927368164,104.91500091552734,106.33000183105469,104.58999633789062,106.16999816894531,10450600
2024-05-31,190.4346923828125,192.25,192.57000732421875,189.91000366210938,191.44000244140625,75158300,103.51603698730469,105.08000183105469,105.24500274658203,102.76499938964844,105.2249984741211,12081000
2024-06-03,192.1978759765625,194.02999877929688,194.99000549316406,192.52000427246094,192.89999389648438,50080500,103.77709197998047,105.34500122070312,105.9800033569336,104.08499908447266,105.88500213623047,9628000
2024-06-04,192.51487731933594,194.35000610351562,195.32000732421875,193.02999877929688,194.63999938964844,47471400,103.99384307861328,105.56500244140625,105.73500061035156,104.75,105.29000091552734,6405400
2024-06-05,194.02052307128906,195.8699951171875,196.89999389648438,194.8699951171875,195.39999389648438,54156800,106.30391693115234,107.91000366210938,107.91000366210938,106.2300033569336,106.4000015258789,8788800
2024-06-06,192.64364624023438,194.47999572753906,196.5,194.1699981689453,195.69000244140625,41181800,105.94928741455078,107.55000305175781,108.04499816894531,107.26499938964844,107.97000122070312,7057600
2024-06-07,195.0308837890625,196.88999938964844,196.94000244140625,194.13999938964844,194.64999389648438,53103900,106.19556427001953,107.80000305175781,108.26000213623047,107.2699966430664,107.66500091552734,6398600
2024-06-10,191.29649353027344,193.1199951171875,197.3000030517578,192.14999389648438,196.89999389648438,97010200,106.46647644042969,108.07499694824219,108.36499786376953,107.36499786376953,107.43499755859375,6734800
2024-06-11,205.19400024414062,207.14999389648438,207.16000366210938,193.6300048828125,193.64999389648438,172373300,108.44654083251953,110.08499908447266,110.11499786376953,107.75,107.80000305175781,12719200
2024-06-12,211.05813598632812,213.07000732421875,220.1999969482422,206.89999389648438,207.3699951171875,198134300,110.84530639648438,112.5199966430664,113.65499877929688,110.9749984741211,111.18000030517578,17821200
2024-06-13,212.21707153320312,214.24000549316406,216.75,211.60000610351562,214.74000549316406,97862700,111.72206115722656,113.41000366210938,113.87999725341797,112.72000122070312,113.56500244140625,12693600
2024-06-14,210.48358154296875,212.49000549316406,215.1699981689453,211.3000030517578,213.85000610351562,70122700,112.1407470703125,113.83499908447266,113.9000015258789,113.17500305175781,113.25,7864600
2024-06-17,214.62413024902344,216.6699981689453,218.9499969482422,212.72000122070312,213.3699951171875,93728300,113.8400650024414,115.55999755859375,115.96499633789062,113.7249984741211,114.11499786376953,11602600
2024-06-18,212.26658630371094,214.2899932861328,218.6300048828125,213.0,217.58999633789062,79943300,113.98289489746094,115.70500183105469,116.08499908447266,115.24500274658203,115.67500305175781,8677800
2024-06-20,207.70010375976562,209.67999267578125,214.24000549316406,208.85000610351562,213.92999267578125,86172500,112.7022476196289,114.40499877929688,116.29499816894531,114.0199966430664,116.2249984741211,13243000
2024-06-21,205.5308074951172,207.49000549316406,211.88999938964844,207.11000061035156,210.38999938964844,241805100,112.50524139404297,114.20500183105469,114.87999725341797,113.68499755859375,114.43000030517578,13560200
2024-06-24,206.1746826171875,208.13999938964844,212.6999969482422,206.58999633789062,207.72000122070312,80727000,109.74700164794922,111.20999908447266,113.33000183105469,111.18000030517578,112.81999969482422,13748600
2024-06-25,207.09588623046875,209.07000732421875,211.3800048828125,208.61000061035156,209.14999389648438,55549700,111.76016998291016,113.25,113.30999755859375,111.3949966430664,112.0250015258789,9126200
2024-06-26,211.23643493652344,213.25,214.86000061035156,210.63999938964844,211.5,66213200,111.63186645507812,113.12000274658203,113.65499877929688,112.23999786376953,113.08000183105469,9459600
2024-06-27,212.0784149169922,214.10000610351562,215.74000549316406,212.35000610351562,214.69000244140625,49772700,111.6861572265625,113.17500305175781,113.73500061035156,112.76499938964844,112.9000015258789,7923600
2024-06-28,208.63124084472656,210.6199951171875,216.07000732421875,210.3000030517578,215.77000427246094,82542700,111.6269302368164,113.11499786376953,115.19499969482422,112.95999908447266,113.56999969482422,12488200
2024-07-01,214.703369140625,216.75,217.50999450683594,211.9199981689453,212.08999633789062,60402900,112.47069549560547,113.97000122070312,114.16000366210938,111.63999938964844,113.28500366210938,9281600
2024-07-02,218.1901397705078,220.27000427246094,220.3800048828125,215.10000610351562,216.14999389648438,58046200,113.03319549560547,114.54000091552734,114.55000305175781,112.9800033569336,112.9800033569336,7076600
2024-07-03,219.45806884765625,221.5500030517578,221.5500030517578,219.02999877929688,220.0,37369800,114.55786895751953,116.08499908447266,116.13999938964844,114.27999877929688,114.375,6249200
2024-07-05,224.20281982421875,226.33999633789062,226.4499969482422,221.64999389648438,221.64999389648438,60412400,114.90821075439453,116.44000244140625,116.95500183105469,115.73500061035156,116.21499633789062,6671800
2024-07-08,225.66885375976562,227.82000732421875,227.85000610351562,223.25,227.08999633789062,59085900,115.69273376464844,117.23500061035156,117.57499694824219,116.61499786376953,116.81500244140625,7671000
2024-07-09,226.52072143554688,228.67999267578125,229.39999389648438,226.3699951171875,227.92999267578125,48076100,115.59898376464844,117.13999938964844,118.11499786376953,116.47000122070312,117.83499908447266,8678600
2024-07-10,230.78013610839844,232.97999572753906,233.0800018310547,229.25,229.3000030517578,62627700,117.27661895751953,118.83999633789062,118.92500305175781,117.28500366210938,117.94499969482422,8749400
2024-07-11,225.42120361328125,227.57000732421875,232.38999938964844,225.77000427246094,231.38999938964844,64710600,114.34076690673828,115.86499786376953,119.06999969482422,115.52999877929688,119.0199966430664,14106000
2024-07-12,228.36314392089844,230.5399932861328,232.63999938964844,228.67999267578125,228.9199981689453,53046500,115.36214447021484,116.9000015258789,118.13999938964844,115.77999877929688,116.18499755859375,9767600
2024-07-15,232.18673706054688,234.39999389648438,237.22999572753906,233.08999633789062,236.47999572753906,62631300,115.56938934326172,117.11000061035156,118.26499938964844,116.44499969482422,117.49500274658203,8628000
2024-07-16,232.60275268554688,234.82000732421875,236.27000427246094,232.3300018310547,235.0,43234300,115.18450164794922,116.72000122070312,117.44499969482422,115.88500213623047,117.38500213623047,7652200
2024-07-17,226.71884155273438,228.8800048828125,231.4600067138672,226.63999938964844,229.4499969482422,57345900,110.70423889160156,112.18000030517578,114.16500091552734,112.125,114.05000305175781,12440400
2024-07-18,222.06320190429688,224.17999267578125,230.44000244140625,222.27000427246094,230.27999877929688,66034600,110.714111328125,112.19000244140625,113.43000030517578,110.7750015258789,113.41000366210938,10837200
2024-07-19,222.19198608398438,224.30999755859375,226.8000030517578,223.27999877929688,224.82000732421875,49151500,108.9822006225586,110.43499755859375,112.27999877929688,110.19000244140625,111.59500122070312,8472800
2024-07-22,221.84530639648438,223.9600067138672,227.77999877929688,223.08999633789062,227.00999450683594,48201800,111.56279754638672,113.05000305175781,113.18000030517578,111.41999816894531,111.8949966430664,10601600
2024-07-23,222.88536071777344,225.00999450683594,226.94000244140625,222.67999267578125,224.3699951171875,39960300,111.11872100830078,112.5999984741211,113.61499786376953,112.44999694824219,112.58000183105469,5530800
2024-07-24,216.47647094726562,218.5399932861328,224.8000030517578,217.1300048828125,224.0,61777600,106.52002716064453,107.94000244140625,111.4800033569336,107.68000030517578,111.12999725341797,14300800
2024-07-25,215.4364013671875,217.49000549316406,220.85000610351562,214.6199951171875,218.92999267578125,51391200,105.38020324707031,106.78500366210938,109.43499755859375,105.2300033569336,107.82499694824219,21158000
2024-07-26,215.90194702148438,217.9600067138672,219.49000549316406,216.00999450683594,218.6999969482422,41601300,106.7173843383789,108.13999938964844,109.0,107.2249984741211,108.2249984741211,11697800
2024-07-29,216.17929077148438,218.24000549316406,219.3000030517578,215.75,216.9600067138672,36311800,106.24370574951172,107.66000366210938,109.47000122070312,107.34500122070312,109.0,7343800
2024-07-30,216.73402404785156,218.8000030517578,220.3300018310547,216.1199951171875,219.19000244140625,41643800,103.57429504394531,104.95500183105469,108.16500091552734,104.1500015258789,108.05999755859375,10694600
2024-07-31,219.9830322265625,222.0800018310547,223.82000732421875,220.6300048828125,221.44000244140625,50036300,107.9608154296875,109.4000015258789,109.79499816894531,107.43499755859375,108.19499969482422,14614000
2024-08-01,216.29818725585938,218.36000061035156,224.47999572753906,217.02000427246094,224.3699951171875,62501000,103.93448638916016,105.31999969482422,110.36499786376953,104.19999694824219,109.0999984741211,16991400
2024-08-02,217.7840118408203,219.86000061035156,225.60000610351562,217.7100067138672,219.14999389648438,105568600,101.01342010498047,102.36000061035156,103.36499786376953,100.625,102.5199966430664,18621600
2024-08-05,207.29400634765625,209.27000427246094,213.5,196.0,199.08999633789062,119548600,97.64827728271484,98.94999694824219,100.86000061035156,95.375,95.95500183105469,31430000
2024-08-06,205.27328491210938,207.22999572753906,209.99000549316406,201.07000732421875,205.3000030517578,69660500,98.97557830810547,100.29499816894531,102.32499694824219,99.1500015258789,100.21499633789062,24575800
2024-08-07,207.8388214111328,209.82000732421875,213.63999938964844,206.38999938964844,206.89999389648438,63516400,97.3719711303711,98.66999816894531,103.2249984741211,98.53500366210938,102.7249984741211,17653600
2024-08-08,211.2958526611328,213.30999755859375,214.1999969482422,208.8300018310547,213.11000061035156,47161100,101.00849151611328,102.3550033569336,102.61000061035156,99.0,100.45500183105469,14477200
2024-08-09,214.1981964111328,216.24000549316406,216.77999877929688,211.97000122070312,212.10000610351562,42201600,101.46244812011719,102.81500244140625,103.40499877929688,101.67500305175781,102.29499816894531,9535600
2024-08-12,215.72540283203125,217.52999877929688,219.50999450683594,215.60000610351562,216.07000732421875,38028100,102.29137420654297,103.65499877929688,104.45500183105469,102.65499877929688,103.13500213623047,8580200
2024-08-13,219.43438720703125,221.27000427246094,221.88999938964844,219.00999450683594,219.00999450683594,44155300,105.43447875976562,106.83999633789062,106.875,104.80999755859375,104.94000244140625,9999600
2024-08-14,219.8806610107422,221.72000122070312,223.02999877929688,219.6999969482422,220.57000732421875,41960600,106.01179504394531,107.42500305175781,107.97000122070312,105.9800033569336,107.5,8922400
2024-08-15,222.85577392578125,224.72000122070312,225.35000610351562,222.75999450683594,224.60000610351562,46414000,109.06114196777344,110.51499938964844,110.625,108.58000183105469,108.81500244140625,9518800
2024-08-16,224.1747283935547,226.0500030517578,226.8300018310547,223.64999389648438,223.9199981689453,44340200,109.24370574951172,110.69999694824219,110.91500091552734,109.62999725341797,109.93000030517578,6706400
2024-08-19,224.01605224609375,225.88999938964844,225.99000549316406,223.0399932861328,225.72000122070312,40687800,111.04469299316406,112.5250015258789,112.52999877929688,109.98999786376953,110.44000244140625,13004200
2024-08-20,224.6309051513672,226.50999450683594,227.1699981689453,225.4499969482422,225.77000427246094,30299000,110.65489959716797,112.12999725341797,112.90499877929688,111.47000122070312,112.2300033569336,7221600
2024-08-21,224.52182006835938,226.39999389648438,227.97999572753906,225.0500030517578,226.52000427246094,34765500,111.30621337890625,112.79000091552734,113.18000030517578,111.84500122070312,112.19999694824219,7538800
2024-08-22,222.6673583984375,224.52999877929688,228.33999633789062,223.89999389648438,227.7899932861328,43695300,108.74534606933594,110.19499969482422,113.68499755859375,109.96499633789062,113.41999816894531,9083600
2024-08-23,224.9581756591797,226.83999633789062,228.22000122070312,224.3300018310547,225.66000366210938,38677300,110.50688171386719,111.9800033569336,112.47000122070312,110.55000305175781,111.29000091552734,10681000
2024-08-26,225.2953643798828,227.17999267578125,227.27999877929688,223.88999938964844,226.75999450683594,30602200,109.12035369873047,110.57499694824219,112.30000305175781,110.01000213623047,111.87999725341797,6268800
2024-08-27,226.13829040527344,228.02999877929688,228.85000610351562,224.88999938964844,226.0,35934600,109.78154754638672,111.24500274658203,111.4800033569336,109.3499984741211,109.88999938964844,7656000
2024-08-28,224.61106872558594,226.49000549316406,229.86000061035156,225.67999267578125,227.9199981689453,38052200,108.2667236328125,109.70999908447266,111.31500244140625,108.79000091552734,111.0999984741211,9002200
2024-08-29,227.88368225097656,229.7899932861328,232.9199981689453,228.8800048828125,230.10000610351562,51906300,107.2897720336914,108.72000122070312,111.28500366210938,108.44000244140625,109.73999786376953,13314800
2024-08-30,227.10028076171875,229.0,230.39999389648438,227.47999572753906,230.19000244140625,52990800,108.71575164794922,110.16500091552734,110.58999633789062,108.72000122070312,109.90499877929688,10048400
2024-09-03,220.92193603515625,222.77000427246094,229.0,221.1699981689453,228.5500030517578,50190600,103.72230529785156,105.1050033569336,109.08000183105469,104.50499725341797,109.0,14765800
2024-09-04,219.0178680419922,220.85000610351562,221.77999877929688,217.47999572753906,221.66000366210938,43840200,103.45586395263672,104.83499908447266,106.02999877929688,103.70999908447266,104.04000091552734,12330000
2024-09-05,220.53517150878906,222.3800048828125,225.47999572753906,221.52000427246094,221.6300048828125,36615400,103.29796600341797,104.67500305175781,105.9749984741211,103.98500061035156,104.08000183105469,8874800
2024-09-06,218.98812866210938,220.82000732421875,225.24000549316406,219.77000427246094,223.9499969482422,48423000,100.61869049072266,101.95999908447266,104.83999633789062,101.48999786376953,104.58999633789062,12441000
2024-09-09,219.07737731933594,220.91000366210938,221.27000427246094,216.7100067138672,220.82000732421875,67180000,102.26671600341797,103.62999725341797,103.74500274658203,102.2699966430664,103.2249984741211,10922000
2024-09-10,218.2840118408203,220.11000061035156,221.47999572753906,216.72999572753906,218.9199981689453,51591000,103.79632568359375,105.18000030517578,105.40499877929688,103.3499984741211,104.34500122070312,10123000
2024-09-11,220.8128662109375,222.66000366210938,223.08999633789062,217.88999938964844,221.4600067138672,44587100,107.33909606933594,108.7699966430664,108.93499755859375,103.87000274658203,105.54000091552734,12768800
2024-09-12,220.92193603515625,222.77000427246094,223.5500030517578,219.82000732421875,222.5,37455600,108.22726440429688,109.66999816894531,110.13500213623047,107.92500305175781,108.69000244140625,10604200
2024-09-13,220.65419006347656,222.5,224.0399932861328,221.91000366210938,223.5800018310547,36766600,108.77001953125,110.22000122070312,110.49500274658203,109.36000061035156,109.80500030517578,8047400
2024-09-16,214.52545166015625,216.32000732421875,217.22000122070312,213.9199981689453,216.5399932861328,59357400,108.35553741455078,109.80000305175781,110.1500015258789,108.78500366210938,109.42500305175781,6897800
2024-09-17,214.99154663085938,216.7899932861328,216.89999389648438,214.5,215.75,45519300,108.14337921142578,109.58499908447266,111.06999969482422,109.02999877929688,110.9000015258789,6990000
2024-09-18,218.8592071533203,220.69000244140625,222.7100067138672,217.5399932861328,217.5500030517578,59894900,107.15652465820312,108.58499908447266,110.62999725341797,108.4800033569336,109.86000061035156,12741600
2024-09-19,226.9713134765625,228.8699951171875,229.82000732421875,224.6300048828125,224.99000549316406,66781300,110.33910369873047,111.80999755859375,112.50499725341797,111.0250015258789,111.63500213623047,13934000
2024-09-20,226.30690002441406,228.1999969482422,233.08999633789062,227.6199951171875,229.97000122070312,318679900,109.80126953125,111.26499938964844,111.76499938964844,110.2699966430664,111.37000274658203,14492800
2024-09-23,224.59124755859375,226.47000122070312,229.4499969482422,225.80999755859375,227.33999633789062,54146000,109.78101348876953,111.04499816894531,111.30999755859375,110.70500183105469,111.16500091552734,7490600
2024-09-24,225.48377990722656,227.3699951171875,229.35000610351562,225.72999572753906,228.64999389648438,43556100,110.53236389160156,111.80500030517578,112.02999877929688,110.30999755859375,111.51000213623047,7025800
2024-09-25,224.4920654296875,226.3699951171875,227.2899932861328,224.02000427246094,224.92999267578125,42308700,110.84872436523438,112.125,112.61499786376953,111.53500366210938,111.58499908447266,6111600
2024-09-26,225.63255310058594,227.52000427246094,228.5,225.41000366210938,227.3000030517578,36636700,112.31681823730469,113.61000061035156,114.44000244140625,112.41500091552734,114.31500244140625,9244800
2024-09-27,225.90028381347656,227.7899932861328,229.52000427246094,227.3000030517578,228.4600067138672,34026000,111.26888275146484,112.55000305175781,113.80500030517578,112.12999725341797,113.7699966430664,6093800
2024-09-30,231.0670623779297,233.0,233.0,229.64999389648438,230.0399932861328,54541900,111.5951156616211,112.87999725341797,112.94999694824219,111.5,112.05999755859375,5500400
2024-10-01,224.3334197998047,226.2100067138672,229.64999389648438,223.74000549316406,229.52000427246094,63285000,108.87641906738281,110.12999725341797,112.61000061035156,109.4749984741211,112.54499816894531,11295400
2024-10-02,224.898681640625,226.77999877929688,227.3699951171875,223.02000427246094,225.88999938964844,32880600,109.6821517944336,110.94499969482422,111.44999694824219,109.52999877929688,110.15499877929688,4532400
2024-10-03,223.79788208007812,225.6699981689453,226.80999755859375,223.32000732421875,225.13999938964844,34044200,110.13690185546875,111.40499877929688,112.22000122070312,110.6050033569336,110.62000274658203,5784800
2024-10-04,224.91851806640625,226.8000030517578,228.0,224.1300048828125,227.89999389648438,37245100,111.36280059814453,112.6449966430664,112.92500305175781,111.45999908447266,112.84500122070312,5009200
2024-10-07,219.85089111328125,221.69000244140625,225.69000244140625,221.3300018310547,224.5,39505400,110.59663391113281,111.87000274658203,112.88500213623047,111.58999633789062,112.13999938964844,4430400
2024-10-08,223.89706420898438,225.77000427246094,225.97999572753906,223.25,224.3000030517578,31855700,112.66282653808594,113.95999908447266,114.1500015258789,112.41999816894531,112.67500305175781,7864800
2024-10-09,227.63577270507812,229.5399932861328,229.75,224.8300018310547,225.22999572753906,33591100,113.92332458496094,115.23500061035156,115.3949966430664,113.69499969482422,114.05000305175781,7579800
2024-10-10,227.13995361328125,229.0399932861328,229.5,227.1699981689453,227.77999877929688,28183500,113.89366149902344,115.20500183105469,115.50499725341797,114.1449966430664,114.46499633789062,5692200
2024-10-11,225.6623077392578,227.5500030517578,229.41000366210938,227.33999633789062,229.3000030517578,31759200,114.09137725830078,115.40499877929688,115.66500091552734,114.76000213623047,114.93000030517578,8849000
2024-10-14,229.3811798095703,231.3000030517578,231.72999572753906,228.60000610351562,228.6999969482422,39882100,115.57925415039062,116.91000366210938,117.1500015258789,116.08499908447266,116.13999938964844,9810200
2024-10-15,231.9100341796875,233.85000610351562,237.49000549316406,232.3699951171875,233.61000061035156,64751400,113.03850555419922,114.33999633789062,117.28500366210938,113.91500091552734,117.0,14179400
2024-10-16,229.85719299316406,231.77999877929688,232.1199951171875,229.83999633789062,231.60000610351562,34082200,113.38947296142578,114.69499969482422,114.87000274658203,113.45999908447266,114.69999694824219,5758800
2024-10-17,230.22412109375,232.14999389648438,233.85000610351562,230.52000427246094,233.42999267578125,32993800,113.7354736328125,115.04499816894531,116.36000061035156,115.04499816894531,116.29499816894531,6051200
2024-10-18,233.05047607421875,235.0,236.17999267578125,234.00999450683594,236.17999267578125,46431500,114.14083099365234,115.45500183105469,115.87999725341797,115.20999908447266,115.6449966430664,4537000
2024-10-21,234.51820373535156,236.47999572753906,236.85000610351562,234.4499969482422,234.4499969482422,36254500,114.67466735839844,115.99500274658203,116.01000213623047,114.88500213623047,115.09500122070312,6322400
2024-10-22,233.90335083007812,235.86000061035156,236.22000122070312,232.60000610351562,233.88999938964844,38846600,114.55602264404297,115.875,116.2699966430664,115.05000305175781,115.37999725341797,6169200
2024-10-23,228.84567260742188,230.75999450683594,235.13999938964844,227.75999450683594,234.0800018310547,52287000,112.9149169921875,114.21499633789062,115.62000274658203,113.23999786376953,115.44499969482422,6083600
2024-10-24,228.65724182128906,230.57000732421875,230.82000732421875,228.41000366210938,229.97999572753906,31109500,113.24612426757812,114.55000305175781,114.83499908447266,113.87000274658203,114.68000030517578,4832800
2024-10-25,229.49026489257812,231.41000366210938,233.22000122070312,229.57000732421875,229.74000549316406,38802300,113.83433532714844,115.1449966430664,116.44000244140625,114.9800033569336,115.19999694824219,8314800
2024-10-28,231.46377563476562,233.39999389648438,234.72999572753906,232.5500030517578,233.32000732421875,36087100,113.79973602294922,115.11000061035156,115.97000122070312,115.08499908447266,115.97000122070312,5899200
2024-10-29,231.7315216064453,233.6699981689453,234.3300018310547,232.32000732421875,233.10000610351562,35417200,115.33210754394531,116.66000366210938,116.99500274658203,114.9000015258789,115.33000183105469,7451600
2024-10-30,228.19113159179688,230.10000610351562,233.47000122070312,229.5500030517578,232.61000061035156,47070900,113.49821472167969,114.80500030517578,115.90499877929688,114.7300033569336,115.59500122070312,8341200
2024-10-31,224.035888671875,225.91000366210938,229.8300018310547,225.3699951171875,229.33999633789062,64370100,109.85517120361328,111.12000274658203,113.54499816894531,111.08000183105469,113.54499816894531,12110200
2024-11-01,221.060791015625,222.91000366210938,225.35000610351562,220.27000427246094,220.97000122070312,65276700,110.68064880371094,111.95500183105469,112.79000091552734,111.08999633789062,111.23999786376953,11565800
2024-11-04,220.1682586669922,222.00999450683594,222.7899932861328,219.7100067138672,220.99000549316406,44944500,110.59663391113281,111.87000274658203,112.67500305175781,111.3949966430664,112.05999755859375,6311800
2024-11-05,221.59629821777344,223.4499969482422,223.9499969482422,221.13999938964844,221.8000030517578,28111300,112.15370178222656,113.44499969482422,113.53500366210938,112.21499633789062,112.21499633789062,7273000
2024-11-06,220.87234497070312,222.72000122070312,226.07000732421875,221.19000244140625,222.61000061035156,54561100,115.346923828125,116.67500305175781,116.88999938964844,115.29000091552734,115.63500213623047,10967800
2024-11-07,225.59288024902344,227.47999572753906,227.8800048828125,224.57000732421875,224.6300048828125,42137700,117.3587646484375,118.70999908447266,118.84500122070312,117.43000030517578,117.48500061035156,10463000
2024-11-08,225.3248291015625,226.9600067138672,228.66000366210938,226.41000366210938,227.1699981689453,38328800,117.23023986816406,118.58000183105469,118.97000122070312,118.1500015258789,118.55999755859375,7236400
2024-11-11,222.61448669433594,224.22999572753906,225.6999969482422,221.5,225.0,42005600,116.58270263671875,117.92500305175781,118.63999938964844,117.22000122070312,118.56500244140625,7267200
2024-11-12,222.61448669433594,224.22999572753906,225.58999633789062,223.36000061035156,224.5500030517578,40398300,116.73098754882812,118.07499694824219,118.2249984741211,117.1449966430664,117.84500122070312,7530800
2024-11-13,223.49807739257812,225.1199951171875,226.64999389648438,222.75999450683594,224.00999450683594,48566200,116.3256607055664,117.66500091552734,118.53500366210938,117.30000305175781,117.82499694824219,6329600
2024-11-14,226.5757598876953,228.22000122070312,228.8699951171875,225.0,225.02000427246094,44923900,115.93020629882812,117.26499938964844,118.05999755859375,117.07499694824219,117.8550033569336,6602000
2024-11-15,223.37893676757812,225.0,226.9199981689453,224.27000427246094,226.39999389648438,47923700,113.05333709716797,114.3550033569336,115.96499633789062,113.9749984741211,115.81500244140625,11229800
2024-11-18,226.37718200683594,228.02000427246094,229.74000549316406,225.1699981689453,225.25,44633700,113.41912078857422,114.7249984741211,115.20999908447266,113.86000061035156,114.3550033569336,6166800
2024-11-19,226.63528442382812,228.27999877929688,230.16000366210938,226.66000366210938,226.97999572753906,36211800,114.34844207763672,115.66500091552734,115.76000213623047,114.00499725341797,114.00499725341797,6906800
2024-11-20,227.35012817382812,229.0,229.92999267578125,225.88999938964844,228.05999755859375,35169600,114.24957275390625,115.56500244140625,115.80500030517578,114.0250015258789,115.76499938964844,8874400
2024-11-21,226.87359619140625,228.52000427246094,230.16000366210938,225.7100067138672,228.8800048828125,42108300,115.41118621826172,116.73999786376953,117.28500366210938,114.9000015258789,116.68499755859375,10591800
2024-11-22,228.21385192871094,229.8699951171875,230.72000122070312,228.05999755859375,228.05999755859375,38168300,115.47050476074219,116.80000305175781,117.06999969482422,116.11000061035156,116.52999877929688,7090800
2024-11-25,231.19219970703125,232.8699951171875,233.25,229.74000549316406,231.4600067138672,90152800,115.46556091308594,116.79499816894531,117.88500213623047,116.26499938964844,117.68000030517578,11137200
2024-11-26,233.366455078125,235.05999755859375,235.57000732421875,233.3300018310547,233.3300018310547,45986200,116.04390716552734,117.37999725341797,117.74500274658203,116.87999725341797,117.32499694824219,6229400
2024-11-27,233.23739624023438,234.92999267578125,235.69000244140625,233.80999755859375,234.47000122070312,33498400,114.47199249267578,115.79000091552734,116.65499877929688,114.76499938964844,116.58499908447266,6369400
2024-11-29,235.62010192871094,237.3300018310547,237.80999755859375,233.97000122070312,234.80999755859375,28481400,115.53475952148438,116.86499786376953,117.11000061035156,115.94499969482422,116.05999755859375,4168400
2024-12-02,237.86380004882812,239.58999633789062,240.7899932861328,237.16000366210938,237.27000427246094,48137100,116.63212585449219,117.9749984741211,118.41500091552734,116.91999816894531,116.94999694824219,9398200
2024-12-03,240.90174865722656,242.64999389648438,242.75999450683594,238.89999389648438,239.80999755859375,38861000,117.05229187011719,118.4000015258789,118.43000030517578,117.24500274658203,117.4749984741211,5576000
2024-12-04,241.25917053222656,243.00999450683594,244.11000061035156,241.25,242.8699951171875,44383900,119.1926498413086,120.56500244140625,120.625,119.52999877929688,119.87999725341797,10840000
2024-12-05,241.28897094726562,243.0399932861328,244.5399932861328,242.1300048828125,243.99000549316406,40033900,118.58959197998047,119.95500183105469,120.51499938964844,119.79000091552734,120.375,5638000
2024-12-06,241.09039306640625,242.83999633789062,244.6300048828125,242.0800018310547,242.91000366210938,36870600,119.04930114746094,120.41999816894531,120.94000244140625,120.03500366210938,120.16500091552734,6654200
2024-12-09,244.97222900390625,246.75,247.24000549316406,241.75,241.8300018310547,44649200,118.27323913574219,119.63500213623047,120.4000015258789,119.33000183105469,119.97000122070312,8032400
2024-12-10,245.98489379882812,247.77000427246094,248.2100067138672,245.33999633789062,246.88999938964844,36914800,116.63212585449219,117.9749984741211,119.55500030517578,117.5999984741211,119.2300033569336,11234400
2024-12-11,244.71412658691406,246.49000549316406,250.8000030517578,246.25999450683594,247.9600067138672,45205800,118.32266235351562,119.68499755859375,120.06500244140625,118.5,118.91000366210938,8689600
2024-12-12,246.1735382080078,247.9600067138672,248.74000549316406,245.67999267578125,246.88999938964844,32777500,117.66029357910156,119.01499938964844,119.45500183105469,118.62999725341797,118.91999816894531,7218200
2024-12-13,246.34228515625,248.1300048828125,249.2899932861328,246.24000549316406,247.82000732421875,33155300,118.16448974609375,119.5250015258789,120.55999755859375,118.57499694824219,120.08999633789062,8677000
2024-12-16,249.23130798339844,251.0399932861328,251.3800048828125,247.64999389648438,247.99000549316406,51694800,119.34588623046875,120.72000122070312,120.82499694824219,119.42500305175781,119.68000030517578,9442600
2024-12-17,251.6537322998047,253.47999572753906,253.8300018310547,249.77999877929688,250.0800018310547,51356400,118.62420654296875,119.98999786376953,120.45999908447266,119.40499877929688,119.86499786376953,8145000
2024-12-18,246.26287841796875,248.0500030517578,254.27999877929688,247.74000549316406,252.16000366210938,56774100,114.7982406616211,116.12000274658203,120.7249984741211,115.8499984741211,120.3949966430664,16927200
2024-12-19,247.99032592773438,249.7899932861328,252.0,247.08999633789062,247.5,60882300,114.92182922363281,116.24500274658203,117.68000030517578,116.09500122070312,117.30000305175781,13383400
2024-12-20,252.65647888183594,254.49000549316406,255.0,245.69000244140625,248.0399932861328,147495300,116.63707733154297,117.9800033569336,118.93000030517578,115.09500122070312,115.45500183105469,14924800
2024-12-23,253.4308319091797,255.27000427246094,255.64999389648438,253.4499969482422,254.77000427246094,40858800,117.87288665771484,119.03500366210938,119.08499908447266,117.49500274658203,118.125,7973400
2024-12-24,256.3397521972656,258.20001220703125,258.2099914550781,255.2899932861328,255.49000549316406,23234700,119.09088134765625,120.26499938964844,120.2699966430664,119.27999877929688,119.45999908447266,4653400
2024-12-26,257.1538391113281,259.0199890136719,260.1000061035156,257.6300048828125,258.19000244140625,27237100,119.17009735107422,120.34500122070312,120.78500366210938,119.49500274658203,119.87999725341797,7150800
2024-12-27,253.74853515625,255.58999633789062,258.70001220703125,253.05999755859375,257.8299865722656,42355300,117.58572387695312,118.74500274658203,119.69000244140625,117.57499694824219,119.53500366210938,8726400
2024-12-30,250.38294982910156,252.1999969482422,253.5,250.75,252.22999572753906,35557500,116.0904541015625,117.23500061035156,118.16999816894531,116.29000091552734,117.01499938964844,7950400
2024-12-31,248.61578369140625,250.4199981689453,253.27999877929688,249.42999267578125,252.44000244140625,39480700,115.12498474121094,116.26000213623047,117.63500213623047,115.87999725341797,117.55500030517578,9381200
2025-01-02,242.0931396484375,243.85000610351562,249.10000610351562,241.82000732421875,248.92999267578125,55740700,114.8526611328125,115.98500061035156,117.51000213623047,114.88999938964844,117.18000030517578,12766600
2025-01-03,241.60665893554688,243.36000061035156,244.17999267578125,241.88999938964844,243.36000061035156,40244100,116.72420501708984,117.875,118.0,116.46499633789062,116.69499969482422,9117600
2025-01-06,243.23484802246094,245.0,247.3300018310547,243.1999969482422,244.30999755859375,45045600,118.2095718383789,119.375,120.52999877929688,118.90499877929688,119.22000122070312,8975400
2025-01-07,240.46495056152344,242.2100067138672,245.5500030517578,241.35000610351562,242.97999572753906,40856000,115.83795928955078,116.9800033569336,120.0,116.56999969482422,120.0,10006800
2025-01-08,240.95140075683594,242.6999969482422,243.7100067138672,240.0500030517578,241.9199981689453,37628900,115.79833984375,116.94000244140625,117.2699966430664,115.81500244140625,117.25,10023800
2025-01-10,235.14356994628906,236.85000610351562,240.16000366210938,233.0,240.00999450683594,61710900,113.27323150634766,114.38999938964844,115.7300033569336,113.71499633789062,115.70999908447266,11665800
2025-01-13,232.71121215820312,234.39999389648438,234.6699981689453,229.72000122070312,233.52999877929688,49630700,112.47115325927734,113.58000183105469,113.66000366210938,112.2249984741211,112.55000305175781,10656000
2025-01-14,231.59927368164062,233.27999877929688,236.1199951171875,232.47000122070312,234.75,39435300,112.76821899414062,113.87999725341797,114.7750015258789,112.9749984741211,114.45999908447266,7220200
2025-01-15,236.1562042236328,237.8699951171875,238.9600067138672,234.42999267578125,234.63999938964844,39832000,115.01110076904297,116.1449966430664,116.48500061035156,115.05500030517578,115.43499755859375,10465400
2025-01-16,226.6154327392578,228.25999450683594,238.00999450683594,228.02999877929688,237.35000610351562,71759100,114.12483215332031,115.25,117.16500091552734,115.2249984741211,117.08999633789062,5368400
2025-01-17,228.3230438232422,229.97999572753906,232.2899932861328,228.47999572753906,232.1199951171875,68488300,115.91221618652344,117.05500030517578,117.47000122070312,116.54000091552734,117.33000183105469,6742600
2025-01-21,221.03594970703125,222.63999938964844,224.4199981689453,219.3800048828125,224.0,98070400,116.87769317626953,118.02999877929688,118.31999969482422,116.62999725341797,117.44499969482422,6744200
2025-01-22,222.21734619140625,223.8300018310547,224.1199951171875,219.7899932861328,219.7899932861328,64126500,119.51667785644531,120.69499969482422,120.9749984741211,119.45500183105469,119.625,10243800
2025-01-23,222.04859924316406,223.66000366210938,227.02999877929688,222.3000030517578,224.74000549316406,60234800,119.7295913696289,120.91000366210938,120.93499755859375,119.6500015258789,119.76499938964844,7604400
2025-01-24,221.17495727539062,222.77999877929688,225.6300048828125,221.41000366210938,224.77999877929688,54697900,118.48188781738281,119.6500015258789,121.29000091552734,119.26499938964844,121.29000091552734,6607600
2025-01-27,228.20391845703125,229.86000061035156,232.14999389648438,223.97999572753906,224.02000427246094,94863400,112.67414093017578,113.78500366210938,115.48999786376953,112.73500061035156,114.29000091552734,20705600
2025-01-28,236.5433807373047,238.25999450683594,240.19000244140625,230.80999755859375,230.85000610351562,75707600,115.67951965332031,116.81999969482422,117.08000183105469,113.34500122070312,114.55500030517578,11260600
2025-01-29,237.63548278808594,239.36000061035156,239.86000061035156,234.00999450683594,234.1199951171875,45486100,114.73877716064453,115.87000274658203,116.6449966430664,114.74500274658203,116.58999633789062,9050000
2025-01-30,235.87823486328125,237.58999633789062,240.7899932861328,237.2100067138672,238.6699981689453,55658300,114.9516830444336,116.08499908447266,116.48500061035156,114.87000274658203,115.66500091552734,8840200
2025-01-31,234.29969787597656,236.0,247.19000244140625,233.44000244140625,247.19000244140625,100959800,114.2783203125,115.40499877929688,117.86499786376953,115.09500122070312,117.16500091552734,10741800
2025-02-03,226.36724853515625,228.00999450683594,231.8300018310547,225.6999969482422,229.99000549316406,73063300,112.73851013183594,113.8499984741211,114.54499816894531,112.25,112.8499984741211,13752800
2025-02-04,231.12274169921875,232.8000030517578,233.1300048828125,226.64999389648438,227.25,45067300,114.36248779296875,115.48999786376953,115.66999816894531,114.19999694824219,114.23999786376953,8371200
2025-02-05,230.7951202392578,232.47000122070312,232.6699981689453,228.27000427246094,228.52999877929688,39620300,115.95182800292969,117.09500122070312,117.12000274658203,115.2300033569336,115.59500122070312,5398000
2025-02-06,231.5397186279297,233.22000122070312,233.8000030517578,230.42999267578125,231.2899932861328,29925300,116.2686996459961,117.41500091552734,117.65499877929688,116.57499694824219,117.09500122070312,6808000
2025-02-07,225.989990234375,227.6300048828125,234.0,227.25999450683594,232.60000610351562,39707200,115.27351379394531,116.41000366210938,118.45500183105469,116.0199966430664,117.88999938964844,8552800
2025-02-10,226.25833129882812,227.64999389648438,230.58999633789062,227.1999969482422,229.57000732421875,33115600,116.95691680908203,118.11000061035156,118.40499877929688,117.29499816894531,117.33000183105469,6054200
2025-02-11,231.19793701171875,232.6199951171875,235.22999572753906,228.1300048828125,228.1999969482422,53718400,117.01138305664062,118.16500091552734,118.63999938964844,117.375,117.45500183105469,6456200
2025-02-12,235.42198181152344,236.8699951171875,236.9600067138672,230.67999267578125,231.1999969482422,45243300,116.75887298583984,117.91000366210938,118.05000305175781,116.37000274658203,116.5,8555600
2025-02-13,240.05348205566406,241.52999877929688,242.33999633789062,235.57000732421875,236.91000366210938,53614100,118.41255950927734,119.58000183105469,119.65499877929688,117.95500183105469,118.12000274658203,7829600
2025-02-14,243.10472106933594,244.60000610351562,245.5500030517578,240.99000549316406,241.25,40896200,118.81361389160156,119.98500061035156,120.08499908447266,119.26000213623047,119.4800033569336,4557000
2025-02-18,242.9755401611328,244.47000122070312,245.17999267578125,241.83999633789062,244.14999389648438,48822500,119.89791870117188,121.08000183105469,121.09500122070312,120.04499816894531,120.6050033569336,6024000
2025-02-19,243.373046875,244.8699951171875,246.00999450683594,243.16000366210938,244.66000366210938,32204200,119.90782928466797,121.08999633789062,121.56999969482422,120.0999984741211,120.94499969482422,5604200
2025-02-20,244.3271942138672,245.8300018310547,246.77999877929688,244.2899932861328,244.94000244140625,32316900,119.52658081054688,120.70500183105469,121.13500213623047,119.43000030517578,120.9749984741211,5987400
2025-02-21,244.04891967773438,245.5500030517578,248.69000244140625,245.22000122070312,245.9499969482422,53197400,116.28851318359375,117.43499755859375,120.79000091552734,117.375,120.73999786376953,9057600
2025-02-24,245.5894317626953,247.10000610351562,248.86000061035156,244.4199981689453,244.92999267578125,51326400,114.6249008178711,115.75499725341797,118.22000122070312,115.61000061035156,117.88999938964844,7447600
2025-02-25,245.52980041503906,247.0399932861328,250.0,244.91000366210938,248.0,48013300,113.1395492553711,114.25499725341797,115.61499786376953,113.4749984741211,115.51000213623047,10433600
2025-02-26,238.890625,240.36000061035156,244.97999572753906,239.1300048828125,244.3300018310547,44433600,114.37239074707031,115.5,116.58999633789062,114.61499786376953,115.375,7630600
2025-02-27,235.84933471679688,237.3000030517578,242.4600067138672,237.05999755859375,239.41000366210938,41153600,110.20845031738281,111.29499816894531,116.25,111.24500274658203,116.12999725341797,10100000
2025-02-28,240.36158752441406,241.83999633789062,242.08999633789062,230.1999969482422,236.9499969482422,56833400,111.66410064697266,112.76499938964844,112.87999725341797,109.8499984741211,110.79499816894531,14172200
2025-03-03,236.5748748779297,238.02999877929688,244.02999877929688,236.11000061035156,241.7899932861328,47184000,108.26758575439453,109.33499908447266,113.57499694824219,108.5250015258789,113.34500122070312,12516200
2025-03-04,234.48773193359375,235.92999267578125,240.07000732421875,234.67999267578125,237.7100067138672,53798100,108.18341827392578,109.25,111.18000030517578,107.12999725341797,108.5250015258789,17721000
2025-03-05,234.29888916015625,235.74000549316406,236.5500030517578,229.22999572753906,235.4199981689453,47227600,109.70343780517578,110.78500366210938,111.1449966430664,108.12000274658203,109.58999633789062,11931000
2025-03-06,233.8914031982422,235.3300018310547,237.86000061035156,233.16000366210938,234.44000244140625,45170400,106.65845489501953,107.70999908447266,110.2249984741211,107.19000244140625,108.51000213623047,16432000
2025-03-07,237.60853576660156,239.07000732421875,241.3699951171875,234.75999450683594,235.11000061035156,46273600,108.20321655273438,109.2699966430664,109.54499816894531,106.31500244140625,107.58499908447266,11263400
2025-03-10,226.08935546875,227.47999572753906,236.16000366210938,224.22000122070312,235.5399932861328,72071200,103.60356140136719,104.625,107.30999755859375,103.54000091552734,107.11000061035156,21561800
2025-03-11,219.48995971679688,220.83999633789062,225.83999633789062,217.4499969482422,223.80999755859375,76137400,103.1827163696289,104.19999694824219,105.95500183105469,103.1449966430664,104.30500030517578,14832800
2025-03-12,215.653564453125,216.97999572753906,221.75,214.91000366210938,220.13999938964844,62547500,104.80670166015625,105.83999633789062,106.76000213623047,104.57499694824219,106.05999755859375,10981600
2025-03-13,208.39817810058594,209.67999267578125,216.83999633789062,208.4199981689453,215.9499969482422,61368300,102.81633758544922,103.83000183105469,105.7699966430664,103.42500305175781,105.53500366210938,12383000
2025-03-14,212.18490600585938,213.49000549316406,213.9499969482422,209.5800018310547,211.25,60107600,105.92567443847656,106.97000122070312,107.08000183105469,105.15499877929688,105.19000244140625,10040800
2025-03-17,212.69180297851562,214.0,215.22000122070312,209.97000122070312,213.30999755859375,48073400,106.66339874267578,107.71499633789062,108.4800033569336,106.57499694824219,106.88500213623047,10148800
2025-03-18,211.38980102539062,212.69000244140625,215.14999389648438,211.49000549316406,214.16000366210938,42432400,105.03941345214844,106.07499694824219,107.05999755859375,105.68499755859375,106.94999694824219,11486600
2025-03-19,213.92420959472656,215.24000549316406,218.75999450683594,213.75,214.22000122070312,54385400,106.40593719482422,107.45500183105469,108.71499633789062,106.17500305175781,106.62000274658203,8838600
2025-03-20,212.79116821289062,214.10000610351562,217.49000549316406,212.22000122070312,213.99000549316406,48862900,105.64840698242188,106.69000244140625,107.86499786376953,106.07499694824219,106.23500061035156,7145200
2025-03-21,216.9356689453125,218.27000427246094,218.83999633789062,211.27999877929688,211.55999755859375,94127800,105.93558502197266,106.9800033569336,107.125,104.97000122070312,105.36000061035156,10425400
2025-03-24,219.38064575195312,220.72999572753906,221.47999572753906,218.5800018310547,221.0,44299500,107.94184875488281,108.81500244140625,109.07499694824219,108.28500366210938,108.56999969482422,8200200
2025-03-25,222.38217163085938,223.75,224.10000610351562,220.0800018310547,220.77000427246094,34493600,108.29896545410156,109.17500305175781,109.31999969482422,108.69000244140625,108.74500274658203,7481800
2025-03-26,220.1757354736328,221.52999877929688,225.02000427246094,220.47000122070312,223.50999450683594,34466100,105.88349151611328,106.73999786376953,109.0999984741211,106.31999969482422,108.83999633789062,7873000
2025-03-27,222.4815673828125,223.85000610351562,224.99000549316406,220.55999755859375,221.38999938964844,37094800,104.90640258789062,105.75499725341797,106.61000061035156,105.19499969482422,106.01000213623047,6577800
2025-03-28,216.56793212890625,217.89999389648438,223.80999755859375,217.67999267578125,221.6699981689453,39818600,102.36199951171875,103.19000244140625,105.62999725341797,102.83999633789062,105.20500183105469,10667600
2025-03-31,220.77207946777344,222.1300048828125,225.6199951171875,216.22999572753906,217.00999450683594,65299300,102.41159057617188,103.23999786376953,103.4749984741211,100.36499786376953,101.38999938964844,14219000
2025-04-01,221.82557678222656,223.19000244140625,223.67999267578125,218.89999389648438,219.80999755859375,36412700,103.16053771972656,103.99500274658203,104.08499908447266,101.98999786376953,102.83000183105469,9480200
2025-04-02,222.5213165283203,223.88999938964844,225.19000244140625,221.02000427246094,221.32000732421875,35905900,103.92435455322266,104.76499938964844,105.62999725341797,102.43000030517578,102.51000213623047,9292000
2025-04-03,201.9478759765625,203.19000244140625,207.49000549316406,201.25,205.5399932861328,103419000,96.83171844482422,97.61499786376953,100.3499984741211,97.53500366210938,99.74500274658203,19451400
2025-04-04,187.2283935546875,188.3800048828125,199.8800048828125,187.33999633789062,193.88999938964844,125910900,90.45331573486328,91.18499755859375,95.31999969482422,91.1500015258789,94.56999969482422,33804600
2025-04-07,180.35072326660156,181.4600067138672,194.14999389648438,174.6199951171875,177.1999969482422,160466300,90.99394226074219,91.7300033569336,95.90499877929688,86.2249984741211,87.46499633789062,44557800
2025-04-08,171.365966796875,172.4199981689453,190.33999633789062,169.2100067138672,186.6999969482422,120859500,89.1438980102539,89.86499786376953,96.41999816894531,88.22000122070312,95.1449966430664,25811400
2025-04-09,197.6343994140625,198.85000610351562,200.61000061035156,171.88999938964844,171.9499969482422,184395900,101.11209869384766,101.93000030517578,102.48999786376953,89.93499755859375,90.05000305175781,36988800
2025-04-10,189.2559356689453,190.4199981689453,194.77999877929688,183.0,189.07000732421875,121880000,96.40516662597656,97.18499755859375,99.0999984741211,93.86499786376953,98.42500305175781,19747600
2025-04-11,196.93865966796875,198.14999389648438,199.5399932861328,186.05999755859375,186.10000610351562,87435900,98.37921142578125,99.17500305175781,99.5999984741211,95.9749984741211,96.69999694824219,14423200
2025-04-14,201.281982421875,202.52000427246094,212.94000244140625,201.16000366210938,211.44000244140625,101352900,99.27693939208984,100.08000183105469,102.31500244140625,99.0,102.25,11904400
2025-04-15,200.90428161621094,202.13999938964844,203.50999450683594,199.8000030517578,201.86000061035156,51343900,99.6390151977539,100.44499969482422,101.20500183105469,99.9749984741211,100.23500061035156,7200000
2025-04-16,193.08238220214844,194.27000427246094,200.6999969482422,192.3699951171875,198.36000061035156,59732400,96.17700958251953,96.95500183105469,98.79000091552734,95.2699966430664,97.75,13222400
2025-04-17,195.7758026123047,196.97999572753906,198.8300018310547,194.4199981689453,197.1999969482422,52164700,95.65623474121094,96.43000030517578,97.6500015258789,96.0199966430664,97.6500015258789,7480800
2025-04-21,191.97918701171875,193.16000366210938,193.8000030517578,189.80999755859375,193.27000427246094,46742500,93.18621826171875,93.94000244140625,95.1449966430664,92.59500122070312,94.90499877929688,8973400
2025-04-22,198.5189666748047,199.74000549316406,201.58999633789062,195.97000122070312,196.1199951171875,52976400,95.45783233642578,96.2300033569336,96.78500366210938,94.63500213623047,95.19000244140625,9312800
2025-04-23,203.3492431640625,204.60000610351562,208.0,202.8000030517578,206.0,52929200,98.22544860839844,99.0199966430664,100.9749984741211,98.61499786376953,99.91999816894531,13413800
2025-04-24,207.09620666503906,208.3699951171875,208.8300018310547,202.94000244140625,204.88999938964844,47311000,101.89078521728516,102.71499633789062,102.8550033569336,99.83499908447266,99.99500274658203,9317000
2025-04-25,208.00062561035156,209.27999877929688,209.75,206.1999969482422,206.3699951171875,38222300,103.39859008789062,104.23500061035156,104.43000030517578,102.30500030517578,102.40499877929688,6518400
2025-04-28,208.85537719726562,210.13999938964844,211.5,207.4600067138672,210.0,38743100,103.22997283935547,104.06500244140625,104.61499786376953,102.51000213623047,104.0999984741211,5574400
2025-04-29,209.91883850097656,211.2100067138672,212.24000549316406,208.3699951171875,208.69000244140625,36827600,103.71107482910156,104.55000305175781,104.98500061035156,103.56500244140625,103.56500244140625,9144400
2025-04-30,211.20094299316406,212.5,213.5800018310547,206.6699981689453,209.3000030517578,52286500,104.142578125,104.98500061035156,105.375,101.9000015258789,102.49500274658203,10203800
2025-05-01,212.01596069335938,213.32000732421875,214.55999755859375,208.89999389648438,209.0800018310547,57365700,105.67023468017578,106.5250015258789,108.2750015258789,106.43000030517578,107.27999877929688,11532800
2025-05-02,204.09466552734375,205.35000610351562,206.99000549316406,202.16000366210938,206.08999633789062,101010600,107.43594360351562,108.30500030517578,108.80999755859375,107.45500183105469,107.74500274658203,8125400
2025-05-05,197.6741485595703,198.88999938964844,204.10000610351562,198.2100067138672,203.10000610351562,69018500,106.86556243896484,107.7300033569336,108.5,107.31999969482422,107.375,6757000
2025-05-06,197.29647827148438,198.50999450683594,200.64999389648438,197.02000427246094,198.2100067138672,51216500,105.97773742675781,106.83499908447266,107.62000274658203,105.80500030517578,106.12999725341797,7958200
2025-05-07,195.05027770996094,196.25,199.44000244140625,193.25,199.1699981689453,68536700,107.03914642333984,107.90499877929688,108.375,106.0999984741211,106.83499908447266,8169400
2025-05-08,196.28271484375,197.49000549316406,200.0500030517578,194.67999267578125,197.72000122070312,50478900,108.0608901977539,108.93499755859375,109.97000122070312,108.00499725341797,108.9749984741211,8704400
2025-05-09,197.3163604736328,198.52999877929688,200.5399932861328,197.5399932861328,199.0,36453900,107.9269790649414,108.80000305175781,109.62000274658203,108.23999786376953,109.41999816894531,7330000
2025-05-12,209.776123046875,210.7899932861328,211.27000427246094,206.75,210.97000122070312,63775800,112.93645477294922,113.8499984741211,113.88999938964844,112.2699966430664,113.41500091552734,13478200
2025-05-13,211.9058380126953,212.92999267578125,213.39999389648438,209.0,210.42999267578125,51909300,115.376708984375,116.30999755859375,116.69000244140625,114.12999725341797,114.26000213623047,12757200
2025-05-14,211.3087158203125,212.3300018310547,213.94000244140625,210.5800018310547,212.42999267578125,49325800,116.12566375732422,117.06500244140625,117.5250015258789,116.37999725341797,116.8550033569336,10248000
2025-05-15,210.4329376220703,211.4499969482422,212.9600067138672,209.5399932861328,210.9499969482422,45029500,116.28436279296875,117.2249984741211,117.88500213623047,116.29000091552734,116.43000030517578,9536400
2025-05-16,210.24386596679688,211.25999450683594,212.57000732421875,209.77000427246094,212.36000061035156,54737900,116.50260162353516,117.44499969482422,117.6050033569336,116.43000030517578,117.6050033569336,8111600
2025-05-19,207.7758026123047,208.77999877929688,209.47999572753906,204.25999450683594,207.91000366210938,46140500,116.3339614868164,117.2750015258789,117.54000091552734,115.66999816894531,115.70999908447266,11863000
2025-05-20,205.86502075195312,206.86000061035156,208.47000122070312,205.02999877929688,207.6699981689453,42496600,115.8974838256836,116.83499908447266,116.8550033569336,115.94999694824219,116.54499816894531,10273200
2025-05-21,201.11798095703125,202.08999633789062,207.0399932861328,200.7100067138672,205.1699981689453,59211800,113.72010040283203,114.63999938964844,117.3550033569336,114.17500305175781,115.73999786376953,18643600
2025-05-22,200.39149475097656,201.36000061035156,202.75,199.6999969482422,200.7100067138672,46742400,113.74986267089844,114.66999816894531,115.69999694824219,114.41500091552734,114.69499969482422,11372000
2025-05-23,194.33078002929688,195.27000427246094,197.6999969482422,193.4600067138672,193.6699981689453,78432900,112.4950180053711,113.40499877929688,114.1449966430664,112.55000305175781,112.67500305175781,12004000
2025-05-27,199.2470245361328,200.2100067138672,200.74000549316406,197.42999267578125,198.3000030517578,56288500,115.16838836669922,116.0999984741211,116.26000213623047,114.78500366210938,115.16999816894531,14208400
2025-05-28,199.45602416992188,200.4199981689453,202.72999572753906,199.89999389648438,200.58999633789062,45339700,114.69224548339844,115.62000274658203,116.70500183105469,115.44999694824219,116.23999786376953,10789200
2025-05-29,198.98826599121094,199.9499969482422,203.80999755859375,198.50999450683594,203.5800018310547,51396800,114.88568115234375,115.81500244140625,117.48999786376953,115.22000122070312,117.37000274658203,14011800
2025-05-30,199.8839569091797,200.85000610351562,201.9600067138672,196.77999877929688,199.3699951171875,70819900,114.52857971191406,115.45500183105469,115.81500244140625,113.70999908447266,115.76000213623047,13494000
2025-06-02,200.72987365722656,201.6999969482422,202.1300048828125,200.1199951171875,200.27999877929688,35423300,115.5403823852539,116.4749984741211,116.54499816894531,115.01000213623047,115.1500015258789,12878800
2025-06-03,202.29229736328125,203.27000427246094,203.77000427246094,200.9600067138672,201.35000610351562,46381600,117.2763442993164,118.2249984741211,118.31500244140625,116.54499816894531,116.62999725341797,14312400
2025-06-04,201.844482421875,202.82000732421875,206.24000549316406,202.10000610351562,202.91000366210938,43604000,117.44993591308594,118.4000015258789,118.7699966430664,117.81500244140625,118.375,10899200
2025-06-05,199.6649932861328,200.6300048828125,204.75,200.14999389648438,203.5,55126100,117.11761474609375,118.06500244140625,119.78500366210938,117.55500030517578,118.75,15885200
2025-06-06,202.93917846679688,203.9199981689453,205.6999969482422,202.0500030517578,203.0,46607700,118.22367858886719,119.18000030517578,119.7300033569336,118.83999633789062,119.20500183105469,9026000
2025-06-09,200.48104858398438,201.4499969482422,206.0,200.02000427246094,204.38999938964844,72862600,118.8039779663086,119.76499938964844,120.50499725341797,119.55500030517578,119.6449966430664,11100600
2025-06-10,201.69517517089844,202.6699981689453,204.35000610351562,200.57000732421875,200.60000610351562,54672600,119.46861267089844,120.43499755859375,120.61499786376953,119.29499816894531,119.74500274658203,9831600
2025-06-11,197.8238983154297,198.77999877929688,204.5,198.41000366210938,203.5,60989900,119.20573425292969,120.16999816894531,121.21499633789062,119.55000305175781,120.7249984741211,9599600
2025-06-12,198.24188232421875,199.1999969482422,199.67999267578125,197.36000061035156,199.0800018310547,43904600,120.31179809570312,121.28500366210938,121.56500244140625,120.125,120.1449966430664,11210400
2025-06-13,195.50511169433594,196.4499969482422,200.3699951171875,195.6999969482422,199.72999572753906,51447300,118.62541961669922,119.58499908447266,120.79499816894531,119.1449966430664,119.87999725341797,13193800
2025-06-16,197.4656219482422,198.4199981689453,198.69000244140625,196.55999755859375,197.3000030517578,43020700,120.5448989868164,121.5199966430664,121.87999725341797,120.30500030517578,120.30500030517578,13866200
2025-06-17,194.69900512695312,195.63999938964844,198.38999938964844,195.2100067138672,197.1999969482422,38856200,119.69181060791016,120.66000366210938,121.86499786376953,120.375,121.01000213623047,10525400
2025-06-18,195.6344757080078,196.5800018310547,197.57000732421875,195.07000732421875,195.94000244140625,45394700,119.83563995361328,120.80500030517578,121.56500244140625,120.19000244140625,120.95500183105469,11066000
2025-06-20,200.03323364257812,201.0,201.6999969482422,196.86000061035156,198.24000549316406,96813500,119.30492401123047,120.2699966430664,121.6449966430664,119.70500183105469,121.23500061035156,11490600
2025-06-23,200.53082275390625,201.5,202.3000030517578,198.9600067138672,201.6300048828125,55814300,120.66519927978516,121.44000244140625,121.54499816894531,119.375,120.19000244140625,12277000
2025-06-24,199.3365936279297,200.3000030517578,203.44000244140625,200.1999969482422,202.58999633789062,54064000,122.83129119873047,123.62000274658203,123.7699966430664,122.52999877929688,122.67500305175781,11329400
2025-06-25,200.59051513671875,201.55999755859375,203.6699981689453,200.6199951171875,201.4499969482422,39525700,123.87956237792969,124.67500305175781,124.86000061035156,124.1500015258789,124.26000213623047,9228600
2025-06-26,200.03323364257812,201.0,202.63999938964844,199.4600067138672,201.42999267578125,50799100,124.73407745361328,125.53500366210938,125.73500061035156,124.73999786376953,125.23500061035156,11288400
2025-06-27,200.11285400390625,201.0800018310547,203.22000122070312,200.0,201.88999938964844,73188600,124.58503723144531,125.38500213623047,126.3550033569336,124.81500244140625,125.875,12196600
2025-06-30,204.18316650390625,205.1699981689453,207.38999938964844,199.25999450683594,202.00999450683594,91912800,125.80718231201172,126.61499786376953,126.95999908447266,125.875,126.48500061035156,13365200
2025-07-01,206.82041931152344,207.82000732421875,210.19000244140625,206.13999938964844,206.6699981689453,78788900,124.68438720703125,125.48500061035156,126.4749984741211,124.625,126.20999908447266,15144800
2025-07-02,211.418212890625,212.44000244140625,213.33999633789062,208.13999938964844,208.91000366210938,67941800,126.00093841552734,126.80999755859375,126.8949966430664,125.08000183105469,125.16999816894531,11950200
2025-07-03,212.52285766601562,213.5500030517578,214.64999389648438,211.80999755859375,212.14999389648438,34955800,127.6602783203125,128.47999572753906,128.86500549316406,127.44999694824219,127.5,7112800
2025-07-07,208.94017028808594,209.9499969482422,216.22999572753906,208.8000030517578,212.67999267578125,50229000,126.64678955078125,127.45999908447266,128.32000732421875,126.88999938964844,127.98500061035156,11560800
2025-07-08,208.9998779296875,210.00999450683594,211.42999267578125,208.4499969482422,210.10000610351562,42848900,127.32743072509766,128.14500427246094,128.38999938964844,127.61499786376953,128.1300048828125,15715200
2025-07-09,210.1244354248047,211.13999938964844,211.3300018310547,207.22000122070312,209.52999877929688,48749400,128.0924835205078,128.9149932861328,129.39999389648438,127.95999908447266,128.60000610351562,12933600
2025-07-10,211.3883514404297,212.41000366210938,213.47999572753906,210.02999877929688,210.50999450683594,44443600,127.67022705078125,128.49000549316406,129.35000610351562,127.81500244140625,129.23500061035156,9988600
2025-07-11,210.14434814453125,211.16000366210938,212.1300048828125,209.86000061035156,210.57000732421875,39765800,127.10881805419922,127.92500305175781,128.6750030517578,127.72000122070312,127.87999725341797,9239000
2025-07-14,207.6165771484375,208.6199951171875,210.91000366210938,207.5399932861328,209.92999267578125,38840100,127.00450134277344,127.81999969482422,128.13499450683594,126.5999984741211,127.61000061035156,8125200
2025-07-15,208.10423278808594,209.11000061035156,211.88999938964844,208.9199981689453,209.22000122070312,42296300,128.13226318359375,128.9550018310547,129.61500549316406,128.91000366210938,129.30999755859375,15657000
2025-07-16,209.149169921875,210.16000366210938,212.39999389648438,208.63999938964844,210.3000030517578,47490500,128.52969360351562,129.35499572753906,129.42999267578125,127.40499877929688,129.0,17782600
2025-07-17,209.00985717773438,210.02000427246094,211.8000030517578,209.58999633789062,210.57000732421875,48068100,129.69720458984375,130.52999877929688,130.73500061035156,129.2550048828125,129.50999450683594,11955000
2025-07-18,210.16424560546875,211.17999267578125,211.7899932861328,209.6999969482422,210.8699951171875,48974600,129.6127471923828,130.44500732421875,131.0749969482422,130.09500122070312,131.02999877929688,10281000
2025-07-21,211.45799255371094,212.47999572753906,215.77999877929688,211.6300048828125,212.10000610351562,51377400,129.7816619873047,130.61500549316406,131.5050048828125,130.44000244140625,130.58999633789062,9246600
2025-07-22,213.36875915527344,214.39999389648438,214.9499969482422,212.22999572753906,213.13999938964844,46404100,128.57937622070312,129.40499877929688,130.60499572753906,128.47500610351562,130.51499938964844,13448800
2025-07-23,213.11996459960938,214.14999389648438,215.14999389648438,212.41000366210938,215.0,46989300,129.31466674804688,130.14500427246094,130.31500244140625,128.97000122070312,129.74000549316406,10091800
2025-07-24,212.73184204101562,213.75999450683594,215.69000244140625,213.52999877929688,213.89999389648438,46022600,129.86114501953125,130.69500732421875,130.9499969482422,129.9600067138672,130.46499633789062,12159600
2025-07-25,212.8512725830078,213.8800048828125,215.24000549316406,213.39999389648438,214.6999969482422,40268800,130.15924072265625,130.9949951171875,131.3249969482422,130.38499450683594,130.65499877929688,8002000
2025-07-28,213.0204620361328,214.0500030517578,214.85000610351562,213.05999755859375,214.02999877929688,37858000,131.19757080078125,132.0399932861328,132.0749969482422,131.22500610351562,131.4949951171875,11517600
2025-07-29,210.2538299560547,211.27000427246094,214.80999755859375,210.82000732421875,214.17999267578125,51411700,131.20252990722656,132.0449981689453,133.63499450683594,131.82000732421875,132.89999389648438,13739000
2025-07-30,208.04449462890625,209.0500030517578,212.38999938964844,207.72000122070312,211.89999389648438,45512500,131.49563598632812,132.33999633789062,132.7899932861328,131.3000030517578,132.18499755859375,13934600
2025-07-31,206.57164001464844,207.57000732421875,209.83999633789062,207.16000366210938,208.49000549316406,80698400,130.53184509277344,131.3699951171875,134.0050048828125,130.72999572753906,134.0050048828125,16414400
2025-08-01,201.40660095214844,202.3800048828125,213.5800018310547,201.5,210.8699951171875,104434500,127.71493530273438,128.53500366210938,129.98500061035156,127.88999938964844,129.94000244140625,19438000
2025-08-04,202.37193298339844,203.35000610351562,207.8800048828125,201.67999267578125,204.50999450683594,75109300,130.30828857421875,131.14500427246094,131.1699981689453,129.7449951171875,129.7449951171875,12377000
2025-08-05,201.9439697265625,202.9199981689453,205.33999633789062,202.16000366210938,203.39999389648438,44155100,129.23020935058594,130.05999755859375,131.7449951171875,129.75999450683594,131.6300048828125,11176000
2025-08-06,212.2242889404297,213.25,215.3800048828125,205.58999633789062,205.6300048828125,108483100,130.6858673095703,131.52499389648438,131.69500732421875,130.10000610351562,130.18499755859375,10167000
2025-08-07,218.97171020507812,220.02999877929688,220.85000610351562,216.5800018310547,218.8800048828125,90224800,130.8050994873047,131.64500427246094,133.2050018310547,130.5500030517578,132.99000549316406,10318000
2025-08-08,228.2468719482422,229.35000610351562,231.0,219.25,220.8300018310547,113854000,132.11170959472656,132.9600067138672,133.11000061035156,131.7949981689453,132.13999938964844,11015800
2025-08-11,226.3438720703125,227.17999267578125,229.55999755859375,224.75999450683594,227.9199981689453,61806100,131.21743774414062,132.05999755859375,133.47500610351562,131.7550048828125,132.875,9425400
2025-08-12,228.80479431152344,229.64999389648438,230.8000030517578,227.07000732421875,228.00999450683594,55626200,133.24940490722656,134.10499572753906,134.13999938964844,131.98500061035156,132.72000122070312,11153800
2025-08-13,232.47125244140625,233.3300018310547,235.0,230.42999267578125,231.07000732421875,69878500,133.29908752441406,134.15499877929688,135.02499389648438,133.6649932861328,134.8800048828125,13990200
2025-08-14,231.92327880859375,232.77999877929688,235.1199951171875,230.85000610351562,234.05999755859375,51916300,133.01092529296875,133.86500549316406,134.3249969482422,133.1649932861328,133.47500610351562,15484400
2025-08-15,230.7376708984375,231.58999633789062,234.27999877929688,229.33999633789062,234.0,56038700,132.00242614746094,132.85000610351562,133.68499755859375,132.32000732421875,133.68499755859375,13373200
2025-08-18,230.0402374267578,230.88999938964844,233.1199951171875,230.11000061035156,231.6999969482422,37476200,132.28558349609375,133.13499450683594,133.2550048828125,132.55499267578125,132.68499755859375,12233800
2025-08-19,229.71145629882812,230.55999755859375,232.8699951171875,229.35000610351562,231.27999877929688,39402600,129.9754180908203,130.80999755859375,133.11500549316406,130.56500244140625,133.0850067138672,17367000
2025-08-20,225.1781768798828,226.00999450683594,230.47000122070312,225.77000427246094,229.97999572753906,42263900,129.0960693359375,129.9250030517578,130.47999572753906,127.91999816894531,130.47999572753906,23064200
2025-08-21,224.07228088378906,224.89999389648438,226.52000427246094,223.77999877929688,226.27000427246094,30621200,128.6290740966797,129.4550018310547,130.1300048828125,128.89500427246094,129.61000061035156,15148600
2025-08-22,226.92176818847656,227.75999450683594,229.08999633789062,225.41000366210938,226.1699981689453,42477800,130.37286376953125,131.2100067138672,132.06500244140625,128.9550018310547,129.31500244140625,13756000
2025-08-25,226.323974609375,227.16000366210938,229.3000030517578,226.22999572753906,226.47999572753906,30983100,130.07972717285156,130.9149932861328,131.73500061035156,130.55499267578125,131.2050018310547,10691800
2025-08-26,228.46603393554688,229.30999755859375,229.49000549316406,224.69000244140625,226.8699951171875,54575100,130.6759033203125,131.51499938964844,131.69000244140625,130.8350067138672,131.02499389648438,11081000
2025-08-27,229.6417236328125,230.49000549316406,230.89999389648438,228.25999450683594,228.61000061035156,31259500,131.3813934326172,132.22500610351562,132.375,131.0399932861328,131.64500427246094,11538600
2025-08-28,231.70408630371094,232.55999755859375,233.41000366210938,229.33999633789062,230.82000732421875,38074700,132.4197235107422,133.27000427246094,133.55499267578125,131.72500610351562,132.38499450683594,12380600
2025-08-29,231.28562927246094,232.13999938964844,233.3800048828125,231.3699951171875,232.50999450683594,39418400,130.38778686523438,131.22500610351562,132.7100067138672,130.7449951171875,132.68499755859375,17481200
2025-09-02,228.87454223632812,229.72000122070312,230.85000610351562,226.97000122070312,229.25,44075600,129.07122802734375,129.89999389648438,130.02000427246094,128.13999938964844,128.90499877929688,18226000
2025-09-03,237.5923309326172,238.47000122070312,238.85000610351562,234.36000061035156,237.2100067138672,66427800,129.84129333496094,130.6750030517578,130.93499755859375,129.6999969482422,130.56500244140625,15636600
2025-09-04,238.8975067138672,239.77999877929688,239.89999389648438,236.74000549316406,238.4499969482422,47549400,130.48216247558594,131.32000732421875,131.375,129.61000061035156,130.13999938964844,24397400
2025-09-05,238.80784606933594,239.69000244140625,241.32000732421875,238.49000549316406,240.0,54870400,130.59144592285156,131.42999267578125,132.61500549316406,130.09500122070312,132.56500244140625,38561800
2025-09-08,237.0045166015625,237.8800048828125,240.14999389648438,236.33999633789062,239.3000030517578,48999500,131.57015991210938,132.4149932861328,132.89500427246094,132.08999633789062,132.1199951171875,20556000
2025-09-09,233.4875030517578,234.35000610351562,238.77999877929688,233.36000061035156,237.0,66313900,131.8235626220703,132.6699981689453,132.80999755859375,131.72999572753906,132.7100067138672,19355000
2025-09-10,225.95530700683594,226.7899932861328,232.4199981689453,225.9499969482422,232.19000244140625,83440800,134.21322631835938,135.0749969482422,135.98500061035156,134.42999267578125,135.35499572753906,25957200
2025-09-11,229.18341064453125,230.02999877929688,230.4499969482422,226.64999389648438,226.8800048828125,50208600,134.66529846191406,135.52999877929688,136.11500549316406,135.30999755859375,135.9250030517578,23429200
2025-09-12,233.2085418701172,234.07000732421875,234.50999450683594,229.02000427246094,229.22000122070312,55824200,134.57586669921875,135.44000244140625,135.92999267578125,135.14999389648438,135.8000030517578,15612200
2025-09-15,235.82884216308594,236.6999969482422,238.19000244140625,235.02999877929688,237.0,42699500,135.7880859375,136.66000366210938,136.69000244140625,135.49000549316406,135.65499877929688,16268000
2025-09-16,237.2735137939453,238.14999389648438,241.22000122070312,236.32000732421875,237.17999267578125,63421100,135.31613159179688,136.18499755859375,137.07000732421875,136.02000427246094,136.97500610351562,16081400
2025-09-17,238.1104278564453,238.99000549316406,240.10000610351562,237.72999572753906,238.97000122070312,46508000,134.84912109375,135.71499633789062,136.25999450683594,134.30999755859375,136.09500122070312,18948600
2025-09-18,237.0045166015625,237.8800048828125,241.1999969482422,236.64999389648438,239.97000122070312,44249600,137.17916870117188,138.05999755859375,138.46499633789062,136.80999755859375,137.47500610351562,20882600
2025-09-19,244.59646606445312,245.5,246.3000030517578,240.2100067138672,241.22999572753906,163741300,138.57025146484375,139.4600067138672,139.58999633789062,138.1649932861328,138.61500549316406,15670800
2025-09-22,255.13751220703125,256.0799865722656,256.6400146484375,248.1199951171875,248.3000030517578,105517400,140.60877990722656,141.3300018310547,141.44500732421875,139.02000427246094,139.0749969482422,15771200
2025-09-23,253.49359130859375,254.42999267578125,257.3399963378906,253.5800018310547,255.8800048828125,60275200,139.39500427246094,140.11000061035156,141.36500549316406,139.49000549316406,141.13499450683594,16456400
2025-09-24,251.38140869140625,252.30999755859375,255.74000549316406,251.0399932861328,255.22000122070312,42303700,138.53440856933594,139.2449951171875,140.48500061035156,138.31500244140625,140.48500061035156,13471000
2025-09-25,255.9246063232422,256.8699951171875,257.1700134277344,251.7100067138672,253.2100067138672,55202100,138.29066467285156,139.0,139.34500122070312,137.125,137.97999572753906,21349600
2025-09-26,254.5198211669922,255.4600067138672,257.6000061035156,253.77999877929688,254.10000610351562,46076300,138.70852661132812,139.4199981689453,139.5449981689453,138.19000244140625,139.14999389648438,16534000
2025-09-29,253.49359130859375,254.42999267578125,255.0,253.00999450683594,254.55999755859375,40127700,139.44972229003906,140.1649932861328,140.9600067138672,139.83999633789062,140.22000122070312,16107400
2025-09-30,253.69288635253906,254.6300048828125,255.9199981689453,253.11000061035156,254.86000061035156,37704300,140.21080017089844,140.92999267578125,141.07000732421875,139.8699951171875,140.1649932861328,18215200
2025-10-01,254.5098419189453,255.4499969482422,258.7900085449219,254.92999267578125,255.0399932861328,48713900,141.58377075195312,142.30999755859375,142.41000366210938,140.1699981689453,140.2100067138672,17411200
2025-10-02,256.1836242675781,257.1300048828125,258.17999267578125,254.14999389648438,256.5799865722656,42630200,142.34983825683594,143.0800018310547,143.6649932861328,142.43499755859375,143.63499450683594,17607800
2025-10-03,257.07037353515625,258.0199890136719,259.239990234375,253.9499969482422,254.6699981689453,49155600,141.63351440429688,142.36000061035156,143.94000244140625,141.8699951171875,143.2100067138672,17458000
2025-10-06,255.74530029296875,256.69000244140625,259.07000732421875,255.0500030517578,257.989990234375,44664100,143.06617736816406,143.8000030517578,144.72000122070312,143.72500610351562,144.27999877929688,17945600
2025-10-07,255.5360870361328,256.4800109863281,257.3999938964844,255.42999267578125,256.80999755859375,31955800,142.11106872558594,142.83999633789062,144.75,142.0850067138672,144.5399932861328,15588400
2025-10-08,257.1102294921875,258.05999755859375,258.5199890136719,256.1099853515625,256.5199890136719,36496900,144.60328674316406,145.34500122070312,145.35000610351562,143.09500122070312,143.1699981689453,14037800
2025-10-09,253.1050262451172,254.0399932861328,258.0,253.13999938964844,257.80999755859375,38322000,144.3595428466797,145.10000610351562,145.41000366210938,144.34500122070312,145.27999877929688,11989400
2025-10-10,244.3673095703125,245.27000427246094,256.3800048828125,244.0,254.94000244140625,61999100,138.48468017578125,139.19500732421875,145.6699981689453,139.13999938964844,145.40499877929688,44574600
2025-10-13,246.74851989746094,247.66000366210938,249.69000244140625,245.55999755859375,249.3800048828125,38142900,141.85739135742188,142.5850067138672,143.05999755859375,141.55499267578125,142.36500549316406,22030400
2025-10-14,246.8581085205078,247.77000427246094,248.85000610351562,244.6999969482422,246.60000610351562,35478000,140.03671264648438,140.7550048828125,142.19000244140625,139.1199951171875,140.71499633789062,26956800
2025-10-15,248.42233276367188,249.33999633789062,251.82000732421875,247.47000122070312,249.49000549316406,33893600,141.42459106445312,142.14999389648438,143.2899932861328,140.39999389648438,142.72999572753906,20937600
2025-10-16,246.53929138183594,247.4499969482422,249.0399932861328,245.1300048828125,248.25,39777000,141.529052734375,142.2550048828125,143.80999755859375,141.28500366210938,143.1750030517578,23166200
2025-10-17,251.36148071289062,252.2899932861328,253.3800048828125,247.27000427246094,248.02000427246094,49147000,141.7777862548828,142.5050048828125,142.92999267578125,140.50999450683594,141.41000366210938,25511600
2025-10-20,261.27484130859375,262.239990234375,264.3800048828125,255.6300048828125,255.88999938964844,90483000,143.35964965820312,144.09500122070312,144.7100067138672,143.23500061035156,143.32000732421875,13805200
2025-10-21,261.8028869628906,262.7699890136719,265.2900085449219,261.8299865722656,261.8800048828125,46695900,143.4342803955078,144.1699981689453,144.68499755859375,143.47500610351562,144.0050048828125,12503800
2025-10-22,257.49884033203125,258.45001220703125,262.8500061035156,255.42999267578125,262.6499938964844,45015300,142.0165557861328,142.7449951171875,144.4199981689453,140.9499969482422,144.10499572753906,20723200
2025-10-23,258.6246337890625,259.5799865722656,260.6199951171875,258.010009765625,259.94000244140625,32754900,143.80735778808594,144.5449981689453,144.77499389648438,142.18499755859375,142.18499755859375,11923400
2025-10-24,261.85272216796875,262.82000732421875,264.1300048828125,259.17999267578125,261.19000244140625,38253700,146.04092407226562,146.7899932861328,147.28500366210938,146.03500366210938,146.25,14359600
2025-10-27,267.8206787109375,268.80999755859375,269.1199951171875,264.6499938964844,264.8800048828125,44888200,148.73707580566406,149.5,149.6300048828125,148.61000061035156,148.85000610351562,15167000
2025-10-28,268.00994873046875,269.0,269.8900146484375,268.1499938964844,268.989990234375,41534800,150.20953369140625,150.97999572753906,151.57000732421875,149.7100067138672,150.22500610351562,15055200
2025-10-29,268.7073974609375,269.70001220703125,271.4100036621094,267.1099853515625,269.2799987792969,51086700,151.28900146484375,152.06500244140625,152.9949951171875,150.93499755859375,152.35000610351562,21506200
2025-10-30,270.4011535644531,271.3999938964844,274.1400146484375,268.4800109863281,271.989990234375,69886500,149.4285430908203,150.19500732421875,151.97999572753906,150.14500427246094,151.1999969482422,19218600
2025-10-31,269.37493896484375,270.3699951171875,277.32000732421875,269.1600036621094,276.989990234375,86167100,149.57278442382812,150.33999633789062,151.82000732421875,149.47000122070312,151.7100067138672,16303800
2025-11-03,268.0597839355469,269.04998779296875,270.8500061035156,266.25,270.4200134277344,50194600,150.1846466064453,150.9550018310547,152.11000061035156,150.1300048828125,151.77999877929688,13983600
2025-11-04,269.0461730957031,270.0400085449219,271.489990234375,267.6199951171875,268.3299865722656,49274800,146.22000122070312,146.97000122070312,149.1999969482422,146.72500610351562,148.22500610351562,16722600
2025-11-05,269.14581298828125,270.1400146484375,271.70001220703125,266.92999267578125,268.6099853515625,43683100,146.79205322265625,147.5449981689453,148.74000549316406,146.48500061035156,146.7100067138672,14447000
2025-11-06,268.7771301269531,269.7699890136719,273.3999938964844,267.8900146484375,267.8900146484375,51204000,143.84217834472656,144.5800018310547,147.47000122070312,143.8350067138672,147.30999755859375,24797400
2025-11-07,267.4819030761719,268.4700012207031,272.2900085449219,266.7699890136719,269.79998779296875,48227400,143.34474182128906,144.0800018310547,144.11500549316406,140.8000030517578,143.34500122070312,25547000
2025-11-10,268.6985778808594,269.42999267578125,273.7300109863281,267.4599914550781,268.9599914550781,41312400,147.01092529296875,147.76499938964844,148.0449981689453,145.89500427246094,146.65499877929688,18286400
2025-11-11,274.5028076171875,275.25,275.9100036621094,269.79998779296875,269.80999755859375,46208300,145.7573699951172,146.5050048828125,147.05499267578125,145.52999877929688,146.7899932861328,14871600
2025-11-12,272.7276611328125,273.4700012207031,275.7300109863281,271.70001220703125,275.0,48398000,146.21006774902344,146.9600067138672,147.72999572753906,146.0749969482422,147.72999572753906,13179200
2025-11-13,272.2090759277344,272.95001220703125,276.70001220703125,272.0899963378906,274.1099853515625,49602800,142.5637664794922,143.2949981689453,146.33999633789062,142.51499938964844,146.13999938964844,22385800
2025-11-14,271.6705322265625,272.4100036621094,275.9599914550781,269.6000061035156,271.04998779296875,47431300,143.33975219726562,144.0749969482422,145.3800048828125,140.14500427246094,140.64999389648438,27429600
2025-11-17,266.7339782714844,267.4599914550781,270.489990234375,265.7300109863281,268.82000732421875,45018300,141.09628295898438,141.82000732421875,144.28500366210938,140.6750030517578,142.72500610351562,24675400
2025-11-18,266.7139892578125,267.44000244140625,270.7099914550781,265.32000732421875,269.989990234375,45677300,138.8030242919922,139.51499938964844,141.32000732421875,138.23500061035156,140.59500122070312,36747600
2025-11-19,267.83099365234375,268.55999755859375,272.2099914550781,265.5,265.5299987792969,40424500,139.76808166503906,140.48500061035156,142.05999755859375,139.1649932861328,139.52499389648438,27668800
2025-11-20,265.5272521972656,266.25,275.42999267578125,265.9200134277344,270.8299865722656,45823600,135.38059997558594,136.0749969482422,144.2550048828125,135.75999450683594,143.72000122070312,56551800
2025-11-21,270.75299072265625,271.489990234375,273.3299865722656,265.6700134277344,265.95001220703125,59030800,135.90292358398438,136.60000610351562,138.4199981689453,133.74000549316406,136.3000030517578,44959000
2025-11-24,275.1710205078125,275.9200134277344,277.0,270.8999938964844,270.8999938964844,65585800,139.1412811279297,139.85499572753906,140.35000610351562,137.43499755859375,137.52000427246094,20124800
2025-11-25,276.2181701660156,276.9700012207031,280.3800048828125,275.25,275.2699890136719,46914200,139.51438903808594,140.22999572753906,140.58999633789062,136.65499877929688,138.625,21303400
2025-11-26,276.79656982421875,277.54998779296875,279.5299987792969,276.6300048828125,276.9599914550781,33431400,141.16592407226562,141.88999938964844,142.4949951171875,140.7899932861328,141.88499450683594,13358800
2025-11-28,278.0930480957031,278.8500061035156,279.0,275.989990234375,277.260009765625,20135600,142.37969970703125,143.11000061035156,143.13499450683594,141.80499267578125,142.19000244140625,6792200
2025-12-01,282.3315124511719,283.1000061035156,283.4200134277344,276.1400146484375,278.010009765625,46587700,142.4443817138672,143.1750030517578,143.60499572753906,141.28500366210938,141.72000122070312,12846600
2025-12-02,285.4131164550781,286.19000244140625,287.3999938964844,282.6300048828125,283.0,53669500,143.9118194580078,144.64999389648438,145.51499938964844,143.64500427246094,144.06500244140625,15719000
2025-12-03,283.3786315917969,284.1499938964844,288.6199951171875,283.29998779296875,286.20001220703125,43538700,144.25506591796875,144.9949951171875,145.09500122070312,143.22999572753906,143.9499969482422,11623200
2025-12-04,279.9380187988281,280.70001220703125,284.7300109863281,278.5899963378906,284.1000061035156,43989100,144.7923126220703,145.53500366210938,145.7949981689453,144.4949951171875,145.19000244140625,9995200
2025-12-05,278.0232238769531,278.7799987792969,281.1400146484375,278.04998779296875,280.5400085449219,47265800,145.8518829345703,146.60000610351562,147.30999755859375,145.69000244140625,146.2100067138672,6628000
2025-12-08,277.13568115234375,277.8900146484375,279.6700134277344,276.1499938964844,278.1300048828125,38211800,146.87660217285156,147.6300048828125,148.3800048828125,146.9199981689453,147.42999267578125,8272800
2025-12-09,276.4275817871094,277.17999267578125,280.0299987792969,276.9200134277344,278.1600036621094,32193300,147.2646484375,148.02000427246094,148.25,146.9600067138672,147.33999633789062,6978200
2025-12-10,278.0232238769531,278.7799987792969,279.75,276.44000244140625,277.75,33038300,147.9709930419922,148.72999572753906,149.22000122070312,146.82000732421875,147.69000244140625,8961100
2025-12-11,277.2752685546875,278.0299987792969,279.5899963378906,273.80999755859375,279.1000061035156,33248000,147.2148895263672,147.97000122070312,148.1300048828125,145.11000061035156,147.05999755859375,9769300
2025-12-12,277.52459716796875,278.2799987792969,279.2200012207031,276.82000732421875,277.8999938964844,39532900,142.9567413330078,143.69000244140625,147.0800018310547,143.25999450683594,146.94000244140625,14873200
2025-12-15,273.3658752441406,274.1099853515625,280.1499938964844,272.8399963378906,280.1499938964844,50409100,141.57383728027344,142.3000030517578,144.6300048828125,142.02000427246094,144.4199981689453,10790300
2025-12-16,273.8645324707031,274.6099853515625,275.5,271.7900085449219,272.82000732421875,37648600,141.83250427246094,142.55999755859375,142.97000122070312,141.3000030517578,141.91000366210938,10790900
2025-12-17,271.1020812988281,271.8399963378906,276.1600036621094,271.6400146484375,275.010009765625,50138700,138.6786651611328,139.38999938964844,142.83999633789062,139.32000732421875,142.72000122070312,18178700
2025-12-18,271.45111083984375,272.19000244140625,273.6300048828125,266.95001220703125,273.6099853515625,51630700,140.8177032470703,141.5399932861328,142.4199981689453,140.7899932861328,141.86000061035156,12319500
2025-12-19,272.9271545410156,273.6700134277344,274.6000061035156,269.8999938964844,272.1499938964844,144632000,143.86209106445312,144.60000610351562,144.6199951171875,142.57000732421875,142.58999633789062,14265900
2025-12-22,270.23443603515625,270.9700012207031,273.8800048828125,270.510009765625,272.8599853515625,36571800,144.63827514648438,145.16000366210938,146.00999450683594,144.64999389648438,146.00999450683594,8864500
2025-12-23,271.62066650390625,272.3599853515625,272.5,269.55999755859375,270.8399963378906,29642000,145.42544555664062,145.9499969482422,145.97999572753906,144.36000061035156,144.74000549316406,7546100
2025-12-24,273.06671142578125,273.80999755859375,275.42999267578125,272.20001220703125,272.3399963378906,17910600,145.77420043945312,146.3000030517578,146.5,145.67999267578125,145.7899932861328,3676300
2025-12-26,272.6578369140625,273.3999938964844,275.3699951171875,272.8599853515625,274.1600036621094,21521800,146.00335693359375,146.52999877929688,146.97999572753906,146.24000549316406,146.61000061035156,5052900
2025-12-29,273.0168762207031,273.760009765625,274.3599853515625,272.3500061035156,272.69000244140625,23715200,145.34573364257812,145.8699951171875,146.3800048828125,145.0399932861328,145.35000610351562,9822300
2025-12-30,272.33868408203125,273.0799865722656,274.0799865722656,272.2799987792969,272.80999755859375,22139600,144.88739013671875,145.41000366210938,146.25999450683594,145.3800048828125,145.85000610351562,6387400
2025-12-31,271.12200927734375,271.8599853515625,273.67999267578125,271.75,273.05999755859375,27293600,143.4525604248047,143.97000122070312,145.8000030517578,143.89999389648438,145.7100067138672,9528400
2026-01-02,270.27435302734375,271.010009765625,277.8399963378906,269.0,272.260009765625,37838100,143.7813720703125,144.3000030517578,146.52000427246094,143.41000366210938,145.6300048828125,15299500
2026-01-05,266.5345458984375,267.260009765625,271.510009765625,266.1400146484375,270.6400146484375,45647200,144.10020446777344,144.6199951171875,146.38999938964844,144.25,146.00999450683594,17476300
2026-01-06,261.6477966308594,262.3599853515625,267.54998779296875,262.1199951171875,267.0,52352100,146.12290954589844,146.64999389648438,146.77000427246094,144.6300048828125,145.2100067138672,14985700
2026-01-07,259.6233215332031,260.3299865722656,263.67999267578125,259.80999755859375,263.20001220703125,48309800,146.00335693359375,146.52999877929688,147.3800048828125,146.0399932861328,146.52999877929688,13957100
2026-01-08,258.3368225097656,259.0400085449219,259.2900085449219,255.6999969482422,257.0199890136719,50419300,143.72158813476562,144.24000549316406,145.92999267578125,143.5,145.92999267578125,16870100
2026-01-09,258.6659240722656,259.3699951171875,260.2099914550781,256.2200012207031,259.0799865722656,39997000,145.62472534179688,146.14999389648438,146.5800018310547,144.02999877929688,144.57000732421875,15652600
2026-01-12,259.54351806640625,260.25,261.29998779296875,256.79998779296875,259.1600036621094,45263800,146.26242065429688,146.7899932861328,147.2899932861328,145.0500030517578,145.19000244140625,12867200
2026-01-13,260.34136962890625,261.04998779296875,261.80999755859375,258.3900146484375,258.7200012207031,45730800,145.9535369873047,146.47999572753906,147.52000427246094,145.85000610351562,146.85000610351562,16552200
2026-01-14,259.2543029785156,259.9599914550781,261.82000732421875,256.7099914550781,259.489990234375,40019400,144.179931640625,144.6999969482422,145.92999267578125,143.32000732421875,145.5,22104200
2026-01-15,257.5090637207031,258.2099914550781,261.0400085449219,257.04998779296875,260.6499938964844,39388600,144.9372100830078,145.4600067138672,147.57000732421875,145.30999755859375,146.92999267578125,17370900
2026-01-16,254.8363494873047,255.52999877929688,258.8999938964844,254.92999267578125,257.8999938964844,72142800,145.0966339111328,145.6199951171875,146.9499969482422,145.02000427246094,146.72000122070312,14156700
2026-01-20,246.0303192138672,246.6999969482422,254.7899932861328,243.4199981689453,252.72999572753906,80267500,141.33021545410156,141.83999633789062,144.10000610351562,141.61000061035156,143.08999633789062,20029200
2026-01-21,246.9777374267578,247.64999389648438,251.55999755859375,245.17999267578125,248.6999969482422,54641700,143.2931365966797,143.80999755859375,145.0399932861328,141.9600067138672,142.77999877929688,27892800
2026-01-22,247.67584228515625,248.35000610351562,251.0,248.14999389648438,249.1999969482422,39708300,144.3592987060547,144.8800048828125,145.6999969482422,144.16000366210938,145.61000061035156,12971600
2026-01-23,247.36666870117188,248.0399932861328,249.41000366210938,244.67999267578125,247.32000732421875,41689000,144.5685272216797,145.08999633789062,145.8300018310547,143.75,144.52999877929688,14654500
2026-01-26,254.71669006347656,255.41000366210938,256.55999755859375,249.8000030517578,251.47999572753906,55969200,145.5549774169922,146.0800018310547,146.7100067138672,144.88999938964844,145.27000427246094,10195600
2026-01-27,257.56890869140625,258.2699890136719,261.95001220703125,258.2099914550781,259.1700134277344,49648300,147.51788330078125,148.0500030517578,148.6199951171875,147.02999877929688,147.4199981689453,12436200
2026-01-28,255.74386596679688,256.44000244140625,258.8599853515625,254.50999450683594,257.6499938964844,41288000,148.6936492919922,149.22999572753906,149.89999389648438,148.61000061035156,149.0,19497400
2026-01-29,257.5788879394531,258.2799987792969,259.6499938964844,254.41000366210938,258.0,67253000,146.34213256835938,146.8699951171875,147.92999267578125,143.27000427246094,147.83999633789062,25581000
2026-01-30,258.7756652832031,259.4800109863281,261.8999938964844,252.17999267578125,255.1699981689453,92443400,143.36288452148438,143.8800048828125,146.75,142.99000549316406,146.0399932861328,18342600
2026-02-02,269.2770690917969,270.010009765625,270.489990234375,259.2099914550781,260.0299987792969,73913400,144.7379150390625,145.25999450683594,146.14999389648438,143.38999938964844,143.52999877929688,16337600
2026-02-03,268.7485046386719,269.4800109863281,271.8800048828125,267.6099853515625,269.20001220703125,64394700,141.56935119628906,142.0800018310547,145.97000122070312,140.1699981689453,145.8800048828125,30464500
2026-02-04,275.7394104003906,276.489990234375,278.95001220703125,272.2900085449219,272.2900085449219,90545700,137.62359619140625,138.1199951171875,141.00999450683594,136.11000061035156,140.8300018310547,45649500
2026-02-05,275.1610107421875,275.9100036621094,279.5,273.2300109863281,278.1300048828125,52977400,135.1425323486328,135.6300048828125,138.47999572753906,135.0800018310547,137.22000122070312,42950900
2026-02-06,277.3650207519531,278.1199951171875,280.9100036621094,276.92999267578125,277.1199951171875,50453400,140.62277221679688,141.1300048828125,141.47000122070312,137.4199981689453,138.00999450683594,37131900
2026-02-09,274.13079833984375,274.6199951171875,278.20001220703125,271.70001220703125,277.9100036621094,44623400,142.83477783203125,143.35000610351562,144.02999877929688,139.91000366210938,140.60000610351562,24629500
2026-02-10,273.19244384765625,273.67999267578125,275.3699951171875,272.94000244140625,274.8900146484375,34376900,142.0376739501953,142.5500030517578,144.14999389648438,142.38999938964844,143.82000732421875,22564300
2026-02-11,275.00921630859375,275.5,280.17999267578125,274.45001220703125,274.70001220703125,51931300,142.45614624023438,142.97000122070312,144.75999450683594,141.32000732421875,144.50999450683594,18905700
2026-02-12,261.2637939453125,261.7300109863281,275.7200012207031,260.17999267578125,275.5899963378906,81077200,138.70968627929688,139.2100067138672,143.77000427246094,138.9199981689453,143.30999755859375,32154700
2026-02-13,255.32435607910156,255.77999877929688,262.2300109863281,255.4499969482422,262.010009765625,56290700,139.0583953857422,139.55999755859375,140.91000366210938,137.92999267578125,139.55999755859375,26637100
2026-02-17,263.4099426269531,263.8800048828125,266.2900085449219,255.5399932861328,258.04998779296875,58469100,138.97869873046875,139.47999572753906,140.4499969482422,137.02000427246094,138.63999938964844,25743800
2026-02-18,263.8791198730469,264.3500061035156,266.82000732421875,262.45001220703125,263.6000061035156,34203300,140.403564453125,140.91000366210938,142.1199951171875,139.27000427246094,140.05999755859375,13705800
2026-02-19,260.11578369140625,260.5799865722656,264.4800109863281,260.04998779296875,262.6000061035156,30845300,139.70608520507812,140.2100067138672,140.7100067138672,139.27999877929688,140.08999633789062,13484000
2026-02-20,264.1086730957031,264.5799865722656,264.75,258.1600036621094,258.9700012207031,42070500,140.37367248535156,140.8800048828125,141.75,138.97000122070312,139.1999969482422,14942400
2026-02-23,265.705810546875,266.17999267578125,269.42999267578125,263.3800048828125,263.489990234375,37308200,138.0221405029297,138.52000427246094,140.64999389648438,137.88999938964844,140.17999267578125,22021900
2026-02-24,271.6552429199219,272.1400146484375,274.8900146484375,267.7099914550781,267.8599853515625,47014600,139.81568908691406,140.32000732421875,140.94000244140625,138.19000244140625,139.24000549316406,13030600
2026-02-25,273.74151611328125,274.2300109863281,274.94000244140625,271.04998779296875,271.7799987792969,33714300,142.49600219726562,143.00999450683594,143.33999633789062,141.2100067138672,141.36000061035156,13296000
2026-02-26,272.4637756347656,272.95001220703125,276.1099853515625,270.79998779296875,274.95001220703125,32345100,140.50320434570312,141.00999450683594,143.00999450683594,139.25999450683594,142.94000244140625,19364900
2026-02-27,263.7093811035156,264.17999267578125,272.80999755859375,262.8900146484375,272.80999755859375,72366500,138.2612762451172,138.75999450683594,139.77000427246094,137.94000244140625,138.30999755859375,15328600
2026-03-02,264.2484130859375,264.7200012207031,266.5299987792969,260.20001220703125,262.4100036621094,41827900,139.03846740722656,139.5399932861328,139.9600067138672,136.55999755859375,137.02999877929688,20156700
2026-03-03,263.2801818847656,263.75,265.55999755859375,260.1300048828125,263.4800109863281,38568900,137.0058135986328,137.5,138.3300018310547,134.99000549316406,136.36000061035156,34153000
2026-03-04,262.0523376464844,262.5199890136719,266.1499938964844,261.4200134277344,264.6499938964844,39803100,139.33741760253906,139.83999633789062,140.6300048828125,138.0399932861328,138.52999877929688,15201400
2026-03-05,259.8263244628906,260.2900085449219,261.55999755859375,257.25,260.7900085449219,49658600,139.67617797851562,140.17999267578125,141.25999450683594,138.08999633789062,139.16000366210938,19422500
2026-03-06,257.0013427734375,257.4599914550781,258.7699890136719,254.3699951171875,258.6300048828125,41120000,136.7965545654297,137.2899932861328,139.8300018310547,136.7899932861328,137.82000732421875,19677200
2026-03-09,259.41705322265625,259.8800048828125,261.1499938964844,253.67999267578125,255.69000244140625,38218500,139.2576904296875,139.75999450683594,140.2100067138672,135.4600067138672,135.97000122070312,22760900
2026-03-10,260.3653564453125,260.8299865722656,262.4800109863281,256.95001220703125,257.6499938964844,30590800,139.2576904296875,139.75999450683594,141.38999938964844,139.02000427246094,139.83999633789062,24338500
2026-03-11,260.3453674316406,260.80999755859375,262.1300048828125,259.54998779296875,261.0899963378906,26218900,139.92527770996094,140.42999267578125,141.58999633789062,139.52000427246094,140.5800018310547,14009200
2026-03-12,255.30438232421875,255.75999450683594,258.95001220703125,254.17999267578125,258.6600036621094,40794000,137.34457397460938,137.83999633789062,139.75,137.64999389648438,139.27000427246094,32372800
2026-03-13,249.6744384765625,250.1199951171875,256.3299865722656,249.52000427246094,255.47999572753906,36930000,136.30833435058594,136.8000030517578,139.7100067138672,136.52000427246094,138.4499969482422,15701800
2026-03-16,252.36964416503906,252.82000732421875,253.88999938964844,249.8800048828125,252.11000061035156,32074200,138.28121948242188,138.77999877929688,140.0800018310547,138.52000427246094,138.72000122070312,16626400
2026-03-17,253.77711486816406,254.22999572753906,255.1300048828125,252.17999267578125,252.9600067138672,32361600,139.03846740722656,139.5399932861328,140.27000427246094,138.92999267578125,139.38999938964844,12034600
2026-03-18,249.49476623535156,249.94000244140625,254.94000244140625,249.0,252.6300048828125,35757900,137.46417236328125,137.9600067138672,140.07000732421875,137.92999267578125,139.30999755859375,12634500
2026-03-19,248.5165252685547,248.9600067138672,251.8300018310547,247.3000030517578,249.39999389648438,34864100,137.9324493408203,138.42999267578125,139.1699981689453,135.44000244140625,136.0,18087900
2026-03-20,247.54823303222656,247.99000549316406,249.1999969482422,246.0,247.97999572753906,88331100,134.8037567138672,135.2899932861328,137.97999572753906,134.32000732421875,137.97999572753906,27251800
2026-03-23,251.04200744628906,251.49000549316406,254.60000610351562,250.27999877929688,253.97000122070312,40546100,136.62744140625,136.9499969482422,139.1999969482422,136.22000122070312,137.5,21818500
2026-03-24,251.1917266845703,251.63999938964844,254.8300018310547,249.5500030517578,250.35000610351562,45152300,135.82933044433594,136.14999389648438,136.9199981689453,134.8699951171875,136.0500030517578,16843900
2026-03-25,252.16998291015625,252.6199951171875,255.0,251.60000610351562,254.10000610351562,28476700,136.43789672851562,136.75999450683594,138.0,136.27999877929688,137.2899932861328,13872400
2026-03-26,252.43951416015625,252.88999938964844,257.0,250.77000427246094,252.1199951171875,41796700,132.18792724609375,132.5,135.52000427246094,132.4199981689453,135.17999267578125,15434600
2026-03-27,248.35679626464844,248.8000030517578,255.49000549316406,248.07000732421875,253.89999389648438,47900000,129.61399841308594,129.9199981689453,132.0500030517578,129.5800018310547,131.52999877929688,15895200
2026-03-30,246.19065856933594,246.6300048828125,250.8699951171875,245.50999450683594,250.07000732421875,39446200,127.19970703125,127.5,131.5500030517578,126.68000030517578,131.27000427246094,18830000
2026-03-31,253.337890625,253.7899932861328,255.47999572753906,247.10000610351562,247.91000366210938,49598100,132.5869903564453,132.89999389648438,133.22000122070312,128.97999572753906,129.14999389648438,19405300
2026-04-01,255.17462158203125,255.6300048828125,256.17999267578125,253.3300018310547,254.0800018310547,40059400,134.59225463867188,134.91000366210938,136.0500030517578,133.75999450683594,134.1199951171875,17050100
2026-04-02,255.464111328125,255.9199981689453,256.1300048828125,250.64999389648438,254.1999969482422,31289400,135.6697235107422,135.99000549316406,136.0399932861328,131.35000610351562,131.91000366210938,12266200
2026-04-06,258.3988342285156,258.8599853515625,262.1600036621094,256.4599914550781,256.510009765625,29329900,136.45785522460938,136.77999877929688,137.25,135.7100067138672,136.47999572753906,10147600
2026-04-07,253.0484161376953,253.5,256.20001220703125,245.6999969482422,256.1600036621094,62148000,137.1063232421875,137.42999267578125,137.49000549316406,134.11000061035156,136.1699981689453,8585500
2026-04-08,258.43878173828125,258.8999938964844,259.75,256.5299987792969,258.45001220703125,41032800,141.35629272460938,141.69000244140625,143.55999755859375,140.74000549316406,143.1300048828125,13359000
2026-04-09,260.02593994140625,260.489990234375,261.1199951171875,256.07000732421875,259.0,28121600,141.7353973388672,142.07000732421875,142.19000244140625,140.35000610351562,141.75999450683594,8235100
2026-04-10,260.0159912109375,260.4800109863281,262.19000244140625,259.0199890136719,259.9800109863281,31291500,142.28408813476562,142.6199951171875,143.55999755859375,141.9199981689453,142.5,9310100
2026-04-13,258.73828125,259.20001220703125,260.17999267578125,256.6600036621094,259.7300109863281,36234700,145.26705932617188,145.61000061035156,145.6699981689453,142.1300048828125,142.3300018310547,10407700
2026-04-14,258.368896484375,258.8299865722656,261.92999267578125,257.19000244140625,259.25,48370700,147.59158325195312,147.94000244140625,147.94000244140625,146.0800018310547,146.89999389648438,10183300
2026-04-15,265.95538330078125,266.42999267578125,266.55999755859375,257.80999755859375,258.1600036621094,49913500,149.94601440429688,150.3000030517578,150.3699951171875,147.9600067138672,148.27000427246094,10622500
2026-04-16,262.9307556152344,263.3999938964844,267.1600036621094,261.2699890136719,266.79998779296875,43323100,151.66197204589844,152.02000427246094,152.17999267578125,149.75,150.99000549316406,11778000
2026-04-17,269.7486267089844,270.2300109863281,272.29998779296875,266.7200012207031,266.9599914550781,61436200,153.98648071289062,154.35000610351562,154.80999755859375,153.50999450683594,154.05999755859375,10630400
2026-04-20,272.5635681152344,273.04998779296875,274.2799987792969,270.2900085449219,270.3299865722656,36590200,154.19598388671875,154.55999755859375,154.75,153.0399932861328,154.3000030517578,8131600
2026-04-21,265.69586181640625,266.1700134277344,272.79998779296875,265.3999938964844,271.5,50209800,154.32566833496094,154.69000244140625,156.07000732421875,154.14999389648438,155.0,12657300
2026-04-22,272.68341064453125,273.1700134277344,273.739990234375,266.8699951171875,267.82000732421875,43249200,157.7176513671875,158.08999633789062,158.16000366210938,155.52000427246094,156.22000122070312,13830400
2026-04-23,272.9429016113281,273.42999267578125,275.7699890136719,271.6499938964844,275.04998779296875,33399600,155.47296142578125,155.83999633789062,157.8000030517578,153.9499969482422,156.77000427246094,12151400
2026-04-24,270.5771179199219,271.05999755859375,273.05999755859375,269.6499938964844,272.760009765625,38157100,159.8426513671875,160.22000122070312,160.39999389648438,157.60000610351562,158.42999267578125,11059800
2026-04-27,267.1332702636719,267.6099853515625,268.3599853515625,265.07000732421875,266.0899963378906,41466800,160.19183349609375,160.57000732421875,160.6199951171875,158.80999755859375,160.02000427246094,8963900
2026-04-28,270.2277526855469,270.7099914550781,273.2300109863281,268.6600036621094,272.3399963378906,40018900,157.47824096679688,157.85000610351562,158.63999938964844,156.16000366210938,157.11000061035156,9253000
2026-04-29,269.688720703125,270.1700134277344,271.0400085449219,267.0400085449219,267.54998779296875,30047900,158.73526000976562,159.11000061035156,159.14999389648438,157.75,158.8300018310547,7506900
2026-04-30,270.86663818359375,271.3500061035156,276.0,268.1400146484375,270.5,91848200,159.1243438720703,159.5,159.8000030517578,156.8800048828125,159.64999389648438,9276400
2026-05-01,279.6409606933594,280.1400146484375,287.2200012207031,278.3699951171875,278.8599853515625,79915400,161.48876953125,161.8699951171875,162.2899932861328,160.13999938964844,160.38999938964844,10161800
2026-05-04,276.33685302734375,276.8299865722656,280.6300048828125,274.8599853515625,279.6600036621094,46668400,161.66835021972656,162.0500030517578,163.24000549316406,160.8800048828125,162.7100067138672,10740000
2026-05-05,283.67376708984375,284.17999267578125,284.57000732421875,276.5,276.92999267578125,49311700,165.2399139404297,165.6300048828125,166.02000427246094,163.52000427246094,163.8699951171875,9813500
2026-05-06,286.9978332519531,287.510009765625,288.0299987792969,281.07000732421875,281.9200134277344,58336100,169.62953186035156,170.02999877929688,170.0800018310547,166.83999633789062,167.8800048828125,11304700
2026-05-07,286.9279479980469,287.44000244140625,292.1300048828125,285.7799987792969,289.2699890136719,45224300,169.29034423828125,169.69000244140625,171.9499969482422,168.6999969482422,170.25999450683594,11031500
2026-05-08,292.7974853515625,293.32000732421875,294.760009765625,290.0,290.010009765625,52692800,175.1066131591797,175.52000427246094,175.60000610351562,171.3000030517578,171.58999633789062,11222200
2026-05-11,292.42779541015625,292.67999267578125,293.8800048828125,290.2300109863281,291.9800109863281,42247300,177.46107482910156,177.8800048828125,178.3000030517578,175.8699951171875,176.14999389648438,10461800
2026-05-12,294.54595947265625,294.79998779296875,295.2699890136719,292.55999755859375,292.55999755859375,45748100,174.787353515625,175.1999969482422,176.99000549316406,171.1999969482422,176.14999389648438,15950700
2026-05-13,298.6124572753906,298.8699951171875,300.9200134277344,293.5,293.5,52684300,176.43348693847656,176.85000610351562,177.74000549316406,174.25999450683594,177.27000427246094,9817900
2026-05-14,297.9530334472656,298.2099914550781,300.45001220703125,295.3800048828125,299.82000732421875,35324900,179.07723999023438,179.5,180.22000122070312,176.8699951171875,177.36000061035156,11424900
2026-05-15,299.9713134765625,300.2300109863281,303.20001220703125,296.5199890136719,297.8999938964844,54862800,175.84486389160156,176.25999450683594,178.6999969482422,174.6300048828125,176.2100067138672,14519000
2026-05-18,297.5833435058594,297.8399963378906,300.6600036621094,294.9100036621094,300.239990234375,34483000,173.94935607910156,174.36000061035156,177.85000610351562,171.91000366210938,177.6199951171875,19162600
2026-05-19,298.7123718261719,298.9700012207031,300.510009765625,296.3500061035156,296.9700012207031,42243600,172.8319854736328,173.24000549316406,175.17999267578125,170.8300018310547,172.67999267578125,15751400
2026-05-20,301.98956298828125,302.25,302.79998779296875,298.0799865722656,298.17999267578125,38229800,176.72279357910156,177.13999938964844,177.25,173.9499969482422,174.66000366210938,12630300
2026-05-21,304.7271728515625,304.989990234375,305.5400085449219,300.3999938964844,301.05999755859375,42965100,178.1793670654297,178.60000610351562,178.97999572753906,175.8300018310547,175.8300018310547,10873200
2026-05-22,308.55389404296875,308.82000732421875,311.3999938964844,305.8399963378906,306.1199951171875,43670200,179.96514892578125,180.38999938964844,181.72999572753906,179.55999755859375,180.02999877929688,10739900
2026-05-26,308.0643005371094,308.3299865722656,311.82000732421875,307.6700134277344,309.55999755859375,48000500,184.70396423339844,185.13999938964844,186.0,182.58999633789062,183.1999969482422,12500300
2026-05-27,310.5821533203125,310.8500061035156,313.260009765625,308.29998779296875,308.3299865722656,50430900,183.99562072753906,184.42999267578125,186.27000427246094,182.5399932861328,186.17999267578125,12297400
2026-05-28,312.24072265625,312.510009765625,312.79998779296875,309.57000732421875,310.67999267578125,48220400,186.40992736816406,186.85000610351562,187.5800018310547,183.7899932861328,184.8300018310547,11167600
2026-05-29,311.7911071777344,312.05999755859375,315.0,309.5299987792969,311.7799987792969,70026800,190.5701141357422,191.02000427246094,191.6300048828125,189.1999969482422,189.3300018310547,15031700
2026-06-01,306.0460510253906,306.30999755859375,310.94000244140625,305.0199890136719,309.6300048828125,48849900,195.2989501953125,195.75999450683594,196.5,191.14999389648438,192.32000732421875,18968800
2026-06-02,314.92840576171875,315.20001220703125,315.45001220703125,306.69000244140625,307.4599914550781,44534700,197.74319458007812,198.2100067138672,198.3800048828125,195.75,196.4499969482422,10175200
2026-06-03,309.9926452636719,310.260009765625,316.94000244140625,308.8500061035156,314.17999267578125,50836700,195.76783752441406,196.22999572753906,198.72999572753906,194.52999877929688,198.3699951171875,11582100
2026-06-04,310.9618225097656,311.2300109863281,313.5400085449219,309.6499938964844,313.2300109863281,44869100,192.71505737304688,193.1699981689453,194.74000549316406,189.69000244140625,191.52000427246094,13142600
2026-06-05,307.0751647949219,307.3399963378906,315.1700134277344,307.1499938964844,312.8599853515625,65310500,179.8753662109375,180.3000030517578,189.22000122070312,179.8000030517578,188.88999938964844,26816100
2026-06-08,301.2801818847656,301.5400085449219,317.3999938964844,301.1700134277344,308.739990234375,77949100,183.74620056152344,184.17999267578125,186.7100067138672,183.1699981689453,185.22000122070312,14685000
2026-06-09,290.29962158203125,290.54998779296875,300.75,287.7799987792969,300.2799987792969,70108800,180.34425354003906,180.77000427246094,187.0800018310547,172.8800048828125,185.91000366210938,29884400
2026-06-10,291.3287353515625,291.5799865722656,294.75,287.3800048828125,290.739990234375,52793300,176.21400451660156,176.6300048828125,182.41000366210938,176.14999389648438,178.16000366210938,20059800
2026-06-11,295.375244140625,295.6300048828125,297.0,289.5899963378906,293.7200012207031,42572500,182.77850341796875,183.2100067138672,183.66000366210938,176.5,177.7899932861328,18238400
2026-06-12,290.879150390625,291.1300048828125,297.1400146484375,289.6199951171875,296.0299987792969,38742100,184.36476135253906,184.8000030517578,185.83999633789062,181.63999938964844,183.24000549316406,15014300
2026-06-15,296.1645812988281,296.4200134277344,297.7799987792969,291.70001220703125,294.1199951171875,45732600,191.33828735351562,191.7899932861328,192.0800018310547,189.75,190.3699951171875,13097800
2026-06-16,298.9821472167969,299.239990234375,300.4800109863281,293.9700012207031,295.25,39874400,186.0009002685547,186.44000244140625,192.25,186.42999267578125,191.22999572753906,10077200
2026-06-17,295.6949768066406,295.95001220703125,302.07000732421875,294.3599853515625,300.8500061035156,42745100,185.36241149902344,185.8000030517578,189.99000549316406,185.3000030517578,189.00999450683594,14396100
2026-06-18,297.7532043457031,298.010009765625,300.57000732421875,295.6199951171875,298.1099853515625,85962200,190.98912048339844,191.44000244140625,192.0,189.3800048828125,190.4199981689453,12101600
2026-06-22,296.75408935546875,297.010009765625,302.4200134277344,296.760009765625,297.30999755859375,44879900,191.926025390625,192.14999389648438,194.3000030517578,190.86000061035156,192.9499969482422,11313000
2026-06-23,294.04638671875,294.29998779296875,301.6400146484375,294.17999267578125,297.5400085449219,52010900,183.97531127929688,184.19000244140625,187.25,183.6999969482422,184.67999267578125,14633600
2026-06-24,292.8274230957031,293.0799865722656,299.70001220703125,292.94000244140625,295.3599853515625,53081900,182.83663940429688,183.0500030517578,185.66000366210938,180.7899932861328,184.07000732421875,12323700
2026-06-25,274.91290283203125,275.1499938964844,288.79998779296875,273.75,287.3999938964844,107013700,184.35487365722656,184.57000732421875,188.41000366210938,180.3800048828125,188.14999389648438,13218200
2026-06-26,283.53546142578125,283.7799987792969,285.95001220703125,274.2099914550781,275.0,261775500,180.89889526367188,181.11000061035156,183.11000061035156,179.75999450683594,181.0,13433900
2026-06-29,281.4972229003906,281.739990234375,288.3699951171875,279.8500061035156,286.7300109863281,66427000,185.19387817382812,185.41000366210938,185.66000366210938,178.6699981689453,183.1199951171875,11857000
2026-06-30,289.11065673828125,289.3599853515625,289.94000244140625,280.70001220703125,281.1700134277344,65100200,190.2979278564453,190.52000427246094,190.94000244140625,185.60000610351562,185.75999450683594,10729900
2026-07-01,294.1263427734375,294.3800048828125,296.5899963378906,289.20001220703125,293.44000244140625,50164200,185.40362548828125,185.6199951171875,187.97999572753906,185.3800048828125,186.8300018310547,9960300
2026-07-02,308.3640441894531,308.6300048828125,309.4200134277344,293.67999267578125,294.1199951171875,75352800,180.37950134277344,180.58999633789062,187.3800048828125,178.72000122070312,185.49000549316406,14173100
2026-07-06,312.3905944824219,312.6600036621094,314.20001220703125,307.0,307.3599853515625,53590000,183.3560333251953,183.57000732421875,185.7100067138672,182.0399932861328,182.66000366210938,8923100
2026-07-07,310.3923034667969,310.6600036621094,315.4800109863281,310.1499938964844,315.2900085449219,42490000,178.97113037109375,179.17999267578125,180.72000122070312,176.36000061035156,179.83999633789062,12254800
2026-07-08,313.1199645996094,313.3900146484375,314.82000732421875,307.04998779296875,311.9100036621094,41323500,181.1885528564453,181.39999389648438,181.6300048828125,177.14999389648438,177.47999572753906,10528300
2026-07-09,315.947509765625,316.2200012207031,316.5299987792969,308.1600036621094,310.510009765625,48124500,185.1339569091797,185.35000610351562,186.39999389648438,183.55999755859375,184.75999450683594,7756600
2026-07-10,315.0483093261719,315.32000732421875,316.9100036621094,312.1700134277344,314.7200012207031,34132300,185.56344604492188,185.77999877929688,186.22999572753906,183.08999633789062,184.00999450683594,6162000
2026-07-13,317.03656005859375,317.30999755859375,323.45001220703125,315.7799987792969,317.0199890136719,43257800,181.06869506835938,181.27999877929688,183.89999389648438,180.5399932861328,183.10000610351562,8595100
2026-07-14,314.58868408203125,314.8599853515625,316.19000244140625,311.9100036621094,313.760009765625,36336800,183.4059600830078,183.6199951171875,184.42999267578125,181.3300018310547,183.7100067138672,6399600
2026-07-15,327.2178039550781,327.5,328.7300109863281,317.32000732421875,317.6199951171875,60957600,181.36834716796875,181.5800018310547,185.2899932861328,178.22000122070312,185.11000061035156,9256800
2026-07-16,332.97283935546875,333.260009765625,334.67999267578125,326.7900085449219,328.010009765625,62970600,177.31307983398438,177.52000427246094,179.47999572753906,176.41000366210938,179.0,8666500
2026-07-17,333.452392578125,333.739990234375,334.989990234375,329.0,331.9800109863281,63407100,175.3853302001953,175.58999633789062,177.9199981689453,171.33999633789062,172.85000610351562,12036700
2026-07-20,326.3085632324219,326.5899963378906,333.7099914550781,323.67999267578125,333.510009765625,53468000,175.50518798828125,175.7100067138672,178.6999969482422,175.52000427246094,177.19000244140625,7638600
2026-07-21,327.45758056640625,327.739990234375,329.6000061035156,322.2200012207031,323.1300048828125,41338900,180.56927490234375,180.77999877929688,181.02000427246094,178.1699981689453,179.55999755859375,7506800
2026-07-22,325.60919189453125,325.8900146484375,329.0,323.3399963378906,327.8699951171875,38755900,180.05987548828125,180.27000427246094,181.42999267578125,178.14999389648438,178.16000366210938,5357600
2026-07-23,321.3828430175781,321.6600036621094,323.29998779296875,319.3500061035156,321.7300109863281,40840800,178.2419891357422,178.4499969482422,180.38999938964844,177.1999969482422,178.8000030517578,7177000
2026-07-24,332.7330322265625,333.0199890136719,334.3699951171875,321.6199951171875,321.7900085449219,47489400,175.67498779296875,175.8800048828125,179.00999450683594,175.0500030517578,177.82000732421875,7739600
2026-07-27,336.61968994140625,336.9100036621094,339.57000732421875,334.0199890136719,334.5400085449219,49604300,174.09683227539062,174.3000030517578,178.3000030517578,171.72999572753906,177.8300018310547,8376600
2026-07-28,339.78692626953125,340.0799865722656,342.8900146484375,335.6000061035156,340.0299987792969,51859000,170.89056396484375,171.08999633789062,172.1699981689453,167.5399932861328,171.2100067138672,10049300
2026-07-29,337.8985900878906,338.19000244140625,344.57000732421875,337.3500061035156,339.7300109863281,56090800,166.3758544921875,166.57000732421875,172.50999450683594,166.4600067138672,171.1199951171875,14372900
2026-07-30,333.1426696777344,333.42999267578125,334.75,329.5899963378906,333.1000061035156,74817800,175.52516174316406,175.72999572753906,176.08999633789062,172.16000366210938,172.80999755859375,15098400
2026-07-31,308.6438293457031,308.9100036621094,310.69000244140625,300.0,304.80999755859375,132489100,175.14561462402344,175.35000610351562,178.6199951171875,172.6999969482422,177.4600067138672,9146200
2026-08-03,303.1585693359375,303.4200134277344,311.79998779296875,302.55999755859375,309.5799865722656,75052000,177.83245849609375,178.0399932861328,178.9199981689453,173.0399932861328,174.00999450683594,9343400
2026-08-04,309.1134033203125,309.3800048828125,310.4200134277344,301.32000732421875,302.7300109863281,68001000,186.68214416503906,186.89999389648438,187.7100067138672,181.8699951171875,182.52000427246094,13495800
2026-08-05,310.7320251464844,311.0,311.7099914550781,305.6700134277344,309.3599853515625,49438800,185.69329833984375,185.91000366210938,188.6199951171875,185.7100067138672,187.33999633789062,7571400
2026-08-06,312.14080810546875,312.4100036621094,316.2900085449219,309.2300109863281,314.3399963378906,46139900,185.11398315429688,185.3300018310547,186.91000366210938,182.05999755859375,183.19000244140625,6706000
2026-08-07,313.05999755859375,313.3299865722656,314.80999755859375,310.739990234375,311.45001220703125,34437200,187.7509002685547,187.97000122070312,188.72999572753906,185.74000549316406,187.99000549316406,6361200
2026-08-10,308.260009765625,308.260009765625,308.260009765625,304.6099853515625,306.8299865722656,44812500,186.1028289794922,186.32000732421875,188.83999633789062,186.27000427246094,188.0800018310547,6486800
2026-08-11,304.9100036621094,304.9100036621094,309.9700012207031,302.7900085449219,307.75,37476700,185.87307739257812,186.08999633789062,187.7100067138672,185.07000732421875,187.69000244140625,5759200
2026-08-12,302.25,302.25,305.6600036621094,300.57000732421875,305.1000061035156,41657800,188.63986206054688,188.86000061035156,189.58999633789062,188.3300018310547,189.47000122070312,5887200
2026-08-13,305.260009765625,305.260009765625,306.0,302.04998779296875,304.2099914550781,40349300,190.54763793945312,190.77000427246094,191.74000549316406,188.86000061035156,189.1300048828125,4873900
2026-08-14,305.92999267578125,305.92999267578125,307.489990234375,304.29998779296875,306.0,28229400,189.78851318359375,190.00999450683594,191.35000610351562,189.25,191.13999938964844,3634400
2026-08-17,305.5899963378906,305.5899963378906,307.6600036621094,302.94000244140625,306.2099914550781,38169300,190.09815979003906,190.32000732421875,191.75,190.11000061035156,190.7899932861328,6099500
2026-08-18,310.0299987792969,310.0299987792969,311.489990234375,305.739990234375,307.5799865722656,53424500,185.40362548828125,185.6199951171875,187.5,184.3300018310547,186.2899932861328,8436300
2026-08-19,316.8299865722656,316.8299865722656,319.2799987792969,309.6000061035156,310.1400146484375,50505600,183.4259490966797,183.63999938964844,186.91000366210938,182.41000366210938,186.38999938964844,7310400
2026-08-20,311.29998779296875,311.29998779296875,320.2799987792969,310.6499938964844,317.4599914550781,40959200,182.88658142089844,183.10000610351562,184.7100067138672,182.66000366210938,183.47000122070312,5012100
2026-08-21,309.3500061035156,309.3500061035156,312.3800048828125,307.010009765625,312.04998779296875,46876800,183.09632873535156,183.30999755859375,184.55999755859375,181.89999389648438,184.4199981689453,5781100
2026-08-24,310.3399963378906,310.3399963378906,313.3599853515625,309.9700012207031,311.4700012207031,34673600,179.8401336669922,180.0500030517578,181.8800048828125,178.82000732421875,181.67999267578125,6540100
2026-08-25,309.8999938964844,309.8999938964844,313.5899963378906,308.2099914550781,310.7900085449219,25869800,181.52816772460938,181.74000549316406,183.02000427246094,180.58999633789062,182.11000061035156,5363500
2026-08-26,313.45001220703125,313.45001220703125,315.42999267578125,308.79998779296875,310.29998779296875,34024500,182.6268768310547,182.83999633789062,183.35000610351562,180.7100067138672,180.7100067138672,4662700
2026-08-27,314.5799865722656,314.5799865722656,315.3999938964844,309.3999938964844,310.54998779296875,32419200,188.39015197753906,188.61000061035156,188.74000549316406,185.6699981689453,186.47000122070312,8136000
2026-08-28,319.70001220703125,319.70001220703125,322.3699951171875,315.45001220703125,316.8500061035156,38649400,185.4735565185547,185.69000244140625,188.6699981689453,185.50999450683594,188.07000732421875,6300200
2026-08-31,316.8500061035156,316.8500061035156,321.239990234375,312.79998779296875,319.6000061035156,41242700,186.28260803222656,186.5,186.64999389648438,185.27999877929688,185.77999877929688,4874800
2026-09-01,325.1300048828125,325.1300048828125,327.29998779296875,314.7300109863281,316.9800109863281,53167400,183.4259490966797,183.63999938964844,184.9199981689453,182.6300048828125,183.6999969482422,7648700
2026-09-02,324.9599914550781,324.9599914550781,328.3999938964844,323.5299987792969,326.8699951171875,33776400,183.38600158691406,183.60000610351562,183.77999877929688,182.27000427246094,183.4600067138672,5698700
2026-09-03,328.2099914550781,328.2099914550781,330.80999755859375,324.1099853515625,324.8699951171875,37225800,185.75323486328125,185.97000122070312,186.32000732421875,182.49000549316406,183.52000427246094,6091100
2026-09-04,319.9700012207031,319.9700012207031,328.92999267578125,317.8599853515625,328.30999755859375,39606900,187.06170654296875,187.27999877929688,188.1999969482422,186.4199981689453,187.19000244140625,5103800
2026-09-08,316.2200012207031,316.2200012207031,320.70001220703125,314.8999938964844,317.1000061035156,35477100,187.6510009765625,187.8699951171875,189.0800018310547,187.02000427246094,188.63999938964844,8421300
2026-09-09,315.3399963378906,315.3399963378906,319.1499938964844,309.8999938964844,315.489990234375,65640000,187.6510009765625,187.8699951171875,188.8300018310547,187.14999389648438,187.52999877929688,5990000
2026-09-10,326.57000732421875,326.57000732421875,326.739990234375,316.510009765625,316.6700134277344,70011900,185.0041046142578,185.22000122070312,186.52000427246094,184.57000732421875,185.24000549316406,5568800
2026-09-11,332.2699890136719,332.2699890136719,336.2200012207031,326.29998779296875,327.45001220703125,50716900,187.4512481689453,187.6699981689453,188.63999938964844,186.8800048828125,187.35000610351562,6534700
2026-09-14,333.0799865722656,333.0799865722656,335.5,331.3399963378906,334.7900085449219,39269100,184.06520080566406,184.27999877929688,185.60000610351562,182.0800018310547,183.0,8532300
2026-09-15,331.3399963378906,331.3399963378906,331.7799987792969,328.3500061035156,330.1400146484375,31748200,183.5258331298828,183.74000549316406,185.07000732421875,183.4600067138672,184.5,6147600
2026-09-16,332.4100036621094,332.4100036621094,335.4800109863281,330.70001220703125,332.5299987792969,35981000,183.71559143066406,183.92999267578125,186.1300048828125,182.4199981689453,184.92999267578125,8061600
2026-09-17,337.0,337.0,338.3399963378906,330.17999267578125,334.7699890136719,36700200,187.84078979492188,188.05999755859375,188.52999877929688,186.72999572753906,187.3000030517578,7390700
2026-09-18,336.1300048828125,336.1300048828125,338.489990234375,332.5299987792969,337.9100036621094,86588200,189.37899780273438,189.60000610351562,189.80999755859375,187.52000427246094,189.22999572753906,6996200
2026-09-21,338.9800109863281,338.9800109863281,339.6400146484375,333.04998779296875,335.2799987792969,34999200,194.85000610351562,194.85000610351562,195.08999633789062,190.97000122070312,191.7899932861328,9038700
2026-09-22,339.75,339.75,345.3399963378906,338.75,340.1400146484375,40711800,196.27000427246094,196.27000427246094,196.50999450683594,194.47000122070312,194.58999633789062,8730500
2026-09-23,337.0199890136719,337.0199890136719,341.79998779296875,335.5,341.0799865722656,31658800,195.33999633789062,195.33999633789062,196.67999267578125,193.82000732421875,196.66000366210938,5852800
2026-09-24,335.9200134277344,335.9200134277344,338.9100036621094,334.29998779296875,336.7200012207031,24733100,194.7100067138672,194.7100067138672,195.1999969482422,192.61000061035156,193.0,6356900
2026-09-25,341.07000732421875,341.07000732421875,341.6700134277344,334.5299987792969,336.0400085449219,30002500,196.27000427246094,196.27000427246094,196.94000244140625,195.0500030517578,195.52999877929688,6000400
2026-09-28,338.3999938964844,338.3999938964844,342.989990234375,338.0400085449219,340.3699951171875,32820800,194.52999877929688,194.52999877929688,196.14999389648438,192.67999267578125,195.24000549316406,6957700
2026-09-29,329.3999938964844,329.3999938964844,337.0899963378906,328.70001220703125,336.9700012207031,38478000,194.5,194.5,196.16000366210938,193.9499969482422,196.0399932861328,6178000
